doi,variable_code,variable_name,category,source_category,predictor_level,predictor_category
10.21031/epod.1525454,ST218Q01HA,Item1 intercultural awareness,student_behavior,peer_reviewed_research,Student Level,Student: Attitudinal/Behavioral
10.21031/epod.1525454,ST218Q02HA,Item2 intercultural awareness,student_behavior,peer_reviewed_research,Student Level,Student: Attitudinal/Behavioral
10.21031/epod.1525454,ST218Q04HA,Item4 intercultural awareness,student_behavior,peer_reviewed_research,Student Level,Student: Attitudinal/Behavioral
10.21031/epod.1525454,ST218Q05HA,Item5 intercultural awareness,student_behavior,peer_reviewed_research,Student Level,Student: Attitudinal/Behavioral
10.21031/epod.1525454,ST218Q06HA,Item6 intercultural awareness,student_behavior,peer_reviewed_research,Student Level,Student: Attitudinal/Behavioral
10.21031/epod.1525454,ST218Q07HA,Item7 intercultural awareness,student_behavior,peer_reviewed_research,Student Level,Student: Attitudinal/Behavioral
10.1007/s11336-020-09743-0,age,Age,demographic,peer_reviewed_research,Student Level,Student: Demographic
10.1007/s11336-020-09743-0,PSTRE_PV,PSTRE plausible values,prior_achievement,peer_reviewed_research,Student Level,Student: Prior Achievement
10.1111/bmsp.12203,process_sequence_length,Sequence length (log),process_data,peer_reviewed_research,Student Level,Student: Process Data
10.1111/bmsp.12203,attentiveness_feature,Attentiveness feature,process_data,peer_reviewed_research,Student Level,Student: Process Data
10.1111/bmsp.12203,gender,Gender,demographic,peer_reviewed_research,Student Level,Student: Demographic
10.1111/bmsp.12203,age,Age,demographic,peer_reviewed_research,Student Level,Student: Demographic
10.1111/bmsp.12203,literacy_score,Literacy score,prior_achievement,peer_reviewed_research,Student Level,Student: Prior Achievement
10.1111/bmsp.12203,numeracy_score,Numeracy score,prior_achievement,peer_reviewed_research,Student Level,Student: Prior Achievement
10.3389/fpsyg.2021.579128,response_accuracy,Response accuracy (graded responses),prior_achievement,peer_reviewed_research,Student Level,Student: Prior Achievement
10.3389/fpsyg.2021.579128,time_on_task,Time-on-task (response times),process_data,peer_reviewed_research,Student Level,Student: Process Data
10.3389/fpsyg.2021.579128,country,Country/economy,system_level,peer_reviewed_research,System/Country Level,System: Policy/Context
10.3389/feduc.2020.00149,human_score,Human rater score,prior_achievement,peer_reviewed_research,Student Level,Student: Prior Achievement
10.3389/feduc.2020.00149,irt_expected_score,IRT-expected score (MAP),prior_achievement,peer_reviewed_research,Student Level,Student: Prior Achievement
10.3389/feduc.2020.00149,item_difficulty,Item difficulty level,curriculum,peer_reviewed_research,School/Teacher Level,School/Teacher: Context
10.1007/s10639-024-12580-8,Gender,Gender,demographic,peer_reviewed_research,Student Level,Student: Demographic
10.1007/s10639-024-12580-8,ESCS,Socioeconomic status (ESCS),socioeconomic,peer_reviewed_research,Student Level,Student: SES
10.1007/s10639-024-12580-8,DISCLIMA,Disciplinary climate,peer_effects,peer_reviewed_research,School/Teacher Level,School/Teacher: Context
10.1007/s10639-024-12580-8,SBHL,behavior hindering learning,student_behavior,peer_reviewed_research,Student Level,Student: Attitudinal/Behavioral
10.1007/s10639-024-12580-8,TEACHSUP,Teacher support,teacher,peer_reviewed_research,School/Teacher Level,School/Teacher: Practice
10.1007/s10639-024-12580-8,DIRINS,Teacher-directed instruction,teacher,peer_reviewed_research,School/Teacher Level,School/Teacher: Practice
10.1007/s10639-024-12580-8,PERFEED,Teacher feedback,teacher,peer_reviewed_research,School/Teacher Level,School/Teacher: Practice
10.1007/s10639-024-12580-8,STIMREAD,Reading engagement stimulation,teacher,peer_reviewed_research,School/Teacher Level,School/Teacher: Practice
10.1007/s10639-024-12580-8,BELONG,Sense of belonging,student_attitude,peer_reviewed_research,Student Level,Student: Attitudinal/Behavioral
10.1007/s10639-024-12580-8,ATTLNACT,Value of school,student_attitude,peer_reviewed_research,Student Level,Student: Attitudinal/Behavioral
10.1007/s10639-024-12580-8,STULS,Life satisfaction,student_attitude,peer_reviewed_research,Student Level,Student: Attitudinal/Behavioral
10.1007/s10639-024-12580-8,EUDMO,Meaning in life,student_attitude,peer_reviewed_research,Student Level,Student: Attitudinal/Behavioral
10.1007/s10639-024-12580-8,MASTGOAL,Learning goals,student_attitude,peer_reviewed_research,Student Level,Student: Attitudinal/Behavioral
10.1007/s10639-024-12580-8,COMPETE,Attitudes toward competition,student_attitude,peer_reviewed_research,Student Level,Student: Attitudinal/Behavioral
10.1007/s10639-024-12580-8,EMOSUPS,Parents emotional support,parent_home,peer_reviewed_research,Student Level,Student: SES
10.1016/j.appdev.2025.101828,mastery_goal_orientation,Mastery goal orientation,student_attitude,peer_reviewed_research,Student Level,Student: Attitudinal/Behavioral
10.1016/j.appdev.2025.101828,meaning_of_life,Meaning of life,student_attitude,peer_reviewed_research,Student Level,Student: Attitudinal/Behavioral
10.1016/j.appdev.2025.101828,proud,Proud emotion,student_attitude,peer_reviewed_research,Student Level,Student: Attitudinal/Behavioral
10.1016/j.appdev.2025.101828,positive_emotions,Positive emotions,student_attitude,peer_reviewed_research,Student Level,Student: Attitudinal/Behavioral
10.1016/j.appdev.2025.101828,learning_aspiration,Learning aspiration,student_attitude,peer_reviewed_research,Student Level,Student: Attitudinal/Behavioral
10.1016/j.appdev.2025.101828,performance_approach_goal_orientation,Performance-approach goal orientation,student_attitude,peer_reviewed_research,Student Level,Student: Attitudinal/Behavioral
10.1016/j.appdev.2025.101828,reading_self_concept,Reading self-concept,student_attitude,peer_reviewed_research,Student Level,Student: Attitudinal/Behavioral
10.1016/j.appdev.2025.101828,parents_emotional_support,Parents’ emotional support,parent_home,peer_reviewed_research,Student Level,Student: SES
10.1016/j.appdev.2025.101828,empathy,Empathy,student_attitude,peer_reviewed_research,Student Level,Student: Attitudinal/Behavioral
10.1016/j.appdev.2025.101828,scary_emotion,Scared emotion,student_attitude,peer_reviewed_research,Student Level,Student: Attitudinal/Behavioral
10.1016/j.appdev.2025.101828,cooperation_climate,Cooperation climate,peer_effects,peer_reviewed_research,School/Teacher Level,School/Teacher: Context
10.1016/j.appdev.2025.101828,competition_climate,Competition climate,peer_effects,peer_reviewed_research,School/Teacher Level,School/Teacher: Context
10.1016/j.appdev.2025.101828,teacher_instruction_strategies,Teacher instruction strategies,teacher,peer_reviewed_research,School/Teacher Level,School/Teacher: Practice
10.1016/j.appdev.2025.101828,teacher_understanding,Teacher understanding,teacher,peer_reviewed_research,School/Teacher Level,School/Teacher: Practice
10.1016/j.appdev.2025.101828,study_possessions,Study possessions,parent_home,peer_reviewed_research,Student Level,Student: SES
10.1016/j.appdev.2025.101828,home_possessions,Home possessions,parent_home,peer_reviewed_research,Student Level,Student: SES
10.1016/j.appdev.2025.101828,teacher_evaluation,Teacher evaluation,teacher,peer_reviewed_research,School/Teacher Level,School/Teacher: Practice
10.1016/j.appdev.2025.101828,differentiated_classrooms,Differentiated classrooms,school,peer_reviewed_research,School/Teacher Level,School/Teacher: Context
10.1016/j.appdev.2025.101828,admission_criteria_feeder_schools,Admission criteria (feeder schools),system_level,peer_reviewed_research,System/Country Level,System: Policy/Context
10.1016/j.appdev.2025.101828,admission_criteria_residence_area,Admission criteria (residence area),system_level,peer_reviewed_research,System/Country Level,System: Policy/Context
10.1016/j.appdev.2025.101828,funding_source_student_fees,Funding source (student fees),system_level,peer_reviewed_research,System/Country Level,System: Policy/Context
10.1016/j.appdev.2025.101828,funding_source_government,Funding source (government),system_level,peer_reviewed_research,System/Country Level,System: Policy/Context
10.1016/j.appdev.2025.101828,external_evaluation_of_schools,External evaluation of schools,system_level,peer_reviewed_research,System/Country Level,System: Policy/Context
10.1016/j.appdev.2025.101828,Malaysia,Malaysia (country of origin),system_level,peer_reviewed_research,System/Country Level,System: Policy/Context
10.1016/j.appdev.2025.101828,Japan,Japan (country of origin),system_level,peer_reviewed_research,System/Country Level,System: Policy/Context
10.1016/j.appdev.2025.101828,Kazakhstan,Kazakhstan (country of origin),system_level,peer_reviewed_research,System/Country Level,System: Policy/Context
10.1016/j.appdev.2025.101828,Indonesia,Indonesia (country of origin),system_level,peer_reviewed_research,System/Country Level,System: Policy/Context
10.1016/j.appdev.2025.101828,BSJZ,B.S.J.Z. China (country of origin),system_level,peer_reviewed_research,System/Country Level,System: Policy/Context
10.14744/sigma.2021.00039,ST004D01T,Gender,demographic,peer_reviewed_research,Student Level,Student: Demographic
10.14744/sigma.2021.00039,MMINS,Mathematics learning time,curriculum,peer_reviewed_research,School/Teacher Level,School/Teacher: Context
10.14744/sigma.2021.00039,GFOFAIL,Fear of failure,student_attitude,peer_reviewed_research,Student Level,Student: Attitudinal/Behavioral
10.14744/sigma.2021.00039,BELONG,Sense of belonging,student_attitude,peer_reviewed_research,Student Level,Student: Attitudinal/Behavioral
10.14744/sigma.2021.00039,FISCED,Father’s education,socioeconomic,peer_reviewed_research,Student Level,Student: SES
10.14744/sigma.2021.00039,HISEI,Highest parental occupational status,socioeconomic,peer_reviewed_research,Student Level,Student: SES
10.14744/sigma.2021.00039,ESCS,ESCS socioeconomic index,socioeconomic,peer_reviewed_research,Student Level,Student: SES
10.14744/sigma.2021.00039,HOMEPOS,Home possessions,socioeconomic,peer_reviewed_research,Student Level,Student: SES
10.14744/sigma.2021.00039,EMOSUPS,Parents’ emotional support,parent_home,peer_reviewed_research,Student Level,Student: SES
10.14744/sigma.2021.00039,ICTHOME,ICT available at home,ict,peer_reviewed_research,Student Level,Student: Attitudinal/Behavioral
10.14744/sigma.2021.00039,IC152Q02HA,Digital device use in lessons,ict,peer_reviewed_research,Student Level,Student: Attitudinal/Behavioral
10.1057/s41599-023-01705-y,ST164Q05IA,Summarize text in own words,student_behavior,peer_reviewed_research,Student Level,Student: Attitudinal/Behavioral
10.1057/s41599-023-01705-y,ST164Q04IA,Underline important text parts,student_behavior,peer_reviewed_research,Student Level,Student: Attitudinal/Behavioral
10.1057/s41599-023-01705-y,ST164Q02IA,Quickly read text twice,student_behavior,peer_reviewed_research,Student Level,Student: Attitudinal/Behavioral
10.1057/s41599-023-01705-y,ST164Q01IA,Focus on easy-to-understand parts,student_behavior,peer_reviewed_research,Student Level,Student: Attitudinal/Behavioral
10.1057/s41599-023-01705-y,ST164Q03IA,Discuss text content with others,student_behavior,peer_reviewed_research,Student Level,Student: Attitudinal/Behavioral
10.1057/s41599-023-01705-y,BELONG,Sense of belonging,student_attitude,peer_reviewed_research,Student Level,Student: Attitudinal/Behavioral
10.1057/s41599-023-01705-y,PERCOOP,Perceived student cooperation,student_attitude,peer_reviewed_research,Student Level,Student: Attitudinal/Behavioral
10.1057/s41599-023-01705-y,BEINGBULLIED,Bullying experience,student_behavior,peer_reviewed_research,Student Level,Student: Attitudinal/Behavioral
10.1057/s41599-023-01705-y,ST097Q01TA,do not listen to teacher,student_behavior,peer_reviewed_research,Student Level,Student: Attitudinal/Behavioral
10.1057/s41599-023-01705-y,WORKMAST,Work mastery motivation,student_attitude,peer_reviewed_research,Student Level,Student: Attitudinal/Behavioral
10.1057/s41599-023-01705-y,BSMJ,Expected occupational status,student_attitude,peer_reviewed_research,Student Level,Student: Attitudinal/Behavioral
10.1057/s41599-023-01705-y,ST188Q02HA,Proud of accomplishments,student_attitude,peer_reviewed_research,Student Level,Student: Attitudinal/Behavioral
10.1057/s41599-023-01705-y,ST012Q05NA,Smartphone with internet at home,ict,peer_reviewed_research,Student Level,Student: Attitudinal/Behavioral
10.1057/s41599-023-01705-y,ST005Q01TA,Mother education level,socioeconomic,peer_reviewed_research,Student Level,Student: SES
10.1057/s41599-023-01705-y,HISEI,Parents occupational status,socioeconomic,peer_reviewed_research,Student Level,Student: SES
10.1007/s11336-022-09880-8,process_feature_dimension,Process feature dimension (K),process_data,peer_reviewed_research,Student Level,Student: Process Data
10.1007/s11336-022-09880-8,generalized_partial_credit_model,Final response item model,curriculum,peer_reviewed_research,School/Teacher Level,School/Teacher: Context
10.1007/s11336-022-09880-8,scoring_set_size,Scoring set item count,curriculum,peer_reviewed_research,School/Teacher Level,School/Teacher: Context
10.1007/s11336-022-09880-8,reference_set_size,Reference set item count,curriculum,peer_reviewed_research,School/Teacher Level,School/Teacher: Context
10.1007/s11336-022-09880-8,studentized_residual_decile,Residual discrepancy decile,process_data,peer_reviewed_research,Student Level,Student: Process Data
10.1007/s10639-023-11881-8,ASDRLOWP,Reading achievement too low,student_behavior,peer_reviewed_research,Student Level,Student: Attitudinal/Behavioral
10.1007/s10639-023-11881-8,ASDGSCR,confident in reading,student_attitude,peer_reviewed_research,Student Level,Student: Attitudinal/Behavioral
10.1007/s10639-023-11881-8,ASDHELT,Early literacy tasks,student_behavior,peer_reviewed_research,Student Level,Student: Attitudinal/Behavioral
10.1007/s10639-023-11881-8,ASDAGE,age,demographic,peer_reviewed_research,Student Level,Student: Demographic
10.1007/s10639-023-11881-8,ASBR06C,Reading is boring,student_attitude,peer_reviewed_research,Student Level,Student: Attitudinal/Behavioral
10.1007/s10639-023-11881-8,ASBR07E,Reading harder than other,student_attitude,peer_reviewed_research,Student Level,Student: Attitudinal/Behavioral
10.1007/s10639-023-11881-8,ASBR07F,Not good at reading,student_attitude,peer_reviewed_research,Student Level,Student: Attitudinal/Behavioral
10.1007/s10639-023-11881-8,ASBH07A,Recognize letters,student_behavior,peer_reviewed_research,Student Level,Student: Attitudinal/Behavioral
10.1007/s10639-023-11881-8,ASBG03,Often speak Arabic at home,demographic,peer_reviewed_research,Student Level,Student: Demographic
10.1007/s10639-023-11881-8,ATBG07G,Parental commitment,parent_home,peer_reviewed_research,Student Level,Student: SES
10.1007/s10639-023-11881-8,safe,Safe,student_behavior,peer_reviewed_research,Student Level,Student: Attitudinal/Behavioral
10.1007/s10639-023-11881-8,orderly_school_teacher,orderly school-teacher,teacher,peer_reviewed_research,School/Teacher Level,School/Teacher: Practice
10.1007/s10639-023-11881-8,ACDGEAS,School emphasis on academic success,school,peer_reviewed_research,School/Teacher Level,School/Teacher: Context
10.33225/jbse/22.21.575,METASPAM,Meta-cognition assess credibility,student_behavior,peer_reviewed_research,Student Level,Student: Attitudinal/Behavioral
10.33225/jbse/22.21.575,METASUM,Meta-cognition summarizing texts,student_behavior,peer_reviewed_research,Student Level,Student: Attitudinal/Behavioral
10.33225/jbse/22.21.575,UNDREM,"Metacognition (understanding, remembering)",student_behavior,peer_reviewed_research,Student Level,Student: Attitudinal/Behavioral
10.33225/jbse/22.21.575,JOYREAD,Enjoyment of reading,student_attitude,peer_reviewed_research,Student Level,Student: Attitudinal/Behavioral
10.33225/jbse/22.21.575,PISADIFF,Perceived PISA test difficulty,student_attitude,peer_reviewed_research,Student Level,Student: Attitudinal/Behavioral
10.33225/jbse/22.21.575,RESILIENCE,Resilience,student_attitude,peer_reviewed_research,Student Level,Student: Attitudinal/Behavioral
10.33225/jbse/22.21.575,ESCS,Socioeconomic status (ESCS),socioeconomic,peer_reviewed_research,Student Level,Student: SES
10.33225/jbse/22.21.575,SMINS,Science learning time per week,curriculum,peer_reviewed_research,School/Teacher Level,School/Teacher: Context
10.33225/jbse/22.21.575,ST059Q03TA,Science class periods per week,curriculum,peer_reviewed_research,School/Teacher Level,School/Teacher: Context
10.33225/jbse/22.21.575,ST060Q01NA,School lessons per week,curriculum,peer_reviewed_research,School/Teacher Level,School/Teacher: Context
10.33225/jbse/22.21.575,BELONG,Sense of belonging,student_attitude,peer_reviewed_research,Student Level,Student: Attitudinal/Behavioral
10.33225/jbse/22.21.575,GFOFAIL,General fear of failure,student_attitude,peer_reviewed_research,Student Level,Student: Attitudinal/Behavioral
10.33225/jbse/22.21.575,EUDMO,Meaning in life,student_attitude,peer_reviewed_research,Student Level,Student: Attitudinal/Behavioral
10.33225/jbse/22.21.575,PERFEED,Perceived feedback quality,teacher,peer_reviewed_research,School/Teacher Level,School/Teacher: Practice
10.33225/jbse/22.21.575,PERCOOP,Perceived cooperation at school,peer_effects,peer_reviewed_research,School/Teacher Level,School/Teacher: Context
10.33225/jbse/22.21.575,PERCOMP,Perceived competitiveness at school,peer_effects,peer_reviewed_research,School/Teacher Level,School/Teacher: Context
10.33225/jbse/22.21.575,HEDRES,Home educational resources,socioeconomic,peer_reviewed_research,Student Level,Student: SES
10.33225/jbse/22.21.575,AUTICT,Autonomy related to ICT use,ict,peer_reviewed_research,Student Level,Student: Attitudinal/Behavioral
10.33225/jbse/22.21.575,COMPICT,Perceived ICT competence,ict,peer_reviewed_research,Student Level,Student: Attitudinal/Behavioral
10.33225/jbse/22.21.575,COMPETE,Competitiveness,peer_effects,peer_reviewed_research,School/Teacher Level,School/Teacher: Context
10.33225/jbse/22.21.575,WEALTH,Family wealth,socioeconomic,peer_reviewed_research,Student Level,Student: SES
10.33225/jbse/22.21.575,TMINS,Total learning time per week,curriculum,peer_reviewed_research,School/Teacher Level,School/Teacher: Context
10.33225/jbse/22.21.575,SCREADCOMP,Reading self-concept competence,student_attitude,peer_reviewed_research,Student Level,Student: Attitudinal/Behavioral
10.33225/jbse/22.21.575,ST059Q04HA,Foreign language class periods,curriculum,peer_reviewed_research,School/Teacher Level,School/Teacher: Context
10.33225/jbse/22.21.575,ST185Q01HA,Clear meaning or purpose,student_attitude,peer_reviewed_research,Student Level,Student: Attitudinal/Behavioral
10.33225/jbse/22.21.575,HOMEPOS,Home possessions,socioeconomic,peer_reviewed_research,Student Level,Student: SES
10.33225/jbse/22.21.575,ICTOUTSIDE,ICT use outside lessons,ict,peer_reviewed_research,Student Level,Student: Attitudinal/Behavioral
10.33225/jbse/22.21.575,ICTRES,ICT resources (ICTRES),ict,peer_reviewed_research,Student Level,Student: Attitudinal/Behavioral
10.1177/00332941221133005,ST004D01T,gender,demographic,peer_reviewed_research,Student Level,Student: Demographic
10.1177/00332941221133005,ST011Q05TA,Educational software at home,socioeconomic,peer_reviewed_research,Student Level,Student: SES
10.1177/00332941221133005,ST012Q05NA,Cell phones with internet,socioeconomic,peer_reviewed_research,Student Level,Student: SES
10.1177/00332941221133005,books_on_art,Books on art,student_behavior,peer_reviewed_research,Student Level,Student: Attitudinal/Behavioral
10.1177/00332941221133005,music,music,student_behavior,peer_reviewed_research,Student Level,Student: Attitudinal/Behavioral
10.1177/00332941221133005,design,design,student_behavior,peer_reviewed_research,Student Level,Student: Attitudinal/Behavioral
10.1177/00332941221133005,ST038Q05NA,Threatened by other students,school,peer_reviewed_research,School/Teacher Level,School/Teacher: Context
10.1177/00332941221133005,PA007Q04TA,Satisfied with child school discipline,parent_home,peer_reviewed_research,Student Level,Student: SES
10.1177/00332941221133005,ST097Q04TA,cannot work well,school,peer_reviewed_research,School/Teacher Level,School/Teacher: Context
10.1177/00332941221133005,ST078Q07NA,Meet friends after leaving school,peer_effects,peer_reviewed_research,School/Teacher Level,School/Teacher: Context
10.1177/00332941221133005,ST076Q07NA,Meet friends before going to school,peer_effects,peer_reviewed_research,School/Teacher Level,School/Teacher: Context
10.1177/00332941221133005,ST039Q06NA,Teacher insulted in front of others,teacher,peer_reviewed_research,School/Teacher Level,School/Teacher: Practice
10.1177/00332941221133005,ST039Q02NA,Teacher graded harder than others,teacher,peer_reviewed_research,School/Teacher Level,School/Teacher: Practice
10.1177/00332941221133005,ST123Q01NA,Parents interested in school activities,parent_home,peer_reviewed_research,Student Level,Student: SES
10.1177/00332941221133005,PA009Q02NA,Parent involvement hindered by work,parent_home,peer_reviewed_research,Student Level,Student: SES
10.1177/00332941221133005,ST123Q03NA,Parents support during difficulties,parent_home,peer_reviewed_research,Student Level,Student: SES
10.1177/00332941221133005,ST082Q02NA,I am a good listener,student_attitude,peer_reviewed_research,Student Level,Student: Attitudinal/Behavioral
10.1177/00332941221133005,ST082Q03NA,Enjoy seeing classmates succeed,student_attitude,peer_reviewed_research,Student Level,Student: Attitudinal/Behavioral
10.1177/00332941221133005,ST082Q14NA,Enjoy cooperating with peers,student_attitude,peer_reviewed_research,Student Level,Student: Attitudinal/Behavioral
10.1177/00332941221133005,ST082Q13NA,Teamwork raises my efficiency,student_attitude,peer_reviewed_research,Student Level,Student: Attitudinal/Behavioral
10.1177/00332941221133005,ST082Q01NA,Prefer team work over alone,student_attitude,peer_reviewed_research,Student Level,Student: Attitudinal/Behavioral
10.1177/00332941221133005,ST118Q05NA,Nervous when not knowing how,student_attitude,peer_reviewed_research,Student Level,Student: Attitudinal/Behavioral
10.1177/00332941221133005,ST118Q03NA,Anxious even when well-prepared,student_attitude,peer_reviewed_research,Student Level,Student: Attitudinal/Behavioral
10.1177/00332941221133005,ST121Q01NA,Gives up easily on problems,student_attitude,peer_reviewed_research,Student Level,Student: Attitudinal/Behavioral
10.1177/00332941221133005,ST119Q04NA,Sees self as ambitious,student_attitude,peer_reviewed_research,Student Level,Student: Attitudinal/Behavioral
10.1177/00332941221133005,ST119Q01NA,Wants top grades,student_attitude,peer_reviewed_research,Student Level,Student: Attitudinal/Behavioral
10.1177/00332941221133005,IC008Q05TA,Use digital devices for social networks,ict,peer_reviewed_research,Student Level,Student: Attitudinal/Behavioral
10.1177/00332941221133005,IC013Q12NA,Feels bad if no internet connection,ict,peer_reviewed_research,Student Level,Student: Attitudinal/Behavioral
10.1177/00332941221133005,IC013Q05NA,Social networks are useful,ict,peer_reviewed_research,Student Level,Student: Attitudinal/Behavioral
10.1177/00332941221133005,EC003Q02NA,Chemistry subjects covered,curriculum,peer_reviewed_research,School/Teacher Level,School/Teacher: Context
10.1177/00332941221133005,ST131Q06NA,Prefers experiments more than once,curriculum,peer_reviewed_research,School/Teacher Level,School/Teacher: Context
10.1177/00332941221133005,ST071Q02NA,Hours learning in addition (math),student_behavior,peer_reviewed_research,Student Level,Student: Attitudinal/Behavioral
10.1177/00332941221133005,ST032Q02NA,Vigorous physical activities daily,student_behavior,peer_reviewed_research,Student Level,Student: Attitudinal/Behavioral
10.1177/00332941221133005,ST016Q01NA,Life satisfaction,student_attitude,peer_reviewed_research,Student Level,Student: Attitudinal/Behavioral
10.1109/ACCESS.2025.3538585,REPEAT,Grade repetition,demographic,peer_reviewed_research,Student Level,Student: Demographic
10.1109/ACCESS.2025.3538585,ST253Q01JA0,Digital devices with screens,ict,peer_reviewed_research,Student Level,Student: Attitudinal/Behavioral
10.1109/ACCESS.2025.3538585,ST255Q01JA,Number of books at home,socioeconomic,peer_reviewed_research,Student Level,Student: SES
10.1109/ACCESS.2025.3538585,ST297Q09TA,Extra mathematics classes,curriculum,peer_reviewed_research,School/Teacher Level,School/Teacher: Context
10.1109/ACCESS.2025.3538585,ST004D01T,Gender,demographic,peer_reviewed_research,Student Level,Student: Demographic
10.1109/ACCESS.2025.3538585,ST294Q02JA0,Study/homework before class,student_behavior,peer_reviewed_research,Student Level,Student: Attitudinal/Behavioral
10.1109/ACCESS.2025.3538585,ST297Q09JA0_0,No extra mathematics classes,curriculum,peer_reviewed_research,School/Teacher Level,School/Teacher: Context
10.1109/ACCESS.2025.3538585,ST297Q09JA0_0,Attend extra mathematics classes,curriculum,peer_reviewed_research,School/Teacher Level,School/Teacher: Context
10.1016/j.seps.2019.06.009,SCHSIZE,School size,school,peer_reviewed_research,School/Teacher Level,School/Teacher: Context
10.1016/j.seps.2019.06.009,CLSIZE,Class size,school,peer_reviewed_research,School/Teacher Level,School/Teacher: Context
10.1016/j.seps.2019.06.009,SCHLOC,School location (rural),school,peer_reviewed_research,School/Teacher Level,School/Teacher: Context
10.1016/j.seps.2019.06.009,PCGIRLS,Proportion of girls,demographic,peer_reviewed_research,Student Level,Student: Demographic
10.1016/j.seps.2019.06.009,COMP,Competition (dummy),school,peer_reviewed_research,School/Teacher Level,School/Teacher: Context
10.1016/j.seps.2019.06.009,PRESS,Parental pressure,parent_home,peer_reviewed_research,Student Level,Student: SES
10.1186/s40536-025-00262-x,country_indicator,Country indicator,system_level,peer_reviewed_research,System/Country Level,System: Policy/Context
10.1186/s40536-025-00262-x,gender,Gender,demographic,peer_reviewed_research,Student Level,Student: Demographic
10.1186/s40536-025-00262-x,language_of_test_at_home,Language spoken at home,demographic,peer_reviewed_research,Student Level,Student: Demographic
10.1186/s40536-025-00262-x,books_at_home,Books at home,socioeconomic,peer_reviewed_research,Student Level,Student: SES
10.1186/s40536-025-00262-x,home_computer_tablet,Home computer/tablet,socioeconomic,peer_reviewed_research,Student Level,Student: SES
10.1186/s40536-025-00262-x,study_desk,Study desk,student_behavior,peer_reviewed_research,Student Level,Student: Attitudinal/Behavioral
10.1186/s40536-025-00262-x,own_room,own room,student_behavior,peer_reviewed_research,Student Level,Student: Attitudinal/Behavioral
10.1186/s40536-025-00262-x,internet_connection,Internet connection at home,socioeconomic,peer_reviewed_research,Student Level,Student: SES
10.1186/s40536-025-00262-x,computer_use_schoolwork_home,Computer use for schoolwork (home),ict,peer_reviewed_research,Student Level,Student: Attitudinal/Behavioral
10.1186/s40536-025-00262-x,computer_use_schoolwork_school,Computer use for schoolwork (school),ict,peer_reviewed_research,Student Level,Student: Attitudinal/Behavioral
10.1186/s40536-025-00262-x,computer_use_schoolwork_other,Computer use for schoolwork (other),ict,peer_reviewed_research,Student Level,Student: Attitudinal/Behavioral
10.1186/s40536-025-00262-x,peer_made_fun,Peer teasing/bullying,peer_effects,peer_reviewed_research,School/Teacher Level,School/Teacher: Context
10.1186/s40536-025-00262-x,peer_left_out,Peer exclusion,peer_effects,peer_reviewed_research,School/Teacher Level,School/Teacher: Context
10.1186/s40536-025-00262-x,peer_spread_lies,Peer rumor spreading,peer_effects,peer_reviewed_research,School/Teacher Level,School/Teacher: Context
10.1186/s40536-025-00262-x,peer_stole_something,Peer theft,peer_effects,peer_reviewed_research,School/Teacher Level,School/Teacher: Context
10.1186/s40536-025-00262-x,peer_hit_hurt,Peer hitting/hurting,peer_effects,peer_reviewed_research,School/Teacher Level,School/Teacher: Context
10.1186/s40536-025-00262-x,peer_made_do_unwanted,Peer coercion,peer_effects,peer_reviewed_research,School/Teacher Level,School/Teacher: Context
10.1186/s40536-025-00262-x,school_belonging,Belonging at school,student_attitude,peer_reviewed_research,Student Level,Student: Attitudinal/Behavioral
10.1186/s40536-025-00262-x,school_safety,Feeling safe at school,school,peer_reviewed_research,School/Teacher Level,School/Teacher: Context
10.1186/s40536-025-00262-x,school_liking,Enjoying being in school,student_attitude,peer_reviewed_research,Student Level,Student: Attitudinal/Behavioral
10.1186/s40536-025-00262-x,enjoy_learning_math,Enjoyment of learning math,student_attitude,peer_reviewed_research,Student Level,Student: Attitudinal/Behavioral
10.1186/s40536-025-00262-x,math_boring,Math is boring,student_attitude,peer_reviewed_research,Student Level,Student: Attitudinal/Behavioral
10.1186/s40536-025-00262-x,math_interests,Interest in mathematics,student_attitude,peer_reviewed_research,Student Level,Student: Attitudinal/Behavioral
10.1186/s40536-025-00262-x,math_self_confidence,Self-confidence in math,student_attitude,peer_reviewed_research,Student Level,Student: Attitudinal/Behavioral
10.1186/s40536-025-00262-x,math_difficulty_relative,Math difficulty vs classmates,student_attitude,peer_reviewed_research,Student Level,Student: Attitudinal/Behavioral
10.1186/s40536-025-00262-x,math_not_strength,Math not a strength,student_attitude,peer_reviewed_research,Student Level,Student: Attitudinal/Behavioral
10.1186/s40536-025-00262-x,learn_things_quickly_math,Learning math quickly,student_attitude,peer_reviewed_research,Student Level,Student: Attitudinal/Behavioral
10.1186/s40536-025-00262-x,working_out_difficult_math,Working out difficult problems,student_attitude,peer_reviewed_research,Student Level,Student: Attitudinal/Behavioral
10.1186/s40536-025-00262-x,teacher_expectations_understanding,Teacher expectations clarity,teacher,peer_reviewed_research,School/Teacher Level,School/Teacher: Practice
10.1186/s40536-025-00262-x,teacher_easy_to_understand,Teacher easy to understand,teacher,peer_reviewed_research,School/Teacher Level,School/Teacher: Practice
10.1186/s40536-025-00262-x,teacher_interesting_things,Teacher gives interesting tasks,teacher,peer_reviewed_research,School/Teacher Level,School/Teacher: Practice
10.1186/s40536-025-00262-x,teacher_interested_in_student,Teacher is easy to understand,teacher,peer_reviewed_research,School/Teacher Level,School/Teacher: Practice
10.1186/s40536-025-00262-x,grade_indicator,Grade indicator (4 vs 8),demographic,peer_reviewed_research,Student Level,Student: Demographic
10.1186/s40536-025-00264-9,gender,Gender (main construct),demographic,peer_reviewed_research,Student Level,Student: Demographic
10.1186/s40536-025-00264-9,race_ethnicity,Race/ethnicity (main construct),demographic,peer_reviewed_research,Student Level,Student: Demographic
10.1186/s40536-025-00264-9,ell_status,English learner status,demographic,peer_reviewed_research,Student Level,Student: Demographic
10.1186/s40536-025-00264-9,disability_status,Disability status,demographic,peer_reviewed_research,Student Level,Student: Demographic
10.1186/s40536-025-00264-9,frpl_eligibility,FRPL eligibility (SES),socioeconomic,peer_reviewed_research,Student Level,Student: SES
10.1186/s40536-024-00224-9,ASBE01,Computer use time daily,student_behavior,peer_reviewed_research,Student Level,Student: Attitudinal/Behavioral
10.1186/s40536-024-00224-9,ASBE02,Internet reading info time,student_behavior,peer_reviewed_research,Student Level,Student: Attitudinal/Behavioral
10.1186/s40536-024-00224-9,ASBG10A,Computer for school reading,student_behavior,peer_reviewed_research,Student Level,Student: Attitudinal/Behavioral
10.1186/s40536-024-00224-9,ASBG10B,Computer for school preparing,student_behavior,peer_reviewed_research,Student Level,Student: Attitudinal/Behavioral
10.1186/s40536-024-00224-9,device_use_in,Device use in,student_behavior,peer_reviewed_research,Student Level,Student: Attitudinal/Behavioral
10.1186/s40536-024-00224-9,out_school,out school,student_behavior,peer_reviewed_research,Student Level,Student: Attitudinal/Behavioral
10.1186/s40536-024-00224-9,ASBGSEC,Computer self-efficacy,student_attitude,peer_reviewed_research,Student Level,Student: Attitudinal/Behavioral
10.1186/s40536-024-00224-9,ASBGDDH,Home digital device access,ict,peer_reviewed_research,Student Level,Student: Attitudinal/Behavioral
10.1186/s40536-024-00224-9,ASBGHRL,Home resources for learning,socioeconomic,peer_reviewed_research,Student Level,Student: SES
10.1186/s40536-024-00224-9,ACBG10,School access to digital books,school,peer_reviewed_research,School/Teacher Level,School/Teacher: Context
10.1186/s40536-024-00224-9,ACBGDRSD,Instruction affected by shortages,school,peer_reviewed_research,School/Teacher Level,School/Teacher: Context
10.1186/s40536-024-00224-9,COMSRAT,Computers to students ratio,school,peer_reviewed_research,School/Teacher Level,School/Teacher: Context
10.1186/s40536-024-00224-9,ACBG05B,School location,school,peer_reviewed_research,School/Teacher Level,School/Teacher: Context
10.1186/s40536-024-00224-9,HRLAGGR,Home resources aggregated at school,socioeconomic,peer_reviewed_research,Student Level,Student: SES
10.1186/s40536-024-00224-9,FREQCLASSUSE,Computer use in classroom reading,teacher,peer_reviewed_research,School/Teacher Level,School/Teacher: Practice
10.1186/s40536-024-00224-9,ATBG01,Teacher years teaching,teacher,peer_reviewed_research,School/Teacher Level,School/Teacher: Practice
10.1186/s40536-024-00224-9,digital_economy,Digital Economy,ict,peer_reviewed_research,Student Level,Student: Attitudinal/Behavioral
10.1186/s40536-024-00224-9,society,Society,student_behavior,peer_reviewed_research,Student Level,Student: Attitudinal/Behavioral
10.1186/s40536-025-00248-9,gender,Gender,demographic,methodology_paper,Student Level,Student: Demographic
10.1186/s40536-025-00248-9,escs,Socioeconomic status (ESCS),socioeconomic,methodology_paper,Student Level,Student: SES
10.1186/s40536-025-00248-9,immig2,Immigration status,demographic,methodology_paper,Student Level,Student: Demographic
10.1186/s40536-025-00248-9,stubeha,behavior hindering learning,school,methodology_paper,School/Teacher Level,School/Teacher: Context
10.1186/s40536-025-00248-9,lackstaff,Lack of teaching staff,school,methodology_paper,School/Teacher Level,School/Teacher: Context
10.1186/s40536-025-00248-9,cntschid,School identifier (cluster),school,methodology_paper,School/Teacher Level,School/Teacher: Context
10.1186/s40536-024-00219-6,INSTSCIE,Instrumental motivation,student_attitude,peer_reviewed_research,Student Level,Student: Attitudinal/Behavioral
10.1186/s40536-024-00219-6,MOTIVAT,Achievement motivation,student_attitude,peer_reviewed_research,Student Level,Student: Attitudinal/Behavioral
10.1186/s40536-024-00219-6,COOPER,Enjoy cooperation,student_attitude,peer_reviewed_research,Student Level,Student: Attitudinal/Behavioral
10.1186/s40536-024-00219-6,VALUE,Value cooperation,student_attitude,peer_reviewed_research,Student Level,Student: Attitudinal/Behavioral
10.1186/s40536-024-00219-6,BELONG,Sense of belonging,student_attitude,peer_reviewed_research,Student Level,Student: Attitudinal/Behavioral
10.1186/s40536-024-00219-6,ANXTEST,Test anxiety,student_attitude,peer_reviewed_research,Student Level,Student: Attitudinal/Behavioral
10.1186/s40536-024-00219-6,EMOSUPS,Parental emotional support,parent_home,peer_reviewed_research,Student Level,Student: SES
10.1186/s40536-024-00219-6,SOIAICT,ICT in daily social life,ict,peer_reviewed_research,Student Level,Student: Attitudinal/Behavioral
10.1186/s40536-024-00219-6,Gender,Gender,demographic,peer_reviewed_research,Student Level,Student: Demographic
10.1186/s40536-024-00219-6,ESCS,Socioeconomic status (ESCS),socioeconomic,peer_reviewed_research,Student Level,Student: SES
10.1186/s40536-024-00219-6,PROSTCE,Certified science teacher proportion,teacher,peer_reviewed_research,School/Teacher Level,School/Teacher: Practice
10.1186/s40536-024-00219-6,ICTCLUB,ICT-focused club,school,peer_reviewed_research,School/Teacher Level,School/Teacher: Context
10.1186/s40536-024-00219-6,timings,Time on CPS tasks,process_data,peer_reviewed_research,Student Level,Student: Process Data
10.1186/s40536-024-00219-6,activities,Number of CPS actions,process_data,peer_reviewed_research,Student Level,Student: Process Data
10.1007/s11145-020-10070-0,ATBR08B,Same-ability groups,teacher,peer_reviewed_research,School/Teacher Level,School/Teacher: Practice
10.1007/s11145-020-10070-0,ATBR09AB,Longer fiction books,teacher,peer_reviewed_research,School/Teacher Level,School/Teacher: Practice
10.1007/s11145-020-10070-0,ATBR10A,Read aloud to students,teacher,peer_reviewed_research,School/Teacher Level,School/Teacher: Practice
10.1007/s11145-020-10070-0,decode_sounds,Decode sounds,student_behavior,peer_reviewed_research,Student Level,Student: Attitudinal/Behavioral
10.1007/s11145-020-10070-0,words,words,student_behavior,peer_reviewed_research,Student Level,Student: Attitudinal/Behavioral
10.1007/s11145-020-10070-0,ATBR12B,Identify main ideas,teacher,peer_reviewed_research,School/Teacher Level,School/Teacher: Practice
10.1007/s11145-020-10070-0,generalize,Generalize,student_behavior,peer_reviewed_research,Student Level,Student: Attitudinal/Behavioral
10.1007/s11145-020-10070-0,infer,infer,student_behavior,peer_reviewed_research,Student Level,Student: Attitudinal/Behavioral
10.1007/s11145-020-10070-0,ATBR13B,Oral questions or summaries,teacher,peer_reviewed_research,School/Teacher Level,School/Teacher: Practice
10.1007/s11145-020-10070-0,ATBR13D,Written quiz or test,teacher,peer_reviewed_research,School/Teacher Level,School/Teacher: Practice
10.1007/s11145-020-10070-0,ATBR19B,Discuss homework in class,teacher,peer_reviewed_research,School/Teacher Level,School/Teacher: Practice
10.1007/s11145-020-10070-0,ASBR01D,Teacher easy to understand,student_attitude,peer_reviewed_research,Student Level,Student: Attitudinal/Behavioral
10.1007/s11145-020-10070-0,ASBR01G,Teacher lets show learning,student_attitude,peer_reviewed_research,Student Level,Student: Attitudinal/Behavioral
10.1007/s11145-020-10070-0,ASBR01H,Teacher variety to help learn,student_attitude,peer_reviewed_research,Student Level,Student: Attitudinal/Behavioral
10.1007/s11145-020-10070-0,ASBR06B,Book as a present,student_attitude,peer_reviewed_research,Student Level,Student: Attitudinal/Behavioral
10.1007/s11145-020-10070-0,ASBR06C,Reading is boring,student_attitude,peer_reviewed_research,Student Level,Student: Attitudinal/Behavioral
10.1007/s11145-020-10070-0,ASBR06E,Enjoy reading,student_attitude,peer_reviewed_research,Student Level,Student: Attitudinal/Behavioral
10.1007/s11145-020-10070-0,ASBR06F,Learn a lot from reading,student_attitude,peer_reviewed_research,Student Level,Student: Attitudinal/Behavioral
10.1007/s11145-020-10070-0,ASBR06G,Read to make me think,student_attitude,peer_reviewed_research,Student Level,Student: Attitudinal/Behavioral
10.1007/s11145-020-10070-0,ASBR06H,Book helps imagine worlds,student_attitude,peer_reviewed_research,Student Level,Student: Attitudinal/Behavioral
10.1007/s11145-020-10070-0,ASBR07A,Usually do well in reading,student_attitude,peer_reviewed_research,Student Level,Student: Attitudinal/Behavioral
10.1007/s11145-020-10070-0,ASBR07B,Reading is easy for me,student_attitude,peer_reviewed_research,Student Level,Student: Attitudinal/Behavioral
10.1007/s11145-020-10070-0,ASBR07D,Harder than classmates,student_attitude,peer_reviewed_research,Student Level,Student: Attitudinal/Behavioral
10.1007/s11145-020-10070-0,ASBR07E,Harder than any subject,student_attitude,peer_reviewed_research,Student Level,Student: Attitudinal/Behavioral
10.1007/s11145-020-10070-0,ASBR07F,Not good at reading,student_attitude,peer_reviewed_research,Student Level,Student: Attitudinal/Behavioral
10.1007/s10639-023-12272-9,gender,Gender (girls vs boys),demographic,peer_reviewed_research,Student Level,Student: Demographic
10.1007/s10639-023-12272-9,ict_availability_index,ICT availability at home,ict,peer_reviewed_research,Student Level,Student: Attitudinal/Behavioral
10.1007/s10639-023-12272-9,ICT_affect,ICT affect (interest/enjoyment),student_attitude,peer_reviewed_research,Student Level,Student: Attitudinal/Behavioral
10.1007/s10639-023-12272-9,ICT_beliefs_positive,Positive ICT attitudes,student_attitude,peer_reviewed_research,Student Level,Student: Attitudinal/Behavioral
10.1007/s10639-023-12272-9,ICT_beliefs_negative,Negative ICT attitudes,student_attitude,peer_reviewed_research,Student Level,Student: Attitudinal/Behavioral
10.1007/s10639-023-12272-9,ICT_future_expectations,Future ICT expectations,student_attitude,peer_reviewed_research,Student Level,Student: Attitudinal/Behavioral
10.1007/s10639-023-12272-9,ICT_self_efficacy_basic,ICT self-efficacy (basic),student_attitude,peer_reviewed_research,Student Level,Student: Attitudinal/Behavioral
10.1007/s10639-023-12272-9,ICT_self_efficacy_advanced,ICT self-efficacy (advanced),student_attitude,peer_reviewed_research,Student Level,Student: Attitudinal/Behavioral
10.1007/s10639-023-12272-9,HDI,Socioeconomic development (HDI),system_level,peer_reviewed_research,System/Country Level,System: Policy/Context
10.1007/s10639-023-12272-9,GII,Gender inequality (GII),system_level,peer_reviewed_research,System/Country Level,System: Policy/Context
10.1007/s10639-023-12272-9,global_innovation_index,Country innovation (GIIv),system_level,peer_reviewed_research,System/Country Level,System: Policy/Context
10.1007/s10639-023-12272-9,ict_use_gender_gaps,Gender gaps in ICT use,system_level,peer_reviewed_research,System/Country Level,System: Policy/Context
10.1007/s10639-023-12272-9,world_region,World region (UNESCO),system_level,peer_reviewed_research,System/Country Level,System: Policy/Context
10.1007/s10639-023-12272-9,digital_skill_type,Digital skill type (CIL vs CT),curriculum,peer_reviewed_research,School/Teacher Level,School/Teacher: Context
10.1007/s10639-023-12272-9,assessment_cycle,Assessment cycle (2013 vs 2018),curriculum,peer_reviewed_research,School/Teacher Level,School/Teacher: Context
10.1016/j.ijer.2023.102267,gender,Gender,demographic,peer_reviewed_research,Student Level,Student: Demographic
10.1016/j.ijer.2023.102267,ESCS,Socioeconomic status (ESCS),socioeconomic,peer_reviewed_research,Student Level,Student: SES
10.1016/j.ijer.2023.102267,reading_time,Reading time,student_behavior,peer_reviewed_research,Student Level,Student: Attitudinal/Behavioral
10.1016/j.ijer.2023.102267,work_mastery,Work mastery,student_behavior,peer_reviewed_research,Student Level,Student: Attitudinal/Behavioral
10.1016/j.ijer.2023.102267,understanding,Understanding,student_behavior,peer_reviewed_research,Student Level,Student: Attitudinal/Behavioral
10.1016/j.ijer.2023.102267,remembering,remembering,student_behavior,peer_reviewed_research,Student Level,Student: Attitudinal/Behavioral
10.1016/j.ijer.2023.102267,summarizing_information,Summarizing information,student_behavior,peer_reviewed_research,Student Level,Student: Attitudinal/Behavioral
10.1016/j.ijer.2023.102267,assessing_credibility,Assessing credibility,student_behavior,peer_reviewed_research,Student Level,Student: Attitudinal/Behavioral
10.1016/j.ijer.2023.102267,reading_interest,Reading interest,student_attitude,peer_reviewed_research,Student Level,Student: Attitudinal/Behavioral
10.1016/j.ijer.2023.102267,self_efficacy,Sense of self-efficacy,student_attitude,peer_reviewed_research,Student Level,Student: Attitudinal/Behavioral
10.1016/j.ijer.2023.102267,self_education_expectations,Self-education expectations,student_attitude,peer_reviewed_research,Student Level,Student: Attitudinal/Behavioral
10.1016/j.ijer.2023.102267,perceived_competence,Self-concept: perceived competence,student_attitude,peer_reviewed_research,Student Level,Student: Attitudinal/Behavioral
10.1016/j.ijer.2023.102267,perceived_difficulty,Self-concept: perceived difficulty,student_attitude,peer_reviewed_research,Student Level,Student: Attitudinal/Behavioral
10.1016/j.tsc.2025.101963,gender,Gender,demographic,peer_reviewed_research,Student Level,Student: Demographic
10.1016/j.tsc.2025.101963,ESCS,Socioeconomic status (ESCS),socioeconomic,peer_reviewed_research,Student Level,Student: SES
10.1016/j.tsc.2025.101963,HISEI,Socioeconomic status (HISEI),socioeconomic,peer_reviewed_research,Student Level,Student: SES
10.1016/j.tsc.2025.101963,OECD_membership,OECD membership status,system_level,peer_reviewed_research,System/Country Level,System: Policy/Context
10.1016/j.tsc.2025.101963,HDI,Human Development Index (HDI),system_level,peer_reviewed_research,System/Country Level,System: Policy/Context
10.1016/j.tsc.2025.101963,GGGI,Global Gender Gap Index (GGGI),system_level,peer_reviewed_research,System/Country Level,System: Policy/Context
10.1016/j.tsc.2025.101963,power_distance,Power distance (PD),system_level,peer_reviewed_research,System/Country Level,System: Policy/Context
10.1016/j.tsc.2026.102224,students_age,Students’ age,demographic,peer_reviewed_research,Student Level,Student: Demographic
10.1016/j.tsc.2026.102224,students_gender,Students’ gender,demographic,peer_reviewed_research,Student Level,Student: Demographic
10.1016/j.tsc.2026.102224,CURIOAGR,Curiosity,student_attitude,peer_reviewed_research,Student Level,Student: Attitudinal/Behavioral
10.1016/j.tsc.2026.102224,imagination,Imagination,student_attitude,peer_reviewed_research,Student Level,Student: Attitudinal/Behavioral
10.1016/j.tsc.2026.102224,creativity,Creativity,student_behavior,peer_reviewed_research,Student Level,Student: Attitudinal/Behavioral
10.1016/j.tsc.2026.102224,openness_to_intelligence,openness to intelligence,student_behavior,peer_reviewed_research,Student Level,Student: Attitudinal/Behavioral
10.1016/j.tsc.2026.102224,creative_thinking_self_efficacy,Creative thinking self-efficacy,student_attitude,peer_reviewed_research,Student Level,Student: Attitudinal/Behavioral
10.1016/j.tsc.2026.102224,self_directed_learning_self_efficacy,Self-directed learning self-efficacy,student_attitude,peer_reviewed_research,Student Level,Student: Attitudinal/Behavioral
10.1016/j.tsc.2026.102224,cooperation,Cooperation,student_behavior,peer_reviewed_research,Student Level,Student: Attitudinal/Behavioral
10.1016/j.tsc.2026.102224,digital_competencies_self_efficacy,Self-efficacy in digital competencies,student_attitude,peer_reviewed_research,Student Level,Student: Attitudinal/Behavioral
10.1016/j.tsc.2026.102224,student_absenteeism,absenteeism,student_behavior,peer_reviewed_research,Student Level,Student: Attitudinal/Behavioral
10.1016/j.tsc.2026.102224,ESCS,Index of ESCS,socioeconomic,peer_reviewed_research,Student Level,Student: SES
10.1016/j.tsc.2026.102224,family_support,Family support,parent_home,peer_reviewed_research,Student Level,Student: SES
10.1016/j.tsc.2026.102224,creative_home_environment,Creative home environment,parent_home,peer_reviewed_research,Student Level,Student: SES
10.1016/j.tsc.2026.102224,ict_resources,ICT resources,ict,peer_reviewed_research,Student Level,Student: Attitudinal/Behavioral
10.1016/j.tsc.2026.102224,creative_peer_environment,Creative peer environment,peer_effects,peer_reviewed_research,School/Teacher Level,School/Teacher: Context
10.1016/j.tsc.2026.102224,class_size,Class size,school,peer_reviewed_research,School/Teacher Level,School/Teacher: Context
10.1016/j.tsc.2026.102224,distance_learning_resources,Distance learning resources,ict,peer_reviewed_research,Student Level,Student: Attitudinal/Behavioral
10.1016/j.tsc.2026.102224,teachers_digital_pedagogical_skills,Teachers’ digital pedagogical skills,teacher,peer_reviewed_research,School/Teacher Level,School/Teacher: Practice
10.1016/j.tsc.2026.102224,school_size,School size,school,peer_reviewed_research,School/Teacher Level,School/Teacher: Context
10.1016/j.tsc.2026.102224,school_type,School type,school,peer_reviewed_research,School/Teacher Level,School/Teacher: Context
10.1016/j.tsc.2026.102224,participation_creative_outside,Creative activities outside school,curriculum,peer_reviewed_research,School/Teacher Level,School/Teacher: Context
10.1016/j.tsc.2026.102224,participation_creative_at_school,Creative activities at school,curriculum,peer_reviewed_research,School/Teacher Level,School/Teacher: Context
10.1016/j.tsc.2026.102224,creative_school_environment,Creative school environment,school,peer_reviewed_research,School/Teacher Level,School/Teacher: Context
10.1016/j.tsc.2026.102224,sense_of_belonging,Sense of belonging,student_attitude,peer_reviewed_research,Student Level,Student: Attitudinal/Behavioral
10.1016/j.tsc.2026.102224,school_safety_risks,School safety risks,school,peer_reviewed_research,School/Teacher Level,School/Teacher: Context
10.1016/j.tsc.2026.102224,being_bullied,Being bullied,peer_effects,peer_reviewed_research,School/Teacher Level,School/Teacher: Context
10.1016/j.psicod.2026.500187,STRATUM,School stratum type,school,peer_reviewed_research,School/Teacher Level,School/Teacher: Context
10.1016/j.psicod.2026.500187,STUBEHA,behavior hindering learning,school,peer_reviewed_research,School/Teacher Level,School/Teacher: Context
10.1016/j.psicod.2026.500187,REPEAT,Grade repetition,demographic,peer_reviewed_research,Student Level,Student: Demographic
10.1016/j.psicod.2026.500187,PISADIFF,Perceived test difficulty,student_attitude,peer_reviewed_research,Student Level,Student: Attitudinal/Behavioral
10.1016/j.psicod.2026.500187,ESCS,Socioeconomic status (ESCS),socioeconomic,peer_reviewed_research,Student Level,Student: SES
10.1016/j.psicod.2026.500187,AWACOM,Awareness of academic content,curriculum,peer_reviewed_research,School/Teacher Level,School/Teacher: Context
10.1016/j.psicod.2026.500187,BSMJ,Expected occupational status,student_attitude,peer_reviewed_research,Student Level,Student: Attitudinal/Behavioral
10.1016/j.psicod.2026.500187,SCHSIZE,School size,school,peer_reviewed_research,School/Teacher Level,School/Teacher: Context
10.1016/j.psicod.2026.500187,GCSELFEFF,General self-efficacy,student_attitude,peer_reviewed_research,Student Level,Student: Attitudinal/Behavioral
10.1016/j.psicod.2026.500187,STRATIO,Student-teacher ratio,school,peer_reviewed_research,School/Teacher Level,School/Teacher: Context
10.1016/j.psicod.2026.500187,ENTUSE,Enjoyment of using ICT,ict,peer_reviewed_research,Student Level,Student: Attitudinal/Behavioral
10.1016/j.psicod.2026.500187,ICTCLASS,ICT use in class,ict,peer_reviewed_research,Student Level,Student: Attitudinal/Behavioral
10.1016/j.psicod.2026.500187,ICTHOME,ICT access at home,ict,peer_reviewed_research,Student Level,Student: Attitudinal/Behavioral
10.1016/j.psicod.2026.500187,TMINS,Instructional time (minutes),curriculum,peer_reviewed_research,School/Teacher Level,School/Teacher: Context
10.1016/j.psicod.2026.500187,EDUSHORT,Short educational resources,curriculum,peer_reviewed_research,School/Teacher Level,School/Teacher: Context
10.1016/j.psicod.2026.500187,SCRADIFF,Perceived reading difficulty,student_attitude,peer_reviewed_research,Student Level,Student: Attitudinal/Behavioral
10.1016/j.psicod.2026.500187,SCHLOC,School location,school,peer_reviewed_research,School/Teacher Level,School/Teacher: Context
10.1016/j.psicod.2026.500187,TEACHBEHA,Teacher behavior hindering learning,school,peer_reviewed_research,School/Teacher Level,School/Teacher: Context
10.1016/j.psicod.2026.500187,SCMCEG,School multicultural egalitarian beliefs,school,peer_reviewed_research,School/Teacher Level,School/Teacher: Context
10.1016/j.tsc.2026.102205,student_gender,Gender,demographic,peer_reviewed_research,Student Level,Student: Demographic
10.1016/j.tsc.2026.102205,student_grade_level,Grade level,demographic,peer_reviewed_research,Student Level,Student: Demographic
10.1016/j.tsc.2026.102205,HOMEPOS,Home possessions (HOMEPOS),socioeconomic,peer_reviewed_research,Student Level,Student: SES
10.1016/j.tsc.2026.102205,ISCEDP,Parents’ education (ISCEDP),socioeconomic,peer_reviewed_research,Student Level,Student: SES
10.1016/j.tsc.2026.102205,reading_pv,Reading competence (PV),prior_achievement,peer_reviewed_research,Student Level,Student: Prior Achievement
10.1016/j.tsc.2026.102205,math_pv,Mathematics competence (PV),prior_achievement,peer_reviewed_research,Student Level,Student: Prior Achievement
10.1016/j.tsc.2026.102205,science_pv,Science competence (PV),prior_achievement,peer_reviewed_research,Student Level,Student: Prior Achievement
10.1016/j.tsc.2026.102205,numberofactions,Number of actions,process_data,peer_reviewed_research,Student Level,Student: Process Data
10.1016/j.tsc.2026.102205,timing,Total time on task,process_data,peer_reviewed_research,Student Level,Student: Process Data
10.1016/j.tsc.2026.102205,timetoaction,Latency to first action,process_data,peer_reviewed_research,Student Level,Student: Process Data
10.1016/j.tsc.2026.102205,student_id,identifier,demographic,peer_reviewed_research,Student Level,Student: Demographic
10.1016/j.tsc.2026.102205,item_domain,Item content domain,curriculum,peer_reviewed_research,School/Teacher Level,School/Teacher: Context
10.1016/j.tsc.2026.102205,item_identifier,Item identifier,curriculum,peer_reviewed_research,School/Teacher Level,School/Teacher: Context
10.1016/j.tsc.2026.102205,BOOKID,Booklet version (BOOKID),curriculum,peer_reviewed_research,School/Teacher Level,School/Teacher: Context
10.1016/j.tsc.2026.102205,OECD_membership,OECD membership,system_level,peer_reviewed_research,System/Country Level,System: Policy/Context
10.1016/j.tsc.2026.102205,country_identifier,Country/economy identifier,system_level,peer_reviewed_research,System/Country Level,System: Policy/Context
10.1016/j.tsc.2025.102069,GENDER,Gender,demographic,peer_reviewed_research,Student Level,Student: Demographic
10.1016/j.tsc.2025.102069,EXERPRAC,Extracurricular physical activity,student_behavior,peer_reviewed_research,Student Level,Student: Attitudinal/Behavioral
10.1016/j.tsc.2025.102069,EXPECEDU,Expected educational attainment,curriculum,peer_reviewed_research,School/Teacher Level,School/Teacher: Context
10.1016/j.tsc.2025.102069,MATH,Math performance,prior_achievement,peer_reviewed_research,Student Level,Student: Prior Achievement
10.1016/j.tsc.2025.102069,READING,Reading performance,prior_achievement,peer_reviewed_research,Student Level,Student: Prior Achievement
10.1016/j.tsc.2025.102069,SCIENCE,Science performance,prior_achievement,peer_reviewed_research,Student Level,Student: Prior Achievement
10.1016/j.tsc.2025.102069,CURIOAGR,Curiosity,student_attitude,peer_reviewed_research,Student Level,Student: Attitudinal/Behavioral
10.1016/j.tsc.2025.102069,PERSEVAGR,Perseverance,student_attitude,peer_reviewed_research,Student Level,Student: Attitudinal/Behavioral
10.1016/j.tsc.2025.102069,EMPATAGR,Empathy,student_attitude,peer_reviewed_research,Student Level,Student: Attitudinal/Behavioral
10.1016/j.tsc.2025.102069,ASSERAGR,Assertiveness,student_attitude,peer_reviewed_research,Student Level,Student: Attitudinal/Behavioral
10.1016/j.tsc.2025.102069,STRESAGR,Stress resistance,student_attitude,peer_reviewed_research,Student Level,Student: Attitudinal/Behavioral
10.1016/j.tsc.2025.102069,EMOCOAGR,Emotional control,student_attitude,peer_reviewed_research,Student Level,Student: Attitudinal/Behavioral
10.1016/j.tsc.2025.102069,CREATEFF,Creative self-efficacy,student_attitude,peer_reviewed_research,Student Level,Student: Attitudinal/Behavioral
10.1016/j.tsc.2025.102069,CREATOP,Openness to intellect,student_attitude,peer_reviewed_research,Student Level,Student: Attitudinal/Behavioral
10.1016/j.tsc.2025.102069,OPENART,Openness to art,student_attitude,peer_reviewed_research,Student Level,Student: Attitudinal/Behavioral
10.1016/j.tsc.2025.102069,ICTEFFIC,Digital self-efficacy,ict,peer_reviewed_research,Student Level,Student: Attitudinal/Behavioral
10.1016/j.tsc.2025.102069,ICTWKDY,ICT weekday frequency,ict,peer_reviewed_research,Student Level,Student: Attitudinal/Behavioral
10.1016/j.tsc.2025.102069,ICTWKEND,ICT weekend frequency,ict,peer_reviewed_research,Student Level,Student: Attitudinal/Behavioral
10.1016/j.tsc.2025.102069,ESCS,Socioeconomic status (ESCS),socioeconomic,peer_reviewed_research,Student Level,Student: SES
10.1016/j.tsc.2025.102069,PAREDINT,Highest parental education,socioeconomic,peer_reviewed_research,Student Level,Student: SES
10.1016/j.tsc.2025.102069,FAMSUP,Family support frequency,parent_home,peer_reviewed_research,Student Level,Student: SES
10.1016/j.tsc.2025.102069,CREATFAM,Family creative climate,parent_home,peer_reviewed_research,Student Level,Student: SES
10.1016/j.tsc.2025.102069,ICTHOME,ICT availability at home,ict,peer_reviewed_research,Student Level,Student: Attitudinal/Behavioral
10.1016/j.tsc.2025.102069,CREATSCH,School creative climate,school,peer_reviewed_research,School/Teacher Level,School/Teacher: Context
10.1016/j.tsc.2025.102069,CREATAS,Creative activities at school,school,peer_reviewed_research,School/Teacher Level,School/Teacher: Context
10.1016/j.tsc.2025.102069,ICTSCH,ICT availability at school,ict,peer_reviewed_research,Student Level,Student: Attitudinal/Behavioral
10.1016/j.tsc.2025.102069,ICTOUT,ICT use outside classroom,ict,peer_reviewed_research,Student Level,Student: Attitudinal/Behavioral
10.1016/j.tsc.2025.102069,ICTENQ,ICT use in inquiry learning,ict,peer_reviewed_research,Student Level,Student: Attitudinal/Behavioral
10.1016/j.tsc.2025.102069,ICTSUBJ,Subject-related ICT use,ict,peer_reviewed_research,Student Level,Student: Attitudinal/Behavioral
10.1016/j.stueduc.2020.100875,Gender,Gender,demographic,peer_reviewed_research,Student Level,Student: Demographic
10.1016/j.stueduc.2020.100875,birth_month,Birth month,demographic,peer_reviewed_research,Student Level,Student: Demographic
10.1016/j.stueduc.2020.100875,grade,Grade,demographic,peer_reviewed_research,Student Level,Student: Demographic
10.1016/j.stueduc.2020.100875,ESCS,Socioeconomic status (ESCS),socioeconomic,peer_reviewed_research,Student Level,Student: SES
10.1016/j.stueduc.2020.100875,immigrant_status,Immigrant status,demographic,peer_reviewed_research,Student Level,Student: Demographic
10.1016/j.stueduc.2020.100875,grade_repetition,Grade repetition,demographic,peer_reviewed_research,Student Level,Student: Demographic
10.1016/j.stueduc.2020.100875,number_of_school_changes,School changes count,demographic,peer_reviewed_research,Student Level,Student: Demographic
10.1016/j.stueduc.2020.100875,mother_tongue,Mother tongue,demographic,peer_reviewed_research,Student Level,Student: Demographic
10.1016/j.stueduc.2020.100875,school_size,School size,school,peer_reviewed_research,School/Teacher Level,School/Teacher: Context
10.1016/j.stueduc.2020.100875,classroom_size,Classroom size,school,peer_reviewed_research,School/Teacher Level,School/Teacher: Context
10.1016/j.stueduc.2020.100875,shortage_educational_resources,Shortage of educational resources,school,peer_reviewed_research,School/Teacher Level,School/Teacher: Context
10.1016/j.stueduc.2020.100875,shortage_educational_staff,Shortage of educational staff,school,peer_reviewed_research,School/Teacher Level,School/Teacher: Context
10.1016/j.stueduc.2020.100875,school_ownership,School ownership,school,peer_reviewed_research,School/Teacher Level,School/Teacher: Context
10.1016/j.stueduc.2020.100875,student_teacher_ratio,Student-teacher ratio,school,peer_reviewed_research,School/Teacher Level,School/Teacher: Context
10.1016/j.stueduc.2020.100875,average_ESCS,Average ESCS (school),socioeconomic,peer_reviewed_research,Student Level,Student: SES
10.1016/j.stueduc.2020.100875,repeater_rate,Repeater rate,demographic,peer_reviewed_research,Student Level,Student: Demographic
10.1016/j.stueduc.2020.100875,immigrant_student_rate,Immigrant student rate,demographic,peer_reviewed_research,Student Level,Student: Demographic
10.1016/j.stueduc.2020.100875,proportion_girls,Proportion of girls,demographic,peer_reviewed_research,Student Level,Student: Demographic
10.1016/j.stueduc.2020.100875,EXTR_CURR,Additional lessons (curriculum),curriculum,peer_reviewed_research,School/Teacher Level,School/Teacher: Context
10.1016/j.stueduc.2020.100875,COOPERATE,Cooperation enjoyment,student_attitude,peer_reviewed_research,Student Level,Student: Attitudinal/Behavioral
10.1016/j.stueduc.2020.100875,HOMESCH,ICT use outside school,ict,peer_reviewed_research,Student Level,Student: Attitudinal/Behavioral
10.1016/j.stueduc.2020.100875,ENTUSE,ICT use outside school leisure,ict,peer_reviewed_research,Student Level,Student: Attitudinal/Behavioral
10.1016/j.stueduc.2020.100875,LMINS,Reading lesson minutes,student_behavior,peer_reviewed_research,Student Level,Student: Attitudinal/Behavioral
10.1016/j.stueduc.2020.100875,CPSVALUE,Value of cooperation,student_attitude,peer_reviewed_research,Student Level,Student: Attitudinal/Behavioral
10.1016/j.stueduc.2020.100875,AUTICT,ICT autonomy (students),ict,peer_reviewed_research,Student Level,Student: Attitudinal/Behavioral
10.1016/j.stueduc.2020.100875,ENVOPT,Environmental optimism,student_attitude,peer_reviewed_research,Student Level,Student: Attitudinal/Behavioral
10.1016/j.stueduc.2020.100875,ICTSCH,ICT available at school,ict,peer_reviewed_research,Student Level,Student: Attitudinal/Behavioral
10.1016/j.stueduc.2020.100875,EXTR_CCSS,Additional lessons (social sciences),curriculum,peer_reviewed_research,School/Teacher Level,School/Teacher: Context
10.1016/j.stueduc.2020.100875,SMTAUT_TEACH,Teaching staff autonomy,school,peer_reviewed_research,School/Teacher Level,School/Teacher: Context
10.1016/j.ijer.2025.102537,MATHEFF,Mathematics self-efficacy,student_attitude,peer_reviewed_research,Student Level,Student: Attitudinal/Behavioral
10.1016/j.ijer.2025.102537,ESCS,Socioeconomic status (ESCS),socioeconomic,peer_reviewed_research,Student Level,Student: SES
10.1016/j.ijer.2025.102537,FAMCON,Familiarity with math concepts,student_behavior,peer_reviewed_research,Student Level,Student: Attitudinal/Behavioral
10.1016/j.ijer.2025.102537,BSMJ,Expected occupation status,student_attitude,peer_reviewed_research,Student Level,Student: Attitudinal/Behavioral
10.1016/j.ijer.2025.102537,FAMSUPSL,Family support for self-learning,parent_home,peer_reviewed_research,Student Level,Student: SES
10.1016/j.ijer.2025.102537,WORKPAY,Working for pay (days/week),student_behavior,peer_reviewed_research,Student Level,Student: Attitudinal/Behavioral
10.1016/j.ijer.2025.102537,FEELLAH,Feelings about learning at home,student_attitude,peer_reviewed_research,Student Level,Student: Attitudinal/Behavioral
10.1016/j.ijer.2025.102537,EXERPRAC,Exercising/practicing sport (days/week),student_behavior,peer_reviewed_research,Student Level,Student: Attitudinal/Behavioral
10.1016/j.ijer.2025.102537,ANXMAT,Mathematics anxiety,student_attitude,peer_reviewed_research,Student Level,Student: Attitudinal/Behavioral
10.1016/j.ijer.2025.102537,ICTRES,ICT resources at home,ict,peer_reviewed_research,Student Level,Student: Attitudinal/Behavioral
10.1016/j.chbr.2025.100896,S_HISCED,Parent highest education,socioeconomic,peer_reviewed_research,Student Level,Student: SES
10.1016/j.chbr.2025.100896,S_HOMLIT,Home literacy index,socioeconomic,peer_reviewed_research,Student Level,Student: SES
10.1016/j.chbr.2025.100896,S_EXCOMP,Computer experience years,socioeconomic,peer_reviewed_research,Student Level,Student: SES
10.1016/j.chbr.2025.100896,S_SEX,Sex of student,demographic,peer_reviewed_research,Student Level,Student: Demographic
10.1016/j.chbr.2025.100896,S_INTNET,Internet access at home,socioeconomic,peer_reviewed_research,Student Level,Student: SES
10.1016/j.chbr.2025.100896,S_ICTPOSS,ICT positive outcomes (general),student_attitude,peer_reviewed_research,Student Level,Student: Attitudinal/Behavioral
10.1016/j.chbr.2025.100896,S_ACMULT,Academic media multitasking,student_behavior,peer_reviewed_research,Student Level,Student: Attitudinal/Behavioral
10.1016/j.chbr.2025.100896,S_GENEFF,ICT self-efficacy (general),student_attitude,peer_reviewed_research,Student Level,Student: Attitudinal/Behavioral
10.1016/j.chbr.2025.100896,S_SPECEFF,ICT self-efficacy (specialist),student_attitude,peer_reviewed_research,Student Level,Student: Attitudinal/Behavioral
10.1016/j.chbr.2025.100896,S_ICTPOSG,ICT positive outcomes (specialist),student_attitude,peer_reviewed_research,Student Level,Student: Attitudinal/Behavioral
10.1016/j.chbr.2025.100896,S_ICTNEG,ICT negative outcomes (general),student_attitude,peer_reviewed_research,Student Level,Student: Attitudinal/Behavioral
10.1016/j.chbr.2025.100896,S_ICTFUT,ICT future use expectation,student_attitude,peer_reviewed_research,Student Level,Student: Attitudinal/Behavioral
10.1016/j.chbr.2025.100896,CTDS,CT disposition (CTDS),student_behavior,peer_reviewed_research,Student Level,Student: Attitudinal/Behavioral
10.1016/j.chbr.2025.100896,S_LRNINTS,Learning internet-related tasks,curriculum,peer_reviewed_research,School/Teacher Level,School/Teacher: Context
10.1016/j.chbr.2025.100896,S_CTCLS,Learning about CT in class,curriculum,peer_reviewed_research,School/Teacher Level,School/Teacher: Context
10.1016/j.chbr.2025.100896,S_LRNSAFE,Learning safe ICT use,curriculum,peer_reviewed_research,School/Teacher Level,School/Teacher: Context
10.1016/j.chbr.2025.100896,S_GENCLASS,Learning with general classroom apps,curriculum,peer_reviewed_research,School/Teacher Level,School/Teacher: Context
10.1016/j.chbr.2025.100896,S_SPECLASS,Learning with specialist classroom apps,curriculum,peer_reviewed_research,School/Teacher Level,School/Teacher: Context
10.26466/opusjsr.1730221,ESCS,Socioeconomic status (ESCS),socioeconomic,peer_reviewed_research,Student Level,Student: SES
10.26466/opusjsr.1730221,perceived_test_difficulty,Perceived test difficulty,student_attitude,peer_reviewed_research,Student Level,Student: Attitudinal/Behavioral
10.26466/opusjsr.1730221,highest_parental_occupational_status,Highest parental occupational status,socioeconomic,peer_reviewed_research,Student Level,Student: SES
10.26466/opusjsr.1730221,home_possessions,Home possessions,socioeconomic,peer_reviewed_research,Student Level,Student: SES
10.26466/opusjsr.1730221,father_education,Father education,socioeconomic,peer_reviewed_research,Student Level,Student: SES
10.26466/opusjsr.1730221,reading_enjoyment,Reading enjoyment,student_attitude,peer_reviewed_research,Student Level,Student: Attitudinal/Behavioral
10.26466/opusjsr.1730221,ICT_resources,ICT resources,ict,peer_reviewed_research,Student Level,Student: Attitudinal/Behavioral
10.26466/opusjsr.1730221,family_wealth,Family wealth,socioeconomic,peer_reviewed_research,Student Level,Student: SES
10.26466/opusjsr.1730221,mother_education,Mother education,socioeconomic,peer_reviewed_research,Student Level,Student: SES
10.26466/opusjsr.1730221,reading_self_concept,Self-concept of reading,student_attitude,peer_reviewed_research,Student Level,Student: Attitudinal/Behavioral
10.26466/opusjsr.1730221,home_educational_resources,Home educational resources,socioeconomic,peer_reviewed_research,Student Level,Student: SES
10.26466/opusjsr.1730221,reading_pleasure,Reading pleasure,student_attitude,peer_reviewed_research,Student Level,Student: Attitudinal/Behavioral
10.26466/opusjsr.1730221,self_reading_competence_perception,Self-reading competence perception,student_attitude,peer_reviewed_research,Student Level,Student: Attitudinal/Behavioral
10.26466/opusjsr.1730221,student_competition,competition,student_behavior,peer_reviewed_research,Student Level,Student: Attitudinal/Behavioral
10.26466/opusjsr.1730221,teaching_adaptation,Teaching adaptation,teacher,peer_reviewed_research,School/Teacher Level,School/Teacher: Practice
10.26466/opusjsr.1730221,emotional_support_of_parents,Emotional support of parents,parent_home,peer_reviewed_research,Student Level,Student: SES
10.26466/opusjsr.1730221,teacher_encouragement_to_read,Teacher encouragement to read,teacher,peer_reviewed_research,School/Teacher Level,School/Teacher: Practice
10.26466/opusjsr.1730221,teacher_instructional_orientation,Teacher instructional orientation,teacher,peer_reviewed_research,School/Teacher Level,School/Teacher: Practice
10.26466/opusjsr.1730221,teacher_instructional_guidance,Teacher instructional guidance,teacher,peer_reviewed_research,School/Teacher Level,School/Teacher: Practice
10.26466/opusjsr.1730221,teacher_feedback,Teacher feedback,teacher,peer_reviewed_research,School/Teacher Level,School/Teacher: Practice
10.26466/opusjsr.1730221,motivation_for_advanced_tasks,Motivation for advanced tasks,student_attitude,peer_reviewed_research,Student Level,Student: Attitudinal/Behavioral
10.26466/opusjsr.1730221,teacher_support,Teacher support,teacher,peer_reviewed_research,School/Teacher Level,School/Teacher: Practice
10.26466/opusjsr.1730221,fear_of_failure,Fear of failure,student_attitude,peer_reviewed_research,Student Level,Student: Attitudinal/Behavioral
10.26466/opusjsr.1730221,meaning_of_life,Meaning of life,student_attitude,peer_reviewed_research,Student Level,Student: Attitudinal/Behavioral
10.1016/j.ijer.2026.103088,T4TAGEGR,Age,demographic,peer_reviewed_research,Student Level,Student: Demographic
10.1016/j.ijer.2026.103088,T4TYEXPTT,Teaching experience,demographic,peer_reviewed_research,Student Level,Student: Demographic
10.1016/j.ijer.2026.103088,TT4G09,Employment status,demographic,peer_reviewed_research,Student Level,Student: Demographic
10.1016/j.ijer.2026.103088,TT4G14,Work hours,student_behavior,peer_reviewed_research,Student Level,Student: Attitudinal/Behavioral
10.1016/j.ijer.2026.103088,TT4G15,Teaching hours,student_behavior,peer_reviewed_research,Student Level,Student: Attitudinal/Behavioral
10.1016/j.ijer.2026.103088,T4WLOADT,Workload stress,student_behavior,peer_reviewed_research,Student Level,Student: Attitudinal/Behavioral
10.1016/j.ijer.2026.103088,T4JOYTCH,Joy of teaching,student_attitude,peer_reviewed_research,Student Level,Student: Attitudinal/Behavioral
10.1016/j.ijer.2026.103088,T4MOPU,Personal utility motivations,student_attitude,peer_reviewed_research,Student Level,Student: Attitudinal/Behavioral
10.1016/j.ijer.2026.103088,T4MOSU,Social utility motivations,student_attitude,peer_reviewed_research,Student Level,Student: Attitudinal/Behavioral
10.1016/j.ijer.2026.103088,T4SEINS,Teaching self-efficacy,student_attitude,peer_reviewed_research,Student Level,Student: Attitudinal/Behavioral
10.1016/j.ijer.2026.103088,T4SECLS,Classroom management self-efficacy,student_attitude,peer_reviewed_research,Student Level,Student: Attitudinal/Behavioral
10.1016/j.ijer.2026.103088,PU,Perceived usefulness,student_attitude,peer_reviewed_research,Student Level,Student: Attitudinal/Behavioral
10.1016/j.ijer.2026.103088,PR,Perceived risk,student_attitude,peer_reviewed_research,Student Level,Student: Attitudinal/Behavioral
10.1016/j.ijer.2026.103088,T4COLES,Teacher professional collaboration,teacher,peer_reviewed_research,School/Teacher Level,School/Teacher: Practice
10.1016/j.ijer.2026.103088,T4INSTLE,Instructional leadership,teacher,peer_reviewed_research,School/Teacher Level,School/Teacher: Practice
10.1016/j.ijer.2026.103088,T4TPRATIO,Pedagogical support personnel ratio,teacher,peer_reviewed_research,School/Teacher Level,School/Teacher: Practice
10.1016/j.ijer.2026.103088,T4SCHLOC,School location,school,peer_reviewed_research,School/Teacher Level,School/Teacher: Context
10.1016/j.ijer.2026.103088,TC4G21D,School socioeconomic status,school,peer_reviewed_research,School/Teacher Level,School/Teacher: Context
10.1016/j.ijer.2026.103088,T4NUMSTUD,School size,school,peer_reviewed_research,School/Teacher Level,School/Teacher: Context
10.1016/j.ijer.2026.103088,TC4G13,School type (public/private),school,peer_reviewed_research,School/Teacher Level,School/Teacher: Context
10.1016/j.ijer.2026.103088,T4PAUTB,School autonomy for budgeting,school,peer_reviewed_research,School/Teacher Level,School/Teacher: Context
10.1016/j.ijer.2026.103088,T4PAUTP,School autonomy for educational policies,school,peer_reviewed_research,School/Teacher Level,School/Teacher: Context
10.1016/j.ijer.2026.103088,T4PAUTI,School autonomy for instructional policies,school,peer_reviewed_research,School/Teacher Level,School/Teacher: Context
10.1016/j.ijer.2026.103088,T4PAUTC,School autonomy for curriculum,school,peer_reviewed_research,School/Teacher Level,School/Teacher: Context
10.1016/j.ijer.2026.103088,TC4G40E,School digital equipment,ict,peer_reviewed_research,Student Level,Student: Attitudinal/Behavioral
10.1177/0044118X241227563,EUDMO,Meaning in life (eudaemonia),student_attitude,peer_reviewed_research,Student Level,Student: Attitudinal/Behavioral
10.1177/0044118X241227563,GFOFAIL,General fear of failure,student_attitude,peer_reviewed_research,Student Level,Student: Attitudinal/Behavioral
10.1177/0044118X241227563,JOYREAD,Joy/like reading,student_attitude,peer_reviewed_research,Student Level,Student: Attitudinal/Behavioral
10.1177/0044118X241227563,MASTGOAL,Mastery goal orientation,student_attitude,peer_reviewed_research,Student Level,Student: Attitudinal/Behavioral
10.1177/0044118X241227563,METASPAM,Meta-cognition: assess credibility,student_behavior,peer_reviewed_research,Student Level,Student: Attitudinal/Behavioral
10.1177/0044118X241227563,METASUM,Meta-cognition: summarizing,student_behavior,peer_reviewed_research,Student Level,Student: Attitudinal/Behavioral
10.1177/0044118X241227563,RESILIENCE,Self-efficacy,student_attitude,peer_reviewed_research,Student Level,Student: Attitudinal/Behavioral
10.1177/0044118X241227563,SCREADCOMP,Self-concept of reading competence,student_attitude,peer_reviewed_research,Student Level,Student: Attitudinal/Behavioral
10.1177/0044118X241227563,SCREADDIFF,Self-concept of reading difficulty,student_attitude,peer_reviewed_research,Student Level,Student: Attitudinal/Behavioral
10.1177/0044118X241227563,ST184Q01HA,Fixed mindset about intelligence,student_attitude,peer_reviewed_research,Student Level,Student: Attitudinal/Behavioral
10.1177/0044118X241227563,ST225Q06HA,Educational expectation for university,student_attitude,peer_reviewed_research,Student Level,Student: Attitudinal/Behavioral
10.1177/0044118X241227563,SWBP,Subjective well-being: positive affect,student_attitude,peer_reviewed_research,Student Level,Student: Attitudinal/Behavioral
10.1177/0044118X241227563,UNDREM,"Metacognition (understanding, remembering)",student_behavior,peer_reviewed_research,Student Level,Student: Attitudinal/Behavioral
10.1177/0044118X241227563,WORKMAST,Work mastery,student_behavior,peer_reviewed_research,Student Level,Student: Attitudinal/Behavioral
10.1177/0044118X241227563,ATTLNACT,Attitude toward school learning activities,student_attitude,peer_reviewed_research,Student Level,Student: Attitudinal/Behavioral
10.1177/0044118X241227563,ADAPTIVITY,Adaptation of instruction,teacher,peer_reviewed_research,School/Teacher Level,School/Teacher: Practice
10.1177/0044118X241227563,BELONG,Sense of belonging to school,student_attitude,peer_reviewed_research,Student Level,Student: Attitudinal/Behavioral
10.1177/0044118X241227563,COMPETE,Competitiveness,student_attitude,peer_reviewed_research,Student Level,Student: Attitudinal/Behavioral
10.1177/0044118X241227563,DIRINS,Teacher-directed instruction,teacher,peer_reviewed_research,School/Teacher Level,School/Teacher: Practice
10.1177/0044118X241227563,DISCLIMA,Disciplinary climate in test language lessons,peer_effects,peer_reviewed_research,School/Teacher Level,School/Teacher: Context
10.1177/0044118X241227563,EMOSUPS,Parents’ emotional support,parent_home,peer_reviewed_research,Student Level,Student: SES
10.1177/0044118X241227563,PERCOMP,Perceived competitiveness at school,peer_effects,peer_reviewed_research,School/Teacher Level,School/Teacher: Context
10.1177/0044118X241227563,PERCOOP,Perception of cooperation at school,student_attitude,peer_reviewed_research,Student Level,Student: Attitudinal/Behavioral
10.1177/0044118X241227563,PERFEED,Perceived feedback,teacher,peer_reviewed_research,School/Teacher Level,School/Teacher: Practice
10.1177/0044118X241227563,ST022Q01TA,Other language at home,demographic,peer_reviewed_research,Student Level,Student: Demographic
10.1177/0044118X241227563,STIMREAD,Teacher stimulation of reading engagement,teacher,peer_reviewed_research,School/Teacher Level,School/Teacher: Practice
10.1177/0044118X241227563,TEACHINT,Perceived teacher’s interest,teacher,peer_reviewed_research,School/Teacher Level,School/Teacher: Practice
10.1177/0044118X241227563,TEACHSUP,Teacher support in test language lessons,teacher,peer_reviewed_research,School/Teacher Level,School/Teacher: Practice
10.1016/j.tate.2026.105735,gender,Gender,demographic,peer_reviewed_research,Student Level,Student: Demographic
10.1016/j.tate.2026.105735,age_group,Age group,demographic,peer_reviewed_research,Student Level,Student: Demographic
10.1016/j.tate.2026.105735,teaching_experience_years,Teaching experience (years),demographic,peer_reviewed_research,Student Level,Student: Demographic
10.1016/j.tate.2026.105735,educational_attainment,Educational attainment,demographic,peer_reviewed_research,Student Level,Student: Demographic
10.1016/j.tate.2026.105735,employment_type,Employment type,demographic,peer_reviewed_research,Student Level,Student: Demographic
10.1016/j.tate.2026.105735,part_time_other_institutions,Part-time at other institutions,demographic,peer_reviewed_research,Student Level,Student: Demographic
10.1016/j.tate.2026.105735,school_fixed_effects,School fixed effects,school,peer_reviewed_research,School/Teacher Level,School/Teacher: Context
10.1016/j.tate.2026.105735,national_development_context,National development context,system_level,peer_reviewed_research,System/Country Level,System: Policy/Context
10.21031/epod.1782727,ESCS,Socioeconomic status (ESCS),socioeconomic,peer_reviewed_research,Student Level,Student: SES
10.21031/epod.1782727,MATHEF21,Mathematics self-efficacy,student_attitude,peer_reviewed_research,Student Level,Student: Attitudinal/Behavioral
10.21031/epod.1782727,DISCLIM,Disciplinary climate,school,peer_reviewed_research,School/Teacher Level,School/Teacher: Context
10.21031/epod.1782727,ANXMAT,Mathematics anxiety,student_attitude,peer_reviewed_research,Student Level,Student: Attitudinal/Behavioral
10.21031/epod.1782727,TEACHSUP,Teacher support,teacher,peer_reviewed_research,School/Teacher Level,School/Teacher: Practice
10.21031/epod.1782727,FAMSUP,Family support,parent_home,peer_reviewed_research,Student Level,Student: SES
10.21031/epod.1782727,COGACRCO,Cognitive activation in math,curriculum,peer_reviewed_research,School/Teacher Level,School/Teacher: Context
10.21031/epod.1782727,BELONG,Sense of belonging,student_attitude,peer_reviewed_research,Student Level,Student: Attitudinal/Behavioral
10.21031/epod.1782727,COOPAGR,Cooperation with peers,peer_effects,peer_reviewed_research,School/Teacher Level,School/Teacher: Context
10.21031/epod.1782727,BULLIED,Exposure to bullying,peer_effects,peer_reviewed_research,School/Teacher Level,School/Teacher: Context
10.21031/epod.1782727,RELATST,Sense of belonging at school,student_attitude,peer_reviewed_research,Student Level,Student: Attitudinal/Behavioral
10.21031/epod.1782727,EMOCOAGR,Emotional support from peers,peer_effects,peer_reviewed_research,School/Teacher Level,School/Teacher: Context
10.21031/epod.1782727,FEELSAFE,Sense of safety at school,school,peer_reviewed_research,School/Teacher Level,School/Teacher: Context
10.33200/ijcer.1192590,gender,Gender,demographic,peer_reviewed_research,Student Level,Student: Demographic
10.33200/ijcer.1192590,mother_education_level,Mother’s educational level,socioeconomic,peer_reviewed_research,Student Level,Student: SES
10.33200/ijcer.1192590,father_education_level,Father’s educational level,socioeconomic,peer_reviewed_research,Student Level,Student: SES
10.33200/ijcer.1192590,own_room_home,Own room at home,socioeconomic,peer_reviewed_research,Student Level,Student: SES
10.33200/ijcer.1192590,classic_artefacts_home,Classic artefacts at home,socioeconomic,peer_reviewed_research,Student Level,Student: SES
10.33200/ijcer.1192590,poetry_books_home,Poetry books at home,socioeconomic,peer_reviewed_research,Student Level,Student: SES
10.33200/ijcer.1192590,supplementary_books_home,Supplementary books at home,socioeconomic,peer_reviewed_research,Student Level,Student: SES
10.33200/ijcer.1192590,dictionary_home,Dictionary at home,socioeconomic,peer_reviewed_research,Student Level,Student: SES
10.33200/ijcer.1192590,art_music_design_books_home,Art/music/design books at home,socioeconomic,peer_reviewed_research,Student Level,Student: SES
10.33200/ijcer.1192590,books_at_home_count,Number of books at home,socioeconomic,peer_reviewed_research,Student Level,Student: SES
10.33200/ijcer.1192590,difficulty_perception,Perception of difficulty,student_attitude,peer_reviewed_research,Student Level,Student: Attitudinal/Behavioral
10.33200/ijcer.1192590,motivation_reading,Motivation for reading,student_attitude,peer_reviewed_research,Student Level,Student: Attitudinal/Behavioral
10.33200/ijcer.1192590,reading_pleasure,Reading pleasure,student_attitude,peer_reviewed_research,Student Level,Student: Attitudinal/Behavioral
10.33200/ijcer.1192590,bullying_experience,Bullying experience,student_behavior,peer_reviewed_research,Student Level,Student: Attitudinal/Behavioral
10.33200/ijcer.1192590,attitude_towards_school,Attitude towards school,student_attitude,peer_reviewed_research,Student Level,Student: Attitudinal/Behavioral
10.33200/ijcer.1192590,competition_environment_school,Competition environment at school,school,peer_reviewed_research,School/Teacher Level,School/Teacher: Context
10.33200/ijcer.1192590,competition_power,Competition power,school,peer_reviewed_research,School/Teacher Level,School/Teacher: Context
10.33200/ijcer.1192590,cooperation_perception_school,Cooperation perception at school,school,peer_reviewed_research,School/Teacher Level,School/Teacher: Context
10.33200/ijcer.1192590,reading_frequency,Reading frequency,student_behavior,peer_reviewed_research,Student Level,Student: Attitudinal/Behavioral
10.33200/ijcer.1192590,self_efficacy,Self-efficacy,student_attitude,peer_reviewed_research,Student Level,Student: Attitudinal/Behavioral
10.33200/ijcer.1192590,anxiety_reading,Anxiety about reading,student_attitude,peer_reviewed_research,Student Level,Student: Attitudinal/Behavioral
10.33200/ijcer.1192590,teacher_support,Teacher support,teacher,peer_reviewed_research,School/Teacher Level,School/Teacher: Practice
10.33200/ijcer.1192590,reading_fluency,Reading fluency,student_behavior,peer_reviewed_research,Student Level,Student: Attitudinal/Behavioral
10.33200/ijcer.1192590,sense_belonging_school,Sense of belonging to school,student_attitude,peer_reviewed_research,Student Level,Student: Attitudinal/Behavioral
10.21449/ijate.1208809,ESCS,Socioeconomic status (ESCS),socioeconomic,peer_reviewed_research,Student Level,Student: SES
10.21449/ijate.1208809,WEALTH,Family wealth (WEALTH),socioeconomic,peer_reviewed_research,Student Level,Student: SES
10.21449/ijate.1208809,UNDREM,"Metacognition (understanding, remembering)",student_behavior,peer_reviewed_research,Student Level,Student: Attitudinal/Behavioral
10.21449/ijate.1208809,METASUM,Summarizing strategy,student_behavior,peer_reviewed_research,Student Level,Student: Attitudinal/Behavioral
10.21449/ijate.1208809,reading,Reading,student_behavior,peer_reviewed_research,Student Level,Student: Attitudinal/Behavioral
10.21449/ijate.1208809,using_strategies,using strategies,student_behavior,peer_reviewed_research,Student Level,Student: Attitudinal/Behavioral
10.21449/ijate.1208809,JOYREAD,Joy/like reading,student_attitude,peer_reviewed_research,Student Level,Student: Attitudinal/Behavioral
10.21449/ijate.1208809,DISCLIMA,Disciplinary climate,peer_effects,peer_reviewed_research,School/Teacher Level,School/Teacher: Context
10.21449/ijate.1208809,HEDRES,Home educational resources,socioeconomic,peer_reviewed_research,Student Level,Student: SES
10.21449/ijate.1208809,HOMEPOS,Home possessions,socioeconomic,peer_reviewed_research,Student Level,Student: SES
10.21449/ijate.1208809,ICTRES,ICT resources at home,ict,peer_reviewed_research,Student Level,Student: Attitudinal/Behavioral
10.21449/ijate.1208809,CULTPOSS,Cultural possessions at home,socioeconomic,peer_reviewed_research,Student Level,Student: SES
10.21449/ijate.1208809,TEACHSUP,Teacher support,teacher,peer_reviewed_research,School/Teacher Level,School/Teacher: Practice
10.21449/ijate.1208809,STIMREAD,Teacher reading engagement,teacher,peer_reviewed_research,School/Teacher Level,School/Teacher: Practice
10.21449/ijate.1208809,SCREADCOMP,Reading self-concept competence,student_attitude,peer_reviewed_research,Student Level,Student: Attitudinal/Behavioral
10.21449/ijate.1208809,SCREADDIFF,Reading self-concept difficulty,student_attitude,peer_reviewed_research,Student Level,Student: Attitudinal/Behavioral
10.21449/ijate.1208809,PISADIFF,Perceived PISA test difficulty,student_attitude,peer_reviewed_research,Student Level,Student: Attitudinal/Behavioral
10.21449/ijate.1208809,EMOSUPS,Emotional support from parents,parent_home,peer_reviewed_research,Student Level,Student: SES
10.21449/ijate.1208809,PERFEED,Perceived feedback,teacher,peer_reviewed_research,School/Teacher Level,School/Teacher: Practice
10.21449/ijate.1208809,SWBP,Positive affect (SWBP),student_attitude,peer_reviewed_research,Student Level,Student: Attitudinal/Behavioral
10.21449/ijate.1208809,PERCOOP,Cooperation at school,peer_effects,peer_reviewed_research,School/Teacher Level,School/Teacher: Context
10.21449/ijate.1208809,BELONG,Sense of belonging to school,student_attitude,peer_reviewed_research,Student Level,Student: Attitudinal/Behavioral
10.21449/ijate.1208809,ENTUSE,ICT use in leisure,ict,peer_reviewed_research,Student Level,Student: Attitudinal/Behavioral
10.21449/ijate.1208809,HOMESCH,ICT use for school work,ict,peer_reviewed_research,Student Level,Student: Attitudinal/Behavioral
10.21449/ijate.1208809,USESCH,ICT use at school,ict,peer_reviewed_research,Student Level,Student: Attitudinal/Behavioral
10.1016/j.tate.2026.105595,SE,Self-efficacy (SE),student_attitude,peer_reviewed_research,Student Level,Student: Attitudinal/Behavioral
10.1016/j.tate.2026.105595,PU,Perceived usefulness (PU),student_attitude,peer_reviewed_research,Student Level,Student: Attitudinal/Behavioral
10.1016/j.tate.2026.105595,PR,Perceived risks (PR),student_attitude,peer_reviewed_research,Student Level,Student: Attitudinal/Behavioral
10.1016/j.tate.2026.105595,country_group,Country group (high vs low),system_level,peer_reviewed_research,System/Country Level,System: Policy/Context
10.1007/s10758-021-09572-9,ST111Q01TA,Educational aspiration level,student_attitude,peer_reviewed_research,Student Level,Student: Attitudinal/Behavioral
10.1007/s10758-021-09572-9,ANXTEST,Anxiety index,student_attitude,peer_reviewed_research,Student Level,Student: Attitudinal/Behavioral
10.1007/s10758-021-09572-9,MOTIVAT,motivation index,student_attitude,peer_reviewed_research,Student Level,Student: Attitudinal/Behavioral
10.1007/s10758-021-09572-9,ESCS,Socioeconomic status (ESCS),socioeconomic,peer_reviewed_research,Student Level,Student: SES
10.1007/s10758-021-09572-9,HOMEPOS,Household goods index,socioeconomic,peer_reviewed_research,Student Level,Student: SES
10.1007/s10758-021-09572-9,HISCED,Parents’ highest education,socioeconomic,peer_reviewed_research,Student Level,Student: SES
10.1007/s10758-021-09572-9,BSMJ,Expected occupational position,student_attitude,peer_reviewed_research,Student Level,Student: Attitudinal/Behavioral
10.1007/s10758-021-09572-9,ST013Q01TA,Books at home,socioeconomic,peer_reviewed_research,Student Level,Student: SES
10.1007/s10758-021-09572-9,ST012Q09NA,Musical instruments at home,socioeconomic,peer_reviewed_research,Student Level,Student: SES
10.1007/s10758-021-09572-9,REPEAT,School year repetition,demographic,peer_reviewed_research,Student Level,Student: Demographic
10.1007/s10758-021-09572-9,ST076Q10NA,Paid work before school,student_behavior,peer_reviewed_research,Student Level,Student: Attitudinal/Behavioral
10.1007/s10758-021-09572-9,ST078Q10NA,Paid work after school,student_behavior,peer_reviewed_research,Student Level,Student: Attitudinal/Behavioral
10.1007/s10758-021-09572-9,ST078Q02NA,Homework after leaving school,student_behavior,peer_reviewed_research,Student Level,Student: Attitudinal/Behavioral
10.1007/s10758-021-09572-9,ST076Q11NA,Physical activity before school,student_behavior,peer_reviewed_research,Student Level,Student: Attitudinal/Behavioral
10.1007/s10758-021-09572-9,ST078Q11NA,Physical activity after school,student_behavior,peer_reviewed_research,Student Level,Student: Attitudinal/Behavioral
10.1007/s10758-021-09572-9,ST032Q01NA,Moderate physical activity days,student_behavior,peer_reviewed_research,Student Level,Student: Attitudinal/Behavioral
10.1007/s10758-021-09572-9,MMINS,Math learning time (minutes/week),curriculum,peer_reviewed_research,School/Teacher Level,School/Teacher: Context
10.1007/s10758-021-09572-9,LMINS,Reading learning time (minutes/week),student_behavior,peer_reviewed_research,Student Level,Student: Attitudinal/Behavioral
10.1007/s10758-021-09572-9,SMINS,Science learning time (minutes/week),curriculum,peer_reviewed_research,School/Teacher Level,School/Teacher: Context
10.1007/s10758-021-09572-9,ST059Q02TA,Math classes per week,curriculum,peer_reviewed_research,School/Teacher Level,School/Teacher: Context
10.1007/s10758-021-09572-9,ST063Q02NA,Chemistry class attendance,curriculum,peer_reviewed_research,School/Teacher Level,School/Teacher: Context
10.1007/s10758-021-09572-9,HADDINST,Additional study hours index,curriculum,peer_reviewed_research,School/Teacher Level,School/Teacher: Context
10.1007/s10758-021-09572-9,collaboration,Collaboration,student_behavior,peer_reviewed_research,Student Level,Student: Attitudinal/Behavioral
10.1007/s10758-021-09572-9,teamwork,teamwork,student_behavior,peer_reviewed_research,Student Level,Student: Attitudinal/Behavioral
10.1007/s10758-021-09572-9,ST082Q13NA,Belief teamwork improves efficiency,student_attitude,peer_reviewed_research,Student Level,Student: Attitudinal/Behavioral
10.1007/s10758-021-09572-9,ST076Q07NA,Talk with friends before school,student_behavior,peer_reviewed_research,Student Level,Student: Attitudinal/Behavioral
10.1007/s10758-021-09572-9,ST076Q09NA,House chores before school,student_behavior,peer_reviewed_research,Student Level,Student: Attitudinal/Behavioral
10.1007/s10758-021-09572-9,ISCEDD,Special study program flow,curriculum,peer_reviewed_research,School/Teacher Level,School/Teacher: Context
10.1007/s10758-021-09572-9,PA006Q02TA,School reputation as reason,school,peer_reviewed_research,School/Teacher Level,School/Teacher: Context
10.1007/s10758-021-09572-9,ST039Q01NA,Teacher calls fewer times,teacher,peer_reviewed_research,School/Teacher Level,School/Teacher: Practice
10.1007/s10758-021-09572-9,UNFAIRTEACHER,Teacher impartiality index,teacher,peer_reviewed_research,School/Teacher Level,School/Teacher: Practice
10.1007/s10758-021-09572-9,ST001D01T,School year enrolled,demographic,peer_reviewed_research,Student Level,Student: Demographic
10.1007/s10758-021-09572-9,IC002Q01NA,Age first used digital device,ict,peer_reviewed_research,Student Level,Student: Attitudinal/Behavioral
10.1007/s10758-021-09572-9,IC007Q01TA,Internet-using time outside school,ict,peer_reviewed_research,Student Level,Student: Attitudinal/Behavioral
10.1007/s10758-021-09572-9,IC008Q02TA,Collaborative games online frequency,ict,peer_reviewed_research,Student Level,Student: Attitudinal/Behavioral
10.1007/s10758-021-09572-9,IC008Q03TA,Email access outside school,ict,peer_reviewed_research,Student Level,Student: Attitudinal/Behavioral
10.1007/s10758-021-09572-9,IC008Q12TA,Sharing student-produced content,ict,peer_reviewed_research,Student Level,Student: Attitudinal/Behavioral
10.1007/s10758-021-09572-9,IC009Q08TA,School provides pen drive,ict,peer_reviewed_research,Student Level,Student: Attitudinal/Behavioral
10.1007/s10758-021-09572-9,IC011Q01TA,Chat online at school frequency,ict,peer_reviewed_research,Student Level,Student: Attitudinal/Behavioral
10.1007/s10758-021-09572-9,IC013Q04NA,Internet is excellent information source,ict,peer_reviewed_research,Student Level,Student: Attitudinal/Behavioral
10.1007/s10758-021-09572-9,SOIAICT,ICT in everyday social life index,ict,peer_reviewed_research,Student Level,Student: Attitudinal/Behavioral
10.1007/s10758-021-09572-9,USESCH,ICT use at school index,ict,peer_reviewed_research,Student Level,Student: Attitudinal/Behavioral
10.1007/s10758-021-09572-9,ST092Q01TA,Ozone layer environmental knowledge,curriculum,peer_reviewed_research,School/Teacher Level,School/Teacher: Context
10.1007/s10758-021-09572-9,ST092Q05TA,Deforestation environmental knowledge,curriculum,peer_reviewed_research,School/Teacher Level,School/Teacher: Context
10.1007/s10758-021-09572-9,ST093Q01TA,Belief pollution will worsen,curriculum,peer_reviewed_research,School/Teacher Level,School/Teacher: Context
10.1007/s10758-021-09572-9,JOYSCIE,Science appreciation index,student_attitude,peer_reviewed_research,Student Level,Student: Attitudinal/Behavioral
10.1007/s10758-021-09572-9,EPIST,Opinions on scientific approaches,curriculum,peer_reviewed_research,School/Teacher Level,School/Teacher: Context
10.1007/s10758-021-09572-9,APIST,Scientific approach trust index,curriculum,peer_reviewed_research,School/Teacher Level,School/Teacher: Context
10.1007/s10758-021-09572-9,ST129Q02TA,Explain why earthquakes happen,curriculum,peer_reviewed_research,School/Teacher Level,School/Teacher: Context
10.1007/s10758-021-09572-9,ST131Q04NA,Good answers based on experiments,curriculum,peer_reviewed_research,School/Teacher Level,School/Teacher: Context
10.1007/s10758-021-09572-9,ST131Q06NA,Do experiments more than once,curriculum,peer_reviewed_research,School/Teacher Level,School/Teacher: Context
10.1007/s10758-021-09572-9,IC001Q08TA,Portable music player at home,ict,peer_reviewed_research,Student Level,Student: Attitudinal/Behavioral
10.1007/s10758-021-09572-9,IC008Q11TA,Download songs/movies frequency,ict,peer_reviewed_research,Student Level,Student: Attitudinal/Behavioral
10.1007/s10758-021-09572-9,IC010Q01TA,Navigate internet for homework,ict,peer_reviewed_research,Student Level,Student: Attitudinal/Behavioral
10.1007/s10758-021-09572-9,HOMESCH,ICT use for homework index,ict,peer_reviewed_research,Student Level,Student: Attitudinal/Behavioral
10.1163/23641177-bja10091,ST004D01T,Gender,demographic,peer_reviewed_research,Student Level,Student: Demographic
10.1163/23641177-bja10091,economic,Economic,student_behavior,peer_reviewed_research,Student Level,Student: Attitudinal/Behavioral
10.1163/23641177-bja10091,social,Social,student_behavior,peer_reviewed_research,Student Level,Student: Attitudinal/Behavioral
10.1163/23641177-bja10091,cultural_status,Cultural Status,student_behavior,peer_reviewed_research,Student Level,Student: Attitudinal/Behavioral
10.1163/23641177-bja10091,ST034,Sense of belonging (BELONG),student_attitude,peer_reviewed_research,Student Level,Student: Attitudinal/Behavioral
10.1163/23641177-bja10091,ST267,Student-teacher relationships,school,peer_reviewed_research,School/Teacher Level,School/Teacher: Context
10.1163/23641177-bja10091,ST343,Cooperation (COOPAGR),student_behavior,peer_reviewed_research,Student Level,Student: Attitudinal/Behavioral
10.1163/23641177-bja10091,ST301,Curiosity (CURIOAGR),student_behavior,peer_reviewed_research,Student Level,Student: Attitudinal/Behavioral
10.1163/23641177-bja10091,ST313,Emotional control (EMOCOAGR),student_behavior,peer_reviewed_research,Student Level,Student: Attitudinal/Behavioral
10.1163/23641177-bja10091,ST307,Perseverance (PERSEVAGR),student_behavior,peer_reviewed_research,Student Level,Student: Attitudinal/Behavioral
10.1163/23641177-bja10091,ST345,Stress resistance (STRESAGR),student_behavior,peer_reviewed_research,Student Level,Student: Attitudinal/Behavioral
10.1163/23641177-bja10091,ST263,Growth mindset (GROSAGR),student_attitude,peer_reviewed_research,Student Level,Student: Attitudinal/Behavioral
10.1163/23641177-bja10091,SC014,School location (urban/rural),school,peer_reviewed_research,School/Teacher Level,School/Teacher: Context
10.1163/23641177-bja10091,SC013,School type (public/private),school,peer_reviewed_research,School/Teacher Level,School/Teacher: Context
10.1163/23641177-bja10091,SC016,School funding (proportions),school,peer_reviewed_research,School/Teacher Level,School/Teacher: Context
10.1163/23641177-bja10091,SC018Q02TA01-02,Certified teachers proportion,teacher,peer_reviewed_research,School/Teacher Level,School/Teacher: Practice
10.1163/23641177-bja10091,SC018Q08JA01-02,Bachelor’s degree teachers proportion,teacher,peer_reviewed_research,School/Teacher Level,School/Teacher: Practice
10.1163/23641177-bja10091,SC018Q08JA01-02,Master’s degree teachers proportion,teacher,peer_reviewed_research,School/Teacher Level,School/Teacher: Practice
10.1163/23641177-bja10091,SC018Q08JA01-02,Doctoral degree teachers proportion,teacher,peer_reviewed_research,School/Teacher Level,School/Teacher: Practice
10.1163/23641177-bja10091,SC002_SC018,Student-teacher ratio (STRATIO),school,peer_reviewed_research,School/Teacher Level,School/Teacher: Context
10.1163/23641177-bja10091,SC017,Educational materials shortage,school,peer_reviewed_research,School/Teacher Level,School/Teacher: Context
10.1163/23641177-bja10091,SC172,Negative school climate (NEGSCLIM),school,peer_reviewed_research,School/Teacher Level,School/Teacher: Context
10.1163/23641177-bja10091,SC061,Student-related learning hindrance,school,peer_reviewed_research,School/Teacher Level,School/Teacher: Context
10.1163/23641177-bja10091,SC061,Teacher-related learning hindrance,teacher,peer_reviewed_research,School/Teacher Level,School/Teacher: Practice
10.1163/23641177-bja10091,SC015,Schooling competition (options),school,peer_reviewed_research,School/Teacher Level,School/Teacher: Context
10.1163/23641177-bja10091,SC205,Creative school environment,curriculum,peer_reviewed_research,School/Teacher Level,School/Teacher: Context
10.1163/23641177-bja10091,SC207,Creative activities availability,curriculum,peer_reviewed_research,School/Teacher Level,School/Teacher: Context
10.1163/23641177-bja10091,SC204,Beliefs about creativity (BCREATSC),curriculum,peer_reviewed_research,School/Teacher Level,School/Teacher: Context
10.1163/23641177-bja10091,CREACTIV,Extracurricular activities (CREACTIV),curriculum,peer_reviewed_research,School/Teacher Level,School/Teacher: Context
10.1163/23641177-bja10091,SC208,Openness culture/climate (OPENCUL),curriculum,peer_reviewed_research,School/Teacher Level,School/Teacher: Context
10.1186/s40536-024-00229-4,CITEFF,Citizenship self-efficacy,student_attitude,peer_reviewed_research,Student Level,Student: Attitudinal/Behavioral
10.1186/s40536-024-00229-4,SOCMED,Engagement with social media,student_behavior,peer_reviewed_research,Student Level,Student: Attitudinal/Behavioral
10.1186/s40536-024-00229-4,INTRUST,Trust in civic institutions,student_attitude,peer_reviewed_research,Student Level,Student: Attitudinal/Behavioral
10.1186/s40536-024-00229-4,CIVLRN,Civic learning at school,curriculum,peer_reviewed_research,School/Teacher Level,School/Teacher: Context
10.1186/s40536-024-00229-4,OPDISC,Open classroom discussion,school,peer_reviewed_research,School/Teacher Level,School/Teacher: Context
10.1186/s40536-024-00229-4,CIVKNOW,Civic knowledge,prior_achievement,peer_reviewed_research,Student Level,Student: Prior Achievement
10.3390/bs13030237,gender,Gender,demographic,peer_reviewed_research,Student Level,Student: Demographic
10.3390/bs13030237,urban_rural,Urban/rural location,demographic,peer_reviewed_research,Student Level,Student: Demographic
10.3390/bs13030237,school_type,School type (public/private),school,peer_reviewed_research,School/Teacher Level,School/Teacher: Context
10.3390/bs13030237,school_quality,School quality (teacher degrees),school,peer_reviewed_research,School/Teacher Level,School/Teacher: Context
10.3390/bs13030237,ESCS,Family socioeconomic status (ESCS),socioeconomic,peer_reviewed_research,Student Level,Student: SES
10.3390/bs13030237,UNDREM,"Metacognition (understanding, remembering)",student_behavior,peer_reviewed_research,Student Level,Student: Attitudinal/Behavioral
10.3390/bs13030237,attitude_toward_school,Attitude toward school (learning activities),student_attitude,peer_reviewed_research,Student Level,Student: Attitudinal/Behavioral
10.3390/bs13030237,subjective_well_being,Subjective well-being (belonging),student_attitude,peer_reviewed_research,Student Level,Student: Attitudinal/Behavioral
10.1080/01443410.2019.1648766,economic,Economic,student_behavior,peer_reviewed_research,Student Level,Student: Attitudinal/Behavioral
10.1080/01443410.2019.1648766,social,social,student_behavior,peer_reviewed_research,Student Level,Student: Attitudinal/Behavioral
10.1080/01443410.2019.1648766,cultural_status,cultural status,student_behavior,peer_reviewed_research,Student Level,Student: Attitudinal/Behavioral
10.1080/01443410.2019.1648766,gender,Gender,demographic,peer_reviewed_research,Student Level,Student: Demographic
10.12973/eu-jer.12.3.1479,mathematical_competence,Mathematical competence (MC),prior_achievement,peer_reviewed_research,Student Level,Student: Prior Achievement
10.12973/eu-jer.12.3.1479,precision_level,Precision (accuracy/attention),student_behavior,peer_reviewed_research,Student Level,Student: Attitudinal/Behavioral
10.12973/eu-jer.12.3.1479,self_perception_math,Self-perception of math,student_attitude,peer_reviewed_research,Student Level,Student: Attitudinal/Behavioral
10.12973/eu-jer.12.3.1479,school_type,School type (state vs private),school,peer_reviewed_research,School/Teacher Level,School/Teacher: Context
10.3389/feduc.2021.619450,GENDER,Gender,demographic,peer_reviewed_research,Student Level,Student: Demographic
10.3389/feduc.2021.619450,GRADE,Grade level,demographic,peer_reviewed_research,Student Level,Student: Demographic
10.3389/feduc.2021.619450,ESCS,Socioeconomic status (ESCS),socioeconomic,peer_reviewed_research,Student Level,Student: SES
10.3389/feduc.2021.619450,COOPERAT,Enjoyment of cooperation,student_attitude,peer_reviewed_research,Student Level,Student: Attitudinal/Behavioral
10.3389/feduc.2021.619450,CPSVALUE,Value of cooperation,student_attitude,peer_reviewed_research,Student Level,Student: Attitudinal/Behavioral
10.3389/feduc.2021.619450,UNFAIRTE,Teacher unfair treatment,teacher,peer_reviewed_research,School/Teacher Level,School/Teacher: Practice
10.3389/feduc.2021.619450,ICTRES,ICT resources,ict,peer_reviewed_research,Student Level,Student: Attitudinal/Behavioral
10.3389/feduc.2021.619450,SPORTSTIME,Sports time per week,student_behavior,peer_reviewed_research,Student Level,Student: Attitudinal/Behavioral
10.3389/feduc.2021.619450,SCHLOCATION,School location,school,peer_reviewed_research,School/Teacher Level,School/Teacher: Context
10.3389/feduc.2021.619450,SCHLTYPE,School type,school,peer_reviewed_research,School/Teacher Level,School/Teacher: Context
10.3389/feduc.2021.619450,SCHESCS,School ESCS,socioeconomic,peer_reviewed_research,Student Level,Student: SES
10.3389/feduc.2021.619450,PROATCE,Proportion fully certified teachers,teacher,peer_reviewed_research,School/Teacher Level,School/Teacher: Practice
10.3389/feduc.2021.619450,SCHAUT,School autonomy,school,peer_reviewed_research,School/Teacher Level,School/Teacher: Context
10.1016/j.ijedudev.2026.103648,EOS,Expected occupational status (EOS),socioeconomic,peer_reviewed_research,Student Level,Student: SES
10.1016/j.ijedudev.2026.103648,perceived_test_difficulty,Perceived test difficulty,student_attitude,peer_reviewed_research,Student Level,Student: Attitudinal/Behavioral
10.1016/j.ijedudev.2026.103648,cultural_possessions_home,Cultural possessions at home,socioeconomic,peer_reviewed_research,Student Level,Student: SES
10.1016/j.ijedudev.2026.103648,eudaemonia,Eudaemonia,student_attitude,peer_reviewed_research,Student Level,Student: Attitudinal/Behavioral
10.1016/j.ijedudev.2026.103648,reading_self_concept_competence,Reading self-concept (competence),student_attitude,peer_reviewed_research,Student Level,Student: Attitudinal/Behavioral
10.1016/j.ijedudev.2026.103648,ict_autonomy,Perceived autonomy in ICT use,ict,peer_reviewed_research,Student Level,Student: Attitudinal/Behavioral
10.1016/j.ijedudev.2026.103648,bullying_experience,Experience of being bullied,school,peer_reviewed_research,School/Teacher Level,School/Teacher: Context
10.1016/j.ijedudev.2026.103648,perceived_ict_competence,Perceived ICT competence,ict,peer_reviewed_research,Student Level,Student: Attitudinal/Behavioral
10.1016/j.ijedudev.2026.103648,reading_self_concept_difficulty,Reading self-concept (difficulty),student_attitude,peer_reviewed_research,Student Level,Student: Attitudinal/Behavioral
10.1016/j.ijedudev.2026.103648,sense_of_belonging_school,Sense of belonging to school,student_attitude,peer_reviewed_research,Student Level,Student: Attitudinal/Behavioral
10.1016/j.ijedudev.2026.103648,ict_use_outside_school,ICT use outside of school,ict,peer_reviewed_research,Student Level,Student: Attitudinal/Behavioral
10.1016/j.ijedudev.2026.103648,interest_in_ict,Interest in ICT,ict,peer_reviewed_research,Student Level,Student: Attitudinal/Behavioral
10.1016/j.ijedudev.2026.103648,ESCS,Parental ESCS,socioeconomic,peer_reviewed_research,Student Level,Student: SES
10.1016/j.ijedudev.2026.103648,parental_emotional_support,Parents' emotional support,parent_home,peer_reviewed_research,Student Level,Student: SES
10.1016/j.ijedudev.2026.103648,ict_available_at_home,ICT available at home,ict,peer_reviewed_research,Student Level,Student: Attitudinal/Behavioral
10.1016/j.ijedudev.2026.103648,family_wealth,Family wealth,socioeconomic,peer_reviewed_research,Student Level,Student: SES
10.1016/j.ijedudev.2026.103648,mathematics_learning_time,Mathematics learning time,student_behavior,peer_reviewed_research,Student Level,Student: Attitudinal/Behavioral
10.1016/j.ijedudev.2026.103648,gender,Gender indicator (girl/boy),demographic,peer_reviewed_research,Student Level,Student: Demographic
10.3389/fpsyg.2023.1066843,teaching_practices,Teaching practices (student view),teacher,peer_reviewed_research,School/Teacher Level,School/Teacher: Practice
10.3389/fpsyg.2023.1066843,teaching_style,Teaching style (teacher view),teacher,peer_reviewed_research,School/Teacher Level,School/Teacher: Practice
10.3389/fpsyg.2023.1066843,teaching_attitudes,Teaching attitudes,teacher,peer_reviewed_research,School/Teacher Level,School/Teacher: Practice
10.3389/fpsyg.2023.1066843,years_of_experience,Years of teaching experience,teacher,peer_reviewed_research,School/Teacher Level,School/Teacher: Practice
10.3389/fpsyg.2023.1066843,teacher_major_math,Teacher major (math specialization),teacher,peer_reviewed_research,School/Teacher Level,School/Teacher: Practice
10.3389/fpsyg.2023.1066843,teacher_major_science,Teacher major (science specialization),teacher,peer_reviewed_research,School/Teacher Level,School/Teacher: Practice
10.3389/fpsyg.2023.1066843,student_gender,gender,demographic,peer_reviewed_research,Student Level,Student: Demographic
10.3389/fpsyg.2023.1066843,teacher_gender,Teacher gender,demographic,peer_reviewed_research,Student Level,Student: Demographic
10.3390/educsci11100628,ESCS,Socioeconomic status (ESCS),socioeconomic,peer_reviewed_research,Student Level,Student: SES
10.3390/educsci11100628,ICTRES,ICT resources at home,ict,peer_reviewed_research,Student Level,Student: Attitudinal/Behavioral
10.3390/educsci11100628,ST176Q05IA,Online search to learn,ict,peer_reviewed_research,Student Level,Student: Attitudinal/Behavioral
10.3390/educsci11100628,ST176Q021A,Chat online for learning,ict,peer_reviewed_research,Student Level,Student: Attitudinal/Behavioral
10.3390/educsci11100628,ST176Q01IA,Reading emails on ICT,ict,peer_reviewed_research,Student Level,Student: Attitudinal/Behavioral
10.3390/educsci11100628,SCREADDIFF,Perceived reading difficulty,student_attitude,peer_reviewed_research,Student Level,Student: Attitudinal/Behavioral
10.3390/educsci11100628,METASUM,Metacognitive summarizing awareness,student_behavior,peer_reviewed_research,Student Level,Student: Attitudinal/Behavioral
10.3390/educsci11100628,JOYREAD,Reading enjoyment,student_attitude,peer_reviewed_research,Student Level,Student: Attitudinal/Behavioral
10.3390/educsci11100628,ST167Q031A,Reads fiction for enjoyment,student_attitude,peer_reviewed_research,Student Level,Student: Attitudinal/Behavioral
10.3390/educsci11100628,PERFEED,Teacher feedback frequency,teacher,peer_reviewed_research,School/Teacher Level,School/Teacher: Practice
10.3390/educsci11100628,ST153Q04HA,Teacher asks personal thoughts,teacher,peer_reviewed_research,School/Teacher Level,School/Teacher: Practice
10.3390/educsci11100628,TEACHINT,Teacher enthusiasm,teacher,peer_reviewed_research,School/Teacher Level,School/Teacher: Practice
10.3390/educsci11100628,WORKMAST,Mastery persistence motivation,student_behavior,peer_reviewed_research,Student Level,Student: Attitudinal/Behavioral
10.3390/educsci11100628,MASTGOAL,Mastery learning goals,student_behavior,peer_reviewed_research,Student Level,Student: Attitudinal/Behavioral
10.3390/educsci11100628,ATTLNACT,Value of schooling,student_attitude,peer_reviewed_research,Student Level,Student: Attitudinal/Behavioral
10.3390/educsci11100628,BSMJ,Expected occupational status,student_attitude,peer_reviewed_research,Student Level,Student: Attitudinal/Behavioral
10.3390/educsci11100628,ST184Q01HA,Fixed vs growth mindset item,student_attitude,peer_reviewed_research,Student Level,Student: Attitudinal/Behavioral
10.3390/educsci11100628,BEINGBULLIED,Exposure to bullying,peer_effects,peer_reviewed_research,School/Teacher Level,School/Teacher: Context
10.3390/educsci11100628,BELONG,Sense of belonging,student_attitude,peer_reviewed_research,Student Level,Student: Attitudinal/Behavioral
10.3390/educsci11100628,PERCOOP,Perceived school cooperation,peer_effects,peer_reviewed_research,School/Teacher Level,School/Teacher: Context
10.26822/iejee.2022.267,ST004D01T,Gender,demographic,peer_reviewed_research,Student Level,Student: Demographic
10.26822/iejee.2022.267,ST011Q02TA,Own room,socioeconomic,peer_reviewed_research,Student Level,Student: SES
10.26822/iejee.2022.267,MISCED,Mother education,socioeconomic,peer_reviewed_research,Student Level,Student: SES
10.26822/iejee.2022.267,FISCED,Father education,socioeconomic,peer_reviewed_research,Student Level,Student: SES
10.26822/iejee.2022.267,OUTHOURS,Out-of-school learning time,student_behavior,peer_reviewed_research,Student Level,Student: Attitudinal/Behavioral
10.26822/iejee.2022.267,MMINS,Mathematics learning time,curriculum,peer_reviewed_research,School/Teacher Level,School/Teacher: Context
10.26822/iejee.2022.267,TMINS,Total learning time,curriculum,peer_reviewed_research,School/Teacher Level,School/Teacher: Context
10.26822/iejee.2022.267,BELONG,Feeling belonging to school,student_attitude,peer_reviewed_research,Student Level,Student: Attitudinal/Behavioral
10.26822/iejee.2022.267,ANXTEST,Exam anxiety,student_attitude,peer_reviewed_research,Student Level,Student: Attitudinal/Behavioral
10.26822/iejee.2022.267,MOTIVAT,Motivation level,student_attitude,peer_reviewed_research,Student Level,Student: Attitudinal/Behavioral
10.26822/iejee.2022.267,COOPERATE,Willingness to cooperate,student_behavior,peer_reviewed_research,Student Level,Student: Attitudinal/Behavioral
10.26822/iejee.2022.267,EMOSUPS,Emotional support of family,parent_home,peer_reviewed_research,Student Level,Student: SES
10.26822/iejee.2022.267,PERFEED,Perceived feedback,teacher,peer_reviewed_research,School/Teacher Level,School/Teacher: Practice
10.26822/iejee.2022.267,unfairteacher,Teacher fairness,teacher,peer_reviewed_research,School/Teacher Level,School/Teacher: Practice
10.26822/iejee.2022.267,ESCS,Socio-economic status (ESCS),socioeconomic,peer_reviewed_research,Student Level,Student: SES
10.1080/02188791.2019.1692782,enjoy_math,Enjoying maths,student_attitude,peer_reviewed_research,Student Level,Student: Attitudinal/Behavioral
10.1080/02188791.2019.1692782,math_self_concept_negative,Negative maths self-concept,student_attitude,peer_reviewed_research,Student Level,Student: Attitudinal/Behavioral
10.1080/02188791.2019.1692782,attributions_to_failure_lack_ability,Attributions to failure: lack ability,student_attitude,peer_reviewed_research,Student Level,Student: Attitudinal/Behavioral
10.1080/02188791.2019.1692782,attributions_to_failure_bad_luck,Attributions to failure: bad luck,student_attitude,peer_reviewed_research,Student Level,Student: Attitudinal/Behavioral
10.1080/02188791.2019.1692782,attributions_to_failure_task_difficulty,Attributions to failure: task difficulty,student_attitude,peer_reviewed_research,Student Level,Student: Attitudinal/Behavioral
10.1080/02188791.2019.1692782,trial,Trial-,student_behavior,peer_reviewed_research,Student Level,Student: Attitudinal/Behavioral
10.1080/02188791.2019.1692782,error_without_systematic_thinking,-error without systematic thinking,student_behavior,peer_reviewed_research,Student Level,Student: Attitudinal/Behavioral
10.1080/02188791.2019.1692782,intentions_study_maths,Intentions for studying maths,student_attitude,peer_reviewed_research,Student Level,Student: Attitudinal/Behavioral
10.1080/02188791.2019.1692782,guided_homework_out_of_school,Guided homework out of school,student_behavior,peer_reviewed_research,Student Level,Student: Attitudinal/Behavioral
10.1080/02188791.2019.1692782,extracurricular_math_activity,Math extracurricular activity,student_behavior,peer_reviewed_research,Student Level,Student: Attitudinal/Behavioral
10.1080/02188791.2019.1692782,homework_completed_in_time,Homework completed in time,student_behavior,peer_reviewed_research,Student Level,Student: Attitudinal/Behavioral
10.1080/02188791.2019.1692782,gender,Gender,demographic,peer_reviewed_research,Student Level,Student: Demographic
10.1080/02188791.2019.1692782,teacher_support_work_hard,Teacher support to work hard,teacher,peer_reviewed_research,School/Teacher Level,School/Teacher: Practice
10.1080/02188791.2019.1692782,openness_link_facts,Openness for problem solving: link facts,student_attitude,peer_reviewed_research,Student Level,Student: Attitudinal/Behavioral
10.1080/02188791.2019.1692782,perseverance_give_up_easily,Perseverance: give up easily,student_behavior,peer_reviewed_research,Student Level,Student: Attitudinal/Behavioral
10.1080/02188791.2019.1692782,parents_emphasize_importance_maths,Parents emphasize maths importance,parent_home,peer_reviewed_research,Student Level,Student: SES
10.1080/02188791.2019.1692782,maths_work_ethic_prepared_exams,Prepared for maths exams,student_behavior,peer_reviewed_research,Student Level,Student: Attitudinal/Behavioral
10.1080/02188791.2019.1692782,interest_learning_maths,Interest in learning maths,student_attitude,peer_reviewed_research,Student Level,Student: Attitudinal/Behavioral
10.1080/02188791.2019.1692782,instrumental_motivation_study_maths,Instrumental motivation for studying maths,student_attitude,peer_reviewed_research,Student Level,Student: Attitudinal/Behavioral
10.1080/02188791.2019.1692782,perceived_control_perform_poor,Perceived control: perform poorly,student_attitude,peer_reviewed_research,Student Level,Student: Attitudinal/Behavioral
10.1080/02188791.2019.1692782,maths_study_time,Maths study time,student_behavior,peer_reviewed_research,Student Level,Student: Attitudinal/Behavioral
10.1080/02188791.2019.1692782,economic,Economic,student_behavior,peer_reviewed_research,Student Level,Student: Attitudinal/Behavioral
10.1080/02188791.2019.1692782,social,social,student_behavior,peer_reviewed_research,Student Level,Student: Attitudinal/Behavioral
10.1080/02188791.2019.1692782,cultural_status,cultural status,student_behavior,peer_reviewed_research,Student Level,Student: Attitudinal/Behavioral
10.1080/02188791.2019.1692782,ict_entertainment_use,ICT entertainment use,ict,peer_reviewed_research,Student Level,Student: Attitudinal/Behavioral
10.1080/02188791.2019.1692782,familiarity_with_maths_concepts,Familiarity with maths concepts,student_attitude,peer_reviewed_research,Student Level,Student: Attitudinal/Behavioral
10.1080/02188791.2019.1692782,ict_use_at_home_school_tasks,ICT use at home for school tasks,ict,peer_reviewed_research,Student Level,Student: Attitudinal/Behavioral
10.1002/tea.21657,gender,Gender,demographic,peer_reviewed_research,Student Level,Student: Demographic
10.1002/tea.21657,SES,Socioeconomic status (SES),socioeconomic,peer_reviewed_research,Student Level,Student: SES
10.1002/tea.21657,language_at_home,Language at home,demographic,peer_reviewed_research,Student Level,Student: Demographic
10.1002/tea.21657,enjoyment_in_science,Enjoyment in science,student_attitude,peer_reviewed_research,Student Level,Student: Attitudinal/Behavioral
10.1002/tea.21657,self_efficacy_science,Self-efficacy toward science,student_attitude,peer_reviewed_research,Student Level,Student: Attitudinal/Behavioral
10.1002/tea.21657,test_anxiety,Test anxiety,student_attitude,peer_reviewed_research,Student Level,Student: Attitudinal/Behavioral
10.1002/tea.21657,science_achievement,Scientific literacy achievement,prior_achievement,peer_reviewed_research,Student Level,Student: Prior Achievement
10.1016/j.stueduc.2024.101330,school_level_unit,School unit (between/within),school,peer_reviewed_research,School/Teacher Level,School/Teacher: Context
10.1016/j.stueduc.2024.101330,grade_level,Grade level (4 vs 8),demographic,peer_reviewed_research,Student Level,Student: Demographic
10.1016/j.stueduc.2024.101330,country,Country system,system_level,peer_reviewed_research,System/Country Level,System: Policy/Context
10.1016/j.stueduc.2024.101330,early_tracking_system,Early tracking system,system_level,peer_reviewed_research,System/Country Level,System: Policy/Context
10.1177/14749041211069240,ESCS,Socioeconomic status (ESCS),socioeconomic,peer_reviewed_research,Student Level,Student: SES
10.1177/14749041211069240,school_mean_escs,School mean ESCS,socioeconomic,peer_reviewed_research,Student Level,Student: SES
10.1177/14749041211069240,migration_second_generation,Second-generation migrant background,demographic,peer_reviewed_research,Student Level,Student: Demographic
10.1177/14749041211069240,school_share_migrant_second_gen,School share second-gen migrants,demographic,peer_reviewed_research,Student Level,Student: Demographic
10.1177/14749041211069240,language_at_home_test_language,Home language equals test language,demographic,peer_reviewed_research,Student Level,Student: Demographic
10.1177/14749041211069240,student_school_disciplinary_climate,disciplinary climate (science),process_data,peer_reviewed_research,Student Level,Student: Process Data
10.1177/14749041211069240,school_mean_disciplinary_climate,School mean disciplinary climate,process_data,peer_reviewed_research,Student Level,Student: Process Data
10.1177/14749041211069240,school_autonomy,School autonomy index,school,peer_reviewed_research,School/Teacher Level,School/Teacher: Context
10.1177/14749041211069240,educational_leadership,Educational leadership index,teacher,peer_reviewed_research,School/Teacher Level,School/Teacher: Practice
10.1177/14749041211069240,accountability,Accountability index,school,peer_reviewed_research,School/Teacher Level,School/Teacher: Context
10.1007/s10212-024-00805-w,books_at_home,Books at home (SES),socioeconomic,peer_reviewed_research,Student Level,Student: SES
10.1007/s10212-024-00805-w,ST005Q01TA,Mother’s education (SES),socioeconomic,peer_reviewed_research,Student Level,Student: SES
10.1007/s10212-024-00805-w,ST019AQ01T,Migration background,demographic,peer_reviewed_research,Student Level,Student: Demographic
10.1007/s10212-024-00805-w,ST188Q01_06,Self-concept of competence,student_attitude,peer_reviewed_research,Student Level,Student: Attitudinal/Behavioral
10.1007/s10212-024-00805-w,ST182Q03HA_ST182Q06HA,Perseverance,student_behavior,peer_reviewed_research,Student Level,Student: Attitudinal/Behavioral
10.1007/s10212-024-00805-w,ST208Q01_03,Master the content,student_attitude,peer_reviewed_research,Student Level,Student: Attitudinal/Behavioral
10.1007/s10212-024-00805-w,ST161Q01_03,Reading self-concept,student_attitude,peer_reviewed_research,Student Level,Student: Attitudinal/Behavioral
10.1007/s10212-024-00805-w,ST184Q01,Growth mindset,student_attitude,peer_reviewed_research,Student Level,Student: Attitudinal/Behavioral
10.1007/s10212-024-00805-w,ST160Q01_ST160Q05A,Reading motivation,student_attitude,peer_reviewed_research,Student Level,Student: Attitudinal/Behavioral
10.1007/s10212-024-00805-w,gender,Gender,demographic,peer_reviewed_research,Student Level,Student: Demographic
10.1007/s10212-024-00805-w,PROATCE,Proportion fully certified teachers,teacher,peer_reviewed_research,School/Teacher Level,School/Teacher: Practice
10.1007/s10212-024-00805-w,STUBEHA,behavior hindering learning,school,peer_reviewed_research,School/Teacher Level,School/Teacher: Context
10.1007/s10212-024-00805-w,TEACHBEHA,Teacher behavior hindering learning,school,peer_reviewed_research,School/Teacher Level,School/Teacher: Context
10.1007/s10639-025-13414-x,IC172,Digitization construction,ict,peer_reviewed_research,Student Level,Student: Attitudinal/Behavioral
10.1007/s10639-025-13414-x,ST326,Digitization application hours,ict,peer_reviewed_research,Student Level,Student: Attitudinal/Behavioral
10.1007/s10639-025-13414-x,ST283,Teaching behavior (math),teacher,peer_reviewed_research,School/Teacher Level,School/Teacher: Practice
10.1007/s10639-025-13414-x,ST273,Learning level (math class),student_behavior,peer_reviewed_research,Student Level,Student: Attitudinal/Behavioral
10.1007/s10639-025-13414-x,ST272,Perceived math instruction quality,curriculum,peer_reviewed_research,School/Teacher Level,School/Teacher: Context
10.1007/s10639-025-13414-x,grade,Grade level,demographic,peer_reviewed_research,Student Level,Student: Demographic
10.1007/s10639-025-13414-x,gender,Gender,demographic,peer_reviewed_research,Student Level,Student: Demographic
10.1007/s11165-019-9835-y,PERFEED,Perceived feedback,teacher,peer_reviewed_research,School/Teacher Level,School/Teacher: Practice
10.1007/s11165-019-9835-y,PARED,Parental education (highest ISCED),socioeconomic,peer_reviewed_research,Student Level,Student: SES
10.1007/s11165-019-9835-y,BMMJ1,Mother occupational status (ISEI),socioeconomic,peer_reviewed_research,Student Level,Student: SES
10.1007/s11165-019-9835-y,ADINST,Adaptation of instruction,teacher,peer_reviewed_research,School/Teacher Level,School/Teacher: Practice
10.1007/s11165-019-9835-y,TDTEACH,Teacher-directed science instruction,teacher,peer_reviewed_research,School/Teacher Level,School/Teacher: Practice
10.1007/s11165-019-9835-y,TEACHSUP,Teacher support of student choices,teacher,peer_reviewed_research,School/Teacher Level,School/Teacher: Practice
10.1007/s11165-019-9835-y,IBTEACH,Inquiry-based science teaching,curriculum,peer_reviewed_research,School/Teacher Level,School/Teacher: Context
10.1007/s11165-019-9835-y,BFMJ2,Father occupational status (ISEI),socioeconomic,peer_reviewed_research,Student Level,Student: SES
10.1007/s11165-019-9835-y,DISCLISCI,Disciplinary climate in science,school,peer_reviewed_research,School/Teacher Level,School/Teacher: Context
10.1007/s11165-019-9835-y,OUTHOURS,Out-of-school study time,student_behavior,peer_reviewed_research,Student Level,Student: Attitudinal/Behavioral
10.1007/s11165-019-9835-y,RATCMP2,Internet-connected computers,school,peer_reviewed_research,School/Teacher Level,School/Teacher: Context
10.1007/s11165-019-9835-y,RATCMP1,Computers per student (education),school,peer_reviewed_research,School/Teacher Level,School/Teacher: Context
10.1007/s11165-019-9835-y,TOTAT,Total teachers in school,school,peer_reviewed_research,School/Teacher Level,School/Teacher: Context
10.1007/s11165-019-9835-y,TOTST,Total science teachers in school,school,peer_reviewed_research,School/Teacher Level,School/Teacher: Context
10.1007/s11165-019-9835-y,STRATIO,Student-teacher ratio,school,peer_reviewed_research,School/Teacher Level,School/Teacher: Context
10.1007/s11165-019-9835-y,SMINS,Science learning time (minutes/week),curriculum,peer_reviewed_research,School/Teacher Level,School/Teacher: Context
10.1007/s11165-019-9835-y,TMINS,Total learning time (minutes/week),curriculum,peer_reviewed_research,School/Teacher Level,School/Teacher: Context
10.1007/s11165-019-9835-y,DURECEC,Early childhood education duration,student_behavior,peer_reviewed_research,Student Level,Student: Attitudinal/Behavioral
10.1007/s11165-019-9835-y,SCIEACT,Science activities index,student_behavior,peer_reviewed_research,Student Level,Student: Attitudinal/Behavioral
10.1007/s11165-019-9835-y,SCIEEFF,Science self-efficacy,student_attitude,peer_reviewed_research,Student Level,Student: Attitudinal/Behavioral
10.1080/00131911.2023.2200594,gender,Gender,demographic,peer_reviewed_research,Student Level,Student: Demographic
10.1080/00131911.2023.2200594,year_of_qualification,Year of qualification,demographic,peer_reviewed_research,Student Level,Student: Demographic
10.1080/00131911.2023.2200594,degree_type,Degree type,demographic,peer_reviewed_research,Student Level,Student: Demographic
10.1080/00131911.2023.2200594,self_efficacy,Self-efficacy,student_attitude,peer_reviewed_research,Student Level,Student: Attitudinal/Behavioral
10.1080/00131911.2023.2200594,participation_cpd,CPD participation,teacher,peer_reviewed_research,School/Teacher Level,School/Teacher: Practice
10.1080/00131911.2023.2200594,teacher_cooperation,Teacher cooperation,teacher,peer_reviewed_research,School/Teacher Level,School/Teacher: Practice
10.1080/00131911.2023.2200594,school_level,School level,demographic,peer_reviewed_research,Student Level,Student: Demographic
10.1080/00131911.2023.2200594,qualification_years_experience,Years of experience,teacher,peer_reviewed_research,School/Teacher Level,School/Teacher: Practice
10.1080/00131911.2023.2200594,class_size,Class size,school,peer_reviewed_research,School/Teacher Level,School/Teacher: Context
10.1080/00131911.2023.2200594,out_of_field,Out-of-field teaching,teacher,peer_reviewed_research,School/Teacher Level,School/Teacher: Practice
10.1080/00131911.2023.2200594,public_school,Public school,school,peer_reviewed_research,School/Teacher Level,School/Teacher: Context
10.1080/00131911.2023.2200594,part_time_contract,Part-time contract,teacher,peer_reviewed_research,School/Teacher Level,School/Teacher: Practice
10.1007/s11858-024-01630-7,ESCS,Socioeconomic status (ESCS),socioeconomic,peer_reviewed_research,Student Level,Student: SES
10.1007/s11858-024-01630-7,student_oriented_instruction,Student-oriented instruction,curriculum,peer_reviewed_research,School/Teacher Level,School/Teacher: Context
10.1007/s11858-024-01630-7,classroom_management,Classroom management,curriculum,peer_reviewed_research,School/Teacher Level,School/Teacher: Context
10.1007/s11858-024-01630-7,teacher_support,Teacher support,teacher,peer_reviewed_research,School/Teacher Level,School/Teacher: Practice
10.1007/s11858-024-01630-7,disciplinary_climate,Disciplinary climate,school,peer_reviewed_research,School/Teacher Level,School/Teacher: Context
10.1007/s11858-024-01630-7,cognitive_activation,Cognitive activation,curriculum,peer_reviewed_research,School/Teacher Level,School/Teacher: Context
10.1007/s11858-024-01630-7,cognitive_activation_encouraging_thinking,Cognitive activation: encouraging thinking,curriculum,peer_reviewed_research,School/Teacher Level,School/Teacher: Context
10.1007/s11858-024-01630-7,cognitive_activation_fostering_reasoning,Cognitive activation: fostering reasoning,curriculum,peer_reviewed_research,School/Teacher Level,School/Teacher: Context
10.1007/s40299-021-00584-8,METASPAM,Meta-cognition: assess credibility,student_behavior,peer_reviewed_research,Student Level,Student: Attitudinal/Behavioral
10.1007/s40299-021-00584-8,ESCS,Index of economic social cultural status,socioeconomic,peer_reviewed_research,Student Level,Student: SES
10.1007/s40299-021-00584-8,ICTCLASS,Subject-related ICT use during lessons,ict,peer_reviewed_research,Student Level,Student: Attitudinal/Behavioral
10.1007/s40299-021-00584-8,METASUM,Meta-cognition: summarizing,student_behavior,peer_reviewed_research,Student Level,Student: Attitudinal/Behavioral
10.1007/s40299-021-00584-8,PISADIFF,Perception of test difficulty,student_attitude,peer_reviewed_research,Student Level,Student: Attitudinal/Behavioral
10.1007/s40299-021-00584-8,JOYREAD,Joy/like reading,student_attitude,peer_reviewed_research,Student Level,Student: Attitudinal/Behavioral
10.1007/s40299-021-00584-8,SMINS,Science learning time (minutes/week),curriculum,peer_reviewed_research,School/Teacher Level,School/Teacher: Context
10.1007/s40299-021-00584-8,EUDMO,Eudaemonia: meaning in life,student_attitude,peer_reviewed_research,Student Level,Student: Attitudinal/Behavioral
10.1007/s40299-021-00584-8,BELONG,Sense of belonging to school,student_attitude,peer_reviewed_research,Student Level,Student: Attitudinal/Behavioral
10.1007/s40299-021-00584-8,CULTPOSS,Cultural possessions at home,socioeconomic,peer_reviewed_research,Student Level,Student: SES
10.1007/s40299-021-00584-8,DISCLIMA,Disciplinary climate in test language lessons,peer_effects,peer_reviewed_research,School/Teacher Level,School/Teacher: Context
10.1007/s40299-021-00584-8,HOMEPOS,Home possessions,socioeconomic,peer_reviewed_research,Student Level,Student: SES
10.1007/s40299-021-00584-8,ICTRES,ICT resources,ict,peer_reviewed_research,Student Level,Student: Attitudinal/Behavioral
10.1007/s40299-021-00584-8,UNDREM,"Metacognition (understanding, remembering)",student_behavior,peer_reviewed_research,Student Level,Student: Attitudinal/Behavioral
10.1007/s40299-021-00584-8,SCREADDIFF,Self-concept of reading difficulty,student_attitude,peer_reviewed_research,Student Level,Student: Attitudinal/Behavioral
10.1007/s40299-021-00584-8,COMPICT,Perceived ICT competence,ict,peer_reviewed_research,Student Level,Student: Attitudinal/Behavioral
10.1007/s40299-021-00584-8,ENTUSE,ICT use outside of school (leisure),ict,peer_reviewed_research,Student Level,Student: Attitudinal/Behavioral
10.1007/s40299-021-00584-8,INTICT,Interest in ICT,ict,peer_reviewed_research,Student Level,Student: Attitudinal/Behavioral
10.1007/s40299-021-00584-8,WORKMAST,Work mastery,student_attitude,peer_reviewed_research,Student Level,Student: Attitudinal/Behavioral
10.1007/s40299-021-00584-8,LMINS,Learning time (minutes/week) test language,student_behavior,peer_reviewed_research,Student Level,Student: Attitudinal/Behavioral
10.1007/s40299-021-00584-8,MMINS,Learning time (minutes/week) mathematics,curriculum,peer_reviewed_research,School/Teacher Level,School/Teacher: Context
10.1007/s40299-021-00584-8,STIMREAD,Teacher’s stimulation of reading engagement,teacher,peer_reviewed_research,School/Teacher Level,School/Teacher: Practice
10.1186/s40468-023-00261-1,GENDER,Gender,demographic,peer_reviewed_research,Student Level,Student: Demographic
10.1186/s40468-023-00261-1,ESCS,Socioeconomic status (ESCS),socioeconomic,peer_reviewed_research,Student Level,Student: SES
10.1186/s40468-023-00261-1,TEACHSUP,Teacher academic support,teacher,peer_reviewed_research,School/Teacher Level,School/Teacher: Practice
10.1186/s40468-023-00261-1,DIRINS,Teacher-directed instruction,teacher,peer_reviewed_research,School/Teacher Level,School/Teacher: Practice
10.1186/s40468-023-00261-1,PERFEED,Teacher feedback,teacher,peer_reviewed_research,School/Teacher Level,School/Teacher: Practice
10.1186/s40468-023-00261-1,ADAPTIVITY,Adaptive instruction,teacher,peer_reviewed_research,School/Teacher Level,School/Teacher: Practice
10.1186/s40468-023-00261-1,STIMREAD,Stimulation of reading engagement,teacher,peer_reviewed_research,School/Teacher Level,School/Teacher: Practice
10.1186/s40468-023-00261-1,TEACHINT,Teacher enthusiasm,teacher,peer_reviewed_research,School/Teacher Level,School/Teacher: Practice
10.1186/s40536-021-00099-0,ESCS,Socioeconomic status (ESCS),socioeconomic,methodology_paper,Student Level,Student: SES
10.1186/s40536-021-00099-0,school_escs,School average ESCS,socioeconomic,methodology_paper,Student Level,Student: SES
10.1186/s40536-021-00099-0,gender,gender,demographic,methodology_paper,Student Level,Student: Demographic
10.1186/s40536-021-00099-0,grade,grade (modal 9/10),demographic,methodology_paper,Student Level,Student: Demographic
10.1186/s40536-022-00128-6,gdp_per_capita,Country GDP per capita,system_level,peer_reviewed_research,System/Country Level,System: Policy/Context
10.1186/s40536-022-00128-6,school_escs_mean,School ESCS (mean),socioeconomic,peer_reviewed_research,Student Level,Student: SES
10.1186/s40536-022-00128-6,SCHLTYPE,School type (public/private),school,peer_reviewed_research,School/Teacher Level,School/Teacher: Context
10.1186/s40536-022-00128-6,CREACTIV,Creative extra-curricular activities,school,peer_reviewed_research,School/Teacher Level,School/Teacher: Context
10.1186/s40536-022-00128-6,STAFFSHORT,Shortage of educational staff,school,peer_reviewed_research,School/Teacher Level,School/Teacher: Context
10.1186/s40536-022-00128-6,SCMATEDU,Quality of educational resources,school,peer_reviewed_research,School/Teacher Level,School/Teacher: Context
10.1186/s40536-022-00128-6,EDUSHORT,Shortage of educational material,school,peer_reviewed_research,School/Teacher Level,School/Teacher: Context
10.1186/s40536-022-00128-6,RATCMP1,Computers per student (ratio),ict,peer_reviewed_research,Student Level,Student: Attitudinal/Behavioral
10.1186/s40536-022-00128-6,RATCMP2,Computers connected to internet,ict,peer_reviewed_research,Student Level,Student: Attitudinal/Behavioral
10.1186/s40536-022-00128-6,ESCS,ESCS,socioeconomic,peer_reviewed_research,Student Level,Student: SES
10.1186/s40536-022-00128-6,GENDER,Gender,demographic,peer_reviewed_research,Student Level,Student: Demographic
10.1186/s40536-022-00128-6,ICTHOME,ICT availability at home,ict,peer_reviewed_research,Student Level,Student: Attitudinal/Behavioral
10.1186/s40536-022-00128-6,ENTUSE,ICT use outside school (leisure),ict,peer_reviewed_research,Student Level,Student: Attitudinal/Behavioral
10.1186/s40536-022-00128-6,HOMESCH,ICT use outside school (schoolwork),ict,peer_reviewed_research,Student Level,Student: Attitudinal/Behavioral
10.1186/s40536-022-00128-6,SOIAICT,ICT as topic in social interaction,ict,peer_reviewed_research,Student Level,Student: Attitudinal/Behavioral
10.1186/s40536-022-00128-6,ICTOUTSIDE,Subject-related ICT use outside lessons,ict,peer_reviewed_research,Student Level,Student: Attitudinal/Behavioral
10.1186/s40536-022-00128-6,ICTSCH,ICT availability at school,ict,peer_reviewed_research,Student Level,Student: Attitudinal/Behavioral
10.1186/s40536-022-00128-6,USESCH,ICT use at school in general,ict,peer_reviewed_research,Student Level,Student: Attitudinal/Behavioral
10.1186/s40536-022-00128-6,ICTCLASS,Subject-related ICT use during lessons,ict,peer_reviewed_research,Student Level,Student: Attitudinal/Behavioral
10.1186/s40536-022-00128-6,HIGHCONF,Self-confidence in ICT high-level tasks,student_attitude,peer_reviewed_research,Student Level,Student: Attitudinal/Behavioral
10.1186/s40536-022-00128-6,ATTCOMP,Attitude toward computers,student_attitude,peer_reviewed_research,Student Level,Student: Attitudinal/Behavioral
10.1186/s40536-022-00128-6,ICTATTNEG,Limitations of computer for learning,student_attitude,peer_reviewed_research,Student Level,Student: Attitudinal/Behavioral
10.1186/s40536-022-00128-6,ICTATTPOS,Computer as tool for learning,student_attitude,peer_reviewed_research,Student Level,Student: Attitudinal/Behavioral
10.1186/s40536-022-00128-6,INTICT,Interest in ICT,student_attitude,peer_reviewed_research,Student Level,Student: Attitudinal/Behavioral
10.1186/s40536-022-00128-6,COMPICT,Perceived ICT competence,student_attitude,peer_reviewed_research,Student Level,Student: Attitudinal/Behavioral
10.1186/s40536-022-00128-6,AUTICT,Perceived autonomy related to ICT use,ict,peer_reviewed_research,Student Level,Student: Attitudinal/Behavioral
10.1186/s40536-022-00128-6,EXCURACT,Creative extra-curricular activities (2009),school,peer_reviewed_research,School/Teacher Level,School/Teacher: Context
10.1186/s40536-023-00181-9,ESCS,Socioeconomic status (ESCS),socioeconomic,peer_reviewed_research,Student Level,Student: SES
10.1186/s40536-023-00181-9,mastery_approach_orientation,Mastery-approach orientation,student_attitude,peer_reviewed_research,Student Level,Student: Attitudinal/Behavioral
10.1186/s40536-023-00181-9,enjoyment_of_reading,Enjoyment of reading,student_attitude,peer_reviewed_research,Student Level,Student: Attitudinal/Behavioral
10.1186/s40536-023-00181-9,expected_occupational_status,Expected occupational status,student_attitude,peer_reviewed_research,Student Level,Student: Attitudinal/Behavioral
10.1186/s40536-023-00190-8,GRADE,Grade (modal vs non-modal),demographic,peer_reviewed_research,Student Level,Student: Demographic
10.1186/s40536-023-00190-8,ESCS,socioeconomic status (ESCS),socioeconomic,peer_reviewed_research,Student Level,Student: SES
10.1186/s40536-023-00190-8,ST114,Expected occupational status,socioeconomic,peer_reviewed_research,Student Level,Student: SES
10.1186/s40536-023-00190-8,ST004Q01TA,Gender,demographic,peer_reviewed_research,Student Level,Student: Demographic
10.1186/s40536-023-00190-8,REPEAT,Repeated grade,demographic,peer_reviewed_research,Student Level,Student: Demographic
10.1186/s40536-023-00190-8,HEDRES,Home educational resources,socioeconomic,peer_reviewed_research,Student Level,Student: SES
10.1186/s40536-023-00190-8,ICTRES,ICT resources at home,ict,peer_reviewed_research,Student Level,Student: Attitudinal/Behavioral
10.1186/s40536-023-00190-8,INTBRSCI,Broad interest in science,student_attitude,peer_reviewed_research,Student Level,Student: Attitudinal/Behavioral
10.1186/s40536-023-00190-8,SCIEEFF,Science self-efficacy,student_attitude,peer_reviewed_research,Student Level,Student: Attitudinal/Behavioral
10.1186/s40536-023-00190-8,IBTEACH,Inquiry-based teaching,curriculum,peer_reviewed_research,School/Teacher Level,School/Teacher: Context
10.1186/s40536-023-00190-8,TDTEACH,Directed science instruction,curriculum,peer_reviewed_research,School/Teacher Level,School/Teacher: Context
10.1186/s40536-023-00190-8,TEACHSU,Teacher support in science,teacher,peer_reviewed_research,School/Teacher Level,School/Teacher: Practice
10.1186/s40536-023-00190-8,STUBEHA,climate hindrance,school,peer_reviewed_research,School/Teacher Level,School/Teacher: Context
10.1186/s40536-023-00190-8,TEACHBEHA,Teacher climate hindrance,school,peer_reviewed_research,School/Teacher Level,School/Teacher: Context
10.1186/s40536-023-00190-8,SCHOOLTY,School type (public/private),school,peer_reviewed_research,School/Teacher Level,School/Teacher: Context
10.1186/s40536-023-00190-8,SCHSIZE,School enrollment size,school,peer_reviewed_research,School/Teacher Level,School/Teacher: Context
10.1186/s40536-023-00190-8,CLSIZE,Average class size,school,peer_reviewed_research,School/Teacher Level,School/Teacher: Context
10.1186/s40536-023-00190-8,ESCSSCHO,School ESCS,socioeconomic,peer_reviewed_research,Student Level,Student: SES
10.1186/s40536-023-00190-8,TEACHMOT,Teacher motivation (job satisfaction proxy),teacher,peer_reviewed_research,School/Teacher Level,School/Teacher: Practice
10.1057/s41599-023-01886-6,sex,Gender,demographic,peer_reviewed_research,Student Level,Student: Demographic
10.1057/s41599-023-01886-6,ESCS,Socioeconomic status (ESCS),socioeconomic,peer_reviewed_research,Student Level,Student: SES
10.1057/s41599-023-01886-6,books_at_home,Number of books at home,socioeconomic,peer_reviewed_research,Student Level,Student: SES
10.1080/02671522.2020.1864760,self_awareness,Self-awareness (PISA proxies),student_attitude,peer_reviewed_research,Student Level,Student: Attitudinal/Behavioral
10.1080/02671522.2020.1864760,self_management,Self-management (PISA proxies),student_attitude,peer_reviewed_research,Student Level,Student: Attitudinal/Behavioral
10.1080/02671522.2020.1864760,social_awareness,Social awareness (PISA proxies),student_attitude,peer_reviewed_research,Student Level,Student: Attitudinal/Behavioral
10.1080/02671522.2020.1864760,relationship_skills,Relationship skills (PISA proxies),student_attitude,peer_reviewed_research,Student Level,Student: Attitudinal/Behavioral
10.3390/educsci15070928,EATMEAL,Family meal frequency,parent_home,peer_reviewed_research,Student Level,Student: SES
10.3390/educsci15070928,SPENDTALK,Time talking with parents,parent_home,peer_reviewed_research,Student Level,Student: SES
10.3390/educsci15070928,ASKSCHOOL,Parents ask about school,parent_home,peer_reviewed_research,Student Level,Student: SES
10.3390/educsci15070928,GOODMARK,Encouragement for good grades,parent_home,peer_reviewed_research,Student Level,Student: SES
10.3390/educsci15070928,DISSWELL,Discuss how school is going,parent_home,peer_reviewed_research,Student Level,Student: SES
10.3390/educsci15070928,COMPLETE,Importance of completing school,parent_home,peer_reviewed_research,Student Level,Student: SES
10.3390/educsci15070928,PROBLEM,Talk about school problems,parent_home,peer_reviewed_research,Student Level,Student: SES
10.3390/educsci15070928,GETALONG,Perceived getting along,parent_home,peer_reviewed_research,Student Level,Student: SES
10.3390/educsci15070928,TAKEINTER,Parental interest in learning,parent_home,peer_reviewed_research,Student Level,Student: SES
10.3390/educsci15070928,TALKFUTURE,Talk about future plans,parent_home,peer_reviewed_research,Student Level,Student: SES
10.1080/09500693.2022.2037167,ANXTEST,Test anxiety,student_attitude,peer_reviewed_research,Student Level,Student: Attitudinal/Behavioral
10.1080/09500693.2022.2037167,BSMJ,Expected occupational status,student_attitude,peer_reviewed_research,Student Level,Student: Attitudinal/Behavioral
10.1080/09500693.2022.2037167,CPSVALUE,Value cooperation,student_attitude,peer_reviewed_research,Student Level,Student: Attitudinal/Behavioral
10.1080/09500693.2022.2037167,ENVOPT,Environmental optimism,student_attitude,peer_reviewed_research,Student Level,Student: Attitudinal/Behavioral
10.1080/09500693.2022.2037167,EPIST,Epistemological beliefs,student_attitude,peer_reviewed_research,Student Level,Student: Attitudinal/Behavioral
10.1080/09500693.2022.2037167,ESCS,Economic social cultural status,socioeconomic,peer_reviewed_research,Student Level,Student: SES
10.1080/09500693.2022.2037167,INTBRSCI,Interest in broad science topics,student_attitude,peer_reviewed_research,Student Level,Student: Attitudinal/Behavioral
10.1080/09500693.2022.2037167,JOYSCIE,Enjoyment of science,student_attitude,peer_reviewed_research,Student Level,Student: Attitudinal/Behavioral
10.1080/09500693.2022.2037167,LMINS,Learning time (science),student_behavior,peer_reviewed_research,Student Level,Student: Attitudinal/Behavioral
10.1080/09500693.2022.2037167,OUTHOURS,Out-of-school study time,student_behavior,peer_reviewed_research,Student Level,Student: Attitudinal/Behavioral
10.1080/09500693.2022.2037167,SMINS,Learning time (science classes),curriculum,peer_reviewed_research,School/Teacher Level,School/Teacher: Context
10.1080/09500693.2022.2037167,UNFAIRTE,Teacher fairness,teacher,peer_reviewed_research,School/Teacher Level,School/Teacher: Practice
10.1080/09500693.2022.2037167,REPEAT,Grade repetition,demographic,peer_reviewed_research,Student Level,Student: Demographic
10.1080/09500693.2022.2037167,PROAT6,Teachers with ISCED 6,teacher,peer_reviewed_research,School/Teacher Level,School/Teacher: Practice
10.1080/09500693.2022.2037167,SCHESCS,School ESCS (mean),socioeconomic,peer_reviewed_research,Student Level,Student: SES
10.1080/09500693.2022.2037167,SCHSIZE,School size,school,peer_reviewed_research,School/Teacher Level,School/Teacher: Context
10.1016/j.stueduc.2020.100875,Gender,Gender,demographic,peer_reviewed_research,Student Level,Student: Demographic
10.1016/j.stueduc.2020.100875,birth_month,Birth month,demographic,peer_reviewed_research,Student Level,Student: Demographic
10.1016/j.stueduc.2020.100875,grade,Grade,demographic,peer_reviewed_research,Student Level,Student: Demographic
10.1016/j.stueduc.2020.100875,ESCS,Socioeconomic status (ESCS),socioeconomic,peer_reviewed_research,Student Level,Student: SES
10.1016/j.stueduc.2020.100875,immigrant_status,Immigrant status,demographic,peer_reviewed_research,Student Level,Student: Demographic
10.1016/j.stueduc.2020.100875,grade_repetition,Grade repetition,demographic,peer_reviewed_research,Student Level,Student: Demographic
10.1016/j.stueduc.2020.100875,number_school_changes,Number of school changes,demographic,peer_reviewed_research,Student Level,Student: Demographic
10.1016/j.stueduc.2020.100875,mother_tongue,Mother tongue,demographic,peer_reviewed_research,Student Level,Student: Demographic
10.1016/j.stueduc.2020.100875,school_size,School size,school,peer_reviewed_research,School/Teacher Level,School/Teacher: Context
10.1016/j.stueduc.2020.100875,classroom_size,Classroom size,school,peer_reviewed_research,School/Teacher Level,School/Teacher: Context
10.1016/j.stueduc.2020.100875,shortage_educational_resources,Shortage of educational resources,school,peer_reviewed_research,School/Teacher Level,School/Teacher: Context
10.1016/j.stueduc.2020.100875,shortage_educational_staff,Shortage of educational staff,school,peer_reviewed_research,School/Teacher Level,School/Teacher: Context
10.1016/j.stueduc.2020.100875,school_ownership,School ownership,school,peer_reviewed_research,School/Teacher Level,School/Teacher: Context
10.1016/j.stueduc.2020.100875,student_teacher_ratio,Student-teacher ratio,school,peer_reviewed_research,School/Teacher Level,School/Teacher: Context
10.1016/j.stueduc.2020.100875,average_ESCS,Average ESCS (school),socioeconomic,peer_reviewed_research,Student Level,Student: SES
10.1016/j.stueduc.2020.100875,repeater_rate,Repeater rate,school,peer_reviewed_research,School/Teacher Level,School/Teacher: Context
10.1016/j.stueduc.2020.100875,immigrant_student_rate,Immigrant student rate,school,peer_reviewed_research,School/Teacher Level,School/Teacher: Context
10.1016/j.stueduc.2020.100875,proportion_girls,Proportion of girls,demographic,peer_reviewed_research,Student Level,Student: Demographic
10.1016/j.stueduc.2020.100875,EXTR_CURR,Additional lessons (curricular),curriculum,peer_reviewed_research,School/Teacher Level,School/Teacher: Context
10.1016/j.stueduc.2020.100875,COOPERATE,Cooperative learning value,student_attitude,peer_reviewed_research,Student Level,Student: Attitudinal/Behavioral
10.1016/j.stueduc.2020.100875,HOMESCH,ICT use outside school,ict,peer_reviewed_research,Student Level,Student: Attitudinal/Behavioral
10.1016/j.stueduc.2020.100875,ENTUSE,ICT use outside school leisure,ict,peer_reviewed_research,Student Level,Student: Attitudinal/Behavioral
10.1016/j.stueduc.2020.100875,LMINS,Reading lesson minutes (weekly),student_behavior,peer_reviewed_research,Student Level,Student: Attitudinal/Behavioral
10.1016/j.stueduc.2020.100875,CPSVALUE,Value of cooperation,student_attitude,peer_reviewed_research,Student Level,Student: Attitudinal/Behavioral
10.1016/j.stueduc.2020.100875,AUTICT,ICT autonomy,ict,peer_reviewed_research,Student Level,Student: Attitudinal/Behavioral
10.1016/j.stueduc.2020.100875,ENVOPT,Environmental optimism,student_attitude,peer_reviewed_research,Student Level,Student: Attitudinal/Behavioral
10.1016/j.stueduc.2020.100875,ICTSCH,ICT available at school,ict,peer_reviewed_research,Student Level,Student: Attitudinal/Behavioral
10.1016/j.stueduc.2020.100875,EXTR_CCSS,Additional lessons (social sciences),curriculum,peer_reviewed_research,School/Teacher Level,School/Teacher: Context
10.1016/j.stueduc.2020.100875,SMTAUT_TEACH,Teacher autonomy (management),teacher,peer_reviewed_research,School/Teacher Level,School/Teacher: Practice
10.1080/09500693.2022.2067364,gender,Gender,demographic,peer_reviewed_research,Student Level,Student: Demographic
10.1080/09500693.2022.2067364,DISCLISCI,Disciplinary climate (science),school,peer_reviewed_research,School/Teacher Level,School/Teacher: Context
10.52963/PERR_Biruni_V12.N2.10,learning_time_per_week_total,Learning time per week (total),student_behavior,peer_reviewed_research,Student Level,Student: Attitudinal/Behavioral
10.52963/PERR_Biruni_V12.N2.10,father_education_level,Father education level,socioeconomic,peer_reviewed_research,Student Level,Student: SES
10.52963/PERR_Biruni_V12.N2.10,EMOSUPS,Emotional support (EMOSUPS),parent_home,peer_reviewed_research,Student Level,Student: SES
10.52963/PERR_Biruni_V12.N2.10,ANXTEST,Test anxiety (ANXTEST),student_attitude,peer_reviewed_research,Student Level,Student: Attitudinal/Behavioral
10.52963/PERR_Biruni_V12.N2.10,MOTIVAT,Achievement motivation (MOTIVAT),student_attitude,peer_reviewed_research,Student Level,Student: Attitudinal/Behavioral
10.52963/PERR_Biruni_V12.N2.10,COOPERATE,Cooperation (COOPERATE),student_behavior,peer_reviewed_research,Student Level,Student: Attitudinal/Behavioral
10.52963/PERR_Biruni_V12.N2.10,BELONG,Sense of belonging (BELONG),student_attitude,peer_reviewed_research,Student Level,Student: Attitudinal/Behavioral
10.52963/PERR_Biruni_V12.N2.10,MMINS,Minutes per week (MMINS),curriculum,peer_reviewed_research,School/Teacher Level,School/Teacher: Context
10.52963/PERR_Biruni_V12.N2.10,TMINS,Time spent (TMINS),curriculum,peer_reviewed_research,School/Teacher Level,School/Teacher: Context
10.52963/PERR_Biruni_V12.N2.10,OUTHOURS,Out-of-school hours (OUTHOURS),student_behavior,peer_reviewed_research,Student Level,Student: Attitudinal/Behavioral
10.52963/PERR_Biruni_V12.N2.10,grade,Grade level,demographic,peer_reviewed_research,Student Level,Student: Demographic
10.52963/PERR_Biruni_V12.N2.10,gender,Gender,demographic,peer_reviewed_research,Student Level,Student: Demographic
10.52963/PERR_Biruni_V12.N2.10,MISCED,Mother education (MISCED),socioeconomic,peer_reviewed_research,Student Level,Student: SES
10.52963/PERR_Biruni_V12.N2.10,FISCED,Father education (FISCED),socioeconomic,peer_reviewed_research,Student Level,Student: SES
10.52963/PERR_Biruni_V12.N2.10,HISCED,Highest education (HISCED),socioeconomic,peer_reviewed_research,Student Level,Student: SES
10.3758/s13428-019-01224-2,EECA,Country (EECA),student_behavior,peer_reviewed_research,Student Level,Student: Attitudinal/Behavioral
10.3758/s13428-019-01224-2,dummy_coded,dummy-coded,student_behavior,peer_reviewed_research,Student Level,Student: Attitudinal/Behavioral
10.3758/s13428-019-01224-2,gendermale,Gender (male vs female),demographic,peer_reviewed_research,Student Level,Student: Demographic
10.3758/s13428-019-01224-2,economic,Economic,student_behavior,peer_reviewed_research,Student Level,Student: Attitudinal/Behavioral
10.3758/s13428-019-01224-2,social,social,student_behavior,peer_reviewed_research,Student Level,Student: Attitudinal/Behavioral
10.3758/s13428-019-01224-2,ESCS,cultural status (ESCS),socioeconomic,peer_reviewed_research,Student Level,Student: SES
10.5944/educxx1.38634,ESCS,Socioeconomic status (ESCS),socioeconomic,peer_reviewed_research,Student Level,Student: SES
10.5944/educxx1.38634,HOMEPOS,Home possessions,socioeconomic,peer_reviewed_research,Student Level,Student: SES
10.5944/educxx1.38634,CULTPOSS,Cultural possessions at home,socioeconomic,peer_reviewed_research,Student Level,Student: SES
10.5944/educxx1.38634,WEALTH,Family wealth,socioeconomic,peer_reviewed_research,Student Level,Student: SES
10.5944/educxx1.38634,BMMJ1,ISEI of mother,socioeconomic,peer_reviewed_research,Student Level,Student: SES
10.5944/educxx1.38634,BFMJ2,ISEI of father,socioeconomic,peer_reviewed_research,Student Level,Student: SES
10.5944/educxx1.38634,HISEI,Highest parental occupational status,socioeconomic,peer_reviewed_research,Student Level,Student: SES
10.5944/educxx1.38634,MISCED,Mother’s education (ISCED),socioeconomic,peer_reviewed_research,Student Level,Student: SES
10.5944/educxx1.38634,FISCED,Father’s education (ISCED),socioeconomic,peer_reviewed_research,Student Level,Student: SES
10.5944/educxx1.38634,PARED,Parental education (years),socioeconomic,peer_reviewed_research,Student Level,Student: SES
10.5944/educxx1.38634,PAREDINT,Parental education (international years),socioeconomic,peer_reviewed_research,Student Level,Student: SES
10.5944/educxx1.38634,IMMIG,Immigration status,demographic,peer_reviewed_research,Student Level,Student: Demographic
10.5944/educxx1.38634,LANGN,Language at home,demographic,peer_reviewed_research,Student Level,Student: Demographic
10.5944/educxx1.38634,ST004D01T,Gender,demographic,peer_reviewed_research,Student Level,Student: Demographic
10.5944/educxx1.38634,SCCHANGE,Number of school changes,demographic,peer_reviewed_research,Student Level,Student: Demographic
10.5944/educxx1.38634,CHANGE,Changes in educational biography,demographic,peer_reviewed_research,Student Level,Student: Demographic
10.5944/educxx1.38634,DURECEC,Duration in early childhood education,demographic,peer_reviewed_research,Student Level,Student: Demographic
10.5944/educxx1.38634,SCHLTYPE,School ownership,school,peer_reviewed_research,School/Teacher Level,School/Teacher: Context
10.5944/educxx1.38634,STRATIO,Student-teacher ratio,school,peer_reviewed_research,School/Teacher Level,School/Teacher: Context
10.5944/educxx1.38634,SCHSIZE,School size (sum),school,peer_reviewed_research,School/Teacher Level,School/Teacher: Context
10.5944/educxx1.38634,CLSIZE,Class size,school,peer_reviewed_research,School/Teacher Level,School/Teacher: Context
10.5944/educxx1.38634,ICTRES,ICT resources,ict,peer_reviewed_research,Student Level,Student: Attitudinal/Behavioral
10.5944/educxx1.38634,ICTHOME,ICT available at home,ict,peer_reviewed_research,Student Level,Student: Attitudinal/Behavioral
10.5944/educxx1.38634,ICTSCH,ICT available at school,ict,peer_reviewed_research,Student Level,Student: Attitudinal/Behavioral
10.5944/educxx1.38634,ICTOUTSIDE,ICT use outside lessons,ict,peer_reviewed_research,Student Level,Student: Attitudinal/Behavioral
10.5944/educxx1.38634,HOMESCH,ICT use outside school work,ict,peer_reviewed_research,Student Level,Student: Attitudinal/Behavioral
10.5944/educxx1.38634,USESCH,ICT use at school,ict,peer_reviewed_research,Student Level,Student: Attitudinal/Behavioral
10.5944/educxx1.38634,SOIAICT,ICT as topic in social interaction,ict,peer_reviewed_research,Student Level,Student: Attitudinal/Behavioral
10.5944/educxx1.38634,ICTCLASS,Subject-related ICT use during lessons,ict,peer_reviewed_research,Student Level,Student: Attitudinal/Behavioral
10.5944/educxx1.38634,ENTUSE,ICT use outside of school (leisure),ict,peer_reviewed_research,Student Level,Student: Attitudinal/Behavioral
10.5944/educxx1.38634,COMPICT,Perceived ICT competence,ict,peer_reviewed_research,Student Level,Student: Attitudinal/Behavioral
10.5944/educxx1.38634,AUTICT,Perceived autonomy related to ICT use,ict,peer_reviewed_research,Student Level,Student: Attitudinal/Behavioral
10.5944/educxx1.38634,JOYREAD,Enjoyment of reading,student_attitude,peer_reviewed_research,Student Level,Student: Attitudinal/Behavioral
10.5944/educxx1.38634,METASPAM,Metacognition: credibility assessment,student_behavior,peer_reviewed_research,Student Level,Student: Attitudinal/Behavioral
10.5944/educxx1.38634,METASUM,Metacognition: summarising,student_behavior,peer_reviewed_research,Student Level,Student: Attitudinal/Behavioral
10.5944/educxx1.38634,UNDREM,"Metacognition (understanding, remembering)",student_behavior,peer_reviewed_research,Student Level,Student: Attitudinal/Behavioral
10.5944/educxx1.38634,SCREADCOMP,Reading self-concept: competence,student_attitude,peer_reviewed_research,Student Level,Student: Attitudinal/Behavioral
10.5944/educxx1.38634,SCREADDIFF,Reading self-concept: difficulty,student_attitude,peer_reviewed_research,Student Level,Student: Attitudinal/Behavioral
10.5944/educxx1.38634,PISADIFF,Perception of difficulty of PISA test,student_attitude,peer_reviewed_research,Student Level,Student: Attitudinal/Behavioral
10.5944/educxx1.38634,MMINS,Learning time (minutes per week),curriculum,peer_reviewed_research,School/Teacher Level,School/Teacher: Context
10.5944/educxx1.38634,SMINS,Learning time in science (minutes per week),curriculum,peer_reviewed_research,School/Teacher Level,School/Teacher: Context
10.5944/educxx1.38634,LMINS,Learning time in reading (minutes per week),student_behavior,peer_reviewed_research,Student Level,Student: Attitudinal/Behavioral
10.5944/educxx1.38634,TMINS,Total learning time (minutes per week),curriculum,peer_reviewed_research,School/Teacher Level,School/Teacher: Context
10.5944/educxx1.38634,ST225Q06HA,Expected completion (ISCED 5A/6),student_attitude,peer_reviewed_research,Student Level,Student: Attitudinal/Behavioral
10.5944/educxx1.38634,ST225Q03HA,Expected completion (ISCED 3A),student_attitude,peer_reviewed_research,Student Level,Student: Attitudinal/Behavioral
10.5944/educxx1.38634,ST225Q05HA,Expected completion (ISCED 5B),student_attitude,peer_reviewed_research,Student Level,Student: Attitudinal/Behavioral
10.5944/educxx1.38634,ST225Q02HA,Expected completion (ISCED 3B/C),student_attitude,peer_reviewed_research,Student Level,Student: Attitudinal/Behavioral
10.5944/educxx1.38634,ST225Q01HA,Expected completion (ISCED 2),student_attitude,peer_reviewed_research,Student Level,Student: Attitudinal/Behavioral
10.5944/educxx1.38634,BSMJ,expected occupational status,student_attitude,peer_reviewed_research,Student Level,Student: Attitudinal/Behavioral
10.5944/educxx1.38634,EC158Q02HA,Study time after school (minutes),student_behavior,peer_reviewed_research,Student Level,Student: Attitudinal/Behavioral
10.5944/educxx1.38634,EC159Q02HA,Study time after leaving school (minutes),student_behavior,peer_reviewed_research,Student Level,Student: Attitudinal/Behavioral
10.5944/educxx1.38634,EC158Q02HA,Study time before school (minutes),student_behavior,peer_reviewed_research,Student Level,Student: Attitudinal/Behavioral
10.5944/educxx1.38634,WB176Q01HA,Last homework/study time,student_behavior,peer_reviewed_research,Student Level,Student: Attitudinal/Behavioral
10.5944/educxx1.38634,DISCLIMA,Disciplinary climate,peer_effects,peer_reviewed_research,School/Teacher Level,School/Teacher: Context
10.5944/educxx1.38634,TEACHSUP,Teacher support in reading lessons,teacher,peer_reviewed_research,School/Teacher Level,School/Teacher: Practice
10.5944/educxx1.38634,DIRINS,Teacher-directed instruction,teacher,peer_reviewed_research,School/Teacher Level,School/Teacher: Practice
10.5944/educxx1.38634,PERFEED,Perceived feedback,teacher,peer_reviewed_research,School/Teacher Level,School/Teacher: Practice
10.5944/educxx1.38634,ADAPTIVITY,Adaptation of instruction,teacher,peer_reviewed_research,School/Teacher Level,School/Teacher: Practice
10.5944/educxx1.38634,TEACHINT,Perceived teacher interest,teacher,peer_reviewed_research,School/Teacher Level,School/Teacher: Practice
10.5944/educxx1.38634,STUBEHA,behaviour hindering learning,school,peer_reviewed_research,School/Teacher Level,School/Teacher: Context
10.5944/educxx1.38634,TEACHBEHA,Teacher behaviour hindering learning,school,peer_reviewed_research,School/Teacher Level,School/Teacher: Context
10.5944/educxx1.38634,SC037Q07TA,Seeking feedback from students,school,peer_reviewed_research,School/Teacher Level,School/Teacher: Context
10.5944/educxx1.38634,SC154Q01HA,School assessments to guide learning,school,peer_reviewed_research,School/Teacher Level,School/Teacher: Context
10.5944/educxx1.38634,SC154Q02WA,School assessments for parents,school,peer_reviewed_research,School/Teacher Level,School/Teacher: Context
10.5944/educxx1.38634,SC154Q03WA,School assessments for retention/promotion,school,peer_reviewed_research,School/Teacher Level,School/Teacher: Context
10.5944/educxx1.38634,SC154Q04WA,School assessments for grouping,school,peer_reviewed_research,School/Teacher Level,School/Teacher: Context
10.5944/educxx1.38634,SC154Q05WA,School assessments for comparison,school,peer_reviewed_research,School/Teacher Level,School/Teacher: Context
10.5944/educxx1.38634,SC154Q06WA,School assessments for progress over time,school,peer_reviewed_research,School/Teacher Level,School/Teacher: Context
10.5944/educxx1.38634,SC154Q07WA,School assessments for teacher effectiveness,school,peer_reviewed_research,School/Teacher Level,School/Teacher: Context
10.5944/educxx1.38634,SC154Q08WA,School assessments for curriculum improvement,school,peer_reviewed_research,School/Teacher Level,School/Teacher: Context
10.5944/educxx1.38634,SC154Q09HA,School assessments for adapting teaching,school,peer_reviewed_research,School/Teacher Level,School/Teacher: Context
10.5944/educxx1.38634,SC154Q010WA,School assessments for comparing schools,school,peer_reviewed_research,School/Teacher Level,School/Teacher: Context
10.5944/educxx1.38634,SC154Q011HA,School assessments for certificates,school,peer_reviewed_research,School/Teacher Level,School/Teacher: Context
10.5944/educxx1.38634,SC064Q01TA,Parents discuss progress (initiative),parent_home,peer_reviewed_research,Student Level,Student: SES
10.5944/educxx1.38634,SC064Q02TA,Parents discuss progress (teacher initiative),parent_home,peer_reviewed_research,Student Level,Student: SES
10.5944/educxx1.38634,SC064Q03TA,Parents participate in local government,parent_home,peer_reviewed_research,Student Level,Student: SES
10.5944/educxx1.38634,SC064Q04TA,Parents volunteer in activities,parent_home,peer_reviewed_research,Student Level,Student: SES
10.5944/educxx1.38634,EMOSUPS,Parents emotional support (WLE),parent_home,peer_reviewed_research,Student Level,Student: SES
10.1002/berj.70228,PERSEVAGR,Perseverance,student_behavior,peer_reviewed_research,Student Level,Student: Attitudinal/Behavioral
10.1002/berj.70228,CURIOAGR,Curiosity,student_attitude,peer_reviewed_research,Student Level,Student: Attitudinal/Behavioral
10.1002/berj.70228,MATHEFF,Mathematics self-efficacy,student_attitude,peer_reviewed_research,Student Level,Student: Attitudinal/Behavioral
10.1002/berj.70228,self_efficacy_reasoning,Self-efficacy (reasoning),student_attitude,peer_reviewed_research,Student Level,Student: Attitudinal/Behavioral
10.1002/berj.70228,21st,21st,student_behavior,peer_reviewed_research,Student Level,Student: Attitudinal/Behavioral
10.1002/berj.70228,ANXMAT,Mathematics anxiety,student_attitude,peer_reviewed_research,Student Level,Student: Attitudinal/Behavioral
10.1002/berj.70228,FAMCON,Familiarity with math concepts,student_behavior,peer_reviewed_research,Student Level,Student: Attitudinal/Behavioral
10.1002/berj.70228,FAMSUP,Family support,parent_home,peer_reviewed_research,Student Level,Student: SES
10.1002/berj.70228,TEACHSUP,Mathematics teacher support,teacher,peer_reviewed_research,School/Teacher Level,School/Teacher: Practice
10.1002/berj.70228,COGACRCO,Cognitive activation (reasoning),curriculum,peer_reviewed_research,School/Teacher Level,School/Teacher: Context
10.1002/berj.70228,COGACMCO,Cognitive activation (thinking),curriculum,peer_reviewed_research,School/Teacher Level,School/Teacher: Context
10.1002/berj.70228,DISCLIM,Disciplinary climate in math,school,peer_reviewed_research,School/Teacher Level,School/Teacher: Context
10.1002/berj.70228,SCHSIZE,School size (sum),school,peer_reviewed_research,School/Teacher Level,School/Teacher: Context
10.1080/2331186X.2026.2684391,books_number,Books at home,socioeconomic,peer_reviewed_research,Student Level,Student: SES
10.1080/2331186X.2026.2684391,ict_home_resources_index,ICT home resources,ict,peer_reviewed_research,Student Level,Student: Attitudinal/Behavioral
10.1080/2331186X.2026.2684391,ict_resources_use_index,ICT use during pandemic,ict,peer_reviewed_research,Student Level,Student: Attitudinal/Behavioral
10.1080/2331186X.2026.2684391,device_used_during_closure,Device used during closure,ict,peer_reviewed_research,Student Level,Student: Attitudinal/Behavioral
10.1080/2331186X.2026.2684391,school_autonomy_index,School autonomy,school,peer_reviewed_research,School/Teacher Level,School/Teacher: Context
10.1080/2331186X.2026.2684391,school_climate_bad_index,Bad school climate,school,peer_reviewed_research,School/Teacher Level,School/Teacher: Context
10.1080/2331186X.2026.2684391,teachers_support_in_class_index,Teacher support in class,teacher,peer_reviewed_research,School/Teacher Level,School/Teacher: Practice
10.1080/2331186X.2026.2684391,repetition_primary,Repetition (primary),student_behavior,peer_reviewed_research,Student Level,Student: Attitudinal/Behavioral
10.1080/2331186X.2026.2684391,repetition_lower_secondary,Repetition (lower secondary),student_behavior,peer_reviewed_research,Student Level,Student: Attitudinal/Behavioral
10.1080/2331186X.2026.2684391,missed_classes,Truancy / skipped classes,student_behavior,peer_reviewed_research,Student Level,Student: Attitudinal/Behavioral
10.1080/2331186X.2026.2684391,work_paid_days,Paid work intensity,student_behavior,peer_reviewed_research,Student Level,Student: Attitudinal/Behavioral
10.1080/2331186X.2026.2684391,work_unpaid_days,Unpaid work intensity,student_behavior,peer_reviewed_research,Student Level,Student: Attitudinal/Behavioral
10.1080/2331186X.2026.2684391,homework_access_connectivity_index,Homework access/connectivity,ict,peer_reviewed_research,Student Level,Student: Attitudinal/Behavioral
10.1080/2331186X.2026.2684391,homework_understanding_no_help_index,Homework understanding/no help,parent_home,peer_reviewed_research,Student Level,Student: SES
10.1080/2331186X.2026.2684391,homework_barriers_help_covid,Homework barriers during COVID,parent_home,peer_reviewed_research,Student Level,Student: SES
10.1080/2331186X.2026.2684391,homework_barriers_web_covid,Connectivity barriers during COVID,ict,peer_reviewed_research,Student Level,Student: Attitudinal/Behavioral
10.1080/2331186X.2026.2684391,sense_of_belonging,Sense of school belonging,student_attitude,peer_reviewed_research,Student Level,Student: Attitudinal/Behavioral
10.1080/2331186X.2026.2684391,teachers_certified_rate,Certified teachers rate,teacher,peer_reviewed_research,School/Teacher Level,School/Teacher: Practice
10.1080/2331186X.2026.2684391,teachers_pd_last_3_months,Teacher PD in last 3 months,teacher,peer_reviewed_research,School/Teacher Level,School/Teacher: Practice
10.1080/2331186X.2026.2684391,methods_to_monitor_practice,Methods to monitor teaching,teacher,peer_reviewed_research,School/Teacher Level,School/Teacher: Practice
10.1080/2331186X.2026.2684391,quality_improvements_policies_index,Quality improvement policies,curriculum,peer_reviewed_research,School/Teacher Level,School/Teacher: Context
10.1080/2331186X.2026.2684391,social_emotional_skills_policy,Social-emotional skills policy,curriculum,peer_reviewed_research,School/Teacher Level,School/Teacher: Context
10.1080/2331186X.2026.2684391,urban,Urban location,school,peer_reviewed_research,School/Teacher Level,School/Teacher: Context
10.1080/2331186X.2026.2684391,competition,School competition,school,peer_reviewed_research,School/Teacher Level,School/Teacher: Context
10.1080/2331186X.2026.2684391,admission_academic_record,Admission based on record,school,peer_reviewed_research,School/Teacher Level,School/Teacher: Context
10.1080/2331186X.2026.2684391,admission_religious_philosophy,Religious admission philosophy,school,peer_reviewed_research,School/Teacher Level,School/Teacher: Context
10.1080/2331186X.2026.2684391,disadvantaged_students_share,Disadvantaged students share,socioeconomic,peer_reviewed_research,Student Level,Student: SES
10.1080/2331186X.2026.2684391,immigrant,Immigrant student share,demographic,peer_reviewed_research,Student Level,Student: Demographic
10.1080/2331186X.2026.2684391,gender_male,Male student share,demographic,peer_reviewed_research,Student Level,Student: Demographic
10.1080/2331186X.2026.2684391,homework,Homework time,student_behavior,peer_reviewed_research,Student Level,Student: Attitudinal/Behavioral
10.1080/2331186X.2026.2684391,problem_schoolwork_access_connectivity_index,Schoolwork access/connectivity,ict,peer_reviewed_research,Student Level,Student: Attitudinal/Behavioral
10.1080/2331186X.2026.2684391,problem_schoolwork_understanding_no_help_index,Schoolwork understanding/no help,parent_home,peer_reviewed_research,Student Level,Student: SES
10.1080/2331186X.2026.2684391,remote_learning_proportion,Proportion in distance learning,curriculum,peer_reviewed_research,School/Teacher Level,School/Teacher: Context
10.1080/2331186X.2026.2684391,remote_instruction_hindered_by_digital_access,Remote instruction hindered by devices,ict,peer_reviewed_research,Student Level,Student: Attitudinal/Behavioral
10.1080/2331186X.2026.2684391,remote_instruction_hindered_by_internet_access,Remote instruction hindered by internet,ict,peer_reviewed_research,Student Level,Student: Attitudinal/Behavioral
10.1080/2331186X.2026.2684391,remote_instruction_hindered_by_system_material,Remote instruction hindered by system/material,curriculum,peer_reviewed_research,School/Teacher Level,School/Teacher: Context
10.1080/2331186X.2026.2684391,days_school_closed,Days school closed,system_level,peer_reviewed_research,System/Country Level,System: Policy/Context
10.1080/2331186X.2026.2684391,resources_to_support_students_learning,Resources to support students,curriculum,peer_reviewed_research,School/Teacher Level,School/Teacher: Context
10.1080/2331186X.2026.2684391,teacher_communication_students_parents,Teacher communication with students/parents,teacher,peer_reviewed_research,School/Teacher Level,School/Teacher: Practice
10.1080/2331186X.2026.2684391,resources_to_support_teachers_remote_learning,Resources to support teachers,teacher,peer_reviewed_research,School/Teacher Level,School/Teacher: Practice
10.1080/2331186X.2026.2684391,teachers_have_skills_for_instruction,Teachers have digital instruction skills,teacher,peer_reviewed_research,School/Teacher Level,School/Teacher: Practice
10.1080/2331186X.2026.2684391,teachers_have_time_integrate_devices,Teachers have time to integrate devices,teacher,peer_reviewed_research,School/Teacher Level,School/Teacher: Practice
10.1080/2331186X.2026.2684391,teachers_have_learning_support_platform,Teachers have learning support platform,ict,peer_reviewed_research,Student Level,Student: Attitudinal/Behavioral
10.1080/2331186X.2026.2684391,school_infrastructure_physical,Physical school infrastructure,school,peer_reviewed_research,School/Teacher Level,School/Teacher: Context
10.1080/2331186X.2026.2684391,school_infrastructure_educational,Educational school infrastructure,school,peer_reviewed_research,School/Teacher Level,School/Teacher: Context
10.1080/2331186X.2026.2684391,student_teacher_ratio_inverse,Student-teacher ratio (inverse),school,peer_reviewed_research,School/Teacher Level,School/Teacher: Context
10.1080/2331186X.2026.2684391,family_ses,Family SES,socioeconomic,peer_reviewed_research,Student Level,Student: SES
10.3390/educsci16071076,ST216Q01HA,Unusual situations coping,student_behavior,peer_reviewed_research,Student Level,Student: Attitudinal/Behavioral
10.3390/educsci16071076,ST216Q02HA,Change behavior for new situations,student_behavior,peer_reviewed_research,Student Level,Student: Attitudinal/Behavioral
10.3390/educsci16071076,ST216Q05HA,Resolve difficult intercultural situations,student_behavior,peer_reviewed_research,Student Level,Student: Attitudinal/Behavioral
10.3390/educsci16071076,ST216Q03HA,Adapt under stress,student_behavior,peer_reviewed_research,Student Level,Student: Attitudinal/Behavioral
10.3390/educsci16071076,ST216Q06HA,Overcome difficulties interacting,student_behavior,peer_reviewed_research,Student Level,Student: Attitudinal/Behavioral
10.3390/educsci16071076,ST217Q05HA,Value opinions of other cultures,student_attitude,peer_reviewed_research,Student Level,Student: Attitudinal/Behavioral
10.3390/educsci16071076,ST217Q03HA,Give space to other cultures,student_attitude,peer_reviewed_research,Student Level,Student: Attitudinal/Behavioral
10.3390/educsci16071076,ST217Q04HA,Respect values of other cultures,student_attitude,peer_reviewed_research,Student Level,Student: Attitudinal/Behavioral
10.3390/educsci16071076,ST217Q02HA,Respect regardless of cultural background,student_attitude,peer_reviewed_research,Student Level,Student: Attitudinal/Behavioral
10.3390/educsci16071076,ST217Q01HA,Respect people as equal humans,student_attitude,peer_reviewed_research,Student Level,Student: Attitudinal/Behavioral
10.3390/educsci16071076,ST215Q02HA,Look at both sides,student_behavior,peer_reviewed_research,Student Level,Student: Attitudinal/Behavioral
10.3390/educsci16071076,ST215Q05HA,Take others' perspective when upset,student_behavior,peer_reviewed_research,Student Level,Student: Attitudinal/Behavioral
10.3390/educsci16071076,ST215Q01HA,Consider all sides before deciding,student_behavior,peer_reviewed_research,Student Level,Student: Attitudinal/Behavioral
10.3390/educsci16071076,ST215Q04HA,Imagine feelings before criticizing,student_behavior,peer_reviewed_research,Student Level,Student: Attitudinal/Behavioral
10.3390/educsci16071076,ST215Q03HA,Understand friends' perspectives,student_behavior,peer_reviewed_research,Student Level,Student: Attitudinal/Behavioral
10.3390/educsci16071076,ST214Q03HA,Interest in how cultures see world,student_attitude,peer_reviewed_research,Student Level,Student: Attitudinal/Behavioral
10.3390/educsci16071076,ST214Q01HA,Learn how people live abroad,student_attitude,peer_reviewed_research,Student Level,Student: Attitudinal/Behavioral
10.3390/educsci16071076,ST214Q02HA,Learn religions of the world,student_attitude,peer_reviewed_research,Student Level,Student: Attitudinal/Behavioral
10.3390/educsci16071076,ST222Q06HA,Boycott for ethical/environmental reasons,student_behavior,peer_reviewed_research,Student Level,Student: Attitudinal/Behavioral
10.3390/educsci16071076,ST222Q03HA,Sign online petitions,student_behavior,peer_reviewed_research,Student Level,Student: Attitudinal/Behavioral
10.3390/educsci16071076,ST204Q02HA,Equal education opportunities for immigrants,student_attitude,peer_reviewed_research,Student Level,Student: Attitudinal/Behavioral
10.3390/educsci16071076,immigrants_keep_customs,Immigrants keep customs,demographic,peer_reviewed_research,Student Level,Student: Demographic
10.3390/educsci16071076,lifestyle,lifestyle,student_behavior,peer_reviewed_research,Student Level,Student: Attitudinal/Behavioral
10.3390/educsci16071076,ST204Q05HA,Equal rights for immigrants,student_attitude,peer_reviewed_research,Student Level,Student: Attitudinal/Behavioral
10.3390/educsci16071076,ST219Q02HA,Responsibility for global poverty,student_attitude,peer_reviewed_research,Student Level,Student: Attitudinal/Behavioral
10.3390/educsci16071076,ST219Q01HA,Citizen of the world identity,student_attitude,peer_reviewed_research,Student Level,Student: Attitudinal/Behavioral
10.3390/educsci16071076,ST219Q03HA,Behavior impacts other countries,student_attitude,peer_reviewed_research,Student Level,Student: Attitudinal/Behavioral
10.3390/educsci16071076,ST197Q01HA,Awareness of climate change,student_attitude,peer_reviewed_research,Student Level,Student: Attitudinal/Behavioral
10.3390/educsci16071076,ST197Q09HA,Knowledge of causes of poverty,student_attitude,peer_reviewed_research,Student Level,Student: Attitudinal/Behavioral
10.36244/ICJ.2024.5.2,BSDMLOWP,Mathematics achievement too low,prior_achievement,peer_reviewed_research,Student Level,Student: Prior Achievement
10.36244/ICJ.2024.5.2,BCBG11,Classroom libraries,school,peer_reviewed_research,School/Teacher Level,School/Teacher: Context
10.36244/ICJ.2024.5.2,BSDSLOWP,Science achievement too low,prior_achievement,peer_reviewed_research,Student Level,Student: Prior Achievement
10.36244/ICJ.2024.5.2,BSBM15,Work on your own,student_behavior,peer_reviewed_research,Student Level,Student: Attitudinal/Behavioral
10.36244/ICJ.2024.5.2,BCDGSRS,Instruction affected by science shortage,school,peer_reviewed_research,School/Teacher Level,School/Teacher: Context
10.36244/ICJ.2024.5.2,BCBG21B,Educational leadership qualification,school,peer_reviewed_research,School/Teacher Level,School/Teacher: Context
10.36244/ICJ.2024.5.2,BSDGSCM,confident in mathematics,student_attitude,peer_reviewed_research,Student Level,Student: Attitudinal/Behavioral
10.36244/ICJ.2024.5.2,BSBM19C,Mathematics not my strength,student_attitude,peer_reviewed_research,Student Level,Student: Attitudinal/Behavioral
10.36244/ICJ.2024.5.2,BTBM14,Time spent math instruction minutes,curriculum,peer_reviewed_research,School/Teacher Level,School/Teacher: Context
10.36244/ICJ.2024.5.2,BCDGMRS,Instruction affected by math shortage,school,peer_reviewed_research,School/Teacher Level,School/Teacher: Context
10.36244/ICJ.2024.5.2,BSBE27,Earth science experiments frequency,student_behavior,peer_reviewed_research,Student Level,Student: Attitudinal/Behavioral
10.36244/ICJ.2024.5.2,BSBB22,Biology experiments frequency,student_behavior,peer_reviewed_research,Student Level,Student: Attitudinal/Behavioral
,ITSEX,Gender,demographic,peer_reviewed_research,Student Level,Student: Demographic
,BSBG03,Speak at home frequency,demographic,peer_reviewed_research,Student Level,Student: Demographic
,BSBG08,Educational expectations,student_attitude,peer_reviewed_research,Student Level,Student: Attitudinal/Behavioral
,BSBG11,Absenteeism frequency,student_behavior,peer_reviewed_research,Student Level,Student: Attitudinal/Behavioral
,BSBG12,Breakfast on school days,student_behavior,peer_reviewed_research,Student Level,Student: Attitudinal/Behavioral
,BSBGSCM,Confidence in mathematics,student_attitude,peer_reviewed_research,Student Level,Student: Attitudinal/Behavioral
,BSBGSVM,Value of mathematics,student_attitude,peer_reviewed_research,Student Level,Student: Attitudinal/Behavioral
,BSBGSLM,Enjoyment of learning math,student_attitude,peer_reviewed_research,Student Level,Student: Attitudinal/Behavioral
,BSBGHER,Home educational resources,socioeconomic,peer_reviewed_research,Student Level,Student: SES
,BSDMLOWP,Math too low for estimation,prior_achievement,peer_reviewed_research,Student Level,Student: Prior Achievement
,BSDMWKHW,Weekly math homework time,student_behavior,peer_reviewed_research,Student Level,Student: Attitudinal/Behavioral
,BSBGSB,Sense of school belonging,student_attitude,peer_reviewed_research,Student Level,Student: Attitudinal/Behavioral
,BSBGSB,bullying,student_behavior,peer_reviewed_research,Student Level,Student: Attitudinal/Behavioral
,BSBGEML,Engaging teaching in math,teacher,peer_reviewed_research,School/Teacher Level,School/Teacher: Practice
,BSBG06A,Access textbooks,socioeconomic,peer_reviewed_research,Student Level,Student: SES
,BSBG06B,Access assignments,socioeconomic,peer_reviewed_research,Student Level,Student: SES
,BSBG06C,Study desk availability,socioeconomic,peer_reviewed_research,Student Level,Student: SES
,BSBG06D,Own room availability,socioeconomic,peer_reviewed_research,Student Level,Student: SES
,BSBG06E,Internet connection at home,socioeconomic,peer_reviewed_research,Student Level,Student: SES
,BSBG06F,Own mobile phone,socioeconomic,peer_reviewed_research,Student Level,Student: SES
,BSBG06G,Gaming system at home,socioeconomic,peer_reviewed_research,Student Level,Student: SES
,BSBG06H,Heating systems at home,socioeconomic,peer_reviewed_research,Student Level,Student: SES
,BSBG06I,Cooling systems at home,socioeconomic,peer_reviewed_research,Student Level,Student: SES
,BSBG06J,Washing machine at home,socioeconomic,peer_reviewed_research,Student Level,Student: SES
,BSBG06K,Dishwasher at home,socioeconomic,peer_reviewed_research,Student Level,Student: SES
,BSBG14A,Access textbooks (home),socioeconomic,peer_reviewed_research,Student Level,Student: SES
,BSBG14B,Access assignments (home),socioeconomic,peer_reviewed_research,Student Level,Student: SES
,BSBG14C,Collaborate with classmates,student_behavior,peer_reviewed_research,Student Level,Student: Attitudinal/Behavioral
,BSBG14D,Communicate with teacher,teacher,peer_reviewed_research,School/Teacher Level,School/Teacher: Practice
,BSBG14E,Find info to aid in math,student_behavior,peer_reviewed_research,Student Level,Student: Attitudinal/Behavioral
,BSBG14F,Own room (home),socioeconomic,peer_reviewed_research,Student Level,Student: SES
,BSBG14G,Internet connection (home),socioeconomic,peer_reviewed_research,Student Level,Student: SES
,BSBG14B,Access assignments (school),curriculum,peer_reviewed_research,School/Teacher Level,School/Teacher: Context
,BSBG14C,Collaborate with classmates (school),curriculum,peer_reviewed_research,School/Teacher Level,School/Teacher: Context
,BSBG14D,Communicate with teacher (school),curriculum,peer_reviewed_research,School/Teacher Level,School/Teacher: Context
,BSBG14E,Find info to aid in math (school),curriculum,peer_reviewed_research,School/Teacher Level,School/Teacher: Context
,BSBG13A,Computer tablet use (home),ict,peer_reviewed_research,Student Level,Student: Attitudinal/Behavioral
,BSBG13B,Computer tablet use (school),ict,peer_reviewed_research,Student Level,Student: Attitudinal/Behavioral
,BSBG13C,Computer tablet use frequency,ict,peer_reviewed_research,Student Level,Student: Attitudinal/Behavioral
,BSBM38AA,Extra lessons last 12 months,curriculum,peer_reviewed_research,School/Teacher Level,School/Teacher: Context
,BSBM39AA,Extra lessons duration (months),curriculum,peer_reviewed_research,School/Teacher Level,School/Teacher: Context
,BSBG06F,Own mobile phone (home),ict,peer_reviewed_research,Student Level,Student: Attitudinal/Behavioral
,BSBG06G,Gaming system (home),ict,peer_reviewed_research,Student Level,Student: Attitudinal/Behavioral
,BSBG06A,Access textbooks (home),curriculum,peer_reviewed_research,School/Teacher Level,School/Teacher: Context
,BSBG06B,Access assignments (home),curriculum,peer_reviewed_research,School/Teacher Level,School/Teacher: Context
,BSBG06C,Study desk (home),socioeconomic,peer_reviewed_research,Student Level,Student: SES
,BSBG06D,Own room (home),socioeconomic,peer_reviewed_research,Student Level,Student: SES
,BSBG06E,Internet connection (home),ict,peer_reviewed_research,Student Level,Student: Attitudinal/Behavioral
,BSBG06H,Heating systems (home),socioeconomic,peer_reviewed_research,Student Level,Student: SES
,BSBG06I,Cooling systems (home),socioeconomic,peer_reviewed_research,Student Level,Student: SES
,BSBG06J,Washing machine (home),socioeconomic,peer_reviewed_research,Student Level,Student: SES
,BSBG06K,Dishwasher (home),socioeconomic,peer_reviewed_research,Student Level,Student: SES
10.3389/fpubh.2026.1911565,country_economy,Country/economy context,system_level,peer_reviewed_research,System/Country Level,System: Policy/Context
10.3389/fpubh.2026.1911565,ISCED_stratum,ISCED education stratum,curriculum,peer_reviewed_research,School/Teacher Level,School/Teacher: Context
10.3389/fpubh.2026.1911565,teacher_background,Teacher background indicators,teacher,peer_reviewed_research,School/Teacher Level,School/Teacher: Practice
10.3389/fpubh.2026.1911565,broad_work_stress_index,Work-related stress index,student_behavior,peer_reviewed_research,Student Level,Student: Attitudinal/Behavioral
10.3389/fpubh.2026.1911565,perceived_ai_benefits,Perceived AI benefits,teacher,peer_reviewed_research,School/Teacher Level,School/Teacher: Practice
10.3389/fpubh.2026.1911565,perceived_ai_risks,Perceived AI risks,teacher,peer_reviewed_research,School/Teacher Level,School/Teacher: Practice
10.3389/fpubh.2026.1911565,ai_task_breadth,Breadth of AI task use,curriculum,peer_reviewed_research,School/Teacher Level,School/Teacher: Context
10.3389/fpubh.2026.1911565,ai_use_barriers,AI-use barriers,teacher,peer_reviewed_research,School/Teacher Level,School/Teacher: Practice
10.3389/fpubh.2026.1911565,gender,Gender,demographic,peer_reviewed_research,Student Level,Student: Demographic
10.3389/fpubh.2026.1911565,workload,Workload,teacher,peer_reviewed_research,School/Teacher Level,School/Teacher: Practice
10.3389/fpubh.2026.1911565,employment_work_time_status,Employment/work-time status,teacher,peer_reviewed_research,School/Teacher Level,School/Teacher: Practice
10.3389/fpubh.2026.1911565,age_group,Age group,demographic,peer_reviewed_research,Student Level,Student: Demographic
10.3389/fpubh.2026.1911565,overwhelmed_new_tech,Overwhelmed by new tech,student_attitude,peer_reviewed_research,Student Level,Student: Attitudinal/Behavioral
10.15388/infedu.2605.036,TT4G24G,Declared AI learning need,curriculum,peer_reviewed_research,School/Teacher Level,School/Teacher: Context
10.15388/infedu.2605.036,T4SEDRT,Digital self-efficacy (digital tools),teacher,peer_reviewed_research,School/Teacher Level,School/Teacher: Practice
10.15388/infedu.2605.036,T4EXINF,Professional exchange of ideas,teacher,peer_reviewed_research,School/Teacher Level,School/Teacher: Practice
10.15388/infedu.2605.036,T4COLES,Professional collaboration in lessons,teacher,peer_reviewed_research,School/Teacher Level,School/Teacher: Practice
10.15388/infedu.2605.036,teaching_experience_years_group,Teaching experience (years group),teacher,peer_reviewed_research,School/Teacher Level,School/Teacher: Practice
10.15388/infedu.2605.036,TC4G40E,School shortage of digital tech,school,peer_reviewed_research,School/Teacher Level,School/Teacher: Context
10.15388/infedu.2605.036,TC4G40F,School insufficient internet access,school,peer_reviewed_research,School/Teacher Level,School/Teacher: Context
10.15388/infedu.2605.036,TC4G28A,School digital leadership support,school,peer_reviewed_research,School/Teacher Level,School/Teacher: Context
10.15388/infedu.2605.036,T4PLEADS,Instructional leadership,school,peer_reviewed_research,School/Teacher Level,School/Teacher: Context
10.15388/infedu.2605.036,T4POPPART,Opportunities for staff decisions,school,peer_reviewed_research,School/Teacher Level,School/Teacher: Context
10.3390/math11061318,Age,Age,demographic,peer_reviewed_research,Student Level,Student: Demographic
10.3390/math11061318,Gender,Gender,demographic,peer_reviewed_research,Student Level,Student: Demographic
10.3390/math11061318,ST005Q01TA,Mother education level,socioeconomic,peer_reviewed_research,Student Level,Student: SES
10.3390/math11061318,ST007Q01TA,Father education level,socioeconomic,peer_reviewed_research,Student Level,Student: SES
10.3390/math11061318,ST006Q01TA,Mother qualification ISCED,socioeconomic,peer_reviewed_research,Student Level,Student: SES
10.3390/math11061318,ST006Q02TA,Father qualification ISCED,socioeconomic,peer_reviewed_research,Student Level,Student: SES
10.3390/math11061318,ST006Q03TA,Mother qualification ISCED (alt),socioeconomic,peer_reviewed_research,Student Level,Student: SES
10.3390/math11061318,ST008Q01TA,Father qualification ISCED (alt),socioeconomic,peer_reviewed_research,Student Level,Student: SES
10.3390/math11061318,ST008Q02TA,Mother qualification ISCED (alt2),socioeconomic,peer_reviewed_research,Student Level,Student: SES
10.3390/math11061318,ST008Q03TA,Father qualification ISCED (alt2),socioeconomic,peer_reviewed_research,Student Level,Student: SES
10.3390/math11061318,ISCED0,Age started ISCED 0,demographic,peer_reviewed_research,Student Level,Student: Demographic
10.3390/math11061318,ST125Q01NA,Age started ISCED 0,demographic,peer_reviewed_research,Student Level,Student: Demographic
10.3390/math11061318,MISCED,Mother education ISCED,socioeconomic,peer_reviewed_research,Student Level,Student: SES
10.3390/math11061318,FISCED,Father education ISCED,socioeconomic,peer_reviewed_research,Student Level,Student: SES
10.3390/math11061318,HISCED,Highest parental education ISCED,socioeconomic,peer_reviewed_research,Student Level,Student: SES
10.3390/math11061318,Desk,Desk to study,parent_home,peer_reviewed_research,Student Level,Student: SES
10.3390/math11061318,Room,Own room to study,parent_home,peer_reviewed_research,Student Level,Student: SES
10.3390/math11061318,quiet_place_to_study,Quiet place to study,parent_home,peer_reviewed_research,Student Level,Student: SES
10.3390/math11061318,pc_for_schoolwork,PC for schoolwork,ict,peer_reviewed_research,Student Level,Student: Attitudinal/Behavioral
10.3390/math11061318,educational_software,Educational software,ict,peer_reviewed_research,Student Level,Student: Attitudinal/Behavioral
10.3390/math11061318,Internet,Internet access,ict,peer_reviewed_research,Student Level,Student: Attitudinal/Behavioral
10.3390/math11061318,classic_literature_at_home,Classic literature at home,parent_home,peer_reviewed_research,Student Level,Student: SES
10.3390/math11061318,poetry_books_at_home,Poetry books at home,parent_home,peer_reviewed_research,Student Level,Student: SES
10.3390/math11061318,works_of_art_at_home,Works of art at home,parent_home,peer_reviewed_research,Student Level,Student: SES
10.3390/math11061318,school_books_at_home,School books at home,parent_home,peer_reviewed_research,Student Level,Student: SES
10.3390/math11061318,technical_books_at_home,Technical books at home,parent_home,peer_reviewed_research,Student Level,Student: SES
10.3390/math11061318,Dictionary,Dictionary at home,parent_home,peer_reviewed_research,Student Level,Student: SES
10.3390/math11061318,art_books_at_home,Art books at home,parent_home,peer_reviewed_research,Student Level,Student: SES
10.3390/math11061318,TV,Televisions at home,parent_home,peer_reviewed_research,Student Level,Student: SES
10.3390/math11061318,Cars,Cars at home,parent_home,peer_reviewed_research,Student Level,Student: SES
10.3390/math11061318,Smartphones,Smartphones at home,ict,peer_reviewed_research,Student Level,Student: Attitudinal/Behavioral
10.3390/math11061318,Computers,Computers at home,ict,peer_reviewed_research,Student Level,Student: Attitudinal/Behavioral
10.3390/math11061318,tablet_computers_at_home,Tablet computers at home,ict,peer_reviewed_research,Student Level,Student: Attitudinal/Behavioral
10.3390/math11061318,e_book_readers_at_home,E-book readers at home,ict,peer_reviewed_research,Student Level,Student: Attitudinal/Behavioral
10.3390/math11061318,musical_instruments_at_home,Musical instruments at home,parent_home,peer_reviewed_research,Student Level,Student: SES
10.3390/math11061318,Books,Books at home,parent_home,peer_reviewed_research,Student Level,Student: SES
10.3390/math11061318,Support_Achievements,Parents support achievements,parent_home,peer_reviewed_research,Student Level,Student: SES
10.3390/math11061318,Support_Difﬁculties,Parents support difficulties,parent_home,peer_reviewed_research,Student Level,Student: SES
10.3390/math11061318,Encourage,Parents encourage confidence,parent_home,peer_reviewed_research,Student Level,Student: SES
10.3390/math11061318,PerWeek_TLanguage,Class periods per week (test language),curriculum,peer_reviewed_research,School/Teacher Level,School/Teacher: Context
10.3390/math11061318,PerWeek_Math,Class periods per week (math),curriculum,peer_reviewed_research,School/Teacher Level,School/Teacher: Context
10.3390/math11061318,PerWeek_Science,Class periods per week (science),curriculum,peer_reviewed_research,School/Teacher Level,School/Teacher: Context
10.3390/math11061318,PerWeek_FLanguage,Class periods per week (foreign language),curriculum,peer_reviewed_research,School/Teacher Level,School/Teacher: Context
10.1007/s11135-026-02915-7,Math_Score,Mathematics score,prior_achievement,peer_reviewed_research,Student Level,Student: Prior Achievement
10.1007/s11135-026-02915-7,Reading_Score,Reading score,prior_achievement,peer_reviewed_research,Student Level,Student: Prior Achievement
10.1007/s11135-026-02915-7,Science_Score,Science score,prior_achievement,peer_reviewed_research,Student Level,Student: Prior Achievement
10.1007/s11159-023-10026-w,GCSELFEFF,Self-efficacy on global issues,student_attitude,peer_reviewed_research,Student Level,Student: Attitudinal/Behavioral
10.1007/s11159-023-10026-w,GCAWARE,Awareness of global issues,student_attitude,peer_reviewed_research,Student Level,Student: Attitudinal/Behavioral
10.1007/s11159-023-10026-w,AWACOM,Awareness of intercultural communication,student_attitude,peer_reviewed_research,Student Level,Student: Attitudinal/Behavioral
10.1007/s11159-023-10026-w,PERSPECT,Perspective-taking capability,student_attitude,peer_reviewed_research,Student Level,Student: Attitudinal/Behavioral
10.1007/s11159-023-10026-w,COGFLEX,Flexibility with difficult situations,student_attitude,peer_reviewed_research,Student Level,Student: Attitudinal/Behavioral
10.1007/s11159-023-10026-w,RESPECT,Respect for other cultures,student_attitude,peer_reviewed_research,Student Level,Student: Attitudinal/Behavioral
10.1007/s11159-023-10026-w,public_private,School type (public/private),school,peer_reviewed_research,School/Teacher Level,School/Teacher: Context
10.1007/s11159-023-10026-w,gender,Gender,demographic,peer_reviewed_research,Student Level,Student: Demographic
10.3390/systems14060620,PR,Property rights,system_level,peer_reviewed_research,System/Country Level,System: Policy/Context
10.3390/systems14060620,GI,Government integrity,system_level,peer_reviewed_research,System/Country Level,System: Policy/Context
10.3390/systems14060620,GS,Government spending,system_level,peer_reviewed_research,System/Country Level,System: Policy/Context
10.3390/systems14060620,TB,Tax burden,system_level,peer_reviewed_research,System/Country Level,System: Policy/Context
10.3390/systems14060620,TF,Trade freedom,system_level,peer_reviewed_research,System/Country Level,System: Policy/Context
10.3390/systems14060620,BF,Business freedom,system_level,peer_reviewed_research,System/Country Level,System: Policy/Context
10.3390/systems14060620,LF,Labor freedom,system_level,peer_reviewed_research,System/Country Level,System: Policy/Context
10.3390/systems14060620,IF,Investment freedom,system_level,peer_reviewed_research,System/Country Level,System: Policy/Context
10.3390/systems14060620,MF,Monetary freedom,system_level,peer_reviewed_research,System/Country Level,System: Policy/Context
10.3390/systems14060620,IY,Judicial effectiveness,system_level,peer_reviewed_research,System/Country Level,System: Policy/Context
10.3390/systems14060620,index_year_time_reference,Index year (time reference),system_level,peer_reviewed_research,System/Country Level,System: Policy/Context
10.1016/j.paid.2026.113952,MATHEF21,Mathematics self-efficacy (reasoning),student_attitude,peer_reviewed_research,Student Level,Student: Attitudinal/Behavioral
10.1016/j.paid.2026.113952,STRESAGR,Stress resistance,student_attitude,peer_reviewed_research,Student Level,Student: Attitudinal/Behavioral
10.1016/j.paid.2026.113952,MATHEFF,Mathematics self-efficacy (formal/applied),student_attitude,peer_reviewed_research,Student Level,Student: Attitudinal/Behavioral
10.1016/j.paid.2026.113952,PROBSELF,Problems with self-directed learning,student_behavior,peer_reviewed_research,Student Level,Student: Attitudinal/Behavioral
10.1016/j.paid.2026.113952,MATHEASE,Perceived math easier than others,student_attitude,peer_reviewed_research,Student Level,Student: Attitudinal/Behavioral
10.1016/j.paid.2026.113952,MATHPERS,Proactive mathematics study behavior,student_behavior,peer_reviewed_research,Student Level,Student: Attitudinal/Behavioral
10.1016/j.paid.2026.113952,MATHPREF,Preference for mathematics,student_attitude,peer_reviewed_research,Student Level,Student: Attitudinal/Behavioral
10.1016/j.paid.2026.113952,FAMCON,Familiarity with mathematics concepts,student_behavior,peer_reviewed_research,Student Level,Student: Attitudinal/Behavioral
10.1016/j.paid.2026.113952,PV1MATH,Mathematics achievement (PV1),prior_achievement,peer_reviewed_research,Student Level,Student: Prior Achievement
10.1016/j.paid.2026.113952,SDLEFF,Self-directed learning self-efficacy,student_attitude,peer_reviewed_research,Student Level,Student: Attitudinal/Behavioral
10.1016/j.paid.2026.113952,TOTMATH,Total math teachers at school,school,peer_reviewed_research,School/Teacher Level,School/Teacher: Context
10.1016/j.paid.2026.113952,PROPMATH,Proportion of math teachers,school,peer_reviewed_research,School/Teacher Level,School/Teacher: Context
10.1016/j.paid.2026.113952,DIGPREP,Preparedness for digital learning,ict,peer_reviewed_research,Student Level,Student: Attitudinal/Behavioral
10.1016/j.paid.2026.113952,INSTLEAD,Instructional leadership,school,peer_reviewed_research,School/Teacher Level,School/Teacher: Context
10.1016/j.paid.2026.113952,STUBEHA,behaviors undermining climate,school,peer_reviewed_research,School/Teacher Level,School/Teacher: Context
10.1016/j.paid.2026.113952,TOTAT,Total teachers at school,school,peer_reviewed_research,School/Teacher Level,School/Teacher: Context
10.1016/j.paid.2026.113952,RATCMP1,Availability of computers,ict,peer_reviewed_research,Student Level,Student: Attitudinal/Behavioral
10.1016/j.paid.2026.113952,SCHSIZE,School size,school,peer_reviewed_research,School/Teacher Level,School/Teacher: Context
10.1016/j.paid.2026.113952,MATHEXC,Mathematics extension courses,curriculum,peer_reviewed_research,School/Teacher Level,School/Teacher: Context
10.1016/j.ijer.2025.102537,MATHEFF,Mathematics self-efficacy,student_attitude,peer_reviewed_research,Student Level,Student: Attitudinal/Behavioral
10.1016/j.ijer.2025.102537,ESCS,Socioeconomic status (ESCS),socioeconomic,peer_reviewed_research,Student Level,Student: SES
10.1016/j.ijer.2025.102537,FAMCON,Familiarity with math concepts,student_behavior,peer_reviewed_research,Student Level,Student: Attitudinal/Behavioral
10.1016/j.ijer.2025.102537,BSMJ,Expected occupation status,student_attitude,peer_reviewed_research,Student Level,Student: Attitudinal/Behavioral
10.1016/j.ijer.2025.102537,FAMSUPSL,Family support for self-learning,parent_home,peer_reviewed_research,Student Level,Student: SES
10.1016/j.ijer.2025.102537,WORKPAY,Working for pay (days/week),student_behavior,peer_reviewed_research,Student Level,Student: Attitudinal/Behavioral
10.1016/j.ijer.2025.102537,FEELLAH,Feelings about learning at home,student_attitude,peer_reviewed_research,Student Level,Student: Attitudinal/Behavioral
10.1016/j.ijer.2025.102537,EXERPRAC,Exercising/practicing sport (days/week),student_behavior,peer_reviewed_research,Student Level,Student: Attitudinal/Behavioral
10.1016/j.ijer.2025.102537,ANXMAT,Mathematics anxiety,student_attitude,peer_reviewed_research,Student Level,Student: Attitudinal/Behavioral
10.1016/j.ijer.2025.102537,ICTRES,ICT resources at home,ict,peer_reviewed_research,Student Level,Student: Attitudinal/Behavioral
10.15390/EB.2020.8477,Turkish_success_status,Turkish language success,prior_achievement,peer_reviewed_research,Student Level,Student: Prior Achievement
10.15390/EB.2020.8477,Anxiety,anxiety,student_attitude,peer_reviewed_research,Student Level,Student: Attitudinal/Behavioral
10.15390/EB.2020.8477,Motivation,motivation,student_attitude,peer_reviewed_research,Student Level,Student: Attitudinal/Behavioral
10.15390/EB.2020.8477,Epistemological_Beliefs,Belief about epistemology,student_attitude,peer_reviewed_research,Student Level,Student: Attitudinal/Behavioral
10.15390/EB.2020.8477,target_point_school_life,Target point in school life,student_attitude,peer_reviewed_research,Student Level,Student: Attitudinal/Behavioral
10.15390/EB.2020.8477,father_education_level,Father education level,socioeconomic,peer_reviewed_research,Student Level,Student: SES
10.15390/EB.2020.8477,mother_education_level,Mother education level,socioeconomic,peer_reviewed_research,Student Level,Student: SES
10.15390/EB.2020.8477,Gender,Gender,demographic,peer_reviewed_research,Student Level,Student: Demographic
10.15390/EB.2020.8477,Class,Grade/class level,demographic,peer_reviewed_research,Student Level,Student: Demographic
10.15390/EB.2020.8477,teachers_call_on_me_less_often,Teachers call less often,teacher,peer_reviewed_research,School/Teacher Level,School/Teacher: Practice
10.15390/EB.2020.8477,teachers_force_me_harder,Teachers force harder,teacher,peer_reviewed_research,School/Teacher Level,School/Teacher: Practice
10.15390/EB.2020.8477,teachers_impression_less_smart,Teachers think less smart,teacher,peer_reviewed_research,School/Teacher Level,School/Teacher: Practice
10.15390/EB.2020.8477,teachers_discipline_more_harshly,Teachers discipline more harshly,teacher,peer_reviewed_research,School/Teacher Level,School/Teacher: Practice
10.15390/EB.2020.8477,teachers_ridicule_in_front,Teachers ridicule in front,teacher,peer_reviewed_research,School/Teacher Level,School/Teacher: Practice
10.15390/EB.2020.8477,teachers_insult_in_front,Teachers insult in front,teacher,peer_reviewed_research,School/Teacher Level,School/Teacher: Practice
10.15390/EB.2020.8477,number_of_lessons_per_week,Lessons per week,curriculum,peer_reviewed_research,School/Teacher Level,School/Teacher: Context
10.15390/EB.2020.8477,Turkish_success_status,Turkish language success status,prior_achievement,peer_reviewed_research,Student Level,Student: Prior Achievement
10.15390/EB.2020.8477,learning_time_allocated_math,Weekly math learning time,curriculum,peer_reviewed_research,School/Teacher Level,School/Teacher: Context
10.15390/EB.2020.8477,study_desk_at_home,Study desk at home,parent_home,peer_reviewed_research,Student Level,Student: SES
10.15390/EB.2020.8477,own_room_at_home,Own room at home,parent_home,peer_reviewed_research,Student Level,Student: SES
10.15390/EB.2020.8477,quiet_place_to_study,Quiet place to study,parent_home,peer_reviewed_research,Student Level,Student: SES
10.15390/EB.2020.8477,computer_at_home_for_schoolwork,Computer for schoolwork,ict,peer_reviewed_research,Student Level,Student: Attitudinal/Behavioral
10.15390/EB.2020.8477,educational_software_at_home,Educational software at home,ict,peer_reviewed_research,Student Level,Student: Attitudinal/Behavioral
10.15390/EB.2020.8477,internet_link_at_home,Internet at home,ict,peer_reviewed_research,Student Level,Student: Attitudinal/Behavioral
10.15390/EB.2020.8477,auxiliary_books_at_home,Auxiliary books at home,parent_home,peer_reviewed_research,Student Level,Student: SES
10.15390/EB.2020.8477,technical_reference_books_at_home,Technical reference books at home,parent_home,peer_reviewed_research,Student Level,Student: SES
10.15390/EB.2020.8477,teachers_see_low_math_intelligence,Teachers see low math intelligence,teacher,peer_reviewed_research,School/Teacher Level,School/Teacher: Practice
10.15390/EB.2020.8477,disciplined_class_environment,Disciplined class environment,school,peer_reviewed_research,School/Teacher Level,School/Teacher: Context
10.15390/EB.2020.8477,teachers_interest,Teacher interest,teacher,peer_reviewed_research,School/Teacher Level,School/Teacher: Practice
10.15390/EB.2020.8477,Turkish_success_status,Turkish success status,prior_achievement,peer_reviewed_research,Student Level,Student: Prior Achievement
10.1016/j.chbr.2025.100896,S_HISCED,Parent highest education,socioeconomic,peer_reviewed_research,Student Level,Student: SES
10.1016/j.chbr.2025.100896,S_HOMLIT,Home literacy index,socioeconomic,peer_reviewed_research,Student Level,Student: SES
10.1016/j.chbr.2025.100896,S_EXCOMP,Computer experience years,socioeconomic,peer_reviewed_research,Student Level,Student: SES
10.1016/j.chbr.2025.100896,S_SEX,Sex of student,demographic,peer_reviewed_research,Student Level,Student: Demographic
10.1016/j.chbr.2025.100896,S_INTNET,Internet access at home,socioeconomic,peer_reviewed_research,Student Level,Student: SES
10.1016/j.chbr.2025.100896,CTDS,CT disposition (CTDS),student_behavior,peer_reviewed_research,Student Level,Student: Attitudinal/Behavioral
10.1016/j.chbr.2025.100896,S_ACMULT,Academic media multitasking,student_behavior,peer_reviewed_research,Student Level,Student: Attitudinal/Behavioral
10.1016/j.chbr.2025.100896,S_GENEFF,ICT self-efficacy (general),student_attitude,peer_reviewed_research,Student Level,Student: Attitudinal/Behavioral
10.1016/j.chbr.2025.100896,S_SPECEFF,ICT self-efficacy (specialist),student_attitude,peer_reviewed_research,Student Level,Student: Attitudinal/Behavioral
10.1016/j.chbr.2025.100896,S_ICTPOSG,ICT positive attitude (general),student_attitude,peer_reviewed_research,Student Level,Student: Attitudinal/Behavioral
10.1016/j.chbr.2025.100896,S_ICTPOSS,ICT positive attitude (specialist),student_attitude,peer_reviewed_research,Student Level,Student: Attitudinal/Behavioral
10.1016/j.chbr.2025.100896,S_ICTNEG,ICT negative attitude (general),student_attitude,peer_reviewed_research,Student Level,Student: Attitudinal/Behavioral
10.1016/j.chbr.2025.100896,S_ICTFUT,ICT future use expectation,student_attitude,peer_reviewed_research,Student Level,Student: Attitudinal/Behavioral
10.1016/j.chbr.2025.100896,S_LRNINTS,Learning internet tasks at school,school,peer_reviewed_research,School/Teacher Level,School/Teacher: Context
10.1016/j.chbr.2025.100896,S_CTCLS,Learning about CT in class,curriculum,peer_reviewed_research,School/Teacher Level,School/Teacher: Context
10.1016/j.chbr.2025.100896,S_LRNSAFE,Learning safe ICT use at school,curriculum,peer_reviewed_research,School/Teacher Level,School/Teacher: Context
10.1016/j.chbr.2025.100896,S_GENCLASS,Learning with general classroom apps,curriculum,peer_reviewed_research,School/Teacher Level,School/Teacher: Context
10.1016/j.chbr.2025.100896,S_SPECLASS,Learning with specialist classroom apps,curriculum,peer_reviewed_research,School/Teacher Level,School/Teacher: Context
10.1109/CSTE69562.2026.11649574,ai_attitude,AI attitude,student_attitude,peer_reviewed_research,Student Level,Student: Attitudinal/Behavioral
10.1109/CSTE69562.2026.11649574,teacher_collaboration,Teacher collaboration,school,peer_reviewed_research,School/Teacher Level,School/Teacher: Context
10.1109/CSTE69562.2026.11649574,qualification_year,Year of first qualification,teacher,peer_reviewed_research,School/Teacher Level,School/Teacher: Practice
10.1109/CSTE69562.2026.11649574,teaching_joy,Enjoyment of teaching,student_attitude,peer_reviewed_research,Student Level,Student: Attitudinal/Behavioral
10.1109/ICOA66896.2025.11236843,BCBG13B,Teacher promotes learning interest,school,peer_reviewed_research,School/Teacher Level,School/Teacher: Context
10.1109/ICOA66896.2025.11236843,BTBG10,Class size (number of students),school,peer_reviewed_research,School/Teacher Level,School/Teacher: Context
10.1109/ICOA66896.2025.11236843,BTBG09E,Need more time to assist,teacher,peer_reviewed_research,School/Teacher Level,School/Teacher: Practice
10.1109/ICOA66896.2025.11236843,BTBM15C,Memorization-focused teaching,curriculum,peer_reviewed_research,School/Teacher Level,School/Teacher: Context
10.1109/ICOA66896.2025.11236843,teacher_is_kind,Teacher is kind,teacher,peer_reviewed_research,School/Teacher Level,School/Teacher: Practice
10.1109/ICOA66896.2025.11236843,supportive,supportive,student_behavior,peer_reviewed_research,Student Level,Student: Attitudinal/Behavioral
10.1109/ICOA66896.2025.11236843,BTBG13F,Uninterested students,student_behavior,peer_reviewed_research,Student Level,Student: Attitudinal/Behavioral
10.1109/ICOA66896.2025.11236843,BCBG12C,High teacher expectations,teacher,peer_reviewed_research,School/Teacher Level,School/Teacher: Practice
10.1109/ICOA66896.2025.11236843,BTBM19BE,presents mathematical problems,curriculum,peer_reviewed_research,School/Teacher Level,School/Teacher: Context
10.1109/ICOA66896.2025.11236843,BCBG11AF,Shortage of technology support staff,ict,peer_reviewed_research,Student Level,Student: Attitudinal/Behavioral
10.1109/ICOA66896.2025.11236843,BTBM18B,allowed to use smartphones,ict,peer_reviewed_research,Student Level,Student: Attitudinal/Behavioral
10.3390/su18031415,CoC,Control of Corruption,system_level,peer_reviewed_research,System/Country Level,System: Policy/Context
10.3390/su18031415,GE,Government Effectiveness,system_level,peer_reviewed_research,System/Country Level,System: Policy/Context
10.3390/su18031415,PS,Political Stability,system_level,peer_reviewed_research,System/Country Level,System: Policy/Context
10.3390/su18031415,RQ,Regulatory Quality,system_level,peer_reviewed_research,System/Country Level,System: Policy/Context
10.3390/su18031415,RL,Rule of Law,system_level,peer_reviewed_research,System/Country Level,System: Policy/Context
10.3390/su18031415,voice,Voice,student_behavior,peer_reviewed_research,Student Level,Student: Attitudinal/Behavioral
10.3390/su18031415,accountability,Accountability,student_behavior,peer_reviewed_research,Student Level,Student: Attitudinal/Behavioral
10.3390/su18031415,DEM,Democracy Index,system_level,peer_reviewed_research,System/Country Level,System: Policy/Context
10.3390/su18031415,RCAT,Regional Category,system_level,peer_reviewed_research,System/Country Level,System: Policy/Context
10.3390/su18031415,ECAT,Economic Category,system_level,peer_reviewed_research,System/Country Level,System: Policy/Context
10.3390/su18031415,GDP,GDP (total economic size),system_level,peer_reviewed_research,System/Country Level,System: Policy/Context
10.3390/su18031415,GDPPC,GDP per capita,system_level,peer_reviewed_research,System/Country Level,System: Policy/Context
10.3390/su18031415,Year_C,Centered observation year,system_level,peer_reviewed_research,System/Country Level,System: Policy/Context
10.3390/su18031415,PISAM,PISA Mathematics scale mean,prior_achievement,peer_reviewed_research,Student Level,Student: Prior Achievement
10.3390/su18031415,PISAR,PISA Reading scale mean,prior_achievement,peer_reviewed_research,Student Level,Student: Prior Achievement
10.3390/su18031415,PISAS,PISA Science scale mean,prior_achievement,peer_reviewed_research,Student Level,Student: Prior Achievement
10.17616/R3M30D,teacher_gender,Teacher gender,demographic,peer_reviewed_research,Student Level,Student: Demographic
10.17616/R3M30D,teaching_experience,Teaching experience,teacher,peer_reviewed_research,School/Teacher Level,School/Teacher: Practice
10.17616/R3M30D,school_type,School type (academic vs nonacademic),school,peer_reviewed_research,School/Teacher Level,School/Teacher: Context
10.17616/R3M30D,autonomy_support_teacher,Autonomy support (teacher-rated),teacher,peer_reviewed_research,School/Teacher Level,School/Teacher: Practice
10.17616/R3M30D,autonomy_support_student,Autonomy support (student-rated),student_attitude,peer_reviewed_research,Student Level,Student: Attitudinal/Behavioral
10.17616/R3M30D,relationships_teacher,Positive student–teacher relationships (teacher-rated),teacher,peer_reviewed_research,School/Teacher Level,School/Teacher: Practice
10.17616/R3M30D,relationships_student,Positive student–teacher relationships (student-rated),student_attitude,peer_reviewed_research,Student Level,Student: Attitudinal/Behavioral
10.17616/R3M30D,emotional_support_observer,Socioemotional support (observer-rated),process_data,peer_reviewed_research,Student Level,Student: Process Data
10.1002/berj.70095,CTY,Country,system_level,peer_reviewed_research,System/Country Level,System: Policy/Context
10.1002/berj.70095,ITSEX,Sex,demographic,peer_reviewed_research,Student Level,Student: Demographic
10.1002/berj.70095,BSDAGE,Age,demographic,peer_reviewed_research,Student Level,Student: Demographic
10.1002/berj.70095,ITLANG_SA,Language of assessment,demographic,peer_reviewed_research,Student Level,Student: Demographic
10.1002/berj.70095,ME72002_F,Screen visit frequency (F),process_data,peer_reviewed_research,Student Level,Student: Process Data
10.1002/berj.70095,ME72002_R,First-visit time (R),process_data,peer_reviewed_research,Student Level,Student: Process Data
10.1002/berj.70095,ME72002_S,Total time on screen (S),process_data,peer_reviewed_research,Student Level,Student: Process Data
10.1002/berj.70095,BSSEAR01–BSSEAR05,Earth Science plausible values,prior_achievement,peer_reviewed_research,Student Level,Student: Prior Achievement
10.1002/berj.70095,ITADMINI,Administration quality flag,curriculum,peer_reviewed_research,School/Teacher Level,School/Teacher: Context
10.1002/berj.70095,ILRELIAB,Reliability/participation flag,curriculum,peer_reviewed_research,School/Teacher Level,School/Teacher: Context
10.1002/berj.70095,FLAGPT1,Participation quality flag 1,curriculum,peer_reviewed_research,School/Teacher Level,School/Teacher: Context
10.1002/berj.70095,FLAGPT2,Participation quality flag 2,curriculum,peer_reviewed_research,School/Teacher Level,School/Teacher: Context
10.1002/berj.70095,WGTFAC1,Weight factor 1 (WGTFAC1),system_level,peer_reviewed_research,System/Country Level,System: Policy/Context
10.1002/berj.70095,WGTFAC2,Weight factor 2 (WGTFAC2),system_level,peer_reviewed_research,System/Country Level,System: Policy/Context
10.1002/berj.70095,WGTFAC3,Weight factor 3 (WGTFAC3),system_level,peer_reviewed_research,System/Country Level,System: Policy/Context
10.3390/jintelligence14040070,gender,Gender,demographic,peer_reviewed_research,Student Level,Student: Demographic
10.3390/jintelligence14040070,grade_level,Grade level,demographic,peer_reviewed_research,Student Level,Student: Demographic
10.3390/jintelligence14040070,birth_year,Birth year,demographic,peer_reviewed_research,Student Level,Student: Demographic
10.3390/jintelligence14040070,action_variability_average_actions,Average actions per item,process_data,peer_reviewed_research,Student Level,Student: Process Data
10.3390/jintelligence14040070,action_variability_unique_actions,Unique actions count,process_data,peer_reviewed_research,Student Level,Student: Process Data
10.3390/jintelligence14040070,action_variability_predominant_action_prop,Predominant action proportion,process_data,peer_reviewed_research,Student Level,Student: Process Data
10.3390/jintelligence14040070,score_variability_predominant_score_prop,Predominant score proportion,process_data,peer_reviewed_research,Student Level,Student: Process Data
10.3390/jintelligence14040070,expert_engineered_features,Expert-engineered features,process_data,peer_reviewed_research,Student Level,Student: Process Data
10.3390/jintelligence14040070,sequence_length,Sequence length,process_data,peer_reviewed_research,Student Level,Student: Process Data
10.3390/jintelligence14040070,architectural_complexity_model_type,Model type (RNN/GRU/LSTM),process_data,peer_reviewed_research,Student Level,Student: Process Data
10.3390/jintelligence14040070,architectural_complexity_layers,Number of layers,process_data,peer_reviewed_research,Student Level,Student: Process Data
10.3390/jintelligence14040070,architectural_complexity_nodes,Number of hidden nodes,process_data,peer_reviewed_research,Student Level,Student: Process Data
10.3390/educsci16040605,FEMALE,Gender (FEMALE),demographic,peer_reviewed_research,Student Level,Student: Demographic
10.3390/educsci16040605,IMMIG,Immigration status (IMMIG),demographic,peer_reviewed_research,Student Level,Student: Demographic
10.3390/educsci16040605,REPEAT,Grade repetition (REPEAT),demographic,peer_reviewed_research,Student Level,Student: Demographic
10.3390/educsci16040605,ESCS,Socioeconomic status (ESCS),socioeconomic,peer_reviewed_research,Student Level,Student: SES
10.3390/educsci16040605,PV1READ,Reading achievement (PV1READ),prior_achievement,peer_reviewed_research,Student Level,Student: Prior Achievement
10.3390/educsci16040605,PV1SCIE,Science achievement (PV1SCIE),prior_achievement,peer_reviewed_research,Student Level,Student: Prior Achievement
10.3389/fpsyg.2026.1840049,Grade,Grade level,demographic,peer_reviewed_research,Student Level,Student: Demographic
10.3389/fpsyg.2026.1840049,Gender,Gender,demographic,peer_reviewed_research,Student Level,Student: Demographic
10.3389/fpsyg.2026.1840049,Mother_educ,Mother education,socioeconomic,peer_reviewed_research,Student Level,Student: SES
10.3389/fpsyg.2026.1840049,Father_educ,Father education,socioeconomic,peer_reviewed_research,Student Level,Student: SES
10.3389/fpsyg.2026.1840049,Language_bac,Language background,demographic,peer_reviewed_research,Student Level,Student: Demographic
10.3389/fpsyg.2026.1840049,Math_Hour_week,Math hours per week,student_behavior,peer_reviewed_research,Student Level,Student: Attitudinal/Behavioral
10.3389/fpsyg.2026.1840049,Math_instruction_quality,Math instruction quality,curriculum,peer_reviewed_research,School/Teacher Level,School/Teacher: Context
10.3389/fpsyg.2026.1840049,Digital_device_for_school_work,Digital device for schoolwork,ict,peer_reviewed_research,Student Level,Student: Attitudinal/Behavioral
10.3389/fpsyg.2026.1840049,Learning_school_closure,Learning during school closure,curriculum,peer_reviewed_research,School/Teacher Level,School/Teacher: Context
10.3389/fpsyg.2026.1840049,Immigration_status,Immigration status,demographic,peer_reviewed_research,Student Level,Student: Demographic
10.3389/fpsyg.2026.1840049,Cognitive_activation_score,Cognitive activation score,curriculum,peer_reviewed_research,School/Teacher Level,School/Teacher: Context
10.3389/fpsyg.2026.1840049,Exposure_21st_century_skills,Exposure to 21st-century skills,curriculum,peer_reviewed_research,School/Teacher Level,School/Teacher: Context
10.3389/fpsyg.2026.1840049,ESCS_homeposs,ESCS home possessions,socioeconomic,peer_reviewed_research,Student Level,Student: SES
10.3389/fpsyg.2026.1840049,ESCS_Digital_deviceshome,ESCS digital devices at home,socioeconomic,peer_reviewed_research,Student Level,Student: SES
10.3389/fpsyg.2026.1840049,Grade_repetition,Grade repetition,student_behavior,peer_reviewed_research,Student Level,Student: Attitudinal/Behavioral
10.3389/fpsyg.2026.1840049,Truancy,Truancy,student_behavior,peer_reviewed_research,Student Level,Student: Attitudinal/Behavioral
10.3389/fpsyg.2026.1840049,Absenteism,Absenteeism,student_behavior,peer_reviewed_research,Student Level,Student: Attitudinal/Behavioral
10.3389/fpsyg.2026.1840049,Student_Teacher_Relations_Qual,Student-teacher relations quality,teacher,peer_reviewed_research,School/Teacher Level,School/Teacher: Practice
10.3389/fpsyg.2026.1840049,School_Sense_of_belonging,School sense of belonging,school,peer_reviewed_research,School/Teacher Level,School/Teacher: Context
10.3389/fpsyg.2026.1840049,School_bulling,School bullying,school,peer_reviewed_research,School/Teacher Level,School/Teacher: Context
10.3389/fpsyg.2026.1840049,School_Safety,School safety,school,peer_reviewed_research,School/Teacher Level,School/Teacher: Context
10.3389/fpsyg.2026.1840049,School_safety_risks,School safety risks,school,peer_reviewed_research,School/Teacher Level,School/Teacher: Context
10.3389/fpsyg.2026.1840049,Extra_Activities_before_school,Extracurricular before school,student_behavior,peer_reviewed_research,Student Level,Student: Attitudinal/Behavioral
10.3389/fpsyg.2026.1840049,Extra_Activities_after_school,Extracurricular after school,student_behavior,peer_reviewed_research,Student Level,Student: Attitudinal/Behavioral
10.3389/fpsyg.2026.1840049,Online_activities_Time,Online activities time,ict,peer_reviewed_research,Student Level,Student: Attitudinal/Behavioral
10.3389/fpsyg.2026.1840049,Digital_device_usage_behaviors,Digital device usage behaviors,ict,peer_reviewed_research,Student Level,Student: Attitudinal/Behavioral
10.3390/info17040377,TCWKLOAD,Weekly workload index,teacher,peer_reviewed_research,School/Teacher Level,School/Teacher: Practice
10.3390/info17040377,TC215Q01JA,Hours worked last week,teacher,peer_reviewed_research,School/Teacher Level,School/Teacher: Practice
10.3390/info17040377,TC253Q07JA,Leadership makes work easier,teacher,peer_reviewed_research,School/Teacher Level,School/Teacher: Practice
10.3390/info17040377,leadership_trust,Leadership trust,student_behavior,peer_reviewed_research,Student Level,Student: Attitudinal/Behavioral
10.3390/info17040377,support,support,student_behavior,peer_reviewed_research,Student Level,Student: Attitudinal/Behavioral
10.3390/info17040377,TC241Q01JA,Leadership reliability for support,teacher,peer_reviewed_research,School/Teacher Level,School/Teacher: Practice
10.3390/info17040377,TC260Q05JA,Work feels meaningless,student_attitude,peer_reviewed_research,Student Level,Student: Attitudinal/Behavioral
10.3390/info17040377,cheerful,Cheerful,student_behavior,peer_reviewed_research,Student Level,Student: Attitudinal/Behavioral
10.3390/info17040377,in_good_spirits,in good spirits,student_behavior,peer_reviewed_research,Student Level,Student: Attitudinal/Behavioral
10.3390/info17040377,TC251Q04JA,Likelihood to leave teaching,teacher,peer_reviewed_research,School/Teacher Level,School/Teacher: Practice
10.3390/info17040377,TC250Q01JA,Considered giving up teaching,teacher,peer_reviewed_research,School/Teacher Level,School/Teacher: Practice
10.3390/info17040377,TC198Q08HA,Teaching valued in society,student_attitude,peer_reviewed_research,Student Level,Student: Attitudinal/Behavioral
10.3390/info17040377,TC249Q01JA,Years of teaching experience,teacher,peer_reviewed_research,School/Teacher Level,School/Teacher: Practice
10.3390/info17040377,TC045Q02NA,Pedagogical competence,teacher,peer_reviewed_research,School/Teacher Level,School/Teacher: Practice
10.3390/info17040377,TC045Q09NB,Preparedness for special needs,teacher,peer_reviewed_research,School/Teacher Level,School/Teacher: Practice
10.3390/info17040377,TC256Q04JA,Exchanging materials with colleagues,teacher,peer_reviewed_research,School/Teacher Level,School/Teacher: Practice
10.3390/info17040377,TC002Q01NA,Employment/contract status,demographic,peer_reviewed_research,Student Level,Student: Demographic
10.3390/info17040377,STTMG7,Teacher gender,demographic,peer_reviewed_research,Student Level,Student: Demographic
10.1186/s40536-025-00254-x,TT3G33C,Joint activities across classes,teacher,peer_reviewed_research,School/Teacher Level,School/Teacher: Practice
10.1186/s40536-025-00254-x,TT3G33F,Work with other teachers,teacher,peer_reviewed_research,School/Teacher Level,School/Teacher: Practice
10.1186/s40536-025-00254-x,TT3G33G,Attend team conferences,teacher,peer_reviewed_research,School/Teacher Level,School/Teacher: Practice
10.1186/s40536-025-00254-x,TT3G34E,Motivate low-interest students,teacher,peer_reviewed_research,School/Teacher Level,School/Teacher: Practice
10.1186/s40536-025-00254-x,TT3G34J,Use variety of assessment strategies,teacher,peer_reviewed_research,School/Teacher Level,School/Teacher: Practice
10.1186/s40536-025-00254-x,TT3G48C,participate in decisions,school,peer_reviewed_research,School/Teacher Level,School/Teacher: Context
10.1186/s40536-025-00254-x,TT3G48D,Shared responsibility for issues,school,peer_reviewed_research,School/Teacher Level,School/Teacher: Context
10.1186/s40536-025-00254-x,TT3G48E,Collaborative culture mutual support,school,peer_reviewed_research,School/Teacher Level,School/Teacher: Context
10.1186/s40536-025-00254-x,TT3G48F,Shared beliefs about teaching,school,peer_reviewed_research,School/Teacher Level,School/Teacher: Context
10.1186/s40536-025-00254-x,TT3G48G,Consistent school behavior rules,school,peer_reviewed_research,School/Teacher Level,School/Teacher: Context
10.1186/s40536-025-00254-x,TT3G48H,Encourage staff to lead initiatives,school,peer_reviewed_research,School/Teacher Level,School/Teacher: Context
10.1186/s40536-025-00254-x,TT3G49C,Teachers interested in student views,school,peer_reviewed_research,School/Teacher Level,School/Teacher: Context
10.1186/s40536-025-00254-x,TT3G49D,School provides extra assistance,school,peer_reviewed_research,School/Teacher Level,School/Teacher: Context
10.1186/s40536-025-00254-x,TT3G49E,Teachers can rely on each other,school,peer_reviewed_research,School/Teacher Level,School/Teacher: Context
10.1186/s40536-025-00254-x,TT3G05,Formal education/training year,teacher,peer_reviewed_research,School/Teacher Level,School/Teacher: Practice
10.1186/s40536-025-00254-x,TT3G26J,PD involved most colleagues,teacher,peer_reviewed_research,School/Teacher Level,School/Teacher: Practice
10.1186/s40536-025-00254-x,TT3G28C,Lack of employer support for PD,teacher,peer_reviewed_research,School/Teacher Level,School/Teacher: Practice
10.1186/s40536-025-00254-x,TT3G29A3,Observation of teaching by colleagues,teacher,peer_reviewed_research,School/Teacher Level,School/Teacher: Practice
10.1186/s40536-025-00254-x,TT3G29C3,Content knowledge assessed by colleagues,teacher,peer_reviewed_research,School/Teacher Level,School/Teacher: Practice
10.1186/s40536-025-00254-x,TT3G30,Positive impact of feedback,teacher,peer_reviewed_research,School/Teacher Level,School/Teacher: Practice
10.1186/s40536-025-00254-x,TT3G33A,Teach jointly as a team,teacher,peer_reviewed_research,School/Teacher Level,School/Teacher: Practice
10.1186/s40536-025-00254-x,TT3G33H,Collaborative professional learning,teacher,peer_reviewed_research,School/Teacher Level,School/Teacher: Practice
10.1186/s40536-025-00254-x,TT3G40E,Control over homework amount,teacher,peer_reviewed_research,School/Teacher Level,School/Teacher: Practice
10.1186/s40536-025-00254-x,TC3G12,School managed publicly/privately,school,peer_reviewed_research,School/Teacher Level,School/Teacher: Context
10.3390/jintelligence14040070,total_response_time,Total response time,process_data,peer_reviewed_research,Student Level,Student: Process Data
10.3390/jintelligence14040070,time_on_each_event,Time on each event,process_data,peer_reviewed_research,Student Level,Student: Process Data
10.3390/jintelligence14040070,time_before_first_attempt,Time before first attempt,process_data,peer_reviewed_research,Student Level,Student: Process Data
10.3390/jintelligence14040070,rapid_response_indicator,Rapid response indicator,process_data,peer_reviewed_research,Student Level,Student: Process Data
10.3390/jintelligence14040070,total_number_of_events,Total number of events,process_data,peer_reviewed_research,Student Level,Student: Process Data
10.3390/jintelligence14040070,event_frequencies,Event frequencies,process_data,peer_reviewed_research,Student Level,Student: Process Data
10.3390/jintelligence14040070,average_number_of_actions,Average number of actions,process_data,peer_reviewed_research,Student Level,Student: Process Data
10.3390/jintelligence14040070,number_of_unique_actions,Number of unique actions,process_data,peer_reviewed_research,Student Level,Student: Process Data
10.3390/jintelligence14040070,proportion_of_predominant_action,Predominant action proportion,process_data,peer_reviewed_research,Student Level,Student: Process Data
10.3390/jintelligence14040070,proportion_of_predominant_score_category,Predominant score proportion,process_data,peer_reviewed_research,Student Level,Student: Process Data
10.3390/jintelligence14060105,numeracy_proficiency_level,Numeracy proficiency level,prior_achievement,peer_reviewed_research,Student Level,Student: Prior Achievement
10.3390/jintelligence14060105,gender,Gender,demographic,peer_reviewed_research,Student Level,Student: Demographic
10.3390/jintelligence14060105,age_years,Age (years),demographic,peer_reviewed_research,Student Level,Student: Demographic
10.3390/jintelligence14060105,race_ethnicity,Race/ethnicity,demographic,peer_reviewed_research,Student Level,Student: Demographic
10.3390/jintelligence14060105,ict_at_home,ICT familiarity at home,ict,peer_reviewed_research,Student Level,Student: Attitudinal/Behavioral
10.3390/jintelligence14060105,ict_at_work,ICT familiarity at work,ict,peer_reviewed_research,Student Level,Student: Attitudinal/Behavioral
10.3390/jintelligence14060105,total_response_time,Total response time,process_data,peer_reviewed_research,Student Level,Student: Process Data
10.3390/jintelligence14060105,time_to_first_action,Time to first action,process_data,peer_reviewed_research,Student Level,Student: Process Data
10.3390/jintelligence14060105,time_to_last_action_before_exit,Time to last action,process_data,peer_reviewed_research,Student Level,Student: Process Data
10.3390/jintelligence14060105,total_number_of_actions,Total number of actions,process_data,peer_reviewed_research,Student Level,Student: Process Data
10.3390/jintelligence14060105,number_of_final_response_actions,Final-response actions count,process_data,peer_reviewed_research,Student Level,Student: Process Data
10.3390/jintelligence14060105,number_of_help_function_uses,Help function uses count,process_data,peer_reviewed_research,Student Level,Student: Process Data
10.3390/jintelligence14060105,number_of_deselections,Deselections count,process_data,peer_reviewed_research,Student Level,Student: Process Data
10.3390/jintelligence14060105,number_of_off_map_clicks,Off-map clicks count,process_data,peer_reviewed_research,Student Level,Student: Process Data
10.3390/jintelligence14060105,redundancy_ratio,Redundancy ratio,process_data,peer_reviewed_research,Student Level,Student: Process Data
10.3389/fpsyg.2025.1655731,IC179Q03JA,Co-develop device-use rules,ict,peer_reviewed_research,Student Level,Student: Attitudinal/Behavioral
10.3389/fpsyg.2025.1655731,IC180Q08JA,Share made-up info,ict,peer_reviewed_research,Student Level,Student: Attitudinal/Behavioral
10.3389/fpsyg.2025.1655731,IC183Q01JA,Online information-search self-efficacy,ict,peer_reviewed_research,Student Level,Student: Attitudinal/Behavioral
10.3389/fpsyg.2025.1655731,IC171Q02JA,Smartphone use outside school,ict,peer_reviewed_research,Student Level,Student: Attitudinal/Behavioral
10.3389/fpsyg.2025.1655731,IC173Q04JA,Use digital resources in CS/IT class,ict,peer_reviewed_research,Student Level,Student: Attitudinal/Behavioral
10.3389/fpsyg.2025.1655731,IC184Q03JA,Use digital resources for real-world issues,ict,peer_reviewed_research,Student Level,Student: Attitudinal/Behavioral
10.3389/fpsyg.2025.1655731,IC174Q02JA,Digital writing frequency (Word/Docs),ict,peer_reviewed_research,Student Level,Student: Attitudinal/Behavioral
10.3389/fpsyg.2025.1655731,IC183Q14JA,Programming self-efficacy,ict,peer_reviewed_research,Student Level,Student: Attitudinal/Behavioral
10.3389/fpsyg.2025.1655731,IC183Q04JA,Collaboration self-efficacy,ict,peer_reviewed_research,Student Level,Student: Attitudinal/Behavioral
10.3389/fpsyg.2025.1655731,IC177Q07JA,Time spent on digital creation,ict,peer_reviewed_research,Student Level,Student: Attitudinal/Behavioral
10.3389/fpsyg.2025.1655731,IC182Q02JA,Interest in learning programming,ict,peer_reviewed_research,Student Level,Student: Attitudinal/Behavioral
10.3389/fpsyg.2025.1655731,IC180Q04JA,Discuss online information accuracy,ict,peer_reviewed_research,Student Level,Student: Attitudinal/Behavioral
10.3389/fpsyg.2025.1655731,IC180Q01JA,Trust in online information,ict,peer_reviewed_research,Student Level,Student: Attitudinal/Behavioral
10.3389/fpsyg.2025.1655731,IC181Q02JA,Emotional distress at discriminatory content,ict,peer_reviewed_research,Student Level,Student: Attitudinal/Behavioral
10.3389/fpsyg.2025.1655731,IC179Q02JA,Support banning BYOD,ict,peer_reviewed_research,Student Level,Student: Attitudinal/Behavioral
10.3389/fpsyg.2025.1655731,IC176Q01JA,Check grades with digital tools,ict,peer_reviewed_research,Student Level,Student: Attitudinal/Behavioral
10.3389/fpsyg.2025.1655731,IC181Q04JA,Emotional response to privacy violations,ict,peer_reviewed_research,Student Level,Student: Attitudinal/Behavioral
10.3389/fpsyg.2025.1655731,IC179Q04JA,Support restrictive device policies,ict,peer_reviewed_research,Student Level,Student: Attitudinal/Behavioral
10.3389/fpsyg.2025.1655731,IC174Q03JA,Use digital resources for real-world issues,ict,peer_reviewed_research,Student Level,Student: Attitudinal/Behavioral
10.3389/fpsyg.2025.1655731,IC177Q01JA,Time spent on digital gaming,ict,peer_reviewed_research,Student Level,Student: Attitudinal/Behavioral
10.1111/bjep.12715,gender,Gender,demographic,peer_reviewed_research,Student Level,Student: Demographic
10.1111/bjep.12715,mathematics_self_efficacy,Math self-efficacy,student_attitude,peer_reviewed_research,Student Level,Student: Attitudinal/Behavioral
10.1111/bjep.12715,mathematics_anxiety,Math anxiety,student_attitude,peer_reviewed_research,Student Level,Student: Attitudinal/Behavioral
10.1111/bjep.12715,familiarity_with_math_concepts,Familiarity with math concepts,student_attitude,peer_reviewed_research,Student Level,Student: Attitudinal/Behavioral
10.1111/bjep.12715,truancy,Truancy,student_behavior,peer_reviewed_research,Student Level,Student: Attitudinal/Behavioral
10.1111/bjep.12715,future_aspirations,Future aspirations,student_attitude,peer_reviewed_research,Student Level,Student: Attitudinal/Behavioral
10.1111/bjep.12715,family_support_self_directed_learning,Family support for self-learning,parent_home,peer_reviewed_research,Student Level,Student: SES
10.1111/bjep.12715,remote_instruction_problems,Problems with remote instruction,school,peer_reviewed_research,School/Teacher Level,School/Teacher: Context
10.1111/bjep.12715,school_closure_support,School closure support,system_level,peer_reviewed_research,System/Country Level,System: Policy/Context
10.1111/bjep.12715,school_activities_during_closure,School activities during closure,school,peer_reviewed_research,School/Teacher Level,School/Teacher: Context
10.1111/bjep.12715,ict_self_efficacy,ICT self-efficacy,student_attitude,peer_reviewed_research,Student Level,Student: Attitudinal/Behavioral
10.1111/bjep.12715,tablet_availability_school,Tablet availability at school,ict,peer_reviewed_research,Student Level,Student: Attitudinal/Behavioral
10.1111/bjep.12715,ict_activity_frequency,ICT activity frequency,ict,peer_reviewed_research,Student Level,Student: Attitudinal/Behavioral
10.1111/bjep.12715,ict_availability,ICT availability,ict,peer_reviewed_research,Student Level,Student: Attitudinal/Behavioral
10.1111/bjep.12715,usage,usage,demographic,peer_reviewed_research,Student Level,Student: Demographic
10.1111/bjep.12715,computer_availability_school,Computer availability at school,ict,peer_reviewed_research,Student Level,Student: Attitudinal/Behavioral
10.1111/bjep.12715,digital_resources_availability,Digital resources availability,ict,peer_reviewed_research,Student Level,Student: Attitudinal/Behavioral
10.1111/bjep.12715,arriving_late,Arriving late,student_behavior,peer_reviewed_research,Student Level,Student: Attitudinal/Behavioral
10.1111/bjep.12715,skipping_classes_days,Skipping classes/days,student_behavior,peer_reviewed_research,Student Level,Student: Attitudinal/Behavioral
10.1111/bjep.12715,grade_repetition,Grade repetition,student_behavior,peer_reviewed_research,Student Level,Student: Attitudinal/Behavioral
10.1111/bjep.12715,expected_occupation_status,Expected occupation status,student_attitude,peer_reviewed_research,Student Level,Student: Attitudinal/Behavioral
10.1111/bjep.12715,expected_educational_level,Expected educational level,student_attitude,peer_reviewed_research,Student Level,Student: Attitudinal/Behavioral
10.1111/bjep.12715,early_childhood_education_care,Early childhood education/care,curriculum,peer_reviewed_research,School/Teacher Level,School/Teacher: Context
10.1111/bjep.12715,household_care_work,Household care/work,student_behavior,peer_reviewed_research,Student Level,Student: Attitudinal/Behavioral
10.1111/bjep.12715,sport_practice,Sport practice,student_behavior,peer_reviewed_research,Student Level,Student: Attitudinal/Behavioral
10.1111/bjep.12715,homework_study,Studying for homework,student_behavior,peer_reviewed_research,Student Level,Student: Attitudinal/Behavioral
10.1111/bjep.12715,work_for_pay,Working for pay,student_behavior,peer_reviewed_research,Student Level,Student: Attitudinal/Behavioral
10.1111/bjep.12715,mathematics_teacher_ratio,Math teacher-student ratio,teacher,peer_reviewed_research,School/Teacher Level,School/Teacher: Practice
10.1111/bjep.12715,mathematics_teacher_support,Math teacher support,teacher,peer_reviewed_research,School/Teacher Level,School/Teacher: Practice
10.1111/bjep.12715,cognitive_activation_in_math,Cognitive activation in math,teacher,peer_reviewed_research,School/Teacher Level,School/Teacher: Practice
10.1111/bjep.12715,mathematics_extra_curricular_activities,Math extra-curricular activities,school,peer_reviewed_research,School/Teacher Level,School/Teacher: Context
10.1111/bjep.12715,student_mathematics_teacher_ratio,Student-math teacher ratio,teacher,peer_reviewed_research,School/Teacher Level,School/Teacher: Practice
10.1111/bjep.12715,total_mathematics_teachers,Total math teachers,teacher,peer_reviewed_research,School/Teacher Level,School/Teacher: Practice
10.1111/bjep.12715,ability_grouping_math,Ability grouping in math,curriculum,peer_reviewed_research,School/Teacher Level,School/Teacher: Context
10.1111/bjep.12715,school_responsibility_curriculum,School responsibility for curriculum,school,peer_reviewed_research,School/Teacher Level,School/Teacher: Context
10.1111/bjep.12715,pedagogical_support_personnel,Pedagogical support personnel,school,peer_reviewed_research,School/Teacher Level,School/Teacher: Context
10.1111/bjep.12715,school_responsibility_resources,School responsibility for resources,school,peer_reviewed_research,School/Teacher Level,School/Teacher: Context
10.1111/bjep.12715,school_selectivity,School selectivity,school,peer_reviewed_research,School/Teacher Level,School/Teacher: Context
10.1111/bjep.12715,class_size,Class size,school,peer_reviewed_research,School/Teacher Level,School/Teacher: Context
10.1111/bjep.12715,total_teachers_school,Total teachers at school,school,peer_reviewed_research,School/Teacher Level,School/Teacher: Context
10.1007/s10763-022-10262-w,students_confident_in_mathematics,confident in mathematics,student_attitude,peer_reviewed_research,Student Level,Student: Attitudinal/Behavioral
10.1007/s10763-022-10262-w,students_like_learning_mathematics,like learning mathematics,student_attitude,peer_reviewed_research,Student Level,Student: Attitudinal/Behavioral
10.1007/s10763-022-10262-w,students_value_mathematics,value mathematics,student_attitude,peer_reviewed_research,Student Level,Student: Attitudinal/Behavioral
10.1007/s10763-022-10262-w,student_absenteeism,absenteeism,student_behavior,peer_reviewed_research,Student Level,Student: Attitudinal/Behavioral
10.1007/s10763-022-10262-w,student_gender,gender,demographic,peer_reviewed_research,Student Level,Student: Demographic
10.1007/s10763-022-10262-w,student_age,age,demographic,peer_reviewed_research,Student Level,Student: Demographic
10.1007/s10763-022-10262-w,student_ses,SES,socioeconomic,peer_reviewed_research,Student Level,Student: SES
10.1007/s10763-022-10262-w,instructional_clarity_in_mathematics_lessons,Instructional clarity in math,teacher,peer_reviewed_research,School/Teacher Level,School/Teacher: Practice
10.1007/s10763-022-10262-w,percent_of_students_taught_algebra_topics,Percent taught algebra topics,curriculum,peer_reviewed_research,School/Teacher Level,School/Teacher: Context
10.1007/s10763-022-10262-w,percent_of_students_taught_data_probability_topics,Percent taught data/prob topics,curriculum,peer_reviewed_research,School/Teacher Level,School/Teacher: Context
10.1007/s10763-022-10262-w,teaching_limited_by_student_needs,Teaching limited by student needs,teacher,peer_reviewed_research,School/Teacher Level,School/Teacher: Practice
10.1007/s10763-022-10262-w,disorderly_behavior_during_mathematics_lessons,Disorderly behavior in math,process_data,peer_reviewed_research,Student Level,Student: Process Data
10.1007/s10763-022-10262-w,instructional_time_in_mathematics,Instructional time in mathematics,curriculum,peer_reviewed_research,School/Teacher Level,School/Teacher: Context
10.1007/s10763-022-10262-w,percent_of_students_taught_number_topics,Percent taught number topics,curriculum,peer_reviewed_research,School/Teacher Level,School/Teacher: Context
10.1007/s10763-022-10262-w,percent_of_students_taught_geometry_topics,Percent taught geometry topics,curriculum,peer_reviewed_research,School/Teacher Level,School/Teacher: Context
10.1007/s10763-022-10262-w,school_emphasis_on_academic_success,School emphasis on academic success,school,peer_reviewed_research,School/Teacher Level,School/Teacher: Context
10.1007/s10763-022-10262-w,school_composition_by_socioeconomic_background,School composition by SES,socioeconomic,peer_reviewed_research,Student Level,Student: SES
10.1007/s10763-022-10262-w,students_sense_of_school_belonging,sense of school belonging,school,peer_reviewed_research,School/Teacher Level,School/Teacher: Context
10.1007/s10763-022-10262-w,school_discipline_problems,School discipline problems,school,peer_reviewed_research,School/Teacher Level,School/Teacher: Context
10.1007/s10763-022-10262-w,safe,Safe,student_behavior,peer_reviewed_research,Student Level,Student: Attitudinal/Behavioral
10.1007/s10763-022-10262-w,orderly_school,orderly school,student_behavior,peer_reviewed_research,Student Level,Student: Attitudinal/Behavioral
10.1007/s10763-022-10262-w,instruction_affected_by_mathematics_resource_shortages,Resource shortages for math instruction,school,peer_reviewed_research,School/Teacher Level,School/Teacher: Context
10.1007/s10763-022-10262-w,student_bullying,bullying,school,peer_reviewed_research,School/Teacher Level,School/Teacher: Context
10.1007/s40593-025-00495-5,gender,Gender,demographic,peer_reviewed_research,Student Level,Student: Demographic
10.1007/s40593-025-00495-5,language_spoken_at_home,Language spoken at home,demographic,peer_reviewed_research,Student Level,Student: Demographic
10.7866/HPE-RPE.25.1.4,gender,Gender,demographic,peer_reviewed_research,Student Level,Student: Demographic
10.7866/HPE-RPE.25.1.4,immigrant_status_student,Immigrant status (student),demographic,peer_reviewed_research,Student Level,Student: Demographic
10.7866/HPE-RPE.25.1.4,immigrant_status_parents,Immigrant status (parents),demographic,peer_reviewed_research,Student Level,Student: Demographic
10.7866/HPE-RPE.25.1.4,MEdu,Mother education level,socioeconomic,peer_reviewed_research,Student Level,Student: SES
10.7866/HPE-RPE.25.1.4,FEdu,Father education level,socioeconomic,peer_reviewed_research,Student Level,Student: SES
10.7866/HPE-RPE.25.1.4,MOcc,Mother occupation,socioeconomic,peer_reviewed_research,Student Level,Student: SES
10.7866/HPE-RPE.25.1.4,FOcc,Father occupation,socioeconomic,peer_reviewed_research,Student Level,Student: SES
10.7866/HPE-RPE.25.1.4,Wealth,Household wealth index,socioeconomic,peer_reviewed_research,Student Level,Student: SES
10.7866/HPE-RPE.25.1.4,Books,Number of books at home,socioeconomic,peer_reviewed_research,Student Level,Student: SES
10.7866/HPE-RPE.25.1.4,Cultposs,Cultural possessions index,socioeconomic,peer_reviewed_research,Student Level,Student: SES
10.7866/HPE-RPE.25.1.4,Pubschool,School type (public/private),school,peer_reviewed_research,School/Teacher Level,School/Teacher: Context
10.7866/HPE-RPE.25.1.4,Peer,Peer effect (school ESCS mean),peer_effects,peer_reviewed_research,School/Teacher Level,School/Teacher: Context
10.1038/s41598-025-00769-x,ST004D01T,Gender,demographic,peer_reviewed_research,Student Level,Student: Demographic
10.1038/s41598-025-00769-x,ISCEDL,Stage of secondary school,demographic,peer_reviewed_research,Student Level,Student: Demographic
10.1038/s41598-025-00769-x,GRADE,Academic performance (grade PVs),prior_achievement,peer_reviewed_research,Student Level,Student: Prior Achievement
10.1038/s41598-025-00769-x,BMI,BMI,demographic,peer_reviewed_research,Student Level,Student: Demographic
10.1038/s41598-025-00769-x,HEALTH,Self-assessed physical health,student_behavior,peer_reviewed_research,Student Level,Student: Attitudinal/Behavioral
10.1038/s41598-025-00769-x,BODYIMA,Body image,student_attitude,peer_reviewed_research,Student Level,Student: Attitudinal/Behavioral
10.1038/s41598-025-00769-x,INTICT,Interest in ICT,student_attitude,peer_reviewed_research,Student Level,Student: Attitudinal/Behavioral
10.1038/s41598-025-00769-x,COMPICT,Perceived ICT competence,student_attitude,peer_reviewed_research,Student Level,Student: Attitudinal/Behavioral
10.1038/s41598-025-00769-x,AUTICT,ICT autonomy,ict,peer_reviewed_research,Student Level,Student: Attitudinal/Behavioral
10.1038/s41598-025-00769-x,SOIAICT,ICT social perception,ict,peer_reviewed_research,Student Level,Student: Attitudinal/Behavioral
10.1038/s41598-025-00769-x,MISCED,Mother’s education,socioeconomic,peer_reviewed_research,Student Level,Student: SES
10.1038/s41598-025-00769-x,FISCED,Father’s education,socioeconomic,peer_reviewed_research,Student Level,Student: SES
10.1038/s41598-025-00769-x,BMMJ1,ISEI of mother,socioeconomic,peer_reviewed_research,Student Level,Student: SES
10.1038/s41598-025-00769-x,BFMJ2,ISEI of father,socioeconomic,peer_reviewed_research,Student Level,Student: SES
10.1038/s41598-025-00769-x,EMOSUPP,Parents’ emotional support,parent_home,peer_reviewed_research,Student Level,Student: SES
10.1038/s41598-025-00769-x,PASPORT,Parents’ sports participation,parent_home,peer_reviewed_research,Student Level,Student: SES
10.1038/s41598-025-00769-x,CULTPOSS,Home cultural possessions,socioeconomic,peer_reviewed_research,Student Level,Student: SES
10.1038/s41598-025-00769-x,HEDRES,Home educational resources,socioeconomic,peer_reviewed_research,Student Level,Student: SES
10.1038/s41598-025-00769-x,WEALTH,Family wealth,socioeconomic,peer_reviewed_research,Student Level,Student: SES
10.1038/s41598-025-00769-x,ICTHOME,ICT available at home,ict,peer_reviewed_research,Student Level,Student: Attitudinal/Behavioral
10.1038/s41598-025-00769-x,ICTSCH,ICT available at school,ict,peer_reviewed_research,Student Level,Student: Attitudinal/Behavioral
10.1038/s41598-025-00769-x,SC156Q04HA,School digital teaching discussions,curriculum,peer_reviewed_research,School/Teacher Level,School/Teacher: Context
10.1038/s41598-025-00769-x,TRAINING,Teacher digital training level,teacher,peer_reviewed_research,School/Teacher Level,School/Teacher: Practice
10.1038/s41598-025-00769-x,SC013Q01TA,School type (public/private),school,peer_reviewed_research,School/Teacher Level,School/Teacher: Context
10.1038/s41598-025-00769-x,MASTER,Proportion of master teachers,teacher,peer_reviewed_research,School/Teacher Level,School/Teacher: Practice
10.1038/s41598-025-00769-x,PEC,Weekly number of PE days,curriculum,peer_reviewed_research,School/Teacher Level,School/Teacher: Context
10.1186/s40536-024-00199-7,language_of_response,Response language (original),demographic,peer_reviewed_research,Student Level,Student: Demographic
10.1186/s40536-024-00199-7,MT_engine,Machine translation engine,ict,peer_reviewed_research,Student Level,Student: Attitudinal/Behavioral
10.1186/s40536-024-00199-7,item_id,Constructed-response item,curriculum,peer_reviewed_research,School/Teacher Level,School/Teacher: Context
10.1186/s40536-024-00199-7,country,Country context,system_level,peer_reviewed_research,System/Country Level,System: Policy/Context
10.3390/jintelligence12100093,ST004D01T,Gender,demographic,peer_reviewed_research,Student Level,Student: Demographic
10.3390/jintelligence12100093,GRADE,Grade level,demographic,peer_reviewed_research,Student Level,Student: Demographic
10.3390/jintelligence12100093,MATHEFF,Math self-efficacy,student_attitude,peer_reviewed_research,Student Level,Student: Attitudinal/Behavioral
10.3390/jintelligence12100093,MATHEF21,Math self-efficacy (21st),student_attitude,peer_reviewed_research,Student Level,Student: Attitudinal/Behavioral
10.3390/jintelligence12100093,BSMJ,Expected occupational status,student_attitude,peer_reviewed_research,Student Level,Student: Attitudinal/Behavioral
10.3390/jintelligence12100093,ANXMAT,Math anxiety,student_attitude,peer_reviewed_research,Student Level,Student: Attitudinal/Behavioral
10.3390/jintelligence12100093,ICTWKEND,ICT weekend leisure frequency,ict,peer_reviewed_research,Student Level,Student: Attitudinal/Behavioral
10.3390/jintelligence12100093,EXERPRAC,Physical activity before/after school,student_behavior,peer_reviewed_research,Student Level,Student: Attitudinal/Behavioral
10.3390/jintelligence12100093,ICTFEED,ICT feedback/support frequency,ict,peer_reviewed_research,Student Level,Student: Attitudinal/Behavioral
10.3390/jintelligence12100093,ICTOUT,ICT outside classroom learning,ict,peer_reviewed_research,Student Level,Student: Attitudinal/Behavioral
10.3390/jintelligence12100093,STUBEHA,Disruptive school climate behaviors,school,peer_reviewed_research,School/Teacher Level,School/Teacher: Context
10.3390/jintelligence12100093,ESCS,ESCS index,socioeconomic,peer_reviewed_research,Student Level,Student: SES
10.3390/jintelligence12100093,HISEI,Highest parental occupation,socioeconomic,peer_reviewed_research,Student Level,Student: SES
10.3390/jintelligence12100093,PAREDINT,Parents education years,socioeconomic,peer_reviewed_research,Student Level,Student: SES
10.3390/jintelligence12100093,HOMEPOS,Home possessions,socioeconomic,peer_reviewed_research,Student Level,Student: SES
10.3390/jintelligence12100093,TOTMATH,Total math teachers,school,peer_reviewed_research,School/Teacher Level,School/Teacher: Context
10.3390/jintelligence12100093,ABGMATH,Ability grouping in math,school,peer_reviewed_research,School/Teacher Level,School/Teacher: Context
10.3390/jintelligence12100093,COGACMCO,Cognitive activation in math,teacher,peer_reviewed_research,School/Teacher Level,School/Teacher: Practice
10.1016/j.heliyon.2024.e35945,VOTAT,VOTAT navigation behavior,process_data,peer_reviewed_research,Student Level,Student: Process Data
10.1016/j.heliyon.2024.e35945,sequence_length,Sequence length,process_data,peer_reviewed_research,Student Level,Student: Process Data
10.1016/j.heliyon.2024.e35945,reset_frequency,Reset frequency,process_data,peer_reviewed_research,Student Level,Student: Process Data
10.1016/j.heliyon.2024.e35945,start_behavior,Start behavior,process_data,peer_reviewed_research,Student Level,Student: Process Data
10.1007/s11482-023-10232-6,INDI1,Grade compared to modal grade,demographic,peer_reviewed_research,Student Level,Student: Demographic
10.1007/s11482-023-10232-6,INDI2,Index immigration status,demographic,peer_reviewed_research,Student Level,Student: Demographic
10.1007/s11482-023-10232-6,INDI3,Gender,demographic,peer_reviewed_research,Student Level,Student: Demographic
10.1007/s11482-023-10232-6,INDI4,Effort in learning,student_behavior,peer_reviewed_research,Student Level,Student: Attitudinal/Behavioral
10.1007/s11482-023-10232-6,INDI5,Joy/like reading,student_behavior,peer_reviewed_research,Student Level,Student: Attitudinal/Behavioral
10.1007/s11482-023-10232-6,INDI6,Reading competence self-concept,student_behavior,peer_reviewed_research,Student Level,Student: Attitudinal/Behavioral
10.1007/s11482-023-10232-6,INDI7,Reading difficulty self-concept,student_behavior,peer_reviewed_research,Student Level,Student: Attitudinal/Behavioral
10.1007/s11482-023-10232-6,INDI8,Competitiveness,student_attitude,peer_reviewed_research,Student Level,Student: Attitudinal/Behavioral
10.1007/s11482-023-10232-6,INDI9,Work mastery,student_attitude,peer_reviewed_research,Student Level,Student: Attitudinal/Behavioral
10.1007/s11482-023-10232-6,INDI10,General fear of failure,student_attitude,peer_reviewed_research,Student Level,Student: Attitudinal/Behavioral
10.1007/s11482-023-10232-6,INDI11,Resilience,student_attitude,peer_reviewed_research,Student Level,Student: Attitudinal/Behavioral
10.1007/s11482-023-10232-6,INDI12,Mastery goal orientation,student_attitude,peer_reviewed_research,Student Level,Student: Attitudinal/Behavioral
10.1007/s11482-023-10232-6,INDI13,Attitude toward school learning,curriculum,peer_reviewed_research,School/Teacher Level,School/Teacher: Context
10.1007/s11482-023-10232-6,INDI14,Expected occupational status,student_attitude,peer_reviewed_research,Student Level,Student: Attitudinal/Behavioral
10.1007/s11482-023-10232-6,ESCS,Socioeconomic status (ESCS),socioeconomic,peer_reviewed_research,Student Level,Student: SES
10.1007/s11482-023-10232-6,Micro1,Teacher support in test language,teacher,peer_reviewed_research,School/Teacher Level,School/Teacher: Practice
10.1007/s11482-023-10232-6,Micro2,Teacher-directed instruction,teacher,peer_reviewed_research,School/Teacher Level,School/Teacher: Practice
10.1007/s11482-023-10232-6,Micro3,Perceived feedback,teacher,peer_reviewed_research,School/Teacher Level,School/Teacher: Practice
10.1007/s11482-023-10232-6,Micro4,Parents emotional support,parent_home,peer_reviewed_research,Student Level,Student: SES
10.1007/s11482-023-10232-6,Micro5,Teacher stimulation of reading,teacher,peer_reviewed_research,School/Teacher Level,School/Teacher: Practice
10.1007/s11482-023-10232-6,Micro6,Perceived teacher interest,teacher,peer_reviewed_research,School/Teacher Level,School/Teacher: Practice
10.1007/s11482-023-10232-6,Micro7,Adaptation of instruction,teacher,peer_reviewed_research,School/Teacher Level,School/Teacher: Practice
10.1007/s11482-023-10232-6,Meso1,Sense of belonging to school,school,peer_reviewed_research,School/Teacher Level,School/Teacher: Context
10.1007/s11482-023-10232-6,Meso2,Disciplinary climate in lessons,school,peer_reviewed_research,School/Teacher Level,School/Teacher: Context
10.1007/s11482-023-10232-6,Meso3,Experience of being bullied,school,peer_reviewed_research,School/Teacher Level,School/Teacher: Context
10.1007/s11482-023-10232-6,Meso4,Perception of competitiveness at school,school,peer_reviewed_research,School/Teacher Level,School/Teacher: Context
10.1007/s11482-023-10232-6,Meso5,Perception of cooperation at school,school,peer_reviewed_research,School/Teacher Level,School/Teacher: Context
10.1007/s11482-023-10232-6,Meso6,Duration in early childhood education,school,peer_reviewed_research,School/Teacher Level,School/Teacher: Context
10.1007/s11482-023-10232-6,Meso7,Learning time (minutes per week),curriculum,peer_reviewed_research,School/Teacher Level,School/Teacher: Context
10.1016/j.stueduc.2024.101412,EXERPRAC,Exercise/practice before or after school,student_behavior,peer_reviewed_research,Student Level,Student: Attitudinal/Behavioral
10.1016/j.stueduc.2024.101412,WORKPAY,Working for pay,student_behavior,peer_reviewed_research,Student Level,Student: Attitudinal/Behavioral
10.1016/j.stueduc.2024.101412,WORKHOME,Working in household,student_behavior,peer_reviewed_research,Student Level,Student: Attitudinal/Behavioral
10.1016/j.stueduc.2024.101412,FAMSUP,Family support,parent_home,peer_reviewed_research,Student Level,Student: SES
10.1016/j.stueduc.2024.101412,DISCLIM,Disciplinary climate in math,school,peer_reviewed_research,School/Teacher Level,School/Teacher: Context
10.1016/j.stueduc.2024.101412,HOMEPOS,Home possessions,socioeconomic,peer_reviewed_research,Student Level,Student: SES
10.1016/j.stueduc.2024.101412,EXPOFA,Exposure to formal/app math tasks,curriculum,peer_reviewed_research,School/Teacher Level,School/Teacher: Context
10.1016/j.stueduc.2024.101412,EXPO21ST,Exposure to 21st-century math tasks,curriculum,peer_reviewed_research,School/Teacher Level,School/Teacher: Context
10.1016/j.stueduc.2024.101412,MATHEASE,Math easier than other subjects,student_attitude,peer_reviewed_research,Student Level,Student: Attitudinal/Behavioral
10.1016/j.stueduc.2024.101412,MATHPREF,Preference for mathematics,student_attitude,peer_reviewed_research,Student Level,Student: Attitudinal/Behavioral
10.1016/j.stueduc.2024.101412,MATHMOT,Motivation relative to other subjects,student_attitude,peer_reviewed_research,Student Level,Student: Attitudinal/Behavioral
10.1016/j.stueduc.2024.101412,BELONG,Sense of belonging,student_attitude,peer_reviewed_research,Student Level,Student: Attitudinal/Behavioral
10.1016/j.stueduc.2024.101412,BULLIED,Being bullied,student_behavior,peer_reviewed_research,Student Level,Student: Attitudinal/Behavioral
10.1016/j.stueduc.2024.101412,MATHEFF,Math self-efficacy (formal/applied),student_attitude,peer_reviewed_research,Student Level,Student: Attitudinal/Behavioral
10.1016/j.stueduc.2024.101412,MATHEF21,Math self-efficacy (21st-century),student_attitude,peer_reviewed_research,Student Level,Student: Attitudinal/Behavioral
10.1016/j.stueduc.2024.101412,ANXMAT,Mathematics anxiety,student_attitude,peer_reviewed_research,Student Level,Student: Attitudinal/Behavioral
10.1016/j.stueduc.2024.101412,COGACRCO,Cognitive activation: foster reasoning,curriculum,peer_reviewed_research,School/Teacher Level,School/Teacher: Context
10.1016/j.stueduc.2024.101412,COGACMCO,Cognitive activation: encourage thinking,curriculum,peer_reviewed_research,School/Teacher Level,School/Teacher: Context
10.1016/j.stueduc.2024.101412,effort,Effort,student_behavior,peer_reviewed_research,Student Level,Student: Attitudinal/Behavioral
10.1016/j.stueduc.2024.101412,persistence_in_math,persistence in math,student_behavior,peer_reviewed_research,Student Level,Student: Attitudinal/Behavioral
10.1080/01443410.2024.2359104,ESCS,ESCS,socioeconomic,peer_reviewed_research,Student Level,Student: SES
10.1080/01443410.2024.2359104,average_escs,Average ESCS (school),socioeconomic,peer_reviewed_research,Student Level,Student: SES
10.1080/01443410.2024.2359104,talk_mother_partner,Talk to mother’s partner,parent_home,peer_reviewed_research,Student Level,Student: SES
10.1080/01443410.2024.2359104,talk_father_partner,Talk to father’s partner,parent_home,peer_reviewed_research,Student Level,Student: SES
10.1080/01443410.2024.2359104,friends_days_after_school,Friends days after school,student_behavior,peer_reviewed_research,Student Level,Student: Attitudinal/Behavioral
10.1080/01443410.2024.2359104,moderate_physical_activity,Moderate physical activity,student_behavior,peer_reviewed_research,Student Level,Student: Attitudinal/Behavioral
10.1080/01443410.2024.2359104,all_things_you_have,Satisfaction with possessions,socioeconomic,peer_reviewed_research,Student Level,Student: SES
10.1080/01443410.2024.2359104,talk_other_family_members,Talk to other family members,parent_home,peer_reviewed_research,Student Level,Student: SES
10.1080/01443410.2024.2359104,talk_to_teacher,Talk to teacher,teacher,peer_reviewed_research,School/Teacher Level,School/Teacher: Practice
10.1080/01443410.2024.2359104,parental_control,Parental or guardian control,parent_home,peer_reviewed_research,Student Level,Student: SES
10.1080/01443410.2024.2359104,bored_last_math_class,Bored in last math class,student_attitude,peer_reviewed_research,Student Level,Student: Attitudinal/Behavioral
10.1080/01443410.2024.2359104,close_friends_count,Number of close friends,student_behavior,peer_reviewed_research,Student Level,Student: Attitudinal/Behavioral
10.1080/01443410.2024.2359104,happy_with_friends_outside,Happy with friends outside,student_attitude,peer_reviewed_research,Student Level,Student: Attitudinal/Behavioral
10.1080/01443410.2024.2359104,health_satisfaction,Satisfaction with health,student_attitude,peer_reviewed_research,Student Level,Student: Attitudinal/Behavioral
10.1080/01443410.2024.2359104,use_of_time_satisfaction,Satisfaction with use of time,student_attitude,peer_reviewed_research,Student Level,Student: Attitudinal/Behavioral
10.1080/01443410.2024.2359104,appearance_self_acceptance,Like my look,student_attitude,peer_reviewed_research,Student Level,Student: Attitudinal/Behavioral
10.1080/01443410.2024.2359104,physical_education_classes,Physical education class days,student_behavior,peer_reviewed_research,Student Level,Student: Attitudinal/Behavioral
10.1016/j.learninstruc.2024.101968,gender,gender,demographic,peer_reviewed_research,Student Level,Student: Demographic
10.1016/j.learninstruc.2024.101968,born_in_ireland,Born in Ireland,demographic,peer_reviewed_research,Student Level,Student: Demographic
10.1016/j.learninstruc.2024.101968,parents_education,Parents education level,socioeconomic,peer_reviewed_research,Student Level,Student: SES
10.1016/j.learninstruc.2024.101968,books_at_home,Books at home,socioeconomic,peer_reviewed_research,Student Level,Student: SES
10.1016/j.learninstruc.2024.101968,school_average_ses,School average SES,socioeconomic,peer_reviewed_research,Student Level,Student: SES
10.1016/j.learninstruc.2024.101968,mathematics_teacher_gender,Math teacher gender,teacher,peer_reviewed_research,School/Teacher Level,School/Teacher: Practice
10.1016/j.learninstruc.2024.101968,science_teacher_gender,Science teacher gender,teacher,peer_reviewed_research,School/Teacher Level,School/Teacher: Practice
10.1016/j.learninstruc.2024.101968,instructional_time_per_week,Total instructional time,curriculum,peer_reviewed_research,School/Teacher Level,School/Teacher: Context
10.1016/j.learninstruc.2024.101968,school_emphasis_academic_success,School emphasis on success,school,peer_reviewed_research,School/Teacher Level,School/Teacher: Context
10.1016/j.learninstruc.2024.101968,teacher_experience,Teacher experience,teacher,peer_reviewed_research,School/Teacher Level,School/Teacher: Practice
10.1016/j.learninstruc.2024.101968,motivation,Motivation,student_attitude,peer_reviewed_research,Student Level,Student: Attitudinal/Behavioral
10.1016/j.learninstruc.2024.101968,confidence,confidence,student_attitude,peer_reviewed_research,Student Level,Student: Attitudinal/Behavioral
10.1016/j.learninstruc.2024.101968,student_like_subject,Enjoyment of subject,student_attitude,peer_reviewed_research,Student Level,Student: Attitudinal/Behavioral
10.1016/j.learninstruc.2024.101968,homework_expected_time,Expected homework time,student_behavior,peer_reviewed_research,Student Level,Student: Attitudinal/Behavioral
10.3390/bs16071062,T4PTLEAD,School administrator leadership,teacher,peer_reviewed_research,School/Teacher Level,School/Teacher: Practice
10.3390/bs16071062,T4PJOBSAT,School administrator job satisfaction,teacher,peer_reviewed_research,School/Teacher Level,School/Teacher: Practice
10.3390/bs16071062,T4PWLOAD,School administrator workload,teacher,peer_reviewed_research,School/Teacher Level,School/Teacher: Practice
10.3390/bs16071062,T4PDIVBF,Diversity beliefs,student_attitude,peer_reviewed_research,Student Level,Student: Attitudinal/Behavioral
10.3390/bs16071062,T4PWELS,School administrator well-being,teacher,peer_reviewed_research,School/Teacher Level,School/Teacher: Practice
10.3390/bs16071062,CNTRY,Country context,system_level,peer_reviewed_research,System/Country Level,System: Policy/Context
10.3390/bs16071062,IDPOP,Sample population indicator,system_level,peer_reviewed_research,System/Country Level,System: Policy/Context
10.1109/CSCI62032.2023.00037,socioeconomic_status,Socioeconomic status of parents,socioeconomic,peer_reviewed_research,Student Level,Student: SES
10.1109/CSCI62032.2023.00037,computer_self_efficacy,Computer self-efficacy,student_attitude,peer_reviewed_research,Student Level,Student: Attitudinal/Behavioral
10.1109/CSCI62032.2023.00037,instructional_clarity,Instructional clarity,curriculum,peer_reviewed_research,School/Teacher Level,School/Teacher: Context
10.1109/CSCI62032.2023.00037,confidence_in_science,Confidence in science,student_attitude,peer_reviewed_research,Student Level,Student: Attitudinal/Behavioral
10.1109/CSCI62032.2023.00037,valuing_science,Valuing science,student_attitude,peer_reviewed_research,Student Level,Student: Attitudinal/Behavioral
10.1016/j.compedu.2024.105166,ESCS,Socioeconomic status (ESCS),socioeconomic,peer_reviewed_research,Student Level,Student: SES
10.1016/j.compedu.2024.105166,ict_availability,ICT availability,ict,peer_reviewed_research,Student Level,Student: Attitudinal/Behavioral
10.1016/j.compedu.2024.105166,usage_at_home,usage at home,demographic,peer_reviewed_research,Student Level,Student: Demographic
10.1016/j.compedu.2024.105166,usage_at_school,usage at school,demographic,peer_reviewed_research,Student Level,Student: Demographic
10.1016/j.compedu.2024.105166,ST004D01T,Gender,demographic,peer_reviewed_research,Student Level,Student: Demographic
10.1016/j.compedu.2024.105166,EXPECEDU,Expected educational level,student_attitude,peer_reviewed_research,Student Level,Student: Attitudinal/Behavioral
10.1016/j.compedu.2024.105166,HISCED,Parents' highest education (ISCED),socioeconomic,peer_reviewed_research,Student Level,Student: SES
10.1016/j.compedu.2024.105166,PAREDINT,Highest parental education (years),socioeconomic,peer_reviewed_research,Student Level,Student: SES
10.1016/j.compedu.2024.105166,HISEI,Highest parental occupational status,socioeconomic,peer_reviewed_research,Student Level,Student: SES
10.1016/j.compedu.2024.105166,BFMJ2,Father occupational status (ISEI),socioeconomic,peer_reviewed_research,Student Level,Student: SES
10.1016/j.compedu.2024.105166,BMMJ1,Mother occupational status (ISEI),socioeconomic,peer_reviewed_research,Student Level,Student: SES
10.1016/j.compedu.2024.105166,HOMEPOS,Home possessions,socioeconomic,peer_reviewed_research,Student Level,Student: SES
10.1016/j.compedu.2024.105166,ICTEFFIC,Digital self-efficacy,ict,peer_reviewed_research,Student Level,Student: Attitudinal/Behavioral
10.1016/j.compedu.2024.105166,ICTSUBJ,Subject-related ICT use,ict,peer_reviewed_research,Student Level,Student: Attitudinal/Behavioral
10.1016/j.compedu.2024.105166,ICTREG,Regulated ICT use views,ict,peer_reviewed_research,Student Level,Student: Attitudinal/Behavioral
10.1016/j.compedu.2024.105166,ICTWKDY,ICT frequency (weekday),ict,peer_reviewed_research,Student Level,Student: Attitudinal/Behavioral
10.1016/j.compedu.2024.105166,ICTWKEND,ICT frequency (weekend),ict,peer_reviewed_research,Student Level,Student: Attitudinal/Behavioral
10.1016/j.compedu.2024.105166,ICTOUT,ICT use for school activities,ict,peer_reviewed_research,Student Level,Student: Attitudinal/Behavioral
10.1016/j.compedu.2024.105166,ICTENQ,ICT use in enquiry learning,ict,peer_reviewed_research,Student Level,Student: Attitudinal/Behavioral
10.1016/j.compedu.2024.105166,ICTINFO,Online information practices,ict,peer_reviewed_research,Student Level,Student: Attitudinal/Behavioral
10.1016/j.compedu.2024.105166,ICTQUAL,Quality of ICT access,ict,peer_reviewed_research,Student Level,Student: Attitudinal/Behavioral
10.1016/j.compedu.2024.105166,ict_feedback,ICT feedback,ict,peer_reviewed_research,Student Level,Student: Attitudinal/Behavioral
10.1016/j.compedu.2024.105166,support,support,student_behavior,peer_reviewed_research,Student Level,Student: Attitudinal/Behavioral
10.1016/j.compedu.2024.105166,ICTHOME,ICT availability outside school,ict,peer_reviewed_research,Student Level,Student: Attitudinal/Behavioral
10.1016/j.compedu.2024.105166,ANXMAT,Mathematics anxiety,student_attitude,peer_reviewed_research,Student Level,Student: Attitudinal/Behavioral
10.1016/j.compedu.2024.105166,BELONG,Sense of belonging,student_attitude,peer_reviewed_research,Student Level,Student: Attitudinal/Behavioral
10.1016/j.compedu.2024.105166,LIFESAT,Life satisfaction,student_attitude,peer_reviewed_research,Student Level,Student: Attitudinal/Behavioral
10.1016/j.compedu.2024.105166,EXPWB,Experienced well-being,student_attitude,peer_reviewed_research,Student Level,Student: Attitudinal/Behavioral
10.1016/j.compedu.2024.105166,PSYCHSYM,Psychosomatic symptoms,student_attitude,peer_reviewed_research,Student Level,Student: Attitudinal/Behavioral
10.1016/j.compedu.2024.105166,STRESAGR,Stress resistance,student_attitude,peer_reviewed_research,Student Level,Student: Attitudinal/Behavioral
10.1016/j.compedu.2024.105166,EMOCOAGR,Emotional control,student_attitude,peer_reviewed_research,Student Level,Student: Attitudinal/Behavioral
10.1016/j.compedu.2024.105166,SOCCON,Social connections,student_attitude,peer_reviewed_research,Student Level,Student: Attitudinal/Behavioral
10.1016/j.compedu.2024.105166,SOCONPA,Connection to parents,student_attitude,peer_reviewed_research,Student Level,Student: Attitudinal/Behavioral
10.1016/j.compedu.2024.105166,RELATST,Student-teacher relationships,student_attitude,peer_reviewed_research,Student Level,Student: Attitudinal/Behavioral
10.1016/j.compedu.2024.105166,FAMSUP,Family support,parent_home,peer_reviewed_research,Student Level,Student: SES
10.1016/j.compedu.2024.105166,FAMSUPSL,Family support for self-learning,parent_home,peer_reviewed_research,Student Level,Student: SES
10.1016/j.compedu.2024.105166,STUDYHMW,Studying for homework,student_behavior,peer_reviewed_research,Student Level,Student: Attitudinal/Behavioral
10.1016/j.compedu.2024.105166,WORKHOME,Household work before/after school,student_behavior,peer_reviewed_research,Student Level,Student: Attitudinal/Behavioral
10.1016/j.compedu.2024.105166,WORKPAY,Working for pay before/after school,student_behavior,peer_reviewed_research,Student Level,Student: Attitudinal/Behavioral
10.1016/j.compedu.2024.105166,DURECEC,Duration in early childhood education,student_behavior,peer_reviewed_research,Student Level,Student: Attitudinal/Behavioral
10.1016/j.compedu.2024.105166,SKIPPING,Skipping classes,student_behavior,peer_reviewed_research,Student Level,Student: Attitudinal/Behavioral
10.1016/j.compedu.2024.105166,REPEAT,Grade repetition,demographic,peer_reviewed_research,Student Level,Student: Demographic
10.1016/j.compedu.2024.105166,TARDYSD,Arriving late for school,student_behavior,peer_reviewed_research,Student Level,Student: Attitudinal/Behavioral
10.1016/j.compedu.2024.105166,IMMIG,Immigrant background,demographic,peer_reviewed_research,Student Level,Student: Demographic
10.1016/j.compedu.2024.105166,LANGN,Language spoken at home,demographic,peer_reviewed_research,Student Level,Student: Demographic
10.1016/j.compedu.2024.105166,MATHMOT,Motivation to do well in math,student_attitude,peer_reviewed_research,Student Level,Student: Attitudinal/Behavioral
10.1016/j.compedu.2024.105166,MATHPREF,Preference of mathematics,student_attitude,peer_reviewed_research,Student Level,Student: Attitudinal/Behavioral
10.1016/j.compedu.2024.105166,MATHEFF,Mathematics self-efficacy,student_attitude,peer_reviewed_research,Student Level,Student: Attitudinal/Behavioral
10.1016/j.compedu.2024.105166,MATHEF21,Math self-efficacy (21st century),student_attitude,peer_reviewed_research,Student Level,Student: Attitudinal/Behavioral
10.1016/j.compedu.2024.105166,effort,Effort,student_behavior,peer_reviewed_research,Student Level,Student: Attitudinal/Behavioral
10.1016/j.compedu.2024.105166,persistence_in_math,persistence in math,student_behavior,peer_reviewed_research,Student Level,Student: Attitudinal/Behavioral
10.1016/j.compedu.2024.105166,FAMCON,Subjective familiarity with math,student_behavior,peer_reviewed_research,Student Level,Student: Attitudinal/Behavioral
10.1016/j.compedu.2024.105166,COGACMCO,Cognitive activation (math thinking),curriculum,peer_reviewed_research,School/Teacher Level,School/Teacher: Context
10.1016/j.compedu.2024.105166,COGACRCO,Cognitive activation (reasoning),curriculum,peer_reviewed_research,School/Teacher Level,School/Teacher: Context
10.1016/j.compedu.2024.105166,DISCLIM,Disciplinary climate in math,curriculum,peer_reviewed_research,School/Teacher Level,School/Teacher: Context
10.1016/j.compedu.2024.105166,TEACHSUP,Mathematics teacher support,teacher,peer_reviewed_research,School/Teacher Level,School/Teacher: Practice
10.1016/j.compedu.2024.105166,SCHSUST,School actions to sustain learning,school,peer_reviewed_research,School/Teacher Level,School/Teacher: Context
10.1016/j.compedu.2024.105166,EXERPRAC,Exercise or sport before/after school,student_behavior,peer_reviewed_research,Student Level,Student: Attitudinal/Behavioral
10.1016/j.compedu.2024.105166,STUBMI,Body mass index (BMI),student_behavior,peer_reviewed_research,Student Level,Student: Attitudinal/Behavioral
10.1016/j.compedu.2024.105166,EMPATAGR,Empathy,student_attitude,peer_reviewed_research,Student Level,Student: Attitudinal/Behavioral
10.1016/j.compedu.2024.105166,CURIOAGR,Curiosity,student_attitude,peer_reviewed_research,Student Level,Student: Attitudinal/Behavioral
10.1016/j.compedu.2024.105166,COOPAGR,Cooperation,student_attitude,peer_reviewed_research,Student Level,Student: Attitudinal/Behavioral
10.1016/j.compedu.2024.105166,PERSEVAGR,Perseverance,student_attitude,peer_reviewed_research,Student Level,Student: Attitudinal/Behavioral
10.1016/j.compedu.2024.105166,PROBSELF,Problems with self-directed learning,student_behavior,peer_reviewed_research,Student Level,Student: Attitudinal/Behavioral
10.1016/j.compedu.2024.105166,SOCCONPA,Social connection to parents,parent_home,peer_reviewed_research,Student Level,Student: SES
10.1016/j.compedu.2024.105166,BSMJ,Expected occupation status,student_attitude,peer_reviewed_research,Student Level,Student: Attitudinal/Behavioral
10.1016/j.compedu.2024.105166,SISCO,Clear idea about future job,student_attitude,peer_reviewed_research,Student Level,Student: Attitudinal/Behavioral
10.1016/j.compedu.2024.105166,MATHEASE,Perception of math easiness,student_attitude,peer_reviewed_research,Student Level,Student: Attitudinal/Behavioral
10.1016/j.compedu.2024.105166,EXPOFA,Exposure to formal math tasks,curriculum,peer_reviewed_research,School/Teacher Level,School/Teacher: Context
10.1016/j.compedu.2024.105166,EXPO21ST,Exposure to 21st-century math tasks,curriculum,peer_reviewed_research,School/Teacher Level,School/Teacher: Context
10.1016/j.compedu.2024.105166,ASSERAGR,Assertiveness,student_attitude,peer_reviewed_research,Student Level,Student: Attitudinal/Behavioral
10.1016/j.compedu.2024.105166,BODYIMA,Body image,student_attitude,peer_reviewed_research,Student Level,Student: Attitudinal/Behavioral
10.1016/j.compedu.2024.105166,LEARRES,Learning resources during closure,curriculum,peer_reviewed_research,School/Teacher Level,School/Teacher: Context
10.1016/j.compedu.2024.105166,SDLEFF,Self-directed learning self-efficacy,student_attitude,peer_reviewed_research,Student Level,Student: Attitudinal/Behavioral
10.18608/jla.2024.8007,process_profile_score_level,Performance level (score quartiles),prior_achievement,peer_reviewed_research,Student Level,Student: Prior Achievement
10.18608/jla.2024.8007,item_response_sequence,Item response correctness sequence,process_data,peer_reviewed_research,Student Level,Student: Process Data
10.18608/jla.2024.8007,response_time_sequence,Discretized response time sequence,process_data,peer_reviewed_research,Student Level,Student: Process Data
10.18608/jla.2024.8007,tool_use_sequence,Discretized tool-use sequence,process_data,peer_reviewed_research,Student Level,Student: Process Data
10.18608/jla.2024.8007,test_session_position,Early vs middle vs late items,process_data,peer_reviewed_research,Student Level,Student: Process Data
10.18608/jla.2024.8007,item_block_time,Total time on item block,process_data,peer_reviewed_research,Student Level,Student: Process Data
10.18608/jla.2024.8007,item_difficulty,Item difficulty level,curriculum,peer_reviewed_research,School/Teacher Level,School/Teacher: Context
10.18608/jla.2024.8007,item_type,Item type (MC/SR/SCR/ECR),curriculum,peer_reviewed_research,School/Teacher Level,School/Teacher: Context
10.18608/jla.2024.8007,content_area,Content area (number/geometry/etc.),curriculum,peer_reviewed_research,School/Teacher Level,School/Teacher: Context
10.3390/educsci15020133,creative_thinking_mean_score,Creative thinking mean score,curriculum,peer_reviewed_research,School/Teacher Level,School/Teacher: Context
10.3390/educsci15020133,Var_1,Var 1 (writing/critical activities),curriculum,peer_reviewed_research,School/Teacher Level,School/Teacher: Context
10.3390/educsci15020133,Var_2,Var 2 (art/music activities),curriculum,peer_reviewed_research,School/Teacher Level,School/Teacher: Context
10.3390/educsci15020133,programming_classes_frequency,Programming activity frequency,curriculum,peer_reviewed_research,School/Teacher Level,School/Teacher: Context
10.3390/educsci15020133,science_club_frequency,Science club activity frequency,curriculum,peer_reviewed_research,School/Teacher Level,School/Teacher: Context
10.3390/educsci15020133,reading_2018_score,Reading score (PISA 2018),prior_achievement,peer_reviewed_research,Student Level,Student: Prior Achievement
10.3390/educsci15020133,reading_2022_score,Reading score (PISA 2022),prior_achievement,peer_reviewed_research,Student Level,Student: Prior Achievement
10.3390/educsci15020133,mathematics_2018_score,Mathematics score (PISA 2018),prior_achievement,peer_reviewed_research,Student Level,Student: Prior Achievement
10.3390/educsci15020133,science_2018_score,Science score (PISA 2018),prior_achievement,peer_reviewed_research,Student Level,Student: Prior Achievement
10.3390/educsci15020133,mathematics_2022_score,Mathematics score (PISA 2022),prior_achievement,peer_reviewed_research,Student Level,Student: Prior Achievement
10.3390/educsci15020133,science_2022_score,Science score (PISA 2022),prior_achievement,peer_reviewed_research,Student Level,Student: Prior Achievement
10.1016/j.ijer.2025.102607,ST004D01T,Gender,demographic,peer_reviewed_research,Student Level,Student: Demographic
10.1016/j.ijer.2025.102607,INTICT,ICT interest,student_attitude,peer_reviewed_research,Student Level,Student: Attitudinal/Behavioral
10.1016/j.ijer.2025.102607,COMPICT,Perceived ICT competence,student_attitude,peer_reviewed_research,Student Level,Student: Attitudinal/Behavioral
10.1016/j.ijer.2025.102607,AUTICT,Perceived ICT autonomy,ict,peer_reviewed_research,Student Level,Student: Attitudinal/Behavioral
10.1016/j.ijer.2025.102607,SOIAICT,ICT social interaction,ict,peer_reviewed_research,Student Level,Student: Attitudinal/Behavioral
10.1016/j.ijer.2025.102607,METASPAM,Metacognition: assess credibility,student_behavior,peer_reviewed_research,Student Level,Student: Attitudinal/Behavioral
10.1016/j.ijer.2025.102607,RESILIENCE,Self-efficacy,student_attitude,peer_reviewed_research,Student Level,Student: Attitudinal/Behavioral
10.1016/j.ijer.2025.102607,EMOSUPS,Parents’ emotional support,parent_home,peer_reviewed_research,Student Level,Student: SES
10.1016/j.ijer.2025.102607,ENTUSE,ICT use outside school,ict,peer_reviewed_research,Student Level,Student: Attitudinal/Behavioral
10.1016/j.ijer.2025.102607,ICTRES,ICT resources at home,ict,peer_reviewed_research,Student Level,Student: Attitudinal/Behavioral
10.1016/j.ijer.2025.102607,ICTSCH,ICT available at school,ict,peer_reviewed_research,Student Level,Student: Attitudinal/Behavioral
10.1016/j.ijer.2025.102607,RATCMP2,Internet-connected computers share,ict,peer_reviewed_research,Student Level,Student: Attitudinal/Behavioral
10.1016/j.ijer.2025.102607,PRIVATESCH,School type (public/private),school,peer_reviewed_research,School/Teacher Level,School/Teacher: Context
10.1016/j.ijer.2025.102607,COGFLEX,Ability to adapt to new situations,student_behavior,peer_reviewed_research,Student Level,Student: Attitudinal/Behavioral
10.1016/j.ijer.2025.102607,PISADIFF,Perception of PISA test difficulty,student_attitude,peer_reviewed_research,Student Level,Student: Attitudinal/Behavioral
10.1016/j.ijer.2025.102607,GFOFAIL,General fear of failure,student_attitude,peer_reviewed_research,Student Level,Student: Attitudinal/Behavioral
10.1016/j.ijer.2025.102607,BSMJ,Expected occupational status,student_attitude,peer_reviewed_research,Student Level,Student: Attitudinal/Behavioral
10.1016/j.ijer.2025.102607,SCREADCOMP,Self-concept of reading competence,student_attitude,peer_reviewed_research,Student Level,Student: Attitudinal/Behavioral
10.1016/j.ijer.2025.102607,COMPETE,Attitudes towards competition,student_attitude,peer_reviewed_research,Student Level,Student: Attitudinal/Behavioral
10.1007/s10639-023-11908-0,METASPAM,Assess credibility metacognition,student_behavior,peer_reviewed_research,Student Level,Student: Attitudinal/Behavioral
10.1007/s10639-023-11908-0,METASUM,Summarizing metacognition,student_behavior,peer_reviewed_research,Student Level,Student: Attitudinal/Behavioral
10.1007/s10639-023-11908-0,JOYREAD,Reading enjoyment,student_attitude,peer_reviewed_research,Student Level,Student: Attitudinal/Behavioral
10.1007/s10639-023-11908-0,REPEAT,Grade repetition,demographic,peer_reviewed_research,Student Level,Student: Demographic
10.1007/s10639-023-11908-0,PISADIFF,Perceived test difficulty,student_attitude,peer_reviewed_research,Student Level,Student: Attitudinal/Behavioral
10.1007/s10639-023-11908-0,BSMJ,Expected occupational status,student_attitude,peer_reviewed_research,Student Level,Student: Attitudinal/Behavioral
10.1007/s10639-023-11908-0,UNDREM,"Metacognition (understanding, remembering)",student_behavior,peer_reviewed_research,Student Level,Student: Attitudinal/Behavioral
10.1007/s10639-023-11908-0,EUDMO,Meaning in life,student_attitude,peer_reviewed_research,Student Level,Student: Attitudinal/Behavioral
10.1007/s10639-023-11908-0,BELONG,Sense of belonging,student_attitude,peer_reviewed_research,Student Level,Student: Attitudinal/Behavioral
10.1007/s10639-023-11908-0,ICTRES,ICT resources at home,ict,peer_reviewed_research,Student Level,Student: Attitudinal/Behavioral
10.1007/s10639-023-11908-0,AUTICT,ICT autonomy,ict,peer_reviewed_research,Student Level,Student: Attitudinal/Behavioral
10.1007/s10639-023-11908-0,SOIAICT,ICT as social interaction topic,ict,peer_reviewed_research,Student Level,Student: Attitudinal/Behavioral
10.1007/s10639-023-11908-0,HEDRES,Home educational resources,socioeconomic,peer_reviewed_research,Student Level,Student: SES
10.1007/s10639-023-11908-0,STUBEHA,Learning hindering behavior,school,peer_reviewed_research,School/Teacher Level,School/Teacher: Context
10.1007/s10639-023-11908-0,TCDISCLIMA,Teacher-rated disciplinary climate,peer_effects,peer_reviewed_research,School/Teacher Level,School/Teacher: Context
10.1007/s10639-023-11908-0,DISCLIMA,Student-rated disciplinary climate,peer_effects,peer_reviewed_research,School/Teacher Level,School/Teacher: Context
10.1007/s10639-023-11908-0,FEEDBACK,Teacher feedback,teacher,peer_reviewed_research,School/Teacher Level,School/Teacher: Practice
10.1007/s10639-023-11908-0,DIRINS,Teacher-directed instruction,teacher,peer_reviewed_research,School/Teacher Level,School/Teacher: Practice
10.1007/s10639-023-11908-0,PERCOMP,School competitiveness perception,peer_effects,peer_reviewed_research,School/Teacher Level,School/Teacher: Context
10.1007/s10639-023-11908-0,TOTAT,Total teachers at school,school,peer_reviewed_research,School/Teacher Level,School/Teacher: Context
10.1177/21582440241284915,ENVAWARE,Environmental awareness,student_behavior,peer_reviewed_research,Student Level,Student: Attitudinal/Behavioral
10.1177/21582440241284915,SCIEACT,Science activities index,student_behavior,peer_reviewed_research,Student Level,Student: Attitudinal/Behavioral
10.1177/21582440241284915,EPIST,Epistemological beliefs,student_attitude,peer_reviewed_research,Student Level,Student: Attitudinal/Behavioral
10.1177/21582440241284915,INTBRSCI,Interest in broad science topics,student_attitude,peer_reviewed_research,Student Level,Student: Attitudinal/Behavioral
10.1177/21582440241284915,JOYSCIE,Enjoyment of science,student_attitude,peer_reviewed_research,Student Level,Student: Attitudinal/Behavioral
10.1177/21582440241284915,INSTSCIE,Instrumental motivation,student_attitude,peer_reviewed_research,Student Level,Student: Attitudinal/Behavioral
10.1177/21582440241284915,ANXTEST,Test anxiety,student_attitude,peer_reviewed_research,Student Level,Student: Attitudinal/Behavioral
10.1177/21582440241284915,IBTEACH,Inquiry-based teaching practices,curriculum,peer_reviewed_research,School/Teacher Level,School/Teacher: Context
10.1177/21582440241284915,MOTIVAT,Achieving motivation,student_attitude,peer_reviewed_research,Student Level,Student: Attitudinal/Behavioral
10.1177/21582440241284915,AUTICT,Perceived ICT autonomy,ict,peer_reviewed_research,Student Level,Student: Attitudinal/Behavioral
10.1177/21582440241284915,science_specific_resources,Science-specific resources,school,peer_reviewed_research,School/Teacher Level,School/Teacher: Context
10.1177/21582440241284915,LEADINST,Instructional leadership,teacher,peer_reviewed_research,School/Teacher Level,School/Teacher: Practice
10.1177/21582440241284915,STRATIO,Student-teacher ratio,school,peer_reviewed_research,School/Teacher Level,School/Teacher: Context
10.1177/21582440241284915,CLSIZE,Class size,school,peer_reviewed_research,School/Teacher Level,School/Teacher: Context
10.1177/21582440241284915,TOTST,Total science teachers,school,peer_reviewed_research,School/Teacher Level,School/Teacher: Context
10.1186/s40536-022-00150-8,ST004D01T,Gender,demographic,peer_reviewed_research,Student Level,Student: Demographic
10.1186/s40536-022-00150-8,ST011Q01TA,Books at home,socioeconomic,peer_reviewed_research,Student Level,Student: SES
10.1186/s40536-022-00150-8,ST012Q05NA,Cell phones with internet,ict,peer_reviewed_research,Student Level,Student: Attitudinal/Behavioral
10.1186/s40536-022-00150-8,ST119Q01NA,Want top grades (courses),student_attitude,peer_reviewed_research,Student Level,Student: Attitudinal/Behavioral
10.1186/s40536-022-00150-8,ST119Q02NA,Best opportunities after graduation,student_attitude,peer_reviewed_research,Student Level,Student: Attitudinal/Behavioral
10.1186/s40536-022-00150-8,top_grades,Top grades,student_behavior,peer_reviewed_research,Student Level,Student: Attitudinal/Behavioral
10.1186/s40536-022-00150-8,perfecting_tasks,perfecting tasks,student_behavior,peer_reviewed_research,Student Level,Student: Attitudinal/Behavioral
10.1186/s40536-022-00150-8,ST034Q01NA,Feeling like an outsider,student_attitude,peer_reviewed_research,Student Level,Student: Attitudinal/Behavioral
10.1186/s40536-022-00150-8,awkward,Awkward,student_behavior,peer_reviewed_research,Student Level,Student: Attitudinal/Behavioral
10.1186/s40536-022-00150-8,out_of_place,out of place,student_behavior,peer_reviewed_research,Student Level,Student: Attitudinal/Behavioral
10.1186/s40536-022-00150-8,ST039Q01NA,Teachers call on me less,teacher,peer_reviewed_research,School/Teacher Level,School/Teacher: Practice
10.1186/s40536-022-00150-8,ST039Q03NA,Teachers think I'm less smart,teacher,peer_reviewed_research,School/Teacher Level,School/Teacher: Practice
10.1186/s40536-022-00150-8,ST039Q05NA,Teachers ridiculed me,teacher,peer_reviewed_research,School/Teacher Level,School/Teacher: Practice
10.1186/s40536-022-00150-8,ST032Q01NA,Moderate physical activity (60+ min),student_behavior,peer_reviewed_research,Student Level,Student: Attitudinal/Behavioral
10.1186/s40536-022-00150-8,ST032Q02NA,Vigorous physical activity (20+ min),student_behavior,peer_reviewed_research,Student Level,Student: Attitudinal/Behavioral
10.1186/s40536-022-00150-8,ST078Q02NA,Study after leaving school,student_behavior,peer_reviewed_research,Student Level,Student: Attitudinal/Behavioral
10.1186/s40536-022-00150-8,ST076Q02NA,Study before school,student_behavior,peer_reviewed_research,Student Level,Student: Attitudinal/Behavioral
10.1186/s40536-022-00150-8,ST078Q07NA,Talk to friends on phone,student_behavior,peer_reviewed_research,Student Level,Student: Attitudinal/Behavioral
10.1186/s40536-022-00150-8,ST078Q11NA,Exercising/practicing sport after school,student_behavior,peer_reviewed_research,Student Level,Student: Attitudinal/Behavioral
10.1186/s40536-022-00150-8,ST016Q01NA,Life satisfaction,student_attitude,peer_reviewed_research,Student Level,Student: Attitudinal/Behavioral
10.1186/s40536-022-00150-8,ST131Q08NA,Explain phenomena scientifically,prior_achievement,peer_reviewed_research,Student Level,Student: Prior Achievement
10.1186/s40536-022-00150-8,ST129Q08NA,Science knowledge (acid rain item),prior_achievement,peer_reviewed_research,Student Level,Student: Prior Achievement
10.1186/s40536-022-00150-8,PV1MATH,Mathematics achievement (PV1),prior_achievement,peer_reviewed_research,Student Level,Student: Prior Achievement
10.1186/s40536-022-00150-8,PV1READ,Reading achievement (PV1),prior_achievement,peer_reviewed_research,Student Level,Student: Prior Achievement
10.1186/s40536-022-00150-8,PV1FLIT,Financial literacy (PV1),prior_achievement,peer_reviewed_research,Student Level,Student: Prior Achievement
10.1186/s40536-022-00150-8,PV1SCED,Science subscale (PV1),prior_achievement,peer_reviewed_research,Student Level,Student: Prior Achievement
10.1186/s40536-022-00150-8,PV1SKCO,Science knowledge (PV1),prior_achievement,peer_reviewed_research,Student Level,Student: Prior Achievement
10.1186/s40536-022-00150-8,PV1SCEP,Explain phenomena (PV1),prior_achievement,peer_reviewed_research,Student Level,Student: Prior Achievement
10.1186/s40536-022-00150-8,PV1SSLI,Living system (PV1),prior_achievement,peer_reviewed_research,Student Level,Student: Prior Achievement
10.1186/s40536-022-00150-8,PV1SCIE,Science (PV1),prior_achievement,peer_reviewed_research,Student Level,Student: Prior Achievement
10.1186/s40536-022-00150-8,PV1SSPH,Physical science (PV1),prior_achievement,peer_reviewed_research,Student Level,Student: Prior Achievement
10.1111/ssm.18363,ict_availability,ICT availability,ict,peer_reviewed_research,Student Level,Student: Attitudinal/Behavioral
10.1111/ssm.18363,use,use,student_behavior,peer_reviewed_research,Student Level,Student: Attitudinal/Behavioral
10.1111/ssm.18363,ict_interest,ICT interest,student_attitude,peer_reviewed_research,Student Level,Student: Attitudinal/Behavioral
10.1111/ssm.18363,perceived_competence,perceived competence,student_behavior,peer_reviewed_research,Student Level,Student: Attitudinal/Behavioral
10.1111/ssm.18363,subject_related_ict_use,Subject-related ICT use,ict,peer_reviewed_research,Student Level,Student: Attitudinal/Behavioral
10.1111/ssm.18363,reading_related_attitudes,Reading-related attitudes,student_attitude,peer_reviewed_research,Student Level,Student: Attitudinal/Behavioral
10.1111/ssm.18363,test_language_lessons,Test language lessons,curriculum,peer_reviewed_research,School/Teacher Level,School/Teacher: Context
10.1111/ssm.18363,mother_tongue,Mother tongue,student_behavior,peer_reviewed_research,Student Level,Student: Attitudinal/Behavioral
10.1111/ssm.18363,reading,reading,student_behavior,peer_reviewed_research,Student Level,Student: Attitudinal/Behavioral
10.1111/ssm.18363,well_being,Well-being,student_attitude,peer_reviewed_research,Student Level,Student: Attitudinal/Behavioral
10.1111/ssm.18363,supportive_school_context,Supportive school context,school,peer_reviewed_research,School/Teacher Level,School/Teacher: Context
10.1111/ssm.18363,school_climate,School climate,school,peer_reviewed_research,School/Teacher Level,School/Teacher: Context
10.1111/ssm.18363,social_connection_to_parents,Social connection to parents,parent_home,peer_reviewed_research,Student Level,Student: SES
10.1111/ssm.18363,UNDREM,"Metacognition (understanding, remembering)",student_behavior,peer_reviewed_research,Student Level,Student: Attitudinal/Behavioral
10.1111/ssm.18363,household_possessions,Household possessions,student_behavior,peer_reviewed_research,Student Level,Student: Attitudinal/Behavioral
10.1111/ssm.18363,home,home,student_behavior,peer_reviewed_research,Student Level,Student: Attitudinal/Behavioral
10.1111/ssm.18363,economic,Economic,student_behavior,peer_reviewed_research,Student Level,Student: Attitudinal/Behavioral
10.1111/ssm.18363,cultural_parent_level,cultural parent level,parent_home,peer_reviewed_research,Student Level,Student: SES
10.1111/ssm.18363,parental_economic,Parental economic,parent_home,peer_reviewed_research,Student Level,Student: SES
10.1111/ssm.18363,cultural_status,cultural status,student_behavior,peer_reviewed_research,Student Level,Student: Attitudinal/Behavioral
10.1111/ssm.18363,interest_in_ict,Interest in ICT,ict,peer_reviewed_research,Student Level,Student: Attitudinal/Behavioral
10.1111/ssm.18363,broader_educational_outcomes_beyond_achievement,Broader outcomes beyond achievement,curriculum,peer_reviewed_research,School/Teacher Level,School/Teacher: Context
10.1111/ssm.18363,educational_pathways,Educational pathways,curriculum,peer_reviewed_research,School/Teacher Level,School/Teacher: Context
10.1111/ssm.18363,grade_repetition,Grade repetition,demographic,peer_reviewed_research,Student Level,Student: Demographic
10.1111/ssm.18363,learning_time,Learning time,student_behavior,peer_reviewed_research,Student Level,Student: Attitudinal/Behavioral
10.1111/ssm.18363,early_childhood_education,Early childhood education,student_behavior,peer_reviewed_research,Student Level,Student: Attitudinal/Behavioral
10.1111/ssm.18363,care,care,student_behavior,peer_reviewed_research,Student Level,Student: Attitudinal/Behavioral
10.1111/ssm.18363,equity,Equity,system_level,peer_reviewed_research,System/Country Level,System: Policy/Context
10.1111/ssm.18363,gender,Gender,demographic,peer_reviewed_research,Student Level,Student: Demographic
10.1111/ssm.18363,global_competence,Global competence,curriculum,peer_reviewed_research,School/Teacher Level,School/Teacher: Context
10.1111/ssm.18363,grade,Grade,demographic,peer_reviewed_research,Student Level,Student: Demographic
10.1111/ssm.18363,language_spoken_at_home,Language spoken at home,demographic,peer_reviewed_research,Student Level,Student: Demographic
10.1111/ssm.18363,dispositional_school_focused_variables,Dispositional and school-focused variables,student_behavior,peer_reviewed_research,Student Level,Student: Attitudinal/Behavioral
10.1111/ssm.18363,parents_education,Parents education,parent_home,peer_reviewed_research,Student Level,Student: SES
10.1016/j.jenvman.2025.126398,gender,Gender,demographic,peer_reviewed_research,Student Level,Student: Demographic
10.1016/j.jenvman.2025.126398,parents_education,Parents’ education level,socioeconomic,peer_reviewed_research,Student Level,Student: SES
10.1016/j.jenvman.2025.126398,life_satisfaction,Life satisfaction,student_attitude,peer_reviewed_research,Student Level,Student: Attitudinal/Behavioral
10.1016/j.jenvman.2025.126398,climate_change_explanatory_capacity,Climate-change explanatory capacity,student_attitude,peer_reviewed_research,Student Level,Student: Attitudinal/Behavioral
10.1016/j.jenvman.2025.126398,environmental_attitude,Environmental attitude,student_attitude,peer_reviewed_research,Student Level,Student: Attitudinal/Behavioral
10.1016/j.jenvman.2025.126398,critical_thinking,Critical thinking,student_attitude,peer_reviewed_research,Student Level,Student: Attitudinal/Behavioral
10.1016/j.jenvman.2025.126398,sense_of_life_meaning,Sense of life meaning,student_attitude,peer_reviewed_research,Student Level,Student: Attitudinal/Behavioral
10.1016/j.jenvman.2025.126398,feeling_lively,Feeling lively,student_attitude,peer_reviewed_research,Student Level,Student: Attitudinal/Behavioral
10.1016/j.jenvman.2025.126398,feeling_proud,Feeling proud,student_attitude,peer_reviewed_research,Student Level,Student: Attitudinal/Behavioral
10.1016/j.jenvman.2025.126398,school_belonging,School belonging,student_attitude,peer_reviewed_research,Student Level,Student: Attitudinal/Behavioral
10.1016/j.jenvman.2025.126398,school_location,School location,school,peer_reviewed_research,School/Teacher Level,School/Teacher: Context
10.1016/j.jenvman.2025.126398,school_type,School type (public/private),school,peer_reviewed_research,School/Teacher Level,School/Teacher: Context
10.1016/j.jenvman.2025.126398,collaborative_school_climate,Collaborative school climate,school,peer_reviewed_research,School/Teacher Level,School/Teacher: Context
10.1016/j.jenvman.2025.126398,climate_change_course,Climate change course in curriculum,curriculum,peer_reviewed_research,School/Teacher Level,School/Teacher: Context
10.1016/j.jenvman.2025.126398,environmental_clubs_volunteering,Environmental clubs/volunteering,school,peer_reviewed_research,School/Teacher Level,School/Teacher: Context
10.1016/j.jenvman.2025.126398,international_event_discussion,International event discussion,school,peer_reviewed_research,School/Teacher Level,School/Teacher: Context
10.1016/j.jenvman.2025.126398,respect_for_cultural_differences,Respect for cultural differences,student_attitude,peer_reviewed_research,Student Level,Student: Attitudinal/Behavioral
10.1016/j.jenvman.2025.126398,power_distance,Power distance culture,system_level,peer_reviewed_research,System/Country Level,System: Policy/Context
10.1016/j.jenvman.2025.126398,individualism,Individualism culture,system_level,peer_reviewed_research,System/Country Level,System: Policy/Context
10.1016/j.jenvman.2025.126398,uncertainty_avoidance,Uncertainty avoidance culture,system_level,peer_reviewed_research,System/Country Level,System: Policy/Context
10.1016/j.jenvman.2025.126398,long_term_orientation,Long-term orientation culture,system_level,peer_reviewed_research,System/Country Level,System: Policy/Context
10.1016/j.jenvman.2025.126398,indulgence,Indulgence culture,system_level,peer_reviewed_research,System/Country Level,System: Policy/Context
10.1016/j.jenvman.2025.126398,environmental_performance_index,Environmental Performance Index (EPI),system_level,peer_reviewed_research,System/Country Level,System: Policy/Context
10.1016/j.jenvman.2025.126398,mean_sustainable_development_score,Mean Sustainable Development Score,system_level,peer_reviewed_research,System/Country Level,System: Policy/Context
10.1016/j.jenvman.2025.126398,sustainable_development_goals_score,Sustainable Development Goals score,system_level,peer_reviewed_research,System/Country Level,System: Policy/Context
10.1016/j.jenvman.2025.126398,vulnerability,ND-GAIN vulnerability,system_level,peer_reviewed_research,System/Country Level,System: Policy/Context
10.1016/j.jenvman.2025.126398,readiness,ND-GAIN readiness,system_level,peer_reviewed_research,System/Country Level,System: Policy/Context
10.1016/j.jenvman.2025.126398,climate_risk_index_local,Local Climate Risk Index (CRI 2018),system_level,peer_reviewed_research,System/Country Level,System: Policy/Context
10.1016/j.jenvman.2025.126398,climate_risk_index_birth_to_survey,Climate Risk Index (1999–2018),system_level,peer_reviewed_research,System/Country Level,System: Policy/Context
10.1016/j.jenvman.2025.126398,world_governance_index,World Governance Index (WGI),system_level,peer_reviewed_research,System/Country Level,System: Policy/Context
10.1016/j.jenvman.2025.126398,human_development_index,Human Development Index (HDI),system_level,peer_reviewed_research,System/Country Level,System: Policy/Context
10.1080/1743727X.2021.1963226,gender,Gender,demographic,peer_reviewed_research,Student Level,Student: Demographic
10.1080/1743727X.2021.1963226,ESCS,Socioeconomic status (ESCS),socioeconomic,peer_reviewed_research,Student Level,Student: SES
10.1080/1743727X.2021.1963226,COMPICT,ICT competence,ict,peer_reviewed_research,Student Level,Student: Attitudinal/Behavioral
10.1080/1743727X.2021.1963226,INTICT,ICT interest,ict,peer_reviewed_research,Student Level,Student: Attitudinal/Behavioral
10.1080/1743727X.2021.1963226,SOIAICT,ICT in social interaction,ict,peer_reviewed_research,Student Level,Student: Attitudinal/Behavioral
10.1080/1743727X.2021.1963226,AUTICT,ICT autonomy,ict,peer_reviewed_research,Student Level,Student: Attitudinal/Behavioral
10.1016/j.compedu.2023.104846,GENDER,Gender,demographic,peer_reviewed_research,Student Level,Student: Demographic
10.1016/j.compedu.2023.104846,ESCS,Socioeconomic status (ESCS),socioeconomic,peer_reviewed_research,Student Level,Student: SES
10.1016/j.compedu.2023.104846,SCHSIZE,School size,school,peer_reviewed_research,School/Teacher Level,School/Teacher: Context
10.1016/j.compedu.2023.104846,CLSIZE,Class size,school,peer_reviewed_research,School/Teacher Level,School/Teacher: Context
10.1016/j.compedu.2023.104846,STRATIO,Student-teacher ratio,school,peer_reviewed_research,School/Teacher Level,School/Teacher: Context
10.1016/j.compedu.2023.104846,lnGDP,Log GDP per capita,system_level,peer_reviewed_research,System/Country Level,System: Policy/Context
10.1016/j.compedu.2023.104846,INTICT,Interest in ICT,student_attitude,peer_reviewed_research,Student Level,Student: Attitudinal/Behavioral
10.1016/j.compedu.2023.104846,COMPICT,Perceived ICT competence,student_attitude,peer_reviewed_research,Student Level,Student: Attitudinal/Behavioral
10.1016/j.compedu.2023.104846,AUTICT,Perceived ICT autonomy,ict,peer_reviewed_research,Student Level,Student: Attitudinal/Behavioral
10.1016/j.compedu.2023.104846,SOIAICT,ICT as social interaction topic,ict,peer_reviewed_research,Student Level,Student: Attitudinal/Behavioral
10.1016/j.compedu.2023.104846,DIGIPRE,Preference for digital reading,student_attitude,peer_reviewed_research,Student Level,Student: Attitudinal/Behavioral
10.1016/j.compedu.2023.104846,PAPERPRE,Preference for paper reading,student_attitude,peer_reviewed_research,Student Level,Student: Attitudinal/Behavioral
10.1016/j.compedu.2023.104846,EQUAFORM,Equal interest in formats,student_attitude,peer_reviewed_research,Student Level,Student: Attitudinal/Behavioral
10.1016/j.compedu.2023.104846,USESCH,ICT use at school,ict,peer_reviewed_research,Student Level,Student: Attitudinal/Behavioral
10.1016/j.compedu.2023.104846,ICTOUTSIDE,Subject ICT use outside lessons,ict,peer_reviewed_research,Student Level,Student: Attitudinal/Behavioral
10.1016/j.compedu.2023.104846,ICTCLASS,Subject ICT use during lessons,ict,peer_reviewed_research,Student Level,Student: Attitudinal/Behavioral
10.1016/j.compedu.2023.104846,ENTUSE,ICT use outside for entertainment,ict,peer_reviewed_research,Student Level,Student: Attitudinal/Behavioral
10.1016/j.compedu.2023.104846,HOMESCH,ICT use outside for schoolwork,ict,peer_reviewed_research,Student Level,Student: Attitudinal/Behavioral
10.1016/j.compedu.2023.104846,ICTRES,ICT resources at home,ict,peer_reviewed_research,Student Level,Student: Attitudinal/Behavioral
10.1016/j.compedu.2023.104846,ICTHOME,ICT available at home,socioeconomic,peer_reviewed_research,Student Level,Student: SES
10.1016/j.compedu.2023.104846,ICTSCH,ICT available at school,ict,peer_reviewed_research,Student Level,Student: Attitudinal/Behavioral
10.1016/j.compedu.2023.104846,RATCMP1,Computers per student,ict,peer_reviewed_research,Student Level,Student: Attitudinal/Behavioral
10.1016/j.compedu.2023.104846,RATCMP2,Internet-connected computers share,ict,peer_reviewed_research,Student Level,Student: Attitudinal/Behavioral
10.1016/j.compedu.2023.104846,ICTSKIT,ICT skills taught by teachers,teacher,peer_reviewed_research,School/Teacher Level,School/Teacher: Practice
10.1016/j.compedu.2023.104846,SCHICTQUA,Quality of school ICT resources,ict,peer_reviewed_research,Student Level,Student: Attitudinal/Behavioral
10.1016/j.compedu.2023.104846,TEACHICT,Teacher ICT use support,teacher,peer_reviewed_research,School/Teacher Level,School/Teacher: Practice
10.1016/j.compedu.2023.104846,school_ict_promotion,School ICT promotion,ict,peer_reviewed_research,Student Level,Student: Attitudinal/Behavioral
10.1016/j.compedu.2023.104846,regulation,regulation,student_behavior,peer_reviewed_research,Student Level,Student: Attitudinal/Behavioral
10.1007/s11218-023-09773-3,WORKMAST,Work mastery (WLE),student_attitude,peer_reviewed_research,Student Level,Student: Attitudinal/Behavioral
10.1007/s11218-023-09773-3,JOYREAD,Reading enjoyment (WLE),student_attitude,peer_reviewed_research,Student Level,Student: Attitudinal/Behavioral
10.1007/s11218-023-09773-3,BSMJ,Expected occupational status (WLE),student_attitude,peer_reviewed_research,Student Level,Student: Attitudinal/Behavioral
10.1007/s11218-023-09773-3,SCREADDIFF,Reading difficulty self-concept (WLE),student_attitude,peer_reviewed_research,Student Level,Student: Attitudinal/Behavioral
10.1007/s11218-023-09773-3,MASTGOAL,Mastery goal orientation (WLE),student_attitude,peer_reviewed_research,Student Level,Student: Attitudinal/Behavioral
10.1007/s11218-023-09773-3,SCREADCOMP,Reading competence self-concept (WLE),student_attitude,peer_reviewed_research,Student Level,Student: Attitudinal/Behavioral
10.1007/s11218-023-09773-3,RESILIENCE,Resilience (WLE),student_attitude,peer_reviewed_research,Student Level,Student: Attitudinal/Behavioral
10.1007/s11218-023-09773-3,PISADIFF,Perceived PISA difficulty (WLE),student_attitude,peer_reviewed_research,Student Level,Student: Attitudinal/Behavioral
10.1007/s11218-023-09773-3,ATTLNACT,Learning activities attitude (WLE),student_attitude,peer_reviewed_research,Student Level,Student: Attitudinal/Behavioral
10.1007/s11218-023-09773-3,ST184Q01HA,Fixed mindset,student_attitude,peer_reviewed_research,Student Level,Student: Attitudinal/Behavioral
10.1007/s11218-023-09773-3,COMPETE,Competitiveness (WLE),student_attitude,peer_reviewed_research,Student Level,Student: Attitudinal/Behavioral
10.1007/s11218-023-09773-3,GENDER,Gender,demographic,peer_reviewed_research,Student Level,Student: Demographic
10.1007/s11218-023-09773-3,EUDMO,Meaning in life (WLE),student_attitude,peer_reviewed_research,Student Level,Student: Attitudinal/Behavioral
10.1007/s11218-023-09773-3,GFOFAIL,Fear of failure (WLE),student_attitude,peer_reviewed_research,Student Level,Student: Attitudinal/Behavioral
10.1007/s11218-023-09773-3,SWBP,Positive affect (WLE),student_attitude,peer_reviewed_research,Student Level,Student: Attitudinal/Behavioral
10.1007/s11218-023-09773-3,ST176,Time spent on online reading,process_data,peer_reviewed_research,Student Level,Student: Process Data
10.1007/s11218-023-09773-3,EMOSUPS,Parents’ emotional support,parent_home,peer_reviewed_research,Student Level,Student: SES
10.1007/s11218-023-09773-3,ST175,Time spent in leisure reading,student_behavior,peer_reviewed_research,Student Level,Student: Attitudinal/Behavioral
10.1007/s11218-023-09773-3,METASUM,Meta-cognition: summarizing (WLE),student_behavior,peer_reviewed_research,Student Level,Student: Attitudinal/Behavioral
10.1007/s11218-023-09773-3,TEACHINT,Teaching interest (WLE),teacher,peer_reviewed_research,School/Teacher Level,School/Teacher: Practice
10.1007/s11218-023-09773-3,UNDREM,"Metacognition (understanding, remembering)",student_behavior,peer_reviewed_research,Student Level,Student: Attitudinal/Behavioral
10.1007/s11218-023-09773-3,STIMREAD,Stimulation of reading (WLE),teacher,peer_reviewed_research,School/Teacher Level,School/Teacher: Practice
10.1007/s11218-023-09773-3,ST168,Reading books in different modes,student_behavior,peer_reviewed_research,Student Level,Student: Attitudinal/Behavioral
10.1007/s11218-023-09773-3,ST150,Reading variety in class,curriculum,peer_reviewed_research,School/Teacher Level,School/Teacher: Context
10.1007/s11218-023-09773-3,ADAPTIVITY,Instructional adaptivity (WLE),teacher,peer_reviewed_research,School/Teacher Level,School/Teacher: Practice
10.1007/s11218-023-09773-3,ST153,Comprehension activities (WLE),curriculum,peer_reviewed_research,School/Teacher Level,School/Teacher: Context
10.1007/s11218-023-09773-3,ST167,Reading variety for leisure,student_behavior,peer_reviewed_research,Student Level,Student: Attitudinal/Behavioral
10.1007/s11218-023-09773-3,METASPAM,Meta-cognition: assess credibility (WLE),student_behavior,peer_reviewed_research,Student Level,Student: Attitudinal/Behavioral
10.1007/s11218-023-09773-3,DIRINS,Teacher-directed instruction (WLE),teacher,peer_reviewed_research,School/Teacher Level,School/Teacher: Practice
10.1007/s11218-023-09773-3,TEACHSUP,Teacher support in test language lessons (WLE),teacher,peer_reviewed_research,School/Teacher Level,School/Teacher: Practice
10.1007/s11218-023-09773-3,LMINS,Learning time in language of test,student_behavior,peer_reviewed_research,Student Level,Student: Attitudinal/Behavioral
10.1007/s11218-023-09773-3,ESCS,Socioeconomic status (ESCS),socioeconomic,peer_reviewed_research,Student Level,Student: SES
10.1007/s11218-023-09773-3,REPEAT,Grade repetition,demographic,peer_reviewed_research,Student Level,Student: Demographic
10.1007/s11218-023-09773-3,ICTRES,ICT resources at home (WLE),ict,peer_reviewed_research,Student Level,Student: Attitudinal/Behavioral
10.1007/s11218-023-09773-3,SCHLTYPE,School ownership,school,peer_reviewed_research,School/Teacher Level,School/Teacher: Context
10.1007/s11218-023-09773-3,DISCRIM,Discriminating school climate (WLE),school,peer_reviewed_research,School/Teacher Level,School/Teacher: Context
10.1007/s11218-023-09773-3,BELONG,School belongingness (WLE),student_attitude,peer_reviewed_research,Student Level,Student: Attitudinal/Behavioral
10.1007/s11218-023-09773-3,HEDRES,Home educational resources (WLE),socioeconomic,peer_reviewed_research,Student Level,Student: SES
10.1007/s11218-023-09773-3,EDUSHORT,Educational material shortage (WLE),school,peer_reviewed_research,School/Teacher Level,School/Teacher: Context
10.1007/s11218-023-09773-3,PERCOOP,School cooperation (WLE),school,peer_reviewed_research,School/Teacher Level,School/Teacher: Context
10.1007/s11218-023-09773-3,DISCLIMA,Disciplinary climate (WLE),peer_effects,peer_reviewed_research,School/Teacher Level,School/Teacher: Context
10.1007/s11218-023-09773-3,BEINGBULLIED,Being bullied (WLE),peer_effects,peer_reviewed_research,School/Teacher Level,School/Teacher: Context
10.1007/s11218-023-09773-3,PERCOMP,School competitiveness (WLE),peer_effects,peer_reviewed_research,School/Teacher Level,School/Teacher: Context
10.1007/s11218-023-09773-3,RATCMP2,Computer to internet ratio (WLE),ict,peer_reviewed_research,Student Level,Student: Attitudinal/Behavioral
10.1007/s11218-023-09773-3,RATCMP1,to computer ratio (WLE),ict,peer_reviewed_research,Student Level,Student: Attitudinal/Behavioral
10.1007/s11218-023-09773-3,RURAL,School location,school,peer_reviewed_research,School/Teacher Level,School/Teacher: Context
10.1007/s11218-023-09773-3,STAFFSHORT,Educational staff shortage (WLE),school,peer_reviewed_research,School/Teacher Level,School/Teacher: Context
10.1007/s11218-023-09773-3,LANGFRIEND,Best friend language (WLE),demographic,peer_reviewed_research,Student Level,Student: Demographic
10.1007/s11218-023-09773-3,LANGSCHMATES,Schoolmates language (WLE),demographic,peer_reviewed_research,Student Level,Student: Demographic
10.1007/s11218-023-09773-3,DURECEC,Early childhood education duration (WLE),student_behavior,peer_reviewed_research,Student Level,Student: Attitudinal/Behavioral
10.1007/s11218-023-09773-3,TOTAT,Total number of teachers (WLE),school,peer_reviewed_research,School/Teacher Level,School/Teacher: Context
10.1007/s11218-023-09773-3,LANGMOTHER,Mother language (WLE),demographic,peer_reviewed_research,Student Level,Student: Demographic
10.1007/s11218-023-09773-3,SCHSIZE,School size (WLE),school,peer_reviewed_research,School/Teacher Level,School/Teacher: Context
10.1111/bjep.12657,AGE,Age,demographic,peer_reviewed_research,Student Level,Student: Demographic
10.1111/bjep.12657,ST004D01T,Gender,demographic,peer_reviewed_research,Student Level,Student: Demographic
10.1111/bjep.12657,economic,Economic,student_behavior,peer_reviewed_research,Student Level,Student: Attitudinal/Behavioral
10.1111/bjep.12657,social,social,student_behavior,peer_reviewed_research,Student Level,Student: Attitudinal/Behavioral
10.1111/bjep.12657,cultural_status,cultural status,student_behavior,peer_reviewed_research,Student Level,Student: Attitudinal/Behavioral
10.1111/bjep.12657,ict_resources_at_home,ICT resources at home,ict,peer_reviewed_research,Student Level,Student: Attitudinal/Behavioral
10.1111/bjep.12657,school,school,student_behavior,peer_reviewed_research,Student Level,Student: Attitudinal/Behavioral
10.1111/bjep.12657,BEINGBULLIED,Exposure to bullying,student_behavior,peer_reviewed_research,Student Level,Student: Attitudinal/Behavioral
10.1111/bjep.12657,EMOSUPS,Parents emotional support,parent_home,peer_reviewed_research,Student Level,Student: SES
10.1111/bjep.12657,TEACHSUP,Teacher support,teacher,peer_reviewed_research,School/Teacher Level,School/Teacher: Practice
10.1111/bjep.12657,ADAPTIVITY,Adaptation of instruction,curriculum,peer_reviewed_research,School/Teacher Level,School/Teacher: Context
10.1111/bjep.12657,BELONG,Sense of belonging,student_attitude,peer_reviewed_research,Student Level,Student: Attitudinal/Behavioral
10.1111/bjep.12657,PERFEED,Perceived feedback,teacher,peer_reviewed_research,School/Teacher Level,School/Teacher: Practice
10.1111/bjep.12657,TEACHINT,Perceived teacher interest,teacher,peer_reviewed_research,School/Teacher Level,School/Teacher: Practice
10.1111/bjep.12657,PERCOOP,cooperation,peer_effects,peer_reviewed_research,School/Teacher Level,School/Teacher: Context
10.1111/bjep.12657,PERCOMP,competition,peer_effects,peer_reviewed_research,School/Teacher Level,School/Teacher: Context
10.1111/bjep.12657,COMPETE,Attitudes towards competition,student_attitude,peer_reviewed_research,Student Level,Student: Attitudinal/Behavioral
10.1111/bjep.12657,ST185Q01HA,Growth mindset,student_attitude,peer_reviewed_research,Student Level,Student: Attitudinal/Behavioral
10.1111/bjep.12657,MASTGOAL,Learning goals,student_attitude,peer_reviewed_research,Student Level,Student: Attitudinal/Behavioral
10.1111/bjep.12657,WORKMAST,Motivation to master tasks,student_attitude,peer_reviewed_research,Student Level,Student: Attitudinal/Behavioral
10.1111/bjep.12657,ATTLNACT,Attitudes towards learning,student_attitude,peer_reviewed_research,Student Level,Student: Attitudinal/Behavioral
10.1111/bjep.12657,JOYREAD,Joy/like reading,student_attitude,peer_reviewed_research,Student Level,Student: Attitudinal/Behavioral
10.1111/bjep.12657,RESILIENCE,Self-efficacy,student_attitude,peer_reviewed_research,Student Level,Student: Attitudinal/Behavioral
10.1111/bjep.12657,GFOFAIL,Fear of failure,student_attitude,peer_reviewed_research,Student Level,Student: Attitudinal/Behavioral
10.1111/bjep.12657,EUDMO,Meaning in life,student_attitude,peer_reviewed_research,Student Level,Student: Attitudinal/Behavioral
10.1111/bjep.12657,SWBP,Positive feelings,student_attitude,peer_reviewed_research,Student Level,Student: Attitudinal/Behavioral
10.1111/bjep.12657,DISCLIMA,Disciplinary climate,peer_effects,peer_reviewed_research,School/Teacher Level,School/Teacher: Context
10.1111/bjep.12657,DIRINS,Teacher-directed instruction,teacher,peer_reviewed_research,School/Teacher Level,School/Teacher: Practice
10.1111/bjep.12657,STIMREAD,Teacher stimulation of reading,teacher,peer_reviewed_research,School/Teacher Level,School/Teacher: Practice
10.3390/jintelligence10030061,SCHLTYPE,School type (public/private),school,peer_reviewed_research,School/Teacher Level,School/Teacher: Context
10.3390/jintelligence10030061,ST012Q05NA,Internet mobile phones at home,ict,peer_reviewed_research,Student Level,Student: Attitudinal/Behavioral
10.3390/jintelligence10030061,ST225Q05HA,Expect vocational degree,student_attitude,peer_reviewed_research,Student Level,Student: Attitudinal/Behavioral
10.3390/jintelligence10030061,ST166Q02HA,Spam email response appropriateness,student_behavior,peer_reviewed_research,Student Level,Student: Attitudinal/Behavioral
10.3390/jintelligence10030061,HISEI,Parents occupational status (HISEI),socioeconomic,peer_reviewed_research,Student Level,Student: SES
10.3390/jintelligence10030061,BSMJ,Expected job at age 30,student_attitude,peer_reviewed_research,Student Level,Student: Attitudinal/Behavioral
10.3390/jintelligence10030061,WORKMAST,Mastery motivation (WORKMAST),student_attitude,peer_reviewed_research,Student Level,Student: Attitudinal/Behavioral
10.3390/jintelligence10030061,ATTLNACT,Value of schooling (ATTLNACT),student_attitude,peer_reviewed_research,Student Level,Student: Attitudinal/Behavioral
10.3390/jintelligence10030061,ST188Q02HA,Proud of accomplishments (ST188Q02HA),student_attitude,peer_reviewed_research,Student Level,Student: Attitudinal/Behavioral
10.3390/jintelligence10030061,REPEAT,Grade repetition (REPEAT),demographic,peer_reviewed_research,Student Level,Student: Demographic
10.3390/jintelligence10030061,ST062Q01TA,Skipping school days (ST062Q01TA),student_behavior,peer_reviewed_research,Student Level,Student: Attitudinal/Behavioral
10.3390/jintelligence10030061,PERCOOP,Cooperation encouraged (PERCOOP),school,peer_reviewed_research,School/Teacher Level,School/Teacher: Context
10.3390/jintelligence10030061,EMOSUPS,Emotional support from parents,parent_home,peer_reviewed_research,Student Level,Student: SES
10.3390/jintelligence10030061,ST184Q01HA,Fixed mindset about intelligence,student_attitude,peer_reviewed_research,Student Level,Student: Attitudinal/Behavioral
10.3390/jintelligence10030061,ICTRES,ICT resources at home (ICTRES),ict,peer_reviewed_research,Student Level,Student: Attitudinal/Behavioral
10.3390/jintelligence10030061,ST05902TA,Math class periods per week,curriculum,peer_reviewed_research,School/Teacher Level,School/Teacher: Context
10.1080/09500693.2024.2359099,ITCOURSE,Curriculum type (integrated vs separated),curriculum,peer_reviewed_research,School/Teacher Level,School/Teacher: Context
10.1080/09500693.2024.2359099,IDCNTRY,Country identity (IDCNTRY),system_level,peer_reviewed_research,System/Country Level,System: Policy/Context
10.1080/09500693.2024.2359099,BSBGHER,Socio-economic background (BSBGHER),socioeconomic,peer_reviewed_research,Student Level,Student: SES
10.1080/09500693.2024.2359099,BSBGSLS,Like to learn science,student_attitude,peer_reviewed_research,Student Level,Student: Attitudinal/Behavioral
10.1080/09500693.2024.2359099,BSBGSCS,Confidence about science,student_attitude,peer_reviewed_research,Student Level,Student: Attitudinal/Behavioral
10.1080/09500693.2024.2359099,BSBS21,Science experiment frequency,student_behavior,peer_reviewed_research,Student Level,Student: Attitudinal/Behavioral
10.1080/09500693.2024.2359099,BSBS22H,Like science experiments,student_attitude,peer_reviewed_research,Student Level,Student: Attitudinal/Behavioral
10.1080/09500693.2024.2359099,BTBS18A,Homework frequency assigned,teacher,peer_reviewed_research,School/Teacher Level,School/Teacher: Practice
10.1080/09500693.2024.2359099,BTBS18B,Homework time,student_behavior,peer_reviewed_research,Student Level,Student: Attitudinal/Behavioral
10.1080/09500693.2024.2359099,BTBS18CA,Homework feedback: correcting assignments,teacher,peer_reviewed_research,School/Teacher Level,School/Teacher: Practice
10.1080/09500693.2024.2359099,BTBS18CB,Homework feedback: students correct,teacher,peer_reviewed_research,School/Teacher Level,School/Teacher: Practice
10.1080/09500693.2024.2359099,BTBS18CC,Homework feedback: discuss in class,teacher,peer_reviewed_research,School/Teacher Level,School/Teacher: Practice
10.1080/09500693.2024.2359099,BTBS18CD,Homework feedback: monitor completion,teacher,peer_reviewed_research,School/Teacher Level,School/Teacher: Practice
10.1080/09500693.2024.2359099,BTBS18CE,Homework feedback: contribute to grades,teacher,peer_reviewed_research,School/Teacher Level,School/Teacher: Practice
10.1080/09500693.2024.2359099,BSBGICS,Instructional clarity,teacher,peer_reviewed_research,School/Teacher Level,School/Teacher: Practice
10.1080/09500693.2024.2359099,BTBS14,Instructional time (principals/teachers),curriculum,peer_reviewed_research,School/Teacher Level,School/Teacher: Context
10.1080/09500693.2024.2359099,BCBG06B,Instructional time (teachers),curriculum,peer_reviewed_research,School/Teacher Level,School/Teacher: Context
10.1080/09500693.2024.2359099,BTBG09D,Needs more time to prepare,teacher,peer_reviewed_research,School/Teacher Level,School/Teacher: Practice
10.1080/09500693.2024.2359099,BTBG09E,Needs more time to assist,teacher,peer_reviewed_research,School/Teacher Level,School/Teacher: Practice
10.1080/09500693.2024.2359099,BTBG12A,Instructional strategy: link daily lives,teacher,peer_reviewed_research,School/Teacher Level,School/Teacher: Practice
10.1080/09500693.2024.2359099,BTBG12B,Instructional strategy: ask explain answers,teacher,peer_reviewed_research,School/Teacher Level,School/Teacher: Practice
10.1080/09500693.2024.2359099,BTBG12C,Instructional strategy: challenging exercises,teacher,peer_reviewed_research,School/Teacher Level,School/Teacher: Practice
10.1080/09500693.2024.2359099,BTBG12D,Instructional strategy: classroom discussions,teacher,peer_reviewed_research,School/Teacher Level,School/Teacher: Practice
10.1080/09500693.2024.2359099,BTBG12E,Instructional strategy: link to prior knowledge,teacher,peer_reviewed_research,School/Teacher Level,School/Teacher: Practice
10.1080/09500693.2024.2359099,BTBG12F,Instructional strategy: find problem-solving procedures,teacher,peer_reviewed_research,School/Teacher Level,School/Teacher: Practice
10.1080/09500693.2024.2359099,BTBG12G,Instructional strategy: express ideas,teacher,peer_reviewed_research,School/Teacher Level,School/Teacher: Practice
10.1080/09500693.2024.2359099,BTBSESI,Teachers emphasize science investigation,teacher,peer_reviewed_research,School/Teacher Level,School/Teacher: Practice
10.1080/09500693.2024.2359099,ITSEX,Gender,demographic,peer_reviewed_research,Student Level,Student: Demographic
10.1016/j.heliyon.2024.e32637,ST005Q01TA,Mothers education level,socioeconomic,peer_reviewed_research,Student Level,Student: SES
10.1016/j.heliyon.2024.e32637,ST007Q01TA,Fathers education level,socioeconomic,peer_reviewed_research,Student Level,Student: SES
10.1016/j.heliyon.2024.e32637,IC002Q01HA,Age at first device use,ict,peer_reviewed_research,Student Level,Student: Attitudinal/Behavioral
10.1016/j.heliyon.2024.e32637,IC006Q01TA,Daily internet use (weekdays),ict,peer_reviewed_research,Student Level,Student: Attitudinal/Behavioral
10.1016/j.heliyon.2024.e32637,IC007Q01TA,Daily internet use (weekend),ict,peer_reviewed_research,Student Level,Student: Attitudinal/Behavioral
10.1016/j.heliyon.2024.e32637,IC008Q05TA,Social networks participation,ict,peer_reviewed_research,Student Level,Student: Attitudinal/Behavioral
10.1016/j.heliyon.2024.e32637,IC008Q07NA,Playing online games,ict,peer_reviewed_research,Student Level,Student: Attitudinal/Behavioral
10.1016/j.heliyon.2024.e32637,IC013Q05NA,Usefulness of social networks,ict,peer_reviewed_research,Student Level,Student: Attitudinal/Behavioral
10.1016/j.heliyon.2024.e32637,COMPICT,Perceived ICT competence,student_attitude,peer_reviewed_research,Student Level,Student: Attitudinal/Behavioral
10.1016/j.heliyon.2024.e32637,AUTICT,Perceived ICT autonomy,ict,peer_reviewed_research,Student Level,Student: Attitudinal/Behavioral
10.1016/j.heliyon.2024.e32637,Region,Region of Spain,system_level,peer_reviewed_research,System/Country Level,System: Policy/Context
10.1016/j.heliyon.2024.e32637,SC013Q01TA,School type (public/private),school,peer_reviewed_research,School/Teacher Level,School/Teacher: Context
10.1016/j.heliyon.2024.e32637,ST004D01T,Gender,demographic,peer_reviewed_research,Student Level,Student: Demographic
10.1186/s40536-025-00266-7,focal_group_dummies,Focal group membership,demographic,peer_reviewed_research,Student Level,Student: Demographic
10.1186/s40536-025-00266-7,principal_component_scores,Contextual PCA scores,socioeconomic,peer_reviewed_research,Student Level,Student: SES
10.1186/s40536-025-00266-7,num_predictors_P,Number of predictors (P),system_level,peer_reviewed_research,System/Country Level,System: Policy/Context
10.1186/s40536-025-00266-7,items_per_test_taker_J,Items per test taker (J),curriculum,peer_reviewed_research,School/Teacher Level,School/Teacher: Context
10.1186/s40536-025-00266-7,missing_condition,Item missingness condition,curriculum,peer_reviewed_research,School/Teacher Level,School/Teacher: Context
10.1186/s40536-025-00266-7,irt_model_type,IRT item model (2PL/3PL),curriculum,peer_reviewed_research,School/Teacher Level,School/Teacher: Context
10.1109/TLT.2023.3281056,ESCS,Socioeconomic status (ESCS),socioeconomic,peer_reviewed_research,Student Level,Student: SES
10.1109/TLT.2023.3281056,JOYREAD,Enjoyment of reading (JOYREAD),student_attitude,peer_reviewed_research,Student Level,Student: Attitudinal/Behavioral
10.1109/TLT.2023.3281056,SCREADCOPM,Reading competence (SCREADCOPM),student_attitude,peer_reviewed_research,Student Level,Student: Attitudinal/Behavioral
10.1109/TLT.2023.3281056,SCREADDIFF,Reading difficulty (SCREADDIFF),student_attitude,peer_reviewed_research,Student Level,Student: Attitudinal/Behavioral
10.1109/TLT.2023.3281056,AUTICT,ICT autonomy (AUTICT),ict,peer_reviewed_research,Student Level,Student: Attitudinal/Behavioral
10.1109/TLT.2023.3281056,SOIAICT,ICT social interaction use (SOIAICT),ict,peer_reviewed_research,Student Level,Student: Attitudinal/Behavioral
10.1109/TLT.2023.3281056,INTICT,Interest in ICT (INTICT),student_attitude,peer_reviewed_research,Student Level,Student: Attitudinal/Behavioral
10.1109/TLT.2023.3281056,ST176Q01IA,Email reading frequency (ST176Q01IA),student_behavior,peer_reviewed_research,Student Level,Student: Attitudinal/Behavioral
10.1109/TLT.2023.3281056,ST176Q02IA,Online chatting frequency (ST176Q02IA),student_behavior,peer_reviewed_research,Student Level,Student: Attitudinal/Behavioral
10.1109/TLT.2023.3281056,ST176Q05IA,Online information search (ST176Q05IA),student_behavior,peer_reviewed_research,Student Level,Student: Attitudinal/Behavioral
10.1109/TLT.2023.3281056,ST176Q06IA,Online group discussions (ST176Q06IA),student_behavior,peer_reviewed_research,Student Level,Student: Attitudinal/Behavioral
10.1109/TLT.2023.3281056,HOMESCH,ICT use outside school (HOMESCH),ict,peer_reviewed_research,Student Level,Student: Attitudinal/Behavioral
10.1109/TLT.2023.3281056,WORKMAST,Work mastery (WORKMAST),student_behavior,peer_reviewed_research,Student Level,Student: Attitudinal/Behavioral
10.1109/TLT.2023.3281056,ST154Q01HA,Reading material length (ST154Q01HA),curriculum,peer_reviewed_research,School/Teacher Level,School/Teacher: Context
10.1109/TLT.2023.3281056,USESCH,ICT use at school (USESCH),ict,peer_reviewed_research,Student Level,Student: Attitudinal/Behavioral
10.1109/TLT.2023.3281056,ST158Q04HA,Teaching online information consequences (ST158Q04HA),teacher,peer_reviewed_research,School/Teacher Level,School/Teacher: Practice
10.1109/TLT.2023.3281056,ST158Q05HA,Teaching search result descriptions (ST158Q05HA),teacher,peer_reviewed_research,School/Teacher Level,School/Teacher: Practice
10.1109/TLT.2023.3281056,ST158Q06HA,Teaching bias detection (ST158Q06HA),teacher,peer_reviewed_research,School/Teacher Level,School/Teacher: Practice
10.1109/TLT.2023.3281056,DIRINS,Teacher-directed instruction (DIRINS),teacher,peer_reviewed_research,School/Teacher Level,School/Teacher: Practice
10.1109/TLT.2023.3281056,SC037Q08TA,Teacher mentoring (SC037Q08TA),teacher,peer_reviewed_research,School/Teacher Level,School/Teacher: Practice
10.1109/TLT.2023.3281056,PROAT5AM,Teacher qualification (PROAT5AM),teacher,peer_reviewed_research,School/Teacher Level,School/Teacher: Practice
10.1109/TLT.2023.3281056,SC061Q01TA,Truancy (SC061Q01TA),student_behavior,peer_reviewed_research,Student Level,Student: Attitudinal/Behavioral
10.1109/TLT.2023.3281056,DISCLIMA,Classroom disciplinary climate (DISCLIMA),peer_effects,peer_reviewed_research,School/Teacher Level,School/Teacher: Context
10.1109/TLT.2023.3281056,DISCRIM,Perceived discrimination (DISCRIM),school,peer_reviewed_research,School/Teacher Level,School/Teacher: Context
10.1109/TLT.2023.3281056,EUDMO,EUDMO (EUDMO),student_attitude,peer_reviewed_research,Student Level,Student: Attitudinal/Behavioral
10.1109/TLT.2023.3281056,DRINS,DRINS (DRINS),teacher,peer_reviewed_research,School/Teacher Level,School/Teacher: Practice
10.1109/TLT.2023.3281056,BSMJ,Expected occupational status (BSMJ),student_attitude,peer_reviewed_research,Student Level,Student: Attitudinal/Behavioral
10.1109/TLT.2023.3281056,gdp_per_capita,Country GDP per capita,system_level,peer_reviewed_research,System/Country Level,System: Policy/Context
10.1007/s11165-019-9835-y,ST004D01T,Gender,demographic,peer_reviewed_research,Student Level,Student: Demographic
10.1007/s11165-019-9835-y,ST011Q01TA,Home learning environment item 1,parent_home,peer_reviewed_research,Student Level,Student: SES
10.1007/s11165-019-9835-y,ST011Q02TA,Home learning environment item 2,parent_home,peer_reviewed_research,Student Level,Student: SES
10.1007/s11165-019-9835-y,ST011Q03TA,Home learning environment item 3,parent_home,peer_reviewed_research,Student Level,Student: SES
10.1007/s11165-019-9835-y,ST011Q04TA,Home learning environment item 4,ict,peer_reviewed_research,Student Level,Student: Attitudinal/Behavioral
10.1007/s11165-019-9835-y,ST011Q06TA,Home learning environment item 6,parent_home,peer_reviewed_research,Student Level,Student: SES
10.1007/s11165-019-9835-y,MISCED,Mother education (MISCED),socioeconomic,peer_reviewed_research,Student Level,Student: SES
10.1007/s11165-019-9835-y,ST123Q02NA,Parental support item 1,parent_home,peer_reviewed_research,Student Level,Student: SES
10.1007/s11165-019-9835-y,FISCED,Father education (FISCED),socioeconomic,peer_reviewed_research,Student Level,Student: SES
10.1007/s11165-019-9835-y,PA009Q09NA,Parental support item 2,parent_home,peer_reviewed_research,Student Level,Student: SES
10.1007/s11165-019-9835-y,EC155Q01DA,Family resources item 1,socioeconomic,peer_reviewed_research,Student Level,Student: SES
10.1007/s11165-019-9835-y,PA008Q09NA,Parental support item 3,parent_home,peer_reviewed_research,Student Level,Student: SES
10.1007/s11165-019-9835-y,PA008Q05TA,Parental support item 4,parent_home,peer_reviewed_research,Student Level,Student: SES
10.1007/s11165-019-9835-y,EC155Q02DA,Family resources item 2,socioeconomic,peer_reviewed_research,Student Level,Student: SES
10.1007/s11165-019-9835-y,ST123Q04NA,Parental support item 5,parent_home,peer_reviewed_research,Student Level,Student: SES
10.1007/s11165-019-9835-y,PA008Q03TA,Parental support item 6,parent_home,peer_reviewed_research,Student Level,Student: SES
10.1007/s11165-019-9835-y,ST013Q01TA,Books at home,socioeconomic,peer_reviewed_research,Student Level,Student: SES
10.1007/s11165-019-9835-y,ST154Q01HA,Reading habits item 1,student_behavior,peer_reviewed_research,Student Level,Student: Attitudinal/Behavioral
10.1007/s11165-019-9835-y,ST161Q06HA,Reading habits item 2,student_behavior,peer_reviewed_research,Student Level,Student: Attitudinal/Behavioral
10.1007/s11165-019-9835-y,ST152Q05IA,Reading habits item 3,student_behavior,peer_reviewed_research,Student Level,Student: Attitudinal/Behavioral
10.1007/s11165-019-9835-y,ST153Q06HA,Reading habits item 4,student_behavior,peer_reviewed_research,Student Level,Student: Attitudinal/Behavioral
10.1007/s11165-019-9835-y,ST153Q09HA,Reading habits item 5,student_behavior,peer_reviewed_research,Student Level,Student: Attitudinal/Behavioral
10.1007/s11165-019-9835-y,ST160Q05IA,Reading habits item 6,student_behavior,peer_reviewed_research,Student Level,Student: Attitudinal/Behavioral
10.1007/s11165-019-9835-y,ST161Q03HA,Reading habits item 7,student_behavior,peer_reviewed_research,Student Level,Student: Attitudinal/Behavioral
10.1007/s11165-019-9835-y,ST011Q08TA,Home learning environment item 8,parent_home,peer_reviewed_research,Student Level,Student: SES
10.1007/s11165-019-9835-y,ST160Q04IA,Reading habits item 8,student_behavior,peer_reviewed_research,Student Level,Student: Attitudinal/Behavioral
10.1007/s11165-019-9835-y,EC152Q01HA,Career goals item 1,student_attitude,peer_reviewed_research,Student Level,Student: Attitudinal/Behavioral
10.1007/s11165-019-9835-y,EC153Q02HA,Career goals item 2,student_attitude,peer_reviewed_research,Student Level,Student: Attitudinal/Behavioral
10.1007/s11165-019-9835-y,EC150Q05WA,Career goals item 3,student_attitude,peer_reviewed_research,Student Level,Student: Attitudinal/Behavioral
10.1007/s11165-019-9835-y,EC153Q07HA,Career goals item 4,student_attitude,peer_reviewed_research,Student Level,Student: Attitudinal/Behavioral
10.1007/s11165-019-9835-y,EC150Q06WA,Career goals item 5,student_attitude,peer_reviewed_research,Student Level,Student: Attitudinal/Behavioral
10.1007/s11165-019-9835-y,EC150Q07WA,Career goals item 6,student_attitude,peer_reviewed_research,Student Level,Student: Attitudinal/Behavioral
10.1007/s11165-019-9835-y,EC153Q01HA,Career goals item 7,student_attitude,peer_reviewed_research,Student Level,Student: Attitudinal/Behavioral
10.1007/s11165-019-9835-y,EC150Q01WA,Career goals item 8,student_attitude,peer_reviewed_research,Student Level,Student: Attitudinal/Behavioral
10.1007/s11165-019-9835-y,EC153Q05HA,Career goals item 9,student_attitude,peer_reviewed_research,Student Level,Student: Attitudinal/Behavioral
10.1007/s11165-019-9835-y,EC153Q06HA,Career goals item 10,student_attitude,peer_reviewed_research,Student Level,Student: Attitudinal/Behavioral
10.1007/s11165-019-9835-y,EC150Q09WA,Career goals item 11,student_attitude,peer_reviewed_research,Student Level,Student: Attitudinal/Behavioral
10.1007/s11165-019-9835-y,EC153Q04HA,Career goals item 12,student_attitude,peer_reviewed_research,Student Level,Student: Attitudinal/Behavioral
10.1007/s11165-019-9835-y,EC153Q11HA,Career goals item 13,student_attitude,peer_reviewed_research,Student Level,Student: Attitudinal/Behavioral
10.1007/s11165-019-9835-y,EC153Q08HA,Career goals item 14,student_attitude,peer_reviewed_research,Student Level,Student: Attitudinal/Behavioral
10.1007/s11165-019-9835-y,ST186Q09HA,Mental health item 1,student_attitude,peer_reviewed_research,Student Level,Student: Attitudinal/Behavioral
10.1007/s11165-019-9835-y,ST185Q01HA,Mental health item 2,student_attitude,peer_reviewed_research,Student Level,Student: Attitudinal/Behavioral
10.1007/s11165-019-9835-y,ST186Q01HA,Mental health item 3,student_attitude,peer_reviewed_research,Student Level,Student: Attitudinal/Behavioral
10.1007/s11165-019-9835-y,ST186Q05HA,Mental health item 4,student_attitude,peer_reviewed_research,Student Level,Student: Attitudinal/Behavioral
10.1007/s11165-019-9835-y,ST185Q03HA,Mental health item 5,student_attitude,peer_reviewed_research,Student Level,Student: Attitudinal/Behavioral
10.1007/s11165-019-9835-y,ST186Q02HA,Mental health item 6,student_attitude,peer_reviewed_research,Student Level,Student: Attitudinal/Behavioral
10.1007/s11165-019-9835-y,ST186Q10HA,Mental health item 7,student_attitude,peer_reviewed_research,Student Level,Student: Attitudinal/Behavioral
10.1007/s11165-019-9835-y,ST186Q08HA,Mental health item 8,student_attitude,peer_reviewed_research,Student Level,Student: Attitudinal/Behavioral
10.1007/s11165-019-9835-y,WB171Q03HA,Well-being item 1,student_attitude,peer_reviewed_research,Student Level,Student: Attitudinal/Behavioral
10.1007/s11165-019-9835-y,ST186Q06HA,Mental health item 9,student_attitude,peer_reviewed_research,Student Level,Student: Attitudinal/Behavioral
10.1007/s11165-019-9835-y,ST185Q02HA,Mental health item 10,student_attitude,peer_reviewed_research,Student Level,Student: Attitudinal/Behavioral
10.1007/s11165-019-9835-y,ST186Q07HA,Mental health item 11,student_attitude,peer_reviewed_research,Student Level,Student: Attitudinal/Behavioral
10.1007/s11165-019-9835-y,ST186Q03HA,Mental health item 12,student_attitude,peer_reviewed_research,Student Level,Student: Attitudinal/Behavioral
10.1007/s11165-019-9835-y,WB171Q02HA,Well-being item 2,student_attitude,peer_reviewed_research,Student Level,Student: Attitudinal/Behavioral
10.1007/s11165-019-9835-y,WB171Q04HA,Well-being item 3,student_attitude,peer_reviewed_research,Student Level,Student: Attitudinal/Behavioral
10.1007/s11165-019-9835-y,WB171Q01HA,Well-being item 4,student_attitude,peer_reviewed_research,Student Level,Student: Attitudinal/Behavioral
10.1007/s11165-019-9835-y,ST016Q01NA,Mental health item 13,student_attitude,peer_reviewed_research,Student Level,Student: Attitudinal/Behavioral
10.1177/07342829241262861,sex,Gender,demographic,peer_reviewed_research,Student Level,Student: Demographic
10.1177/07342829241262861,age,Age,demographic,peer_reviewed_research,Student Level,Student: Demographic
10.1177/07342829241262861,annual_household_income,Annual household income,socioeconomic,peer_reviewed_research,Student Level,Student: SES
10.1177/07342829241262861,household_possessions,Household possessions,socioeconomic,peer_reviewed_research,Student Level,Student: SES
10.1177/07342829241262861,parents_highest_occupational_status,Parents’ occupational status,socioeconomic,peer_reviewed_research,Student Level,Student: SES
10.1177/07342829241262861,mother_highest_education,Mother’s education,socioeconomic,peer_reviewed_research,Student Level,Student: SES
10.1177/07342829241262861,father_highest_education,Father’s education,socioeconomic,peer_reviewed_research,Student Level,Student: SES
10.1177/07342829241262861,early_childhood_education_care,Early childhood education,socioeconomic,peer_reviewed_research,Student Level,Student: SES
10.1177/07342829241262861,grade_relative_to_modal,Grade relative to modal,demographic,peer_reviewed_research,Student Level,Student: Demographic
10.1177/07342829241262861,grade_repetition,Grade repetition,demographic,peer_reviewed_research,Student Level,Student: Demographic
10.1177/07342829241262861,educational_transitions,Educational transitions,demographic,peer_reviewed_research,Student Level,Student: Demographic
10.1177/07342829241262861,skipped_entire_days,Skipped entire school days,student_behavior,peer_reviewed_research,Student Level,Student: Attitudinal/Behavioral
10.1177/07342829241262861,skipped_school_classes,Skipped school classes,student_behavior,peer_reviewed_research,Student Level,Student: Attitudinal/Behavioral
10.1177/07342829241262861,school_lateness_frequency,School lateness frequency,student_behavior,peer_reviewed_research,Student Level,Student: Attitudinal/Behavioral
10.1177/07342829241262861,additional_instruction,Additional instruction,curriculum,peer_reviewed_research,School/Teacher Level,School/Teacher: Context
10.1177/07342829241262861,learning_time,Learning time at school,curriculum,peer_reviewed_research,School/Teacher Level,School/Teacher: Context
10.1177/07342829241262861,ict_use_outside_leisure,ICT use outside leisure,ict,peer_reviewed_research,Student Level,Student: Attitudinal/Behavioral
10.1177/07342829241262861,ict_use_outside_learning,ICT use outside learning,ict,peer_reviewed_research,Student Level,Student: Attitudinal/Behavioral
10.1177/07342829241262861,ict_use_at_school,ICT use at school,ict,peer_reviewed_research,Student Level,Student: Attitudinal/Behavioral
10.1177/07342829241262861,ict_interest,Interest in ICT,ict,peer_reviewed_research,Student Level,Student: Attitudinal/Behavioral
10.1177/07342829241262861,perceived_ict_competence,Perceived ICT competence,ict,peer_reviewed_research,Student Level,Student: Attitudinal/Behavioral
10.1177/07342829241262861,perceived_autonomy_ict,Perceived ICT autonomy,ict,peer_reviewed_research,Student Level,Student: Attitudinal/Behavioral
10.1177/07342829241262861,ict_topic_social_interaction,ICT as social interaction topic,ict,peer_reviewed_research,Student Level,Student: Attitudinal/Behavioral
10.1177/07342829241262861,career_information_school,Career information from school,ict,peer_reviewed_research,Student Level,Student: Attitudinal/Behavioral
10.1177/07342829241262861,career_information_outside_school,Career information outside school,ict,peer_reviewed_research,Student Level,Student: Attitudinal/Behavioral
10.1177/07342829241262861,expected_occupational_status,Expected occupational status,student_attitude,peer_reviewed_research,Student Level,Student: Attitudinal/Behavioral
10.1177/07342829241262861,disciplinary_climate,Disciplinary climate,student_attitude,peer_reviewed_research,Student Level,Student: Attitudinal/Behavioral
10.1177/07342829241262861,teacher_support,Teacher support,teacher,peer_reviewed_research,School/Teacher Level,School/Teacher: Practice
10.1177/07342829241262861,teacher_directed_instruction,Teacher-directed instruction,teacher,peer_reviewed_research,School/Teacher Level,School/Teacher: Practice
10.1177/07342829241262861,perceived_feedback,Perceived feedback,teacher,peer_reviewed_research,School/Teacher Level,School/Teacher: Practice
10.1177/07342829241262861,parents_emotional_support,Parents’ emotional support,parent_home,peer_reviewed_research,Student Level,Student: SES
10.1177/07342829241262861,teacher_stimulation_reading,Teacher reading engagement,teacher,peer_reviewed_research,School/Teacher Level,School/Teacher: Practice
10.1177/07342829241262861,instruction_adaptation,Adaptation of instruction,teacher,peer_reviewed_research,School/Teacher Level,School/Teacher: Practice
10.1177/07342829241262861,teacher_interest,Perceived teacher interest,teacher,peer_reviewed_research,School/Teacher Level,School/Teacher: Practice
10.1177/07342829241262861,joy_like_reading,Joy/liking for reading,student_attitude,peer_reviewed_research,Student Level,Student: Attitudinal/Behavioral
10.1177/07342829241262861,reading_competence_perception,Perceived reading competence,student_attitude,peer_reviewed_research,Student Level,Student: Attitudinal/Behavioral
10.1177/07342829241262861,reading_difficulty_perception,Perceived reading difficulty,student_attitude,peer_reviewed_research,Student Level,Student: Attitudinal/Behavioral
10.1177/07342829241262861,competitiveness_school,Competitiveness at school,student_attitude,peer_reviewed_research,Student Level,Student: Attitudinal/Behavioral
10.1177/07342829241262861,cooperation_school,Cooperation at school,student_attitude,peer_reviewed_research,Student Level,Student: Attitudinal/Behavioral
10.1177/07342829241262861,attitude_school_learning,Attitude toward learning activities,student_attitude,peer_reviewed_research,Student Level,Student: Attitudinal/Behavioral
10.1177/07342829241262861,competitiveness_dispositional,Competitiveness (dispositional),student_attitude,peer_reviewed_research,Student Level,Student: Attitudinal/Behavioral
10.1177/07342829241262861,work_mastery,Work mastery,student_attitude,peer_reviewed_research,Student Level,Student: Attitudinal/Behavioral
10.1177/07342829241262861,general_fear_of_failure,Fear of failure,student_attitude,peer_reviewed_research,Student Level,Student: Attitudinal/Behavioral
10.1177/07342829241262861,eudaemonia,Eudaemonia,student_attitude,peer_reviewed_research,Student Level,Student: Attitudinal/Behavioral
10.1177/07342829241262861,positive_affect,Positive affect,student_attitude,peer_reviewed_research,Student Level,Student: Attitudinal/Behavioral
10.1177/07342829241262861,resilience,Resilience,student_attitude,peer_reviewed_research,Student Level,Student: Attitudinal/Behavioral
10.1177/07342829241262861,mastery_goal_orientation,Mastery goal orientation,student_attitude,peer_reviewed_research,Student Level,Student: Attitudinal/Behavioral
10.1177/07342829241262861,sense_of_belonging,Sense of belonging to school,student_attitude,peer_reviewed_research,Student Level,Student: Attitudinal/Behavioral
10.1177/07342829241262861,being_bullied,Experience of being bullied,student_behavior,peer_reviewed_research,Student Level,Student: Attitudinal/Behavioral
10.1177/07342829241262861,metacognition_understanding,Metacognition: understanding,student_behavior,peer_reviewed_research,Student Level,Student: Attitudinal/Behavioral
10.1177/07342829241262861,remembering,remembering,student_behavior,peer_reviewed_research,Student Level,Student: Attitudinal/Behavioral
10.1177/07342829241262861,UNDREM,"Metacognition (understanding, remembering)",student_behavior,peer_reviewed_research,Student Level,Student: Attitudinal/Behavioral
10.1016/j.jsp.2023.101254,ST167Q05IA,Newspaper reading frequency,student_behavior,peer_reviewed_research,Student Level,Student: Attitudinal/Behavioral
10.1016/j.jsp.2023.101254,ST167Q03IA,Fiction reading frequency,student_behavior,peer_reviewed_research,Student Level,Student: Attitudinal/Behavioral
10.1016/j.jsp.2023.101254,ST167Q04IA,Non-fiction reading frequency,student_behavior,peer_reviewed_research,Student Level,Student: Attitudinal/Behavioral
10.1016/j.jsp.2023.101254,ST161Q06HA,Difficulty with reading,student_behavior,peer_reviewed_research,Student Level,Student: Attitudinal/Behavioral
10.1016/j.jsp.2023.101254,ST164Q01IA,Concentrate on easy text parts,student_behavior,peer_reviewed_research,Student Level,Student: Attitudinal/Behavioral
10.1016/j.jsp.2023.101254,IC008Q02TA,Online games outside school,ict,peer_reviewed_research,Student Level,Student: Attitudinal/Behavioral
10.1016/j.jsp.2023.101254,IC006Q01TA,Internet use outside school,ict,peer_reviewed_research,Student Level,Student: Attitudinal/Behavioral
10.1016/j.jsp.2023.101254,ST012Q01TA,Televisions at home,socioeconomic,peer_reviewed_research,Student Level,Student: SES
10.1016/j.jsp.2023.101254,ST034Q01TA,Feeling like an outsider at school,student_attitude,peer_reviewed_research,Student Level,Student: Attitudinal/Behavioral
10.1016/j.jsp.2023.101254,ST034Q04TA,Feeling awkward at school,student_attitude,peer_reviewed_research,Student Level,Student: Attitudinal/Behavioral
10.1016/j.jsp.2023.101254,ST036Q05TA,Trying hard helps get a job,student_attitude,peer_reviewed_research,Student Level,Student: Attitudinal/Behavioral
10.1016/j.jsp.2023.101254,ST186Q10HA,Feeling miserable,student_attitude,peer_reviewed_research,Student Level,Student: Attitudinal/Behavioral
10.1016/j.jsp.2023.101254,ST185Q01HA,Life has clear meaning,student_attitude,peer_reviewed_research,Student Level,Student: Attitudinal/Behavioral
10.1016/j.jsp.2023.101254,ST211Q03HA,Teacher understood me,teacher,peer_reviewed_research,School/Teacher Level,School/Teacher: Practice
10.1016/j.jsp.2023.101254,WORKMAST,Work mastery,student_behavior,peer_reviewed_research,Student Level,Student: Attitudinal/Behavioral
10.1016/j.jsp.2023.101254,COMPICT,Perceived ICT competence,ict,peer_reviewed_research,Student Level,Student: Attitudinal/Behavioral
10.1016/j.jsp.2023.101254,GFOFAIL,General fear of failure,student_attitude,peer_reviewed_research,Student Level,Student: Attitudinal/Behavioral
10.1016/j.jsp.2023.101254,COMPETE,Competitiveness,student_attitude,peer_reviewed_research,Student Level,Student: Attitudinal/Behavioral
10.1016/j.jsp.2023.101254,FISCED,Father’s education level,socioeconomic,peer_reviewed_research,Student Level,Student: SES
10.1016/j.jsp.2023.101254,NTEACH9,Physical education in training,teacher,peer_reviewed_research,School/Teacher Level,School/Teacher: Practice
10.1016/j.jsp.2023.101254,TC172Q01HA,How teachers read books,teacher,peer_reviewed_research,School/Teacher Level,School/Teacher: Practice
10.1016/j.jsp.2023.101254,STTMG6,Overlap with teaching modern foreign languages,teacher,peer_reviewed_research,School/Teacher Level,School/Teacher: Practice
10.1016/j.jsp.2023.101254,SC150Q02IA,Preparatory English skills program,curriculum,peer_reviewed_research,School/Teacher Level,School/Teacher: Context
10.1016/j.jsp.2023.101254,SC048Q03NA,Share disadvantaged homes,school,peer_reviewed_research,School/Teacher Level,School/Teacher: Context
10.1016/j.jsp.2023.101254,SC048Q02NA,Share students with special needs,school,peer_reviewed_research,School/Teacher Level,School/Teacher: Context
10.1016/j.jsp.2023.101254,SC159Q01HA,Visiting teachers from other countries,school,peer_reviewed_research,School/Teacher Level,School/Teacher: Context
10.1016/j.jsp.2023.101254,SC016Q01TA,Government funding share,school,peer_reviewed_research,School/Teacher Level,School/Teacher: Context
10.1016/j.jsp.2023.101254,SC154Q03WA,Assessments for retention/promotion,curriculum,peer_reviewed_research,School/Teacher Level,School/Teacher: Context
10.1016/j.jsp.2023.101254,SC156Q01HA,School statement on digital devices,ict,peer_reviewed_research,Student Level,Student: Attitudinal/Behavioral
10.1016/j.jsp.2023.101254,SC061Q11HA,Learning hindered by inattentive students,school,peer_reviewed_research,School/Teacher Level,School/Teacher: Context
10.1016/j.jsp.2023.101254,SC061Q10TA,Learning hindered by unprepared teachers,school,peer_reviewed_research,School/Teacher Level,School/Teacher: Context
10.1016/j.jsp.2023.101254,SC053Q13IA,Debating club offered by school,curriculum,peer_reviewed_research,School/Teacher Level,School/Teacher: Context
10.1016/j.jsp.2023.101254,SC053Q12IA,Book club offered by school,curriculum,peer_reviewed_research,School/Teacher Level,School/Teacher: Context
10.1016/j.jsp.2023.101254,SC150Q01IA,Equity-oriented preparatory instruction,curriculum,peer_reviewed_research,School/Teacher Level,School/Teacher: Context
10.1080/02103702.2022.2149120,grade_repetition,Grade repetition,demographic,peer_reviewed_research,Student Level,Student: Demographic
10.1080/02103702.2022.2149120,student_grade_level,Grade level,demographic,peer_reviewed_research,Student Level,Student: Demographic
10.1080/02103702.2022.2149120,escs,Socioeconomic status (ESCS),socioeconomic,peer_reviewed_research,Student Level,Student: SES
10.1080/02103702.2022.2149120,student_gender,gender,demographic,peer_reviewed_research,Student Level,Student: Demographic
10.1080/02103702.2022.2149120,immigrant_status,Immigrant status,demographic,peer_reviewed_research,Student Level,Student: Demographic
10.1080/02103702.2022.2149120,early_childhood_education,Early childhood education,demographic,peer_reviewed_research,Student Level,Student: Demographic
10.1080/02103702.2022.2149120,student_age,age,demographic,peer_reviewed_research,Student Level,Student: Demographic
10.1080/02103702.2022.2149120,discriminating_school_climate,Discriminating school climate,school,peer_reviewed_research,School/Teacher Level,School/Teacher: Context
10.1080/02103702.2022.2149120,parents_emotional_support,Parents’ emotional support,parent_home,peer_reviewed_research,Student Level,Student: SES
10.1080/02103702.2022.2149120,disciplinary_climate,Disciplinary climate,school,peer_reviewed_research,School/Teacher Level,School/Teacher: Context
10.1080/02103702.2022.2149120,being_bullied_experience,Experience of being bullied,school,peer_reviewed_research,School/Teacher Level,School/Teacher: Context
10.1080/02103702.2022.2149120,teachers_stimulation_reading,Teachers’ stimulation of reading,teacher,peer_reviewed_research,School/Teacher Level,School/Teacher: Practice
10.1080/02103702.2022.2149120,school_belonging,Sense of school belonging,student_attitude,peer_reviewed_research,Student Level,Student: Attitudinal/Behavioral
10.1080/02103702.2022.2149120,competitiveness,Competitiveness,student_attitude,peer_reviewed_research,Student Level,Student: Attitudinal/Behavioral
10.1080/02103702.2022.2149120,teachers_feedback,Teachers’ feedback,teacher,peer_reviewed_research,School/Teacher Level,School/Teacher: Practice
10.1080/02103702.2022.2149120,teachers_interest,Teachers’ interest,teacher,peer_reviewed_research,School/Teacher Level,School/Teacher: Practice
10.1080/02103702.2022.2149120,cooperation_at_school,Cooperation at school,school,peer_reviewed_research,School/Teacher Level,School/Teacher: Context
10.1080/02103702.2022.2149120,adaptation_of_instruction,Adaptation of instruction,teacher,peer_reviewed_research,School/Teacher Level,School/Teacher: Practice
10.1080/02103702.2022.2149120,teacher_directed_instruction,Teacher-directed instruction,teacher,peer_reviewed_research,School/Teacher Level,School/Teacher: Practice
10.1080/02103702.2022.2149120,teacher_support_test_language,Teacher support in test language,teacher,peer_reviewed_research,School/Teacher Level,School/Teacher: Practice
10.1080/02103702.2022.2149120,home_educational_resources,Home educational resources,parent_home,peer_reviewed_research,Student Level,Student: SES
10.1080/02103702.2022.2149120,ict_resources_available_home,ICT resources available at home,ict,peer_reviewed_research,Student Level,Student: Attitudinal/Behavioral
10.1080/02103702.2022.2149120,learning_time,Learning time,student_behavior,peer_reviewed_research,Student Level,Student: Attitudinal/Behavioral
10.1080/02103702.2022.2149120,UNDREM,"Metacognition (understanding, remembering)",student_behavior,peer_reviewed_research,Student Level,Student: Attitudinal/Behavioral
10.1080/02103702.2022.2149120,enjoyment_of_reading,Enjoyment of reading,student_attitude,peer_reviewed_research,Student Level,Student: Attitudinal/Behavioral
10.1080/02103702.2022.2149120,self_concept_reading_competence,Self-concept: reading competence,student_attitude,peer_reviewed_research,Student Level,Student: Attitudinal/Behavioral
10.1080/02103702.2022.2149120,perceived_pisa_difficulty,Perceived PISA difficulty,student_attitude,peer_reviewed_research,Student Level,Student: Attitudinal/Behavioral
10.1080/02103702.2022.2149120,effort_in_pisa,Effort in PISA,student_behavior,peer_reviewed_research,Student Level,Student: Attitudinal/Behavioral
10.1080/02103702.2022.2149120,mastery_goal_orientation,Mastery goal orientation,student_attitude,peer_reviewed_research,Student Level,Student: Attitudinal/Behavioral
10.1080/02103702.2022.2149120,expected_occupational_status,Expected occupational status,student_attitude,peer_reviewed_research,Student Level,Student: Attitudinal/Behavioral
10.1080/02103702.2022.2149120,fear_of_failure,Fear of failure,student_attitude,peer_reviewed_research,Student Level,Student: Attitudinal/Behavioral
10.1080/02103702.2022.2149120,meaning_in_life,Meaning in life,student_attitude,peer_reviewed_research,Student Level,Student: Attitudinal/Behavioral
10.1080/02103702.2022.2149120,work_mastery,Work mastery,student_attitude,peer_reviewed_research,Student Level,Student: Attitudinal/Behavioral
10.1080/02103702.2022.2149120,resilience,Resilience,student_attitude,peer_reviewed_research,Student Level,Student: Attitudinal/Behavioral
10.1080/02103702.2022.2149120,attitude_towards_school,Attitude towards school,student_attitude,peer_reviewed_research,Student Level,Student: Attitudinal/Behavioral
10.1080/02103702.2022.2149120,fixed_mindset,Fixed mindset,student_attitude,peer_reviewed_research,Student Level,Student: Attitudinal/Behavioral
10.1080/02103702.2022.2149120,positive_affect,Positive affect,student_attitude,peer_reviewed_research,Student Level,Student: Attitudinal/Behavioral
10.1016/j.cities.2022.103609,CLSIZE,Class size,school,peer_reviewed_research,School/Teacher Level,School/Teacher: Context
10.1016/j.cities.2022.103609,CREACTIV,Creative extracurricular activities,student_behavior,peer_reviewed_research,Student Level,Student: Attitudinal/Behavioral
10.1016/j.cities.2022.103609,DURECEC,Early childhood education duration,curriculum,peer_reviewed_research,School/Teacher Level,School/Teacher: Context
10.1016/j.cities.2022.103609,REPEAT,Grade repetition,demographic,peer_reviewed_research,Student Level,Student: Demographic
10.1016/j.cities.2022.103609,ICTRES,ICT resources at home,ict,peer_reviewed_research,Student Level,Student: Attitudinal/Behavioral
10.1016/j.cities.2022.103609,TMINS,Learning time per week,curriculum,peer_reviewed_research,School/Teacher Level,School/Teacher: Context
10.1016/j.cities.2022.103609,ESCS,Socioeconomic status (ESCS),socioeconomic,peer_reviewed_research,Student Level,Student: SES
10.1016/j.cities.2022.103609,EMOSUPS,Parental emotional support,parent_home,peer_reviewed_research,Student Level,Student: SES
10.1016/j.cities.2022.103609,SCHLTYPE2,School type: private dependent,school,peer_reviewed_research,School/Teacher Level,School/Teacher: Context
10.1016/j.cities.2022.103609,SCHLTYPE1,School type: private independent,school,peer_reviewed_research,School/Teacher Level,School/Teacher: Context
10.1016/j.cities.2022.103609,SCHLTYPE3,School type: public,school,peer_reviewed_research,School/Teacher Level,School/Teacher: Context
10.1016/j.cities.2022.103609,ASSESSMENT,School assessment use,curriculum,peer_reviewed_research,School/Teacher Level,School/Teacher: Context
10.1016/j.cities.2022.103609,EDUSHORT,Educational material shortage,school,peer_reviewed_research,School/Teacher Level,School/Teacher: Context
10.1016/j.cities.2022.103609,STAFFSHORT,Educational staff shortage,school,peer_reviewed_research,School/Teacher Level,School/Teacher: Context
10.1016/j.cities.2022.103609,ADMISSION,admission policy,school,peer_reviewed_research,School/Teacher Level,School/Teacher: Context
10.1016/j.cities.2022.103609,STUBEHA,behavior hindering learning,school,peer_reviewed_research,School/Teacher Level,School/Teacher: Context
10.1016/j.cities.2022.103609,BSMJ,Expected occupational status,student_attitude,peer_reviewed_research,Student Level,Student: Attitudinal/Behavioral
10.1016/j.cities.2022.103609,SCHABILICLASS,Ability grouping across classes,curriculum,peer_reviewed_research,School/Teacher Level,School/Teacher: Context
10.1016/j.cities.2022.103609,SCHABILICLASSWITHIN,Ability grouping within classes,curriculum,peer_reviewed_research,School/Teacher Level,School/Teacher: Context
10.1016/j.cities.2022.103609,STRATIO,Student-teacher ratio,school,peer_reviewed_research,School/Teacher Level,School/Teacher: Context
10.1016/j.cities.2022.103609,TEACHBEHA,Teacher behavior hindering learning,school,peer_reviewed_research,School/Teacher Level,School/Teacher: Context
10.1016/j.cities.2022.103609,SCHCOMP1,Multiple schools in same area,school,peer_reviewed_research,School/Teacher Level,School/Teacher: Context
10.1016/j.cities.2022.103609,URBAN,Urban school indicator,school,peer_reviewed_research,School/Teacher Level,School/Teacher: Context
10.1016/j.cities.2022.103609,ATTLNACT,Attitude toward learning activities,student_attitude,peer_reviewed_research,Student Level,Student: Attitudinal/Behavioral
10.1016/j.cities.2022.103609,COMPETE,Competitiveness,student_attitude,peer_reviewed_research,Student Level,Student: Attitudinal/Behavioral
10.1016/j.cities.2022.103609,GFOFAIL,Fear of failure,student_attitude,peer_reviewed_research,Student Level,Student: Attitudinal/Behavioral
10.1016/j.cities.2022.103609,JOYREAD,Joy/like reading,student_attitude,peer_reviewed_research,Student Level,Student: Attitudinal/Behavioral
10.1016/j.cities.2022.103609,MASTGOAL,Mastery goal orientation,student_attitude,peer_reviewed_research,Student Level,Student: Attitudinal/Behavioral
10.1016/j.cities.2022.103609,METASPAM,Metacognition: assess credibility,student_behavior,peer_reviewed_research,Student Level,Student: Attitudinal/Behavioral
10.1016/j.cities.2022.103609,METASUM,Metacognition: summarizing,student_behavior,peer_reviewed_research,Student Level,Student: Attitudinal/Behavioral
10.1016/j.cities.2022.103609,UNDREM,"Metacognition (understanding, remembering)",student_behavior,peer_reviewed_research,Student Level,Student: Attitudinal/Behavioral
10.1016/j.cities.2022.103609,PERCOMP,Perceived competitiveness at school,peer_effects,peer_reviewed_research,School/Teacher Level,School/Teacher: Context
10.1016/j.cities.2022.103609,PERCOOP,Perceived cooperation at school,student_attitude,peer_reviewed_research,Student Level,Student: Attitudinal/Behavioral
10.1016/j.cities.2022.103609,RESILIENCE,Resilience,student_attitude,peer_reviewed_research,Student Level,Student: Attitudinal/Behavioral
10.1016/j.cities.2022.103609,WORKMAST,Work mastery,student_attitude,peer_reviewed_research,Student Level,Student: Attitudinal/Behavioral
10.1007/s40647-026-00459-6,AGE,age,demographic,peer_reviewed_research,Student Level,Student: Demographic
10.1007/s40647-026-00459-6,GENDER,Gender,demographic,peer_reviewed_research,Student Level,Student: Demographic
10.1007/s40647-026-00459-6,ESCS,Socioeconomic status (ESCS),socioeconomic,peer_reviewed_research,Student Level,Student: SES
10.1007/s40647-026-00459-6,ICTHOME,ICT resources at home,ict,peer_reviewed_research,Student Level,Student: Attitudinal/Behavioral
10.1007/s40647-026-00459-6,DURECEC,Early childhood education,curriculum,peer_reviewed_research,School/Teacher Level,School/Teacher: Context
10.1007/s40647-026-00459-6,EXPECEDU,Expected educational level,curriculum,peer_reviewed_research,School/Teacher Level,School/Teacher: Context
10.1007/s40647-026-00459-6,BELONG,Sense of belonging,student_attitude,peer_reviewed_research,Student Level,Student: Attitudinal/Behavioral
10.1007/s40647-026-00459-6,FAMSUP,Family support,parent_home,peer_reviewed_research,Student Level,Student: SES
10.1007/s40647-026-00459-6,IMMIG,Immigration background,demographic,peer_reviewed_research,Student Level,Student: Demographic
10.1007/s40647-026-00459-6,MISCED,Mother’s level of education,socioeconomic,peer_reviewed_research,Student Level,Student: SES
10.1007/s40647-026-00459-6,MATHPERS,Mathematics proactive behavior,student_behavior,peer_reviewed_research,Student Level,Student: Attitudinal/Behavioral
10.1007/s40647-026-00459-6,MATHEF21,21st century mathematics efficacy,student_attitude,peer_reviewed_research,Student Level,Student: Attitudinal/Behavioral
10.1007/s40647-026-00459-6,MATHEFF,Mathematics self-efficacy,student_attitude,peer_reviewed_research,Student Level,Student: Attitudinal/Behavioral
10.1007/s40647-026-00459-6,ANXMATH,Mathematics anxiety,student_attitude,peer_reviewed_research,Student Level,Student: Attitudinal/Behavioral
10.1007/s40647-026-00459-6,MATHPSUP,Mathematics perceived support,student_attitude,peer_reviewed_research,Student Level,Student: Attitudinal/Behavioral
10.1007/s40647-026-00459-6,MATHPREF,Mathematics preference,student_attitude,peer_reviewed_research,Student Level,Student: Attitudinal/Behavioral
10.1007/s40647-026-00459-6,MATHEASE,Perception of math as easier,student_attitude,peer_reviewed_research,Student Level,Student: Attitudinal/Behavioral
10.1007/s40647-026-00459-6,MATHMOT,Mathematics motivation,student_attitude,peer_reviewed_research,Student Level,Student: Attitudinal/Behavioral
10.1007/s40647-026-00459-6,AVGMATH,Average score in mathematics,prior_achievement,peer_reviewed_research,Student Level,Student: Prior Achievement
10.1007/s40647-026-00459-6,AVGREAD,Average score in reading,prior_achievement,peer_reviewed_research,Student Level,Student: Prior Achievement
10.1007/s40647-026-00459-6,AVGSCIE,Average score in science,prior_achievement,peer_reviewed_research,Student Level,Student: Prior Achievement
10.1007/s40647-026-00459-6,average_score_in_change,Average score in change,demographic,peer_reviewed_research,Student Level,Student: Demographic
10.1007/s40647-026-00459-6,relationships,relationships,student_behavior,peer_reviewed_research,Student Level,Student: Attitudinal/Behavioral
10.1007/s40647-026-00459-6,AVGMCQN,Average score in quantity,prior_achievement,peer_reviewed_research,Student Level,Student: Prior Achievement
10.1007/s40647-026-00459-6,average_score_in_space,Average score in space,demographic,peer_reviewed_research,Student Level,Student: Demographic
10.1007/s40647-026-00459-6,shape,shape,student_behavior,peer_reviewed_research,Student Level,Student: Attitudinal/Behavioral
10.1007/s40647-026-00459-6,average_score_in_uncertainty,Average score in uncertainty,demographic,peer_reviewed_research,Student Level,Student: Demographic
10.1007/s40647-026-00459-6,data,data,student_behavior,peer_reviewed_research,Student Level,Student: Attitudinal/Behavioral
10.1007/s40647-026-00459-6,AVGMPEM,Average score in employing concepts,prior_achievement,peer_reviewed_research,Student Level,Student: Prior Achievement
10.1007/s40647-026-00459-6,AVGMPFS,Average score in formulating situations,prior_achievement,peer_reviewed_research,Student Level,Student: Prior Achievement
10.1177/23328584251331453,rural_region,Rural region (vs urban),system_level,peer_reviewed_research,System/Country Level,System: Policy/Context
10.1177/23328584251331453,metropolitan_region,Metropolitan region (vs urban),system_level,peer_reviewed_research,System/Country Level,System: Policy/Context
10.1177/23328584251331453,gender,Gender,demographic,peer_reviewed_research,Student Level,Student: Demographic
10.1177/23328584251331453,year_of_birth,Year of birth,demographic,peer_reviewed_research,Student Level,Student: Demographic
10.1177/23328584251331453,hisei,Highest ISEI (HISEI),socioeconomic,peer_reviewed_research,Student Level,Student: SES
10.1177/23328584251331453,immigrant_background,Immigrant background,demographic,peer_reviewed_research,Student Level,Student: Demographic
10.1177/23328584251331453,single_parent,Single parent household,demographic,peer_reviewed_research,Student Level,Student: Demographic
10.1177/23328584251331453,stepparent,Stepparent in household,demographic,peer_reviewed_research,Student Level,Student: Demographic
10.1177/23328584251331453,adopted,Adopted child,demographic,peer_reviewed_research,Student Level,Student: Demographic
10.1177/23328584251331453,persons_in_household,Persons in household,socioeconomic,peer_reviewed_research,Student Level,Student: SES
10.1177/23328584251331453,books_at_home,Books at home,socioeconomic,peer_reviewed_research,Student Level,Student: SES
10.1177/23328584251331453,parental_education,Parental education,socioeconomic,peer_reviewed_research,Student Level,Student: SES
10.1177/23328584251331453,parental_occupation,Parental occupation,socioeconomic,peer_reviewed_research,Student Level,Student: SES
10.1177/23328584251331453,cultural_background,Cultural background,socioeconomic,peer_reviewed_research,Student Level,Student: SES
10.1177/23328584251331453,parental_support_behavior,Parental support behavior,parent_home,peer_reviewed_research,Student Level,Student: SES
10.1177/23328584251331453,extracurricular_activities,Extracurricular activities,student_behavior,peer_reviewed_research,Student Level,Student: Attitudinal/Behavioral
10.1177/23328584251331453,absenteeism,Absenteeism,student_behavior,peer_reviewed_research,Student Level,Student: Attitudinal/Behavioral
10.1177/23328584251331453,library_usage,Library usage,student_behavior,peer_reviewed_research,Student Level,Student: Attitudinal/Behavioral
10.1177/23328584251331453,extracurricular_reading,Extracurricular reading,student_behavior,peer_reviewed_research,Student Level,Student: Attitudinal/Behavioral
10.1177/23328584251331453,reading_self_concept,Reading self-concept,student_behavior,peer_reviewed_research,Student Level,Student: Attitudinal/Behavioral
10.1177/23328584251331453,cognitive_skills_test,Cognitive skills test,prior_achievement,peer_reviewed_research,Student Level,Student: Prior Achievement
10.1177/23328584251331453,special_education_support,Special education support,prior_achievement,peer_reviewed_research,Student Level,Student: Prior Achievement
10.1177/23328584251331453,reading_activities_in_class,Reading activities in class,curriculum,peer_reviewed_research,School/Teacher Level,School/Teacher: Context
10.1177/23328584251331453,classroom_management,Perceived classroom management,curriculum,peer_reviewed_research,School/Teacher Level,School/Teacher: Context
10.1177/23328584251331453,teacher_support,Perceived teacher support,teacher,peer_reviewed_research,School/Teacher Level,School/Teacher: Practice
10.1177/23328584251331453,sense_of_safety,Sense of safety at school,school,peer_reviewed_research,School/Teacher Level,School/Teacher: Context
10.1177/23328584251331453,private_tutoring,Private tutoring,student_behavior,peer_reviewed_research,Student Level,Student: Attitudinal/Behavioral
10.1177/23328584251331453,all_day_activities,Participation in all-day activities,student_behavior,peer_reviewed_research,Student Level,Student: Attitudinal/Behavioral
10.1177/23328584251331453,computer,Computer,ict,peer_reviewed_research,Student Level,Student: Attitudinal/Behavioral
10.1177/23328584251331453,internet_use,internet use,ict,peer_reviewed_research,Student Level,Student: Attitudinal/Behavioral
10.1177/23328584251331453,teacher_gender,Teacher gender,demographic,peer_reviewed_research,Student Level,Student: Demographic
10.1177/23328584251331453,age,age,demographic,peer_reviewed_research,Student Level,Student: Demographic
10.1177/23328584251331453,teacher_education_attainment,Teacher educational attainment,teacher,peer_reviewed_research,School/Teacher Level,School/Teacher: Practice
10.1177/23328584251331453,teacher_experience,Teaching experience,teacher,peer_reviewed_research,School/Teacher Level,School/Teacher: Practice
10.1177/23328584251331453,phonics_tables_use,Use of phonics tables,curriculum,peer_reviewed_research,School/Teacher Level,School/Teacher: Context
10.1177/23328584251331453,classroom_disturbances,Classroom disturbances,process_data,peer_reviewed_research,Student Level,Student: Process Data
10.1177/23328584251331453,cognitive_activation,Cognitive activation,curriculum,peer_reviewed_research,School/Teacher Level,School/Teacher: Context
10.1177/23328584251331453,spelling_instruction,Spelling instruction,curriculum,peer_reviewed_research,School/Teacher Level,School/Teacher: Context
10.1177/23328584251331453,collaborative_teaching,Collaborative teaching,teacher,peer_reviewed_research,School/Teacher Level,School/Teacher: Practice
10.1177/23328584251331453,school_spirit,School spirit,school,peer_reviewed_research,School/Teacher Level,School/Teacher: Context
10.1177/23328584251331453,free_meals,Free meals at school,school,peer_reviewed_research,School/Teacher Level,School/Teacher: Context
10.1177/23328584251331453,homework_supervision,Homework supervision,school,peer_reviewed_research,School/Teacher Level,School/Teacher: Context
10.1177/23328584251331453,computers_available,Computers/e-books available,ict,peer_reviewed_research,Student Level,Student: Attitudinal/Behavioral
10.1177/23328584251331453,school_support_services,Additional support services,school,peer_reviewed_research,School/Teacher Level,School/Teacher: Context
10.1177/23328584251331453,inclusion_school,Inclusion school,school,peer_reviewed_research,School/Teacher Level,School/Teacher: Context
10.1177/23328584251331453,immigration_school,Immigration at school,school,peer_reviewed_research,School/Teacher Level,School/Teacher: Context
10.1177/23328584251331453,school_profile,School profile,school,peer_reviewed_research,School/Teacher Level,School/Teacher: Context
10.1177/23328584251331453,teacher_problematic_behavior,Problematic behavior by teachers,teacher,peer_reviewed_research,School/Teacher Level,School/Teacher: Practice
10.1177/23328584251331453,teacher_cooperation,Teacher cooperation,teacher,peer_reviewed_research,School/Teacher Level,School/Teacher: Practice
10.1177/23328584251331453,principal_experience,Principal experience,teacher,peer_reviewed_research,School/Teacher Level,School/Teacher: Practice
10.1177/23328584251331453,school_size,School size,school,peer_reviewed_research,School/Teacher Level,School/Teacher: Context
10.1177/23328584251331453,class_size,Fourth-grade class size,school,peer_reviewed_research,School/Teacher Level,School/Teacher: Context
10.3390/info16060480,BSBG11A,Confidence in learning math,student_attitude,peer_reviewed_research,Student Level,Student: Attitudinal/Behavioral
10.3390/info16060480,BSBG09C,Absenteeism frequency,student_behavior,peer_reviewed_research,Student Level,Student: Attitudinal/Behavioral
10.3390/info16060480,BSBM16A,Sense of belonging at school,student_attitude,peer_reviewed_research,Student Level,Student: Attitudinal/Behavioral
10.3390/info16060480,BTBG12B,Teachers ask for explanations,teacher,peer_reviewed_research,School/Teacher Level,School/Teacher: Practice
10.3390/info16060480,BTBG08A,Teacher professional development frequency,teacher,peer_reviewed_research,School/Teacher Level,School/Teacher: Practice
10.3390/info16060480,BTBM20C,Technology integration in math lessons,ict,peer_reviewed_research,Student Level,Student: Attitudinal/Behavioral
10.3390/info16060480,BCBG10A,Availability of school library,school,peer_reviewed_research,School/Teacher Level,School/Teacher: Context
10.3390/info16060480,BCBG13BA,Shortage of qualified teachers,school,peer_reviewed_research,School/Teacher Level,School/Teacher: Context
10.3390/info16060480,BCBG07,Total computers available,school,peer_reviewed_research,School/Teacher Level,School/Teacher: Context
10.3390/info16060480,BTBG06B,lack prerequisite knowledge,teacher,peer_reviewed_research,School/Teacher Level,School/Teacher: Practice
10.3390/info16060480,BTBM22AG,PD focus on addressing student needs,teacher,peer_reviewed_research,School/Teacher Level,School/Teacher: Practice
10.3390/info16060480,BTBM22AF,PD focus on math assessment,teacher,peer_reviewed_research,School/Teacher Level,School/Teacher: Practice
10.3390/info16060480,BTBG12C,Teachers give challenging exercises,teacher,peer_reviewed_research,School/Teacher Level,School/Teacher: Practice
10.3390/info16060480,BTBG09C,Too many teaching hours required,teacher,peer_reviewed_research,School/Teacher Level,School/Teacher: Practice
10.3390/info16060480,BTBM15E,Teachers ask to apply learned math,teacher,peer_reviewed_research,School/Teacher Level,School/Teacher: Practice
10.3390/info16060480,BTBM18DF,Curriculum coverage of probability,curriculum,peer_reviewed_research,School/Teacher Level,School/Teacher: Context
10.3390/info16060480,BTBG12E,Link new knowledge to prior knowledge,teacher,peer_reviewed_research,School/Teacher Level,School/Teacher: Practice
10.3390/info16060480,BTBG13G,Teacher agreement on student motivation,teacher,peer_reviewed_research,School/Teacher Level,School/Teacher: Practice
10.3390/info16060480,BCBG15H,need extra time to complete tasks,student_behavior,peer_reviewed_research,Student Level,Student: Attitudinal/Behavioral
10.3390/info16060480,BCBG15D,Class size (students taught),school,peer_reviewed_research,School/Teacher Level,School/Teacher: Context
10.3390/info16060480,BTDGLSN,Teaching limited by student needs,curriculum,peer_reviewed_research,School/Teacher Level,School/Teacher: Context
10.3390/info16060480,share_taught_data,Share taught data,student_behavior,peer_reviewed_research,Student Level,Student: Attitudinal/Behavioral
10.3390/info16060480,probability_topics,probability topics,student_behavior,peer_reviewed_research,Student Level,Student: Attitudinal/Behavioral
10.3390/info16060480,BTBM20C,Use of computers/tablets for ideas,ict,peer_reviewed_research,Student Level,Student: Attitudinal/Behavioral
10.3390/info16060480,BTBM18BF,Teacher PD recent focus (student needs),teacher,peer_reviewed_research,School/Teacher Level,School/Teacher: Practice
10.3390/info16060480,BTBM22AF,PD focused on math assessment,teacher,peer_reviewed_research,School/Teacher Level,School/Teacher: Practice
10.3390/info16060480,BTBM18CB,Teacher PD recent focus (assessment),teacher,peer_reviewed_research,School/Teacher Level,School/Teacher: Practice
10.3390/info16060480,BTBM22AF,Professional development focused on mathematics assessment,teacher,peer_reviewed_research,School/Teacher Level,School/Teacher: Practice
10.3390/info16060480,BCBG13CA,Shortage of specialized science teachers,school,peer_reviewed_research,School/Teacher Level,School/Teacher: Context
10.3390/info16060480,BCBG10A,School has a functioning library,school,peer_reviewed_research,School/Teacher Level,School/Teacher: Context
10.3390/info16060480,BCBG07,Total number of computers available,school,peer_reviewed_research,School/Teacher Level,School/Teacher: Context
10.3390/info16060480,BTBM19CB,correct their own homework,student_behavior,peer_reviewed_research,Student Level,Student: Attitudinal/Behavioral
10.19128/turje.1431545,ACBG14B,Emphasis on letter-sound relationships,school,peer_reviewed_research,School/Teacher Level,School/Teacher: Context
10.19128/turje.1431545,ACBG14A,Emphasis on alphabet letters,school,peer_reviewed_research,School/Teacher Level,School/Teacher: Context
10.19128/turje.1431545,ATBR13E,Borrow books from classroom library,teacher,peer_reviewed_research,School/Teacher Level,School/Teacher: Practice
10.19128/turje.1431545,ACBG14C,Emphasis on reading words,school,peer_reviewed_research,School/Teacher Level,School/Teacher: Context
10.19128/turje.1431545,ATBR18A,Observing students as they work,teacher,peer_reviewed_research,School/Teacher Level,School/Teacher: Practice
10.19128/turje.1431545,ATBR18C,Short regular written assessments,teacher,peer_reviewed_research,School/Teacher Level,School/Teacher: Practice
10.19128/turje.1431545,ATBR10C,Text-evidence explanation prompts,teacher,peer_reviewed_research,School/Teacher Level,School/Teacher: Practice
10.19128/turje.1431545,ATBR08A,Teacher reads aloud,teacher,peer_reviewed_research,School/Teacher Level,School/Teacher: Practice
10.19128/turje.1431545,ATBG12E,Teacher feels proud of work,teacher,peer_reviewed_research,School/Teacher Level,School/Teacher: Practice
10.19128/turje.1431545,ACBG14D,Emphasis on reading isolated sentences,school,peer_reviewed_research,School/Teacher Level,School/Teacher: Context
10.19128/turje.1431545,ATBR18B,Asking students questions in class,teacher,peer_reviewed_research,School/Teacher Level,School/Teacher: Practice
10.19128/turje.1431545,ATBG10G,Parental commitment to readiness,parent_home,peer_reviewed_research,Student Level,Student: SES
10.19128/turje.1431545,ATBG12C,Teacher feels enthusiastic about job,teacher,peer_reviewed_research,School/Teacher Level,School/Teacher: Practice
10.19128/turje.1431545,ATBR10D,Comparing reading with experiences,teacher,peer_reviewed_research,School/Teacher Level,School/Teacher: Practice
10.19128/turje.1431545,ATBG07AF,Professional development in reading,teacher,peer_reviewed_research,School/Teacher Level,School/Teacher: Practice
10.19128/turje.1431545,ATBR17C,Monitoring homework completion,teacher,peer_reviewed_research,School/Teacher Level,School/Teacher: Practice
10.1007/s12187-022-09939-z,joy_of_reading,Joy of reading,student_attitude,peer_reviewed_research,Student Level,Student: Attitudinal/Behavioral
10.1007/s12187-022-09939-z,perception_of_difficulty_pisa_test,Perception of difficulty (PISA test),student_attitude,peer_reviewed_research,Student Level,Student: Attitudinal/Behavioral
10.1007/s12187-022-09939-z,meta_cognition_understanding,Meta-cognition: understanding,student_behavior,peer_reviewed_research,Student Level,Student: Attitudinal/Behavioral
10.1007/s12187-022-09939-z,remembering,remembering,student_behavior,peer_reviewed_research,Student Level,Student: Attitudinal/Behavioral
10.1007/s12187-022-09939-z,self_concept_reading_competence,Self-concept of reading competence,student_attitude,peer_reviewed_research,Student Level,Student: Attitudinal/Behavioral
10.1007/s12187-022-09939-z,mastery_goal_orientation,Mastery goal orientation,student_attitude,peer_reviewed_research,Student Level,Student: Attitudinal/Behavioral
10.1007/s12187-022-09939-z,self_concept_reading_perceived_difficulty,Self-concept of reading difficulty,student_attitude,peer_reviewed_research,Student Level,Student: Attitudinal/Behavioral
10.1007/s12187-022-09939-z,attitude_towards_school_learning_activities,Attitude toward school learning activities,student_attitude,peer_reviewed_research,Student Level,Student: Attitudinal/Behavioral
10.1007/s12187-022-09939-z,competitiveness,Competitiveness,student_attitude,peer_reviewed_research,Student Level,Student: Attitudinal/Behavioral
10.1007/s12187-022-09939-z,effort_given_in_pisa,Effort given in PISA,student_behavior,peer_reviewed_research,Student Level,Student: Attitudinal/Behavioral
10.1007/s12187-022-09939-z,work_mastery,Work mastery,student_attitude,peer_reviewed_research,Student Level,Student: Attitudinal/Behavioral
10.1007/s12187-022-09939-z,general_fear_of_failure,General fear of failure,student_attitude,peer_reviewed_research,Student Level,Student: Attitudinal/Behavioral
10.1007/s12187-022-09939-z,eudaemonia_meaning_in_life,Eudaemonia: meaning in life,student_attitude,peer_reviewed_research,Student Level,Student: Attitudinal/Behavioral
10.1007/s12187-022-09939-z,self_efficacy,Self-efficacy,student_attitude,peer_reviewed_research,Student Level,Student: Attitudinal/Behavioral
10.1007/s12187-022-09939-z,fixed_mindset,Fixed mindset,student_attitude,peer_reviewed_research,Student Level,Student: Attitudinal/Behavioral
10.1007/s12187-022-09939-z,subjective_wellbeing_positive_affect,Positive affect (subjective wellbeing),student_attitude,peer_reviewed_research,Student Level,Student: Attitudinal/Behavioral
10.1007/s12187-022-09939-z,discriminating_school_climate,Discriminating school climate,school,peer_reviewed_research,School/Teacher Level,School/Teacher: Context
10.1007/s12187-022-09939-z,teacher_stimulation_reading_engagement,Teacher stimulation of reading engagement,teacher,peer_reviewed_research,School/Teacher Level,School/Teacher: Practice
10.1007/s12187-022-09939-z,disciplinary_climate_test_language_lessons,Disciplinary climate in test language lessons,school,peer_reviewed_research,School/Teacher Level,School/Teacher: Context
10.1007/s12187-022-09939-z,perception_competitiveness_at_school,Perceived competitiveness at school,school,peer_reviewed_research,School/Teacher Level,School/Teacher: Context
10.1007/s12187-022-09939-z,adaptation_of_instruction,Adaptation of instruction,teacher,peer_reviewed_research,School/Teacher Level,School/Teacher: Practice
10.1007/s12187-022-09939-z,parents_emotional_support,Parents’ emotional support,parent_home,peer_reviewed_research,Student Level,Student: SES
10.1007/s12187-022-09939-z,perception_cooperation_at_school,Perception of cooperation at school,school,peer_reviewed_research,School/Teacher Level,School/Teacher: Context
10.1007/s12187-022-09939-z,perceived_teacher_interest,Perceived teacher’s interest,teacher,peer_reviewed_research,School/Teacher Level,School/Teacher: Practice
10.1007/s12187-022-09939-z,student_experience_bullied,Student’s experience of being bullied,school,peer_reviewed_research,School/Teacher Level,School/Teacher: Context
10.1007/s12187-022-09939-z,perceived_feedback,Perceived feedback,teacher,peer_reviewed_research,School/Teacher Level,School/Teacher: Practice
10.1007/s12187-022-09939-z,teacher_support_test_language_lessons,Teacher support in test language lessons,teacher,peer_reviewed_research,School/Teacher Level,School/Teacher: Practice
10.1007/s12187-022-09939-z,teacher_directed_instruction,Teacher-directed instruction,teacher,peer_reviewed_research,School/Teacher Level,School/Teacher: Practice
10.1007/s12187-022-09939-z,sense_of_belonging_to_school,Sense of belonging to school,school,peer_reviewed_research,School/Teacher Level,School/Teacher: Context
10.1007/s12187-022-09939-z,UNDREM,"Metacognition (understanding, remembering)",student_behavior,peer_reviewed_research,Student Level,Student: Attitudinal/Behavioral
10.1007/s12187-022-09997-3,S1,Sense of school belonging,school,peer_reviewed_research,School/Teacher Level,School/Teacher: Context
10.1007/s12187-022-09997-3,N12,Resilience,student_behavior,peer_reviewed_research,Student Level,Student: Attitudinal/Behavioral
10.1007/s12187-022-09997-3,N10,Work mastery,student_behavior,peer_reviewed_research,Student Level,Student: Attitudinal/Behavioral
10.1007/s12187-022-09997-3,N11,General fear of failure,student_attitude,peer_reviewed_research,Student Level,Student: Attitudinal/Behavioral
10.1007/s12187-022-09997-3,N13,Mastery goal orientation,student_attitude,peer_reviewed_research,Student Level,Student: Attitudinal/Behavioral
10.1007/s12187-022-09997-3,N6,Self-concept of reading competence,student_attitude,peer_reviewed_research,Student Level,Student: Attitudinal/Behavioral
10.1007/s12187-022-09997-3,N5,Reading for enjoyment,student_behavior,peer_reviewed_research,Student Level,Student: Attitudinal/Behavioral
10.1007/s12187-022-09997-3,N9,Competitiveness,student_attitude,peer_reviewed_research,Student Level,Student: Attitudinal/Behavioral
10.1007/s12187-022-09997-3,S13,Perception of cooperation at school,school,peer_reviewed_research,School/Teacher Level,School/Teacher: Context
10.1007/s12187-022-09997-3,S12,Perception of competitiveness at school,school,peer_reviewed_research,School/Teacher Level,School/Teacher: Context
10.1007/s12187-022-09997-3,S11,Experience of being bullied,school,peer_reviewed_research,School/Teacher Level,School/Teacher: Context
10.1007/s12187-022-09997-3,S6,Parents’ emotional support,parent_home,peer_reviewed_research,Student Level,Student: SES
10.1007/s12187-022-09997-3,S9,Perceived teacher’s interest,teacher,peer_reviewed_research,School/Teacher Level,School/Teacher: Practice
10.1007/s12187-022-09997-3,S7,Teacher stimulation of reading engagement,teacher,peer_reviewed_research,School/Teacher Level,School/Teacher: Practice
10.1007/s12187-022-09997-3,S5,Perceived feedback,teacher,peer_reviewed_research,School/Teacher Level,School/Teacher: Practice
10.1007/s12187-022-09997-3,S4,Teacher-directed instruction,teacher,peer_reviewed_research,School/Teacher Level,School/Teacher: Practice
10.1007/s12187-022-09997-3,S8,Adaptation of instruction,teacher,peer_reviewed_research,School/Teacher Level,School/Teacher: Practice
10.1007/s12187-022-09997-3,B6,Index of economic social cultural status (ESCS),socioeconomic,peer_reviewed_research,Student Level,Student: SES
10.1007/s12187-022-09997-3,B1,Grade compared to modal grade,demographic,peer_reviewed_research,Student Level,Student: Demographic
10.1007/s12187-022-09997-3,B2,age,demographic,peer_reviewed_research,Student Level,Student: Demographic
10.1007/s12187-022-09997-3,B3,Index immigration status,demographic,peer_reviewed_research,Student Level,Student: Demographic
10.1007/s12187-022-09997-3,duration_in_early_childhood_education,Duration in early childhood education,student_behavior,peer_reviewed_research,Student Level,Student: Attitudinal/Behavioral
10.1007/s12187-022-09997-3,care,care,student_behavior,peer_reviewed_research,Student Level,Student: Attitudinal/Behavioral
10.1007/s12187-022-09997-3,B5,Grade repetition,demographic,peer_reviewed_research,Student Level,Student: Demographic
10.1007/s12187-022-09997-3,B7,gender,demographic,peer_reviewed_research,Student Level,Student: Demographic
10.1007/s12187-022-09997-3,N1,Effort,student_behavior,peer_reviewed_research,Student Level,Student: Attitudinal/Behavioral
10.1007/s12187-022-09997-3,metacognition_understanding,Metacognition: understanding,student_behavior,peer_reviewed_research,Student Level,Student: Attitudinal/Behavioral
10.1007/s12187-022-09997-3,remembering,remembering,student_behavior,peer_reviewed_research,Student Level,Student: Attitudinal/Behavioral
10.1007/s12187-022-09997-3,N3,Metacognition: summarising,student_behavior,peer_reviewed_research,Student Level,Student: Attitudinal/Behavioral
10.1007/s12187-022-09997-3,N4,Metacognition: assess credibility,student_behavior,peer_reviewed_research,Student Level,Student: Attitudinal/Behavioral
10.1007/s12187-022-09997-3,N7,Self-concept of reading difficulty,student_attitude,peer_reviewed_research,Student Level,Student: Attitudinal/Behavioral
10.1007/s12187-022-09997-3,N8,Perception of difficulty of the PISA test,student_attitude,peer_reviewed_research,Student Level,Student: Attitudinal/Behavioral
10.1007/s12187-022-09997-3,N14,Attitude towards school: learning activities,student_attitude,peer_reviewed_research,Student Level,Student: Attitudinal/Behavioral
10.1007/s12187-022-09997-3,S2,Disciplinary climate in test language lessons,school,peer_reviewed_research,School/Teacher Level,School/Teacher: Context
10.1007/s12187-022-09997-3,S3,Teacher support in test language lessons,teacher,peer_reviewed_research,School/Teacher Level,School/Teacher: Practice
10.1007/s12187-022-09997-3,S10,Attitude towards school: learning activities,student_attitude,peer_reviewed_research,Student Level,Student: Attitudinal/Behavioral
10.1007/s12187-022-09997-3,S14,Learning time in total (minutes per week),curriculum,peer_reviewed_research,School/Teacher Level,School/Teacher: Context
10.1007/s12187-022-09997-3,S15,expected occupational status (SEI),socioeconomic,peer_reviewed_research,Student Level,Student: SES
10.1007/s10763-025-10596-1,GENDER,Gender,demographic,peer_reviewed_research,Student Level,Student: Demographic
10.1007/s10763-025-10596-1,DISCLISCI,Disciplinary climate (science),peer_effects,peer_reviewed_research,School/Teacher Level,School/Teacher: Context
10.1007/s10763-025-10596-1,TEACHSUP,Teacher support (science),teacher,peer_reviewed_research,School/Teacher Level,School/Teacher: Practice
10.1007/s10763-025-10596-1,TDTEACH,Teacher-directed instruction,teacher,peer_reviewed_research,School/Teacher Level,School/Teacher: Practice
10.1007/s10763-025-10596-1,JOYSCIE,Enjoyment of science,student_attitude,peer_reviewed_research,Student Level,Student: Attitudinal/Behavioral
10.1007/s10763-025-10596-1,INSTSCIE,Instrumental motivation,student_attitude,peer_reviewed_research,Student Level,Student: Attitudinal/Behavioral
10.1007/s10763-025-10596-1,SCIEEFF,Science self-efficacy,student_attitude,peer_reviewed_research,Student Level,Student: Attitudinal/Behavioral
10.1007/s10763-025-10596-1,SCIEACT,Index science activities,student_behavior,peer_reviewed_research,Student Level,Student: Attitudinal/Behavioral
10.1007/s10763-025-10596-1,BSMJ,Expected occupational status,student_attitude,peer_reviewed_research,Student Level,Student: Attitudinal/Behavioral
10.1007/s10763-025-10596-1,IMMIG,Immigration status index,demographic,peer_reviewed_research,Student Level,Student: Demographic
10.1007/s10763-025-10596-1,HOMESCH,ICT use outside school (work),ict,peer_reviewed_research,Student Level,Student: Attitudinal/Behavioral
10.1007/s10763-025-10596-1,ENTUSE,ICT use outside school (leisure),ict,peer_reviewed_research,Student Level,Student: Attitudinal/Behavioral
10.1007/s10763-025-10596-1,HISEI,Highest parental occupational status,socioeconomic,peer_reviewed_research,Student Level,Student: SES
10.1007/s10763-025-10596-1,PARED,Highest parental education (years),socioeconomic,peer_reviewed_research,Student Level,Student: SES
10.1007/s10763-025-10596-1,DURECEC,Duration in early education,demographic,peer_reviewed_research,Student Level,Student: Demographic
10.1007/s10763-025-10596-1,SMINS,Science learning time (minutes/week),curriculum,peer_reviewed_research,School/Teacher Level,School/Teacher: Context
10.1007/s10763-025-10596-1,BELONG,Sense of belonging to school,student_attitude,peer_reviewed_research,Student Level,Student: Attitudinal/Behavioral
10.1007/s10763-025-10596-1,ANXTEST,Test anxiety,student_attitude,peer_reviewed_research,Student Level,Student: Attitudinal/Behavioral
10.1007/s10763-025-10596-1,MOTIVAT,Achieving motivation,student_attitude,peer_reviewed_research,Student Level,Student: Attitudinal/Behavioral
10.1007/s10763-025-10596-1,COOPERA,Enjoy cooperation,student_attitude,peer_reviewed_research,Student Level,Student: Attitudinal/Behavioral
10.1007/s10763-025-10596-1,CPSVALUE,Value cooperation,student_attitude,peer_reviewed_research,Student Level,Student: Attitudinal/Behavioral
10.1007/s10763-025-10596-1,EMOSUPS,Parents emotional support,parent_home,peer_reviewed_research,Student Level,Student: SES
10.1007/s10763-025-10596-1,PERFEED,Perceived feedback,teacher,peer_reviewed_research,School/Teacher Level,School/Teacher: Practice
10.1007/s10763-025-10596-1,ADINST,Adaptation of instruction,teacher,peer_reviewed_research,School/Teacher Level,School/Teacher: Practice
10.1007/s10763-025-10596-1,USESCH,Use of ICT at school (general),ict,peer_reviewed_research,Student Level,Student: Attitudinal/Behavioral
10.1007/s10763-025-10596-1,INTICT,ICT interest,ict,peer_reviewed_research,Student Level,Student: Attitudinal/Behavioral
10.1007/s10763-025-10596-1,COMPICT,Perceived ICT competence,ict,peer_reviewed_research,Student Level,Student: Attitudinal/Behavioral
10.1007/s10763-025-10596-1,AUTICT,Perceived autonomy related to ICT,ict,peer_reviewed_research,Student Level,Student: Attitudinal/Behavioral
10.1007/s10763-025-10596-1,SOIAICT,Enjoyment of social interaction around ICT,ict,peer_reviewed_research,Student Level,Student: Attitudinal/Behavioral
10.1007/s10763-025-10596-1,ICTHOME,ICT available at home,ict,peer_reviewed_research,Student Level,Student: Attitudinal/Behavioral
10.1007/s10763-025-10596-1,ICTSCH,ICT available at school,ict,peer_reviewed_research,Student Level,Student: Attitudinal/Behavioral
10.1007/s10763-025-10596-1,UNFAIR,Teacher fairness,teacher,peer_reviewed_research,School/Teacher Level,School/Teacher: Practice
10.1007/s10763-025-10596-1,CULTPOSS,Cultural possessions at home,socioeconomic,peer_reviewed_research,Student Level,Student: SES
10.1007/s10763-025-10596-1,HEDRES,Home educational resources,socioeconomic,peer_reviewed_research,Student Level,Student: SES
10.1007/s10763-025-10596-1,WEALTH,Family wealth,socioeconomic,peer_reviewed_research,Student Level,Student: SES
10.1007/s10763-025-10596-1,MINDSINQ,Minds-on inquiry in science,curriculum,peer_reviewed_research,School/Teacher Level,School/Teacher: Context
10.1007/s10763-025-10596-1,HANDSINQ,Hands-on inquiry in science,curriculum,peer_reviewed_research,School/Teacher Level,School/Teacher: Context
10.1007/s10763-025-10596-1,SUBBLF,Development in epistemological beliefs,student_attitude,peer_reviewed_research,Student Level,Student: Attitudinal/Behavioral
10.1007/s10763-025-10596-1,OBJBLF,Justification in epistemological beliefs,student_attitude,peer_reviewed_research,Student Level,Student: Attitudinal/Behavioral
10.22550/2174-0909.4014,ESCS,Socioeconomic status (ESCS),socioeconomic,peer_reviewed_research,Student Level,Student: SES
10.22550/2174-0909.4014,HOMEPOS,Home possessions,socioeconomic,peer_reviewed_research,Student Level,Student: SES
10.22550/2174-0909.4014,SCCHANGE,Number of school changes,school,peer_reviewed_research,School/Teacher Level,School/Teacher: Context
10.22550/2174-0909.4014,HISEI,Parents’ highest occupational status,socioeconomic,peer_reviewed_research,Student Level,Student: SES
10.22550/2174-0909.4014,MISCED,Mother’s education,socioeconomic,peer_reviewed_research,Student Level,Student: SES
10.22550/2174-0909.4014,IMMIG,Immigration background,demographic,peer_reviewed_research,Student Level,Student: Demographic
10.22550/2174-0909.4014,ICTRES,Home ICT resources,ict,peer_reviewed_research,Student Level,Student: Attitudinal/Behavioral
10.22550/2174-0909.4014,HEDRES,Home educational resources,socioeconomic,peer_reviewed_research,Student Level,Student: SES
10.22550/2174-0909.4014,DURECEC,Early childhood education duration,curriculum,peer_reviewed_research,School/Teacher Level,School/Teacher: Context
10.22550/2174-0909.4014,SC048Q03NA,Disadvantaged-home student share,socioeconomic,peer_reviewed_research,Student Level,Student: SES
10.22550/2174-0909.4014,BMMJ1,Mother’s ISEI,socioeconomic,peer_reviewed_research,Student Level,Student: SES
10.22550/2174-0909.4014,WEALTH,Family wealth,socioeconomic,peer_reviewed_research,Student Level,Student: SES
10.22550/2174-0909.4014,MMINS,Learning time for mathematics,curriculum,peer_reviewed_research,School/Teacher Level,School/Teacher: Context
10.22550/2174-0909.4014,LMINS,Learning time for language,student_behavior,peer_reviewed_research,Student Level,Student: Attitudinal/Behavioral
10.22550/2174-0909.4014,SMINS,Learning time for sciences,curriculum,peer_reviewed_research,School/Teacher Level,School/Teacher: Context
10.22550/2174-0909.4014,DIRINS,Teacher-directed instruction,teacher,peer_reviewed_research,School/Teacher Level,School/Teacher: Practice
10.22550/2174-0909.4014,TMINS,Total learning time,curriculum,peer_reviewed_research,School/Teacher Level,School/Teacher: Context
10.22550/2174-0909.4014,PERFEED,Perceived teacher feedback,teacher,peer_reviewed_research,School/Teacher Level,School/Teacher: Practice
10.22550/2174-0909.4014,DISCLIMA,Disciplinary climate (language),peer_effects,peer_reviewed_research,School/Teacher Level,School/Teacher: Context
10.22550/2174-0909.4014,BEINGBULLIED,Experience of being bullied,peer_effects,peer_reviewed_research,School/Teacher Level,School/Teacher: Context
10.22550/2174-0909.4014,BSMJ,Expected occupational status,student_attitude,peer_reviewed_research,Student Level,Student: Attitudinal/Behavioral
10.22550/2174-0909.4014,PISADIFF,Perceived difficulty of PISA test,student_attitude,peer_reviewed_research,Student Level,Student: Attitudinal/Behavioral
10.22550/2174-0909.4014,METASUM,Metacognition: summarising,student_behavior,peer_reviewed_research,Student Level,Student: Attitudinal/Behavioral
10.22550/2174-0909.4014,STUBMI,Body mass index,student_behavior,peer_reviewed_research,Student Level,Student: Attitudinal/Behavioral
10.22550/2174-0909.4014,GCSELFEFF,Self-efficacy regarding global competence,student_attitude,peer_reviewed_research,Student Level,Student: Attitudinal/Behavioral
10.22550/2174-0909.4014,BELONG,Sense of belonging at school,student_attitude,peer_reviewed_research,Student Level,Student: Attitudinal/Behavioral
10.22550/2174-0909.4014,SCREADDIFF,Self-concept of reading difficulty,student_attitude,peer_reviewed_research,Student Level,Student: Attitudinal/Behavioral
10.22550/2174-0909.4014,GCAWARE,Awareness of global issues,student_attitude,peer_reviewed_research,Student Level,Student: Attitudinal/Behavioral
10.22550/2174-0909.4014,COGFLEX,Cognitive flexibility/adaptability,student_behavior,peer_reviewed_research,Student Level,Student: Attitudinal/Behavioral
10.22550/2174-0909.4014,CHANGE,Number of changes in educational biography,demographic,peer_reviewed_research,Student Level,Student: Demographic
10.22550/2174-0909.4014,STUBEHA,behaviour hindering learning,school,peer_reviewed_research,School/Teacher Level,School/Teacher: Context
10.22550/2174-0909.4014,HOMESCH,Use of ICT at home for school work,ict,peer_reviewed_research,Student Level,Student: Attitudinal/Behavioral
10.22550/2174-0909.4014,ICTOUTSIDE,Subject-related ICT use outside school,ict,peer_reviewed_research,Student Level,Student: Attitudinal/Behavioral
10.22550/2174-0909.4014,ENTUSE,ICT use outside school for leisure,ict,peer_reviewed_research,Student Level,Student: Attitudinal/Behavioral
10.22550/2174-0909.4014,INFOCAR,Information about careers,curriculum,peer_reviewed_research,School/Teacher Level,School/Teacher: Context
10.22550/2174-0909.4014,INFOJOB2,Labour market information outside school,curriculum,peer_reviewed_research,School/Teacher Level,School/Teacher: Context
10.22550/2174-0909.4014,INFOJOB1,Labour market information by school,curriculum,peer_reviewed_research,School/Teacher Level,School/Teacher: Context
10.22550/2174-0909.4014,DISCRIM,Discriminatory school climate,school,peer_reviewed_research,School/Teacher Level,School/Teacher: Context
10.22550/2174-0909.4014,MASTGOAL,Learning goals,student_attitude,peer_reviewed_research,Student Level,Student: Attitudinal/Behavioral
10.22550/2174-0909.4014,RESILIENCE,resilience,student_attitude,peer_reviewed_research,Student Level,Student: Attitudinal/Behavioral
10.3390/educsci14121350,TSINTER,Teacher–student interaction,teacher,peer_reviewed_research,School/Teacher Level,School/Teacher: Practice
10.3390/educsci14121350,BELONG,Sense of belonging,student_attitude,peer_reviewed_research,Student Level,Student: Attitudinal/Behavioral
10.3390/educsci14121350,FEELSAFE,Feeling safe,student_attitude,peer_reviewed_research,Student Level,Student: Attitudinal/Behavioral
10.3390/educsci14121350,TEACHSUP,Teacher support,teacher,peer_reviewed_research,School/Teacher Level,School/Teacher: Practice
10.3390/educsci14121350,DISCLIM,Disciplinary climate,school,peer_reviewed_research,School/Teacher Level,School/Teacher: Context
10.3390/educsci14121350,PERSEVE,Perseverance,student_behavior,peer_reviewed_research,Student Level,Student: Attitudinal/Behavioral
10.3390/educsci14121350,COOPER,Cooperation,student_behavior,peer_reviewed_research,Student Level,Student: Attitudinal/Behavioral
10.3390/educsci14121350,EMOCON,Emotional control,student_behavior,peer_reviewed_research,Student Level,Student: Attitudinal/Behavioral
10.3390/educsci14121350,MATHEFF,Self-efficacy (math),student_attitude,peer_reviewed_research,Student Level,Student: Attitudinal/Behavioral
10.3390/educsci14121350,ESCS,Socioeconomic status (ESCS),socioeconomic,peer_reviewed_research,Student Level,Student: SES
10.3390/su16177806,listening_outcomes,Listening outcomes (curriculum),curriculum,peer_reviewed_research,School/Teacher Level,School/Teacher: Context
10.3390/su16177806,speaking_outcomes,Speaking outcomes (curriculum),curriculum,peer_reviewed_research,School/Teacher Level,School/Teacher: Context
10.3390/su16177806,reading_outcomes,Reading outcomes (curriculum),curriculum,peer_reviewed_research,School/Teacher Level,School/Teacher: Context
10.3390/su16177806,writing_outcomes,Writing outcomes (curriculum),curriculum,peer_reviewed_research,School/Teacher Level,School/Teacher: Context
10.3390/su16177806,language_themes_in_math,Language themes in math,curriculum,peer_reviewed_research,School/Teacher Level,School/Teacher: Context
10.1007/s11165-023-10134-5,VOTAT,VOTAT navigation behavior,process_data,peer_reviewed_research,Student Level,Student: Process Data
10.1007/s11165-023-10134-5,interactive_strategy,Interactive strategy (multivariable),process_data,peer_reviewed_research,Student Level,Student: Process Data
10.1007/s11165-023-10134-5,number_of_actions,Number of actions,process_data,peer_reviewed_research,Student Level,Student: Process Data
10.1007/s11165-023-10134-5,number_of_trials,Number of trials,process_data,peer_reviewed_research,Student Level,Student: Process Data
10.1007/s11165-023-10134-5,time_on_task,Time-on-task,process_data,peer_reviewed_research,Student Level,Student: Process Data
10.1007/s11165-023-10134-5,time_before_first_action,Time before first action,process_data,peer_reviewed_research,Student Level,Student: Process Data
10.1007/s11165-023-10134-5,mc_response,Multiple-choice response accuracy,process_data,peer_reviewed_research,Student Level,Student: Process Data
10.1007/s11165-023-10134-5,text_response,Constructed text response accuracy,process_data,peer_reviewed_research,Student Level,Student: Process Data
10.1007/s11165-023-10134-5,inquiry_practice_explain,Explain inquiry ideas frequency,curriculum,peer_reviewed_research,School/Teacher Level,School/Teacher: Context
10.1007/s11165-023-10134-5,inquiry_practice_lab,Laboratory practical experiments frequency,curriculum,peer_reviewed_research,School/Teacher Level,School/Teacher: Context
10.1007/s11165-023-10134-5,inquiry_practice_argue,Argue about science questions frequency,curriculum,peer_reviewed_research,School/Teacher Level,School/Teacher: Context
10.1007/s11165-023-10134-5,inquiry_practice_draw,Draw conclusions from experiments frequency,curriculum,peer_reviewed_research,School/Teacher Level,School/Teacher: Context
10.1007/s11165-023-10134-5,inquiry_practice_idea,Opportunities to explain ideas frequency,curriculum,peer_reviewed_research,School/Teacher Level,School/Teacher: Context
10.1007/s11165-023-10134-5,inquiry_practice_design,Design own experiments frequency,curriculum,peer_reviewed_research,School/Teacher Level,School/Teacher: Context
10.1007/s11165-023-10134-5,inquiry_practice_debate,Class debate about investigations frequency,curriculum,peer_reviewed_research,School/Teacher Level,School/Teacher: Context
10.1007/s11165-023-10134-5,inquiry_practice_concept,Teacher explains concept relevance frequency,curriculum,peer_reviewed_research,School/Teacher Level,School/Teacher: Context
10.1007/s11165-023-10134-5,inquiry_practice_test,Investigation to test ideas frequency,curriculum,peer_reviewed_research,School/Teacher Level,School/Teacher: Context
10.1038/s41598-025-14802-6,age_group,Age group,demographic,peer_reviewed_research,Student Level,Student: Demographic
10.1038/s41598-025-14802-6,gender,Gender,demographic,peer_reviewed_research,Student Level,Student: Demographic
10.1038/s41598-025-14802-6,performance_level,Performance level (score group),prior_achievement,peer_reviewed_research,Student Level,Student: Prior Achievement
10.1038/s41598-025-14802-6,task_type,Problem set type,curriculum,peer_reviewed_research,School/Teacher Level,School/Teacher: Context
10.1016/j.actpsy.2025.105525,SES,Socioeconomic status (SES),socioeconomic,peer_reviewed_research,Student Level,Student: SES
10.1016/j.actpsy.2025.105525,gender,Gender,demographic,peer_reviewed_research,Student Level,Student: Demographic
10.1016/j.actpsy.2025.105525,culture,Culture (Western vs Confucian),system_level,peer_reviewed_research,System/Country Level,System: Policy/Context
10.1016/j.actpsy.2025.105525,competitiveness,Competitiveness,student_attitude,peer_reviewed_research,Student Level,Student: Attitudinal/Behavioral
10.1016/j.actpsy.2025.105525,work_mastery,Work mastery,student_attitude,peer_reviewed_research,Student Level,Student: Attitudinal/Behavioral
10.3390/jintelligence13030029,VOTAT_score,VOTAT strategy score,process_data,peer_reviewed_research,Student Level,Student: Process Data
10.3390/jintelligence13030029,total_time,Total time on task,process_data,peer_reviewed_research,Student Level,Student: Process Data
10.3390/jintelligence13030029,number_of_reset,Number of reset events,process_data,peer_reviewed_research,Student Level,Student: Process Data
10.3390/jintelligence13030029,non_intervention_observation_score,Non-intervention observation,process_data,peer_reviewed_research,Student Level,Student: Process Data
10.3390/jintelligence13030029,number_of_bottom_votat,Bottom VOTAT applications,process_data,peer_reviewed_research,Student Level,Student: Process Data
10.3390/jintelligence13030029,number_of_apply,Number of apply clicks,process_data,peer_reviewed_research,Student Level,Student: Process Data
10.3390/jintelligence13030029,speed,Speed (actions per time),process_data,peer_reviewed_research,Student Level,Student: Process Data
10.3390/jintelligence13030029,number_of_top_votat,Top VOTAT applications,process_data,peer_reviewed_research,Student Level,Student: Process Data
10.3390/jintelligence13030029,number_of_non_intervention_observations,Non-intervention observations,process_data,peer_reviewed_research,Student Level,Student: Process Data
10.3390/jintelligence13030029,number_of_diagram,Number of diagram clicks,process_data,peer_reviewed_research,Student Level,Student: Process Data
10.3390/jintelligence13030029,number_of_central_votat,Central VOTAT applications,process_data,peer_reviewed_research,Student Level,Student: Process Data
10.3390/jintelligence13030029,number_of_actions,Number of actions,process_data,peer_reviewed_research,Student Level,Student: Process Data
10.3390/jintelligence13030029,number_of_votat,Total VOTAT applications,process_data,peer_reviewed_research,Student Level,Student: Process Data
10.3390/jintelligence13030029,duration_of_waiting,Duration of waiting,process_data,peer_reviewed_research,Student Level,Student: Process Data
10.3390/jintelligence13030029,duration_of_last_check,Duration of last check,process_data,peer_reviewed_research,Student Level,Student: Process Data
10.3390/jintelligence13030029,duration_until_first_intervention,Duration until first intervention,process_data,peer_reviewed_research,Student Level,Student: Process Data
10.3390/jintelligence13030029,PV1MATH,Mathematical literacy (PV1),prior_achievement,peer_reviewed_research,Student Level,Student: Prior Achievement
10.3390/jintelligence13030029,PV1READ,Reading literacy (PV1),prior_achievement,peer_reviewed_research,Student Level,Student: Prior Achievement
10.3390/jintelligence13030029,PV1SCIE,Science literacy (PV1),prior_achievement,peer_reviewed_research,Student Level,Student: Prior Achievement
10.3390/jintelligence13030029,PERSEV,Perseverance,student_attitude,peer_reviewed_research,Student Level,Student: Attitudinal/Behavioral
10.3390/jintelligence13030029,OPENPS,Openness to problem solving,student_attitude,peer_reviewed_research,Student Level,Student: Attitudinal/Behavioral
10.21031/epod.1532846,total_score,Total score (block),prior_achievement,peer_reviewed_research,Student Level,Student: Prior Achievement
10.21031/epod.1532846,total_response_time,Total response time,process_data,peer_reviewed_research,Student Level,Student: Process Data
10.21031/epod.1532846,total_visits,Total number of visits,process_data,peer_reviewed_research,Student Level,Student: Process Data
10.21031/epod.1532846,item_response_time_category,Item response time category,process_data,peer_reviewed_research,Student Level,Student: Process Data
10.21031/epod.1532846,navigation_sequence,Item navigation sequence,process_data,peer_reviewed_research,Student Level,Student: Process Data
10.21031/epod.1532846,item_visits_per_item,Visits per item,process_data,peer_reviewed_research,Student Level,Student: Process Data
10.1186/s40536-024-00194-y,VOTAT,VOTAT navigation behavior,process_data,peer_reviewed_research,Student Level,Student: Process Data
10.1186/s40536-024-00194-y,total_time_on_task,Total time on task,process_data,peer_reviewed_research,Student Level,Student: Process Data
10.1186/s40536-024-00194-y,action_sequence_length,Action sequence length,process_data,peer_reviewed_research,Student Level,Student: Process Data
10.1186/s40536-024-00194-y,response_time,Response time,process_data,peer_reviewed_research,Student Level,Student: Process Data
10.1186/s40536-024-00194-y,network_centralization,Network centralization,process_data,peer_reviewed_research,Student Level,Student: Process Data
10.1186/s40536-024-00194-y,network_density,Network density,process_data,peer_reviewed_research,Student Level,Student: Process Data
10.1186/s40536-024-00194-y,flow_hierarchy,Flow hierarchy,process_data,peer_reviewed_research,Student Level,Student: Process Data
10.1186/s40536-024-00194-y,shortest_path,Shortest path,process_data,peer_reviewed_research,Student Level,Student: Process Data
10.1186/s40536-024-00194-y,total_nodes,Total number of nodes,process_data,peer_reviewed_research,Student Level,Student: Process Data
10.1186/s40536-020-00085-y,month_list_length,Month list length,process_data,peer_reviewed_research,Student Level,Student: Process Data
10.1186/s40536-020-00085-y,first_input_between_200_600,First input between 200-600,process_data,peer_reviewed_research,Student Level,Student: Process Data
10.1186/s40536-020-00085-y,num_alternations_in_month_list,Number of alternations,process_data,peer_reviewed_research,Student Level,Student: Process Data
10.1186/s40536-020-00085-y,time_spent_on_item_seconds,Time spent on item,process_data,peer_reviewed_research,Student Level,Student: Process Data
10.1186/s40536-020-00085-y,distance_first_input_to_target,Distance from first input,process_data,peer_reviewed_research,Student Level,Student: Process Data
10.1186/s40536-020-00085-y,distance_second_input_to_target,Distance from second input,process_data,peer_reviewed_research,Student Level,Student: Process Data
10.1186/s40536-020-00085-y,distance_last_input_to_target,Distance from last input,process_data,peer_reviewed_research,Student Level,Student: Process Data
10.1186/s40536-020-00085-y,std_dev_month_list_values,Std dev of month values,process_data,peer_reviewed_research,Student Level,Student: Process Data
10.1186/s40536-020-00085-y,target_value_in_month_list,Target value entered,process_data,peer_reviewed_research,Student Level,Student: Process Data
10.1186/s40536-020-00085-y,pencil_use,Pencil use,process_data,peer_reviewed_research,Student Level,Student: Process Data
10.1080/09243453.2016.1235591,VOTAT_features,VOTAT strategy usage ratios,process_data,peer_reviewed_research,Student Level,Student: Process Data
10.1080/09243453.2016.1235591,time_features,Time spent on task phases,process_data,peer_reviewed_research,Student Level,Student: Process Data
10.1007/s00521-023-08901-6,ST011Q04TA,Computer for school work,ict,peer_reviewed_research,Student Level,Student: Attitudinal/Behavioral
10.1007/s00521-023-08901-6,ST004Q01TA,Gender,demographic,peer_reviewed_research,Student Level,Student: Demographic
10.1007/s00521-023-08901-6,ST013Q01TA,Books at home (count),socioeconomic,peer_reviewed_research,Student Level,Student: SES
10.1007/s00521-023-08901-6,ST123Q02NA,Parental support for learning,parent_home,peer_reviewed_research,Student Level,Student: SES
10.1007/s00521-023-08901-6,MISCED,Mother education (ISCED),socioeconomic,peer_reviewed_research,Student Level,Student: SES
10.1007/s00521-023-08901-6,FISCED,Father education (ISCED),socioeconomic,peer_reviewed_research,Student Level,Student: SES
10.1007/s00521-023-08901-6,HISCED,Highest parental education,socioeconomic,peer_reviewed_research,Student Level,Student: SES
10.1007/s00521-023-08901-6,ST097Q03TA,Class discipline in science,school,peer_reviewed_research,School/Teacher Level,School/Teacher: Context
10.1007/s00521-023-08901-6,SMINS,Science learning time (weekly),curriculum,peer_reviewed_research,School/Teacher Level,School/Teacher: Context
10.1007/s00521-023-08901-6,TMINS,Total learning time (weekly),curriculum,peer_reviewed_research,School/Teacher Level,School/Teacher: Context
10.1007/s00521-023-08901-6,BELONG,Sense of belonging to school,student_attitude,peer_reviewed_research,Student Level,Student: Attitudinal/Behavioral
10.1007/s00521-023-08901-6,EMOSUPS,Parents emotional support,parent_home,peer_reviewed_research,Student Level,Student: SES
10.1007/s00521-023-08901-6,HOMEPOS,Home possessions,socioeconomic,peer_reviewed_research,Student Level,Student: SES
10.1007/s00521-023-08901-6,WEALTH,Family wealth,socioeconomic,peer_reviewed_research,Student Level,Student: SES
10.1007/s00521-023-08901-6,ESCS,Socioeconomic status (ESCS),socioeconomic,peer_reviewed_research,Student Level,Student: SES
10.1007/s00521-023-08901-6,ADINST,Teacher adaptation,teacher,peer_reviewed_research,School/Teacher Level,School/Teacher: Practice
10.1007/s00521-023-08901-6,PERFEED,Received feedback,teacher,peer_reviewed_research,School/Teacher Level,School/Teacher: Practice
10.1007/s00521-023-08901-6,TEACHSUP,Teacher support in science,teacher,peer_reviewed_research,School/Teacher Level,School/Teacher: Practice
10.1186/s40536-025-00259-6,solution_strategy_class,Latent solution-strategy class,process_data,peer_reviewed_research,Student Level,Student: Process Data
10.1186/s40536-023-00155-x,economic,Economic,student_behavior,peer_reviewed_research,Student Level,Student: Attitudinal/Behavioral
10.1186/s40536-023-00155-x,social,social,student_behavior,peer_reviewed_research,Student Level,Student: Attitudinal/Behavioral
10.1186/s40536-023-00155-x,cultural_status,cultural status,student_behavior,peer_reviewed_research,Student Level,Student: Attitudinal/Behavioral
10.1186/s40536-023-00155-x,ST04Q01,Gender,demographic,peer_reviewed_research,Student Level,Student: Demographic
10.1186/s40536-023-00155-x,ST25Q01,Language at home,demographic,peer_reviewed_research,Student Level,Student: Demographic
10.1186/s40536-023-00155-x,IMMIG,Immigration background,demographic,peer_reviewed_research,Student Level,Student: Demographic
10.1186/s40536-023-00155-x,ict_resources,ICT resources,ict,peer_reviewed_research,Student Level,Student: Attitudinal/Behavioral
10.1186/s40536-023-00155-x,use_latent,use (latent),student_behavior,peer_reviewed_research,Student Level,Student: Attitudinal/Behavioral
10.1186/s40536-023-00155-x,ICTHOME,ICT availability at home,ict,peer_reviewed_research,Student Level,Student: Attitudinal/Behavioral
10.1186/s40536-023-00155-x,ICTSCH,ICT availability at school,ict,peer_reviewed_research,Student Level,Student: Attitudinal/Behavioral
10.1186/s40536-023-00155-x,HOMSCH,ICT use at home (school tasks),ict,peer_reviewed_research,Student Level,Student: Attitudinal/Behavioral
10.1186/s40536-023-00155-x,USEMATH,ICT use in math lessons,ict,peer_reviewed_research,Student Level,Student: Attitudinal/Behavioral
10.1186/s40536-023-00155-x,USESCH,ICT use at school,ict,peer_reviewed_research,Student Level,Student: Attitudinal/Behavioral
10.1186/s40536-023-00155-x,EXAPPLM,Experience with applied math,curriculum,peer_reviewed_research,School/Teacher Level,School/Teacher: Context
10.1186/s40536-023-00155-x,EXPUREM,Experience with pure math,curriculum,peer_reviewed_research,School/Teacher Level,School/Teacher: Context
10.3389/fpsyg.2023.1131019,preparation_time_PT,Preparation time (PT),process_data,peer_reviewed_research,Student Level,Student: Process Data
10.3389/fpsyg.2023.1131019,execution_time_ET,Execution time (ET),process_data,peer_reviewed_research,Student Level,Student: Process Data
10.3389/fpsyg.2023.1131019,mean_execution_time_MET,Mean execution time (MET),process_data,peer_reviewed_research,Student Level,Student: Process Data
10.1016/j.compedu.2024.105093,problem_solving_success_score,Problem-solving success score,prior_achievement,peer_reviewed_research,Student Level,Student: Prior Achievement
10.1016/j.compedu.2024.105093,age_years,Age,demographic,peer_reviewed_research,Student Level,Student: Demographic
10.1016/j.compedu.2024.105093,gender,Gender,demographic,peer_reviewed_research,Student Level,Student: Demographic
10.1016/j.compedu.2024.105093,time_window_minutes,Early window length,process_data,peer_reviewed_research,Student Level,Student: Process Data
10.1109/SISY56759.2022.10036295,ST29Q01,math attitudes,student_attitude,peer_reviewed_research,Student Level,Student: Attitudinal/Behavioral
10.1109/SISY56759.2022.10036295,ST28Q01,Books at home,socioeconomic,peer_reviewed_research,Student Level,Student: SES
10.1109/SISY56759.2022.10036295,MATHEFF,Mathematics efficacy,student_attitude,peer_reviewed_research,Student Level,Student: Attitudinal/Behavioral
10.1109/SISY56759.2022.10036295,ST57Q02,Guided homework study time,student_behavior,peer_reviewed_research,Student Level,Student: Attitudinal/Behavioral
10.1109/SISY56759.2022.10036295,ST57Q03,Personal tutor study time,student_behavior,peer_reviewed_research,Student Level,Student: Attitudinal/Behavioral
10.26822/iejee.2025.380,SRE,Self-reported effort (SRE),student_behavior,peer_reviewed_research,Student Level,Student: Attitudinal/Behavioral
10.26822/iejee.2025.380,RT,Response time (RT),process_data,peer_reviewed_research,Student Level,Student: Process Data
10.26822/iejee.2025.380,number_of_actions_na,Number of actions (NA),process_data,peer_reviewed_research,Student Level,Student: Process Data
10.26822/iejee.2025.380,RTE_5sec,Response-time effort (5 sec),process_data,peer_reviewed_research,Student Level,Student: Process Data
10.26822/iejee.2025.380,RTE_10p,Response-time effort (10p),process_data,peer_reviewed_research,Student Level,Student: Process Data
10.26822/iejee.2025.380,NA_10p,Action effort (10p),process_data,peer_reviewed_research,Student Level,Student: Process Data
10.26822/iejee.2025.380,Ach,Mathematics achievement (Ach),prior_achievement,peer_reviewed_research,Student Level,Student: Prior Achievement
10.26822/iejee.2025.380,gender,Gender,demographic,peer_reviewed_research,Student Level,Student: Demographic
10.3389/fpsyg.2022.1050435,time_start,Time to first action,process_data,peer_reviewed_research,Student Level,Student: Process Data
10.3389/fpsyg.2022.1050435,time_b1,Time on b1 decision,process_data,peer_reviewed_research,Student Level,Student: Process Data
10.3389/fpsyg.2022.1050435,time_b3,Time on b3 exploring,process_data,peer_reviewed_research,Student Level,Student: Process Data
10.3389/fpsyg.2022.1050435,time_irrelevant,Time on irrelevant sequences,process_data,peer_reviewed_research,Student Level,Student: Process Data
10.3389/fpsyg.2022.1050435,time_avg_btw_events,Average time between clicks,process_data,peer_reviewed_research,Student Level,Student: Process Data
10.3389/fpsyg.2022.1050435,time_b4,Time on b4 exploring,process_data,peer_reviewed_research,Student Level,Student: Process Data
10.3389/fpsyg.2022.1050435,length,Number of correct-answer sequences,process_data,peer_reviewed_research,Student Level,Student: Process Data
10.3389/fpsyg.2022.1050435,events_num,Number of logged events,process_data,peer_reviewed_research,Student Level,Student: Process Data
10.3389/fpsyg.2022.1050435,time_a,Time on a sequence,process_data,peer_reviewed_research,Student Level,Student: Process Data
10.3389/fpsyg.2022.1050435,time_b2,Time on b2 decision,process_data,peer_reviewed_research,Student Level,Student: Process Data
10.3389/fpsyg.2022.1050435,time_total,Total time on item,process_data,peer_reviewed_research,Student Level,Student: Process Data
10.3389/fpsyg.2022.1050435,time_solving,Time spent on solving actions,process_data,peer_reviewed_research,Student Level,Student: Process Data
10.3389/fpsyg.2022.1050435,time_answer,Time on answer-related sequences,process_data,peer_reviewed_research,Student Level,Student: Process Data
10.3389/fpsyg.2022.1050435,time_explore_relevant,Time exploring relevant sequences,process_data,peer_reviewed_research,Student Level,Student: Process Data
10.3389/fpsyg.2022.1050435,time_ticket_explore,Time exploring ticket numbers,process_data,peer_reviewed_research,Student Level,Student: Process Data
10.3389/fpsyg.2022.1050435,time_explore_total,Total time exploring before buy,process_data,peer_reviewed_research,Student Level,Student: Process Data
10.3389/fpsyg.2022.1050435,time_avg_explore,Average exploration time,process_data,peer_reviewed_research,Student Level,Student: Process Data
10.1371/journal.pone.0326121,ICTRES,ICT access (ICTRES),ict,peer_reviewed_research,Student Level,Student: Attitudinal/Behavioral
10.1371/journal.pone.0326121,CPERFORLAN,Foreign language lessons per week,curriculum,peer_reviewed_research,School/Teacher Level,School/Teacher: Context
10.1371/journal.pone.0326121,CPERWEEK,Total weekly teaching load,curriculum,peer_reviewed_research,School/Teacher Level,School/Teacher: Context
10.1371/journal.pone.0326121,METASPAM,Metacognition (credibility),student_behavior,peer_reviewed_research,Student Level,Student: Attitudinal/Behavioral
10.1371/journal.pone.0326121,ESCS,Economic social cultural status,socioeconomic,peer_reviewed_research,Student Level,Student: SES
10.1371/journal.pone.0326121,HISEI,Highest parental occupational status,socioeconomic,peer_reviewed_research,Student Level,Student: SES
10.1371/journal.pone.0326121,COMPETE,Academic competition (COMPETE),student_attitude,peer_reviewed_research,Student Level,Student: Attitudinal/Behavioral
10.1371/journal.pone.0326121,PISADIFF,Perceived PISA test difficulty,student_attitude,peer_reviewed_research,Student Level,Student: Attitudinal/Behavioral
10.1371/journal.pone.0326121,JOYREAD,Enjoyment/attitude toward reading,student_attitude,peer_reviewed_research,Student Level,Student: Attitudinal/Behavioral
10.1371/journal.pone.0326121,CPERMATH,Math lessons per week,curriculum,peer_reviewed_research,School/Teacher Level,School/Teacher: Context
10.1371/journal.pone.0326121,CPERSCI,Science lessons per week,curriculum,peer_reviewed_research,School/Teacher Level,School/Teacher: Context
10.1371/journal.pone.0326121,CPERMİN,Average lesson duration,curriculum,peer_reviewed_research,School/Teacher Level,School/Teacher: Context
10.1371/journal.pone.0326121,CPERLAN,Test-language lessons per week,curriculum,peer_reviewed_research,School/Teacher Level,School/Teacher: Context
10.1186/s40536-023-00185-5,C100Q01T,Response time (Part 1),process_data,peer_reviewed_research,Student Level,Student: Process Data
10.1186/s40536-023-00185-5,C100Q02T,Response time (Part 2),process_data,peer_reviewed_research,Student Level,Student: Process Data
10.1186/s40536-023-00185-5,C100Q03T,Response time (Part 3),process_data,peer_reviewed_research,Student Level,Student: Process Data
10.1186/s40536-023-00185-5,C100Q04T,Response time (Part 4),process_data,peer_reviewed_research,Student Level,Student: Process Data
10.1186/s40536-023-00185-5,C100Q01A,Actions (Part 1),process_data,peer_reviewed_research,Student Level,Student: Process Data
10.1186/s40536-023-00185-5,C100Q02A,Actions (Part 2),process_data,peer_reviewed_research,Student Level,Student: Process Data
10.1186/s40536-023-00185-5,C100Q03A,Actions (Part 3),process_data,peer_reviewed_research,Student Level,Student: Process Data
10.1186/s40536-023-00185-5,C100Q04A,Actions (Part 4),process_data,peer_reviewed_research,Student Level,Student: Process Data
10.1109/SISY52375.2021.9582522,ST29Q01-ST46Q09,Math attitudes,student_attitude,peer_reviewed_research,Student Level,Student: Attitudinal/Behavioral
10.1109/SISY52375.2021.9582522,ST48Q01-ST48Q05,Math intentions,student_attitude,peer_reviewed_research,Student Level,Student: Attitudinal/Behavioral
10.1109/SISY52375.2021.9582522,ST49Q01-ST49Q09,Math behavior,student_behavior,peer_reviewed_research,Student Level,Student: Attitudinal/Behavioral
10.1109/SISY52375.2021.9582522,ST55Q01-ST57Q06,Math out-of-school lessons,student_behavior,peer_reviewed_research,Student Level,Student: Attitudinal/Behavioral
10.1109/SISY52375.2021.9582522,ST61Q01-ST61Q09,Math experience,student_behavior,peer_reviewed_research,Student Level,Student: Attitudinal/Behavioral
10.1109/SISY52375.2021.9582522,ST62Q01-ST62Q19,Math concepts familiarity,student_behavior,peer_reviewed_research,Student Level,Student: Attitudinal/Behavioral
10.1109/SISY52375.2021.9582522,ST26Q07,Possessions - literature,socioeconomic,peer_reviewed_research,Student Level,Student: SES
10.1109/SISY52375.2021.9582522,ST28Q01,Books at home,socioeconomic,peer_reviewed_research,Student Level,Student: SES
10.1109/SISY52375.2021.9582522,MATHEFF,Mathematics efficacy,student_attitude,peer_reviewed_research,Student Level,Student: Attitudinal/Behavioral
10.1109/SISY52375.2021.9582522,ST57Q02,Out-of-school study time guided,student_behavior,peer_reviewed_research,Student Level,Student: Attitudinal/Behavioral
10.1109/SISY52375.2021.9582522,ST57Q03,Out-of-school study time tutor,student_behavior,peer_reviewed_research,Student Level,Student: Attitudinal/Behavioral
10.1111/emip.12640,home_language_ml_status,Home language (ML vs non-ML),demographic,peer_reviewed_research,Student Level,Student: Demographic
10.1080/00273171.2022.2157788,a1,Attribute 1: literal meaning,curriculum,peer_reviewed_research,School/Teacher Level,School/Teacher: Context
10.1080/00273171.2022.2157788,attribute_2_content,Attribute 2: content,student_behavior,peer_reviewed_research,Student Level,Student: Attitudinal/Behavioral
10.1080/00273171.2022.2157788,form,form,student_behavior,peer_reviewed_research,Student Level,Student: Attitudinal/Behavioral
10.1080/00273171.2022.2157788,a3,Attribute 3: conflict handling,curriculum,peer_reviewed_research,School/Teacher Level,School/Teacher: Context
10.1080/00273171.2022.2157788,attribute_4_access,Attribute 4: access,student_behavior,peer_reviewed_research,Student Level,Student: Attitudinal/Behavioral
10.1080/00273171.2022.2157788,retrieval,retrieval,student_behavior,peer_reviewed_research,Student Level,Student: Attitudinal/Behavioral
10.1080/00273171.2022.2157788,response_accuracy,Item response accuracy,prior_achievement,peer_reviewed_research,Student Level,Student: Prior Achievement
10.1080/00273171.2022.2157788,response_time,Response time (RT),process_data,peer_reviewed_research,Student Level,Student: Process Data
10.1080/00273171.2022.2157788,number_of_actions,Number of actions (trace),process_data,peer_reviewed_research,Student Level,Student: Process Data
10.17583/ijep.8924,gender,gender,demographic,peer_reviewed_research,Student Level,Student: Demographic
10.17583/ijep.8924,ESCS,Index of ESCS,socioeconomic,peer_reviewed_research,Student Level,Student: SES
10.17583/ijep.8924,ISEI_father,ISEI of father,socioeconomic,peer_reviewed_research,Student Level,Student: SES
10.17583/ijep.8924,family_wealth,Family wealth,socioeconomic,peer_reviewed_research,Student Level,Student: SES
10.17583/ijep.8924,grade_repetition,Grade repetition,demographic,peer_reviewed_research,Student Level,Student: Demographic
10.17583/ijep.8924,joy_like_reading,Joy/like reading,student_attitude,peer_reviewed_research,Student Level,Student: Attitudinal/Behavioral
10.17583/ijep.8924,ISCED_5A_6_expectation,Expectation ISCED 5A or 6,student_attitude,peer_reviewed_research,Student Level,Student: Attitudinal/Behavioral
10.17583/ijep.8924,expected_occupational_status,Expected occupational status,student_attitude,peer_reviewed_research,Student Level,Student: Attitudinal/Behavioral
10.17583/ijep.8924,reading_self_concept_competence,Reading self-concept: competence,student_attitude,peer_reviewed_research,Student Level,Student: Attitudinal/Behavioral
10.17583/ijep.8924,reading_self_concept_difficulty,Reading self-concept: difficulty,student_attitude,peer_reviewed_research,Student Level,Student: Attitudinal/Behavioral
10.17583/ijep.8924,pisa_test_difficulty_perception,Perceived difficulty of PISA test,student_attitude,peer_reviewed_research,Student Level,Student: Attitudinal/Behavioral
10.17583/ijep.8924,test_effort_put_into,Effort put into test,student_behavior,peer_reviewed_research,Student Level,Student: Attitudinal/Behavioral
10.17583/ijep.8924,test_effort_invested,Effort invested in test,student_behavior,peer_reviewed_research,Student Level,Student: Attitudinal/Behavioral
10.17583/ijep.8924,feeling_afraid,Feeling: afraid,student_attitude,peer_reviewed_research,Student Level,Student: Attitudinal/Behavioral
10.17583/ijep.8924,feeling_scared,Feeling: scared,student_attitude,peer_reviewed_research,Student Level,Student: Attitudinal/Behavioral
10.17583/ijep.8924,feeling_lively,Feeling: lively,student_attitude,peer_reviewed_research,Student Level,Student: Attitudinal/Behavioral
10.17583/ijep.8924,feeling_sad,Feeling: sad,student_attitude,peer_reviewed_research,Student Level,Student: Attitudinal/Behavioral
10.17583/ijep.8924,feeling_proud,Feeling: proud,student_attitude,peer_reviewed_research,Student Level,Student: Attitudinal/Behavioral
10.17583/ijep.8924,feeling_miserable,Feeling: miserable,student_attitude,peer_reviewed_research,Student Level,Student: Attitudinal/Behavioral
10.17583/ijep.8924,positive_affect,Positive affect,student_attitude,peer_reviewed_research,Student Level,Student: Attitudinal/Behavioral
10.17583/ijep.8924,mastery_goal_orientation,Mastery goal orientation,student_attitude,peer_reviewed_research,Student Level,Student: Attitudinal/Behavioral
10.17583/ijep.8924,general_fear_of_failure,General fear of failure,student_attitude,peer_reviewed_research,Student Level,Student: Attitudinal/Behavioral
10.17583/ijep.8924,meaning_in_life,Meaning in life,student_attitude,peer_reviewed_research,Student Level,Student: Attitudinal/Behavioral
10.17583/ijep.8924,resilience,Resilience,student_attitude,peer_reviewed_research,Student Level,Student: Attitudinal/Behavioral
10.17583/ijep.8924,fixed_mindset,Fixed mindset,student_attitude,peer_reviewed_research,Student Level,Student: Attitudinal/Behavioral
10.17583/ijep.8924,interest_in_ICT,Interest in ICT,ict,peer_reviewed_research,Student Level,Student: Attitudinal/Behavioral
10.17583/ijep.8924,ICT_resources,ICT resources,ict,peer_reviewed_research,Student Level,Student: Attitudinal/Behavioral
10.17583/ijep.8924,perceived_ICT_competence,Perceived ICT competence,ict,peer_reviewed_research,Student Level,Student: Attitudinal/Behavioral
10.17583/ijep.8924,perceived_autonomy_ICT_use,Perceived autonomy in ICT use,ict,peer_reviewed_research,Student Level,Student: Attitudinal/Behavioral
10.17583/ijep.8924,ICT_outside_school_schoolwork,ICT outside school for schoolwork,ict,peer_reviewed_research,Student Level,Student: Attitudinal/Behavioral
10.17583/ijep.8924,ICT_available_at_home,ICT available at home,ict,peer_reviewed_research,Student Level,Student: Attitudinal/Behavioral
10.17583/ijep.8924,ICT_available_at_school,ICT available at school,ict,peer_reviewed_research,Student Level,Student: Attitudinal/Behavioral
10.17583/ijep.8924,ICT_usage_at_school,ICT usage at school,ict,peer_reviewed_research,Student Level,Student: Attitudinal/Behavioral
10.17583/ijep.8924,ICT_outside_school_leisure,ICT outside school for leisure,ict,peer_reviewed_research,Student Level,Student: Attitudinal/Behavioral
10.17583/ijep.8924,parents_emotional_support,Parents' emotional support,parent_home,peer_reviewed_research,Student Level,Student: SES
10.17583/ijep.8924,teacher_directed_instruction,Teacher-directed instruction,teacher,peer_reviewed_research,School/Teacher Level,School/Teacher: Practice
10.17583/ijep.8924,teacher_support_test_language_lessons,Teacher support in test lessons,teacher,peer_reviewed_research,School/Teacher Level,School/Teacher: Practice
10.17583/ijep.8924,perceived_feedback,Perceived feedback,teacher,peer_reviewed_research,School/Teacher Level,School/Teacher: Practice
10.17583/ijep.8924,disciplinary_climate_test_language_lessons,Disciplinary climate in lessons,teacher,peer_reviewed_research,School/Teacher Level,School/Teacher: Practice
10.17583/ijep.8924,text_length_test_language_lessons,Text length in test lessons,curriculum,peer_reviewed_research,School/Teacher Level,School/Teacher: Context
10.17583/ijep.8924,sense_of_belonging_to_school,Sense of belonging to school,student_attitude,peer_reviewed_research,Student Level,Student: Attitudinal/Behavioral
10.17583/ijep.8924,perception_of_cooperation_at_school,Perception of cooperation at school,peer_effects,peer_reviewed_research,School/Teacher Level,School/Teacher: Context
10.17583/ijep.8924,attitude_toward_school_learning_activities,Attitude toward learning activities,student_attitude,peer_reviewed_research,Student Level,Student: Attitudinal/Behavioral
10.17583/ijep.8924,teacher_related_text_length_lessons,Teacher-related text length,teacher,peer_reviewed_research,School/Teacher Level,School/Teacher: Practice
10.17583/ijep.8924,student_behavior_hindering_learning,Behavior hindering learning,school,peer_reviewed_research,School/Teacher Level,School/Teacher: Context
10.17583/ijep.8924,computers_per_student_modal_grade,Computers per student (modal grade),school,peer_reviewed_research,School/Teacher Level,School/Teacher: Context
10.17583/ijep.8924,pct_socioeconomically_disadvantaged_homes,Pct disadvantaged homes,school,peer_reviewed_research,School/Teacher Level,School/Teacher: Context
10.17583/ijep.8924,UNDREM,"Metacognition (understanding, remembering)",student_behavior,peer_reviewed_research,Student Level,Student: Attitudinal/Behavioral
10.1177/00131644241298975,FIRST_TIMING,Initial action timing,process_data,peer_reviewed_research,Student Level,Student: Process Data
10.1177/00131644241298975,RT,Item response time (RT),process_data,peer_reviewed_research,Student Level,Student: Process Data
10.1177/00131644241298975,density,Action-sequence density,process_data,peer_reviewed_research,Student Level,Student: Process Data
10.1177/00131644241298975,betweenness_centrality,Betweenness centrality,process_data,peer_reviewed_research,Student Level,Student: Process Data
10.1177/00131644241298975,number_of_nodes,Number of response nodes,process_data,peer_reviewed_research,Student Level,Student: Process Data
10.1177/00131644241298975,item_response_scores,Item response scores,prior_achievement,peer_reviewed_research,Student Level,Student: Prior Achievement
10.1177/00131644241298975,gender,Gender (women vs men),demographic,peer_reviewed_research,Student Level,Student: Demographic
10.1177/00131644241298975,experience_chart_preparation,Chart/graph/table work experience,student_behavior,peer_reviewed_research,Student Level,Student: Attitudinal/Behavioral
10.1007/s10639-023-12389-x,process_data,Problem-solving action sequence,process_data,peer_reviewed_research,Student Level,Student: Process Data
10.1007/s10639-023-12389-x,process_data_time,Time durations in actions,process_data,peer_reviewed_research,Student Level,Student: Process Data
10.1007/s10639-023-12389-x,skill_id,Latent skill model (KC),process_data,peer_reviewed_research,Student Level,Student: Process Data
10.1177/00131644221117193,cheating_flag,Cheating status (flagged),student_behavior,peer_reviewed_research,Student Level,Student: Attitudinal/Behavioral
10.1177/00131644221117193,iraw,Item response scores,curriculum,peer_reviewed_research,School/Teacher Level,School/Teacher: Context
10.1177/00131644221117193,idur,Item response time,process_data,peer_reviewed_research,Student Level,Student: Process Data
10.1177/00131644221117193,OEF,Other effective features (OEF),process_data,peer_reviewed_research,Student Level,Student: Process Data
10.1177/00131644221117193,resampling_method,Resampling method,student_behavior,peer_reviewed_research,Student Level,Student: Attitudinal/Behavioral
10.1177/00131644221117193,resampling_ratio,Non-cheater:cheater ratio,student_behavior,peer_reviewed_research,Student Level,Student: Attitudinal/Behavioral
