doi,dataset_used,target_variable,top_predictors,performance_metrics,standardized_conclusion,source_category,effect_size,primary_finding,target_domain,target_dimension,predictor_filter_categories
10.5281/zenodo.16778072,TIMSS,Literature synthesis outcome (not student-level prediction),,Best model: LASSO (see outcome_summary for metrics),"Using TIMSS the study leveraged the reported predictors to predict Literature synthesis outcome (not student-level prediction), finding that This paper does not estimate educational achievement effects on student-level outcomes; instead, it constructs an extended cross-country educational quality dataset from 1970–2023 by harmonizing mathematics and science test scores from TIMSS and PISA (plus earlier IEA/IAEP studies) onto the TIMSS 1995 metric (mean 500, SD 100). It anchors PISA to the TIMSS scale using equi-percentile linking and then averages mathematics and science to form a single harmonized achievement measure. Missing country-year observations (581 out of 1212; 48%) are filled using two approaches: linear interpolation/extrapolation (Tscore_INT) and a supervised LASSO regression imputation (Tscore_ML) trained on 80% of the data with 20% validation and grid search with tenfold cross-validation to minimize RMSE. The LASSO model reports RMSE of 17.5 and R² of 0.912 (and an out-of-sample RMSE of 15.7 and R² of 0.905), and the two imputation methods show high agreement (correlation 0.967). The working-age educational quality index Q is then computed using population-weighted aggregation across age cohorts with an assumed return parameter derived from wage-return estimates. This indicates that these patterns have implications for educational policy and instructional practice, though cross-sectional ILSA designs cannot establish causality.",methodology_paper,Best model: LASSO (see outcome_summary for metrics),"Using TIMSS the study leveraged the reported predictors to predict Literature synthesis outcome (not student-level prediction), finding that This paper does not estimate educational achievement effects on student-level outcomes; instead, it constructs an extended cross-country educational quality dataset from 1970–2023 by harmonizing mathematics and science test scores from TIMSS and PISA (plus earlier IEA/IAEP studies) onto the TIMSS 1995 metric (mean 500, SD 100). It anchors PISA to the TIMSS scale using equi-percentile linking and then averages mathematics and science to form a single harmonized achievement measure. Missing country-year observations (581 out of 1212; 48%) are filled using two approaches: linear interpolation/extrapolation (Tscore_INT) and a supervised LASSO regression imputation (Tscore_ML) trained on 80% of the data with 20% validation and grid search with tenfold cross-validation to minimize RMSE. The LASSO model reports RMSE of 17.5 and R² of 0.912 (and an out-of-sample RMSE of 15.7 and R² of 0.905), and the two imputation methods show high agreement (correlation 0.967). The working-age educational quality index Q is then computed using population-weighted aggregation across age cohorts with an assumed return parameter derived from wage-return estimates. This indicates that these patterns have implications for educational policy and instructional practice, though cross-sectional ILSA designs cannot establish causality.",Other / Unspecified,Other,
10.21031/epod.1525454,PISA 2018 (Lebanon) Intercultural communicative awareness (Awacom) items,Item3 response (Awacom),"Item1 intercultural awareness, Item2 intercultural awareness, Item4 intercultural awareness, Item5 intercultural awareness, Item6 intercultural awareness","Best ANN model (Model1) selected by RMSE closeness across all/train/test: RMSE All=.619, Train=.618, Test=.623. Similarity between predicted vs actual Item3: Match ratio=.63; marginal homogeneity test p>.05; Kappa=.42 (moderate). Construct validity/reliability: for predicted subset RMSEA=.106, CFI=.965, TLI=.948, R-square=.983, Loading=.992, Alpha=.903 (vs actual subset RMSEA=.081, CFI=.972, TLI=.959, R-square=.613, Loading=.783, Alpha=.891).","Using PISA 2018 (Lebanon) Awacom item the study leveraged Item1, Item2, Item4, Item5, and Item6 responses to predict Item3 responses, finding that predicted and actual Item3 responses overlapped at a moderate level (Kappa=.42; match ratio=.63) while CFA fit indices were only partially weakened. This indicates that ANN-based response prediction within the same affective latent construct can preserve measurement structure and slightly improve reliability, suggesting potential for data augmentation or missing-item recovery in intercultural awareness scales, though the study does not establish causal effects and uses listwise deletion for missing/extreme values.",peer_reviewed_research,"Best ANN model (Model1) selected by RMSE closeness across all/train/test: RMSE All=.619, Train=.618, Test=.623. Similarity between predicted vs actual Item3: Match ratio=.63; marginal homogeneity test p>.05; Kappa=.42 (moderate). Construct validity/reliability: for predicted subset RMSEA=.106, CFI=.965, TLI=.948, R-square=.983, Loading=.992, Alpha=.903 (vs actual subset RMSEA=.081, CFI=.972, TLI=.959, R-square=.613, Loading=.783, Alpha=.891).","Using PISA 2018 (Lebanon) Awacom item the study leveraged Item1, Item2, Item4, Item5, and Item6 responses to predict Item3 responses, finding that predicted and actual Item3 responses overlapped at a moderate level (Kappa=.42; match ratio=.63) while CFA fit indices were only partially weakened. This indicates that ANN-based response prediction within the same affective latent construct can preserve measurement structure and slightly improve reliability, suggesting potential for data augmentation or missing-item recovery in intercultural awareness scales, though the study does not establish causal effects and uses listwise deletion for missing/extreme values.",Other / Unspecified,Other,Student: Attitudinal/Behavioral
10.21031/epod.1525454,PISA 2018 (Lebanon) Intercultural communicative awareness (Awacom) items,Item7 response (Awacom),"Item1 intercultural awareness, Item2 intercultural awareness, Item4 intercultural awareness, Item5 intercultural awareness, Item6 intercultural awareness","Best ANN model (ModelB) selected by smallest/closest RMSE across all/train/test: RMSE All=.708, Train=.695, Test=.734. Similarity between predicted vs actual Item7: Match ratio=.58; marginal homogeneity test p>.05; Kappa=.37 (low). Construct validity/reliability: for predicted subset RMSEA=.111, CFI=.963, TLI=.944, R-square=.942, Loading=.970, Alpha=.909 (vs actual subset RMSEA=.081, CFI=.972, TLI=.959, R-square=.489, Loading=.700, Alpha=.891).","Using PISA 2018 (Lebanon) Awacom item the study leveraged Item1, Item2, Item4, Item5, and Item6 responses to predict Item7 responses, finding that overlap with actual Item7 responses was moderate-to-low (Kappa=.37; match ratio=.58) and that model fit indices were partially weakened but remained strong. This indicates that ANN prediction is less accurate for Item7 specifically (consistent with non-linear sensitivity patterns), yet predicted items can still improve factor loadings/variance explained and reliability, suggesting targeted support for scale scoring where some items are harder to predict.",peer_reviewed_research,"Best ANN model (ModelB) selected by smallest/closest RMSE across all/train/test: RMSE All=.708, Train=.695, Test=.734. Similarity between predicted vs actual Item7: Match ratio=.58; marginal homogeneity test p>.05; Kappa=.37 (low). Construct validity/reliability: for predicted subset RMSEA=.111, CFI=.963, TLI=.944, R-square=.942, Loading=.970, Alpha=.909 (vs actual subset RMSEA=.081, CFI=.972, TLI=.959, R-square=.489, Loading=.700, Alpha=.891).","Using PISA 2018 (Lebanon) Awacom item the study leveraged Item1, Item2, Item4, Item5, and Item6 responses to predict Item7 responses, finding that overlap with actual Item7 responses was moderate-to-low (Kappa=.37; match ratio=.58) and that model fit indices were partially weakened but remained strong. This indicates that ANN prediction is less accurate for Item7 specifically (consistent with non-linear sensitivity patterns), yet predicted items can still improve factor loadings/variance explained and reliability, suggesting targeted support for scale scoring where some items are harder to predict.",Other / Unspecified,Other,Student: Attitudinal/Behavioral
10.1007/s11336-020-09743-0,PIAAC 2012 PSTRE (US) Item U01a process data,Dominant response processes (clique structure from action patterns),"Age, PSTRE plausible values","Not reported (graph-based clustering outputs: number of edges deleted and number of cliques; no predictive accuracy metric). Action-based similarity: 15,385 edges with 60.57% deleted; modified time-related similarity: 4,577 edges with 70.48% deleted; original similarity: 1,006 edges with 73.06% deleted. Edited graphs yield 30, 73, and 140 cliques (action-based, modified, original).","Using PIAAC 2012 PSTRE (US) Item U01a process data, the study leveraged Age and PSTRE plausible values as external covariates to interpret the discovered dominant response processes, finding that incorporating action-level times into the action-pattern similarity substantially increased edge deletions and produced more, smaller, and more differentiated cliques than action-only similarity. This indicates that fine-grained timing information can improve the granularity and interpretability of response-process typologies for interactive assessment design, though the clustering is exploratory and not a supervised predictive model.",peer_reviewed_research,"Not reported (graph-based clustering outputs: number of edges deleted and number of cliques; no predictive accuracy metric). Action-based similarity: 15,385 edges with 60.57% deleted; modified time-related similarity: 4,577 edges with 70.48% deleted; original similarity: 1,006 edges with 73.06% deleted. Edited graphs yield 30, 73, and 140 cliques (action-based, modified, original).","Using PIAAC 2012 PSTRE (US) Item U01a process data, the study leveraged Age and PSTRE plausible values as external covariates to interpret the discovered dominant response processes, finding that incorporating action-level times into the action-pattern similarity substantially increased edge deletions and produced more, smaller, and more differentiated cliques than action-only similarity. This indicates that fine-grained timing information can improve the granularity and interpretability of response-process typologies for interactive assessment design, though the clustering is exploratory and not a supervised predictive model.",Other / Unspecified,Other,Student: Demographic; Student: Attitudinal/Behavioral
10.1007/s11336-020-09743-0,PIAAC 2012 PSTRE (US) Item U01a process data,PSTRE performance differentiation across response-process cliques,"Age, PSTRE plausible values","Not reported as a single model metric; reported descriptive PV summaries by clique. The paper states: action-only dominant processes were not predictive of proficiency levels, while within-strategy groups, lower time on the most common LCS tended to correspond to higher PSTRE PVs; age showed a similar pattern (older examinees typically required more time on the most common LCS, and Clique 4b had the highest mean age and highest median time on the most common LCS).","Using PIAAC 2012 PSTRE (US) Item U01a process data, the study leveraged Age and PSTRE plausible values to examine whether the discovered response-process cliques carry information about proficiency, finding that action-only dominant strategies did not predict PSTRE proficiency levels but that adding action-level timing supported further differentiation within strategies. This indicates that assessment analytics should incorporate action-level timing (not just action types or total time) when using process data to support validity arguments about proficiency-related response processes, while causality cannot be inferred from these descriptive associations.",peer_reviewed_research,"Not reported as a single model metric; reported descriptive PV summaries by clique. The paper states: action-only dominant processes were not predictive of proficiency levels, while within-strategy groups, lower time on the most common LCS tended to correspond to higher PSTRE PVs; age showed a similar pattern (older examinees typically required more time on the most common LCS, and Clique 4b had the highest mean age and highest median time on the most common LCS).","Using PIAAC 2012 PSTRE (US) Item U01a process data, the study leveraged Age and PSTRE plausible values to examine whether the discovered response-process cliques carry information about proficiency, finding that action-only dominant strategies did not predict PSTRE proficiency levels but that adding action-level timing supported further differentiation within strategies. This indicates that assessment analytics should incorporate action-level timing (not just action types or total time) when using process data to support validity arguments about proficiency-related response processes, while causality cannot be inferred from these descriptive associations.",Composite / Multi-Domain,Cognitive Achievement,Student: Demographic; Student: Attitudinal/Behavioral
10.1111/bmsp.12203,PIAAC 2012 PSTRE process data (14 items; respondent–item level),Binary item outcome (fully corrected vs not),"Attentiveness feature, Sequence length (log)",Derived-variable reconstruction: prediction accuracy > 0.80 for all 93 derived variables; 75/93 variables accuracy > 0.90; 35 variables accuracy > 0.975. Cross-item outcome prediction: process-model improves prediction accuracy over baseline model for many item pairs (exact aggregate metric not reported).,"Using PIAAC 2012 PSTRE process data (14 items) the study leveraged autoencoder-derived process features—especially attentiveness-related and sequence-length-related features—to predict binary item outcomes and other derived process indicators, finding that process features reconstruct derived variables with high accuracy (all >0.80; 75 >0.90; 35 >0.975). This indicates that response-process information can substantially improve the prediction of item correctness beyond using final outcomes alone, suggesting that assessment analytics and scoring models could incorporate process-derived latent features to better diagnose performance and error patterns, though the paper does not report survey-weighted inference or a missing-data strategy.",peer_reviewed_research,Derived-variable reconstruction: prediction accuracy > 0.80 for all 93 derived variables; 75/93 variables accuracy > 0.90; 35 variables accuracy > 0.975. Cross-item outcome prediction: process-model improves prediction accuracy over baseline model for many item pairs (exact aggregate metric not reported).,"Using PIAAC 2012 PSTRE process data (14 items) the study leveraged autoencoder-derived process features—especially attentiveness-related and sequence-length-related features—to predict binary item outcomes and other derived process indicators, finding that process features reconstruct derived variables with high accuracy (all >0.80; 75 >0.90; 35 >0.975). This indicates that response-process information can substantially improve the prediction of item correctness beyond using final outcomes alone, suggesting that assessment analytics and scoring models could incorporate process-derived latent features to better diagnose performance and error patterns, though the paper does not report survey-weighted inference or a missing-data strategy.",Other / Unspecified,Other,Student: Attitudinal/Behavioral; Student: Process Data
10.1111/bmsp.12203,PIAAC 2012 PSTRE process data (14 items; respondent–item level),Literacy score prediction (continuous),"Attentiveness feature, Sequence length (log)",Out-of-sample R2 (OSR2): process model produces higher OSR2 than baseline for literacy across item-pairing experiments; exact OSR2 values not numerically tabulated in the excerpt. Process model based on fewer items can match baseline performance: number of items needed for similar OSR2 to baseline with all 14 items is 5 for literacy.,"Using PIAAC 2012 PSTRE process data the study leveraged autoencoder-derived process features to predict literacy scores, finding that the process model yields consistently higher out-of-sample R2 than the baseline model using only final outcomes and that only 5 items’ process features are needed to reach roughly the baseline OSR2 achieved with all 14 items. This indicates that process-aware feature extraction can improve efficiency and predictive validity when estimating broader competencies from limited item information, though the study’s predictive gains may be sensitive to unreported PV/score scaling details and the lack of documented complex-survey weighting.",peer_reviewed_research,Out-of-sample R2 (OSR2): process model produces higher OSR2 than baseline for literacy across item-pairing experiments; exact OSR2 values not numerically tabulated in the excerpt. Process model based on fewer items can match baseline performance: number of items needed for similar OSR2 to baseline with all 14 items is 5 for literacy.,"Using PIAAC 2012 PSTRE process data the study leveraged autoencoder-derived process features to predict literacy scores, finding that the process model yields consistently higher out-of-sample R2 than the baseline model using only final outcomes and that only 5 items’ process features are needed to reach roughly the baseline OSR2 achieved with all 14 items. This indicates that process-aware feature extraction can improve efficiency and predictive validity when estimating broader competencies from limited item information, though the study’s predictive gains may be sensitive to unreported PV/score scaling details and the lack of documented complex-survey weighting.",Composite / Multi-Domain,Cognitive Achievement,Student: Attitudinal/Behavioral; Student: Process Data
10.1111/bmsp.12203,PIAAC 2012 PSTRE process data (14 items; respondent–item level),Numeracy score prediction (continuous),"Attentiveness feature, Sequence length (log)",Out-of-sample R2 (OSR2): process model produces higher OSR2 than baseline for numeracy across item-pairing experiments; exact OSR2 values not numerically tabulated in the excerpt. Number of items needed for similar OSR2 to baseline with all 14 items is 8 for numeracy.,"Using PIAAC 2012 PSTRE process data the study leveraged autoencoder-derived process features to predict numeracy scores, finding that process features improve out-of-sample R2 relative to baseline models and that approximately 8 items’ process information can achieve OSR2 comparable to the baseline using all 14 items. This indicates that incorporating latent process representations can strengthen competency estimation from interactive tasks, supporting the use of process data in adaptive reporting or diagnostic analytics, while causality cannot be inferred and the paper does not document how missingness in background/score variables was handled.",peer_reviewed_research,Out-of-sample R2 (OSR2): process model produces higher OSR2 than baseline for numeracy across item-pairing experiments; exact OSR2 values not numerically tabulated in the excerpt. Number of items needed for similar OSR2 to baseline with all 14 items is 8 for numeracy.,"Using PIAAC 2012 PSTRE process data the study leveraged autoencoder-derived process features to predict numeracy scores, finding that process features improve out-of-sample R2 relative to baseline models and that approximately 8 items’ process information can achieve OSR2 comparable to the baseline using all 14 items. This indicates that incorporating latent process representations can strengthen competency estimation from interactive tasks, supporting the use of process data in adaptive reporting or diagnostic analytics, while causality cannot be inferred and the paper does not document how missingness in background/score variables was handled.",Mathematics,Cognitive Achievement,Student: Attitudinal/Behavioral; Student: Process Data
10.1111/bmsp.12203,PIAAC 2012 PSTRE process data (14 items; subset with all 14 items),Gender prediction (binary classification),"Attentiveness feature, Sequence length (log)",Baseline gender prediction accuracy: 0.55 (only 0.02 above female proportion in test set). Process model accuracy: up to 0.63 (almost always higher than baseline).,"Using PIAAC 2012 PSTRE process data restricted to respondents who answered all 14 items, the study leveraged autoencoder-derived process features to predict gender, finding that baseline accuracy was 0.55 while the process model achieved up to 0.63 and was consistently higher than baseline. This indicates that final outcomes may mask systematic differences in how groups interact with technology-rich tasks, suggesting that process-informed analytics could support fairness monitoring and targeted instructional support, though the study does not report survey-weighted estimation and uses predictive performance rather than causal identification.",peer_reviewed_research,Baseline gender prediction accuracy: 0.55 (only 0.02 above female proportion in test set). Process model accuracy: up to 0.63 (almost always higher than baseline).,"Using PIAAC 2012 PSTRE process data restricted to respondents who answered all 14 items, the study leveraged autoencoder-derived process features to predict gender, finding that baseline accuracy was 0.55 while the process model achieved up to 0.63 and was consistently higher than baseline. This indicates that final outcomes may mask systematic differences in how groups interact with technology-rich tasks, suggesting that process-informed analytics could support fairness monitoring and targeted instructional support, though the study does not report survey-weighted estimation and uses predictive performance rather than causal identification.",Other / Unspecified,Other,Student: Attitudinal/Behavioral; Student: Process Data
10.1111/bmsp.12203,PIAAC 2012 PSTRE process data (14 items; subset with all 14 items),Age prediction (continuous),"Attentiveness feature, Sequence length (log)",Out-of-sample R2 (OSR2): baseline model OSR2 barely improves with more items; process model OSR2 increases with more items and is about twice as high as baseline when all 14 items are included. Exact OSR2 values not numerically tabulated in the excerpt.,"Using PIAAC 2012 PSTRE process data restricted to respondents who answered all 14 items, the study leveraged autoencoder-derived process features to predict age, finding that process-based models substantially outperform outcome-only baselines (about twice the OSR2 when all 14 items are included). This indicates that response-process representations capture age-related differences in interaction strategies (e.g., menu navigation vs drag-and-drop), implying that assessment interpretation and accessibility design could benefit from process-aware diagnostics, while the paper does not provide a documented missing-data and weighting strategy.",peer_reviewed_research,Out-of-sample R2 (OSR2): baseline model OSR2 barely improves with more items; process model OSR2 increases with more items and is about twice as high as baseline when all 14 items are included. Exact OSR2 values not numerically tabulated in the excerpt.,"Using PIAAC 2012 PSTRE process data restricted to respondents who answered all 14 items, the study leveraged autoencoder-derived process features to predict age, finding that process-based models substantially outperform outcome-only baselines (about twice the OSR2 when all 14 items are included). This indicates that response-process representations capture age-related differences in interaction strategies (e.g., menu navigation vs drag-and-drop), implying that assessment interpretation and accessibility design could benefit from process-aware diagnostics, while the paper does not provide a documented missing-data and weighting strategy.",Other / Unspecified,Other,Student: Attitudinal/Behavioral; Student: Process Data
10.3389/fpsyg.2021.579128,PISA 2012 Computer-Based Mathematics (digital math items; 10 released log-file items),Student ability estimates precision (EAP reliability; average SE),"Response accuracy (graded responses), Time-on-task (response times), Country/economy","Model fit: GRM SRMR=0.036; RMSEA=0.050. EAP reliability: M1=0.73, M2=0.77, M3=0.80. Average SE: M1=0.51, M2=0.49, M3=0.45. Reported precision gains: many countries show increases in EAP reliability at or above 0.05 for M2 vs M1; additional gains for M3 vs M2 generally 0.02–0.03.","Using PISA 2012 Computer-Based Mathematics the study leveraged response accuracy, time-on-task (response times), and country-level heterogeneity to estimate student ability precision, finding that adding response-time information increased EAP reliability and reduced average standard errors versus response-accuracy-only modeling. This indicates that incorporating time-on-task variables into the measurement model can improve the precision of operational proficiency estimates, though the study is measurement-model based (not causal) and does not report survey-weighted estimation.",peer_reviewed_research,"Model fit: GRM SRMR=0.036; RMSEA=0.050. EAP reliability: M1=0.73, M2=0.77, M3=0.80. Average SE: M1=0.51, M2=0.49, M3=0.45. Reported precision gains: many countries show increases in EAP reliability at or above 0.05 for M2 vs M1; additional gains for M3 vs M2 generally 0.02–0.03.","Using PISA 2012 Computer-Based Mathematics the study leveraged response accuracy, time-on-task (response times), and country-level heterogeneity to estimate student ability precision, finding that adding response-time information increased EAP reliability and reduced average standard errors versus response-accuracy-only modeling. This indicates that incorporating time-on-task variables into the measurement model can improve the precision of operational proficiency estimates, though the study is measurement-model based (not causal) and does not report survey-weighted estimation.",Other / Unspecified,Other,Student: SES; Student: Attitudinal/Behavioral; System: Policy/Context
10.3389/fpsyg.2021.579128,PISA 2012 Computer-Based Mathematics (time-on-task measurement model across items and countries),Time-on-task parameter invariance across countries (measurement invariance level),"Time-on-task (response times), Country/economy",Model selection via BIC across countries: weak measurement invariance (M2_Weak and M3_Weak) was preferred in most cases. The paper reports that full or strong measurement invariance did not hold for most countries.,"Using PISA 2012 Computer-Based Mathematics the study leveraged time-on-task response-time parameters and country/economy to assess measurement invariance, finding that only weak measurement invariance was generally supported across countries. This indicates that response-time processes differ meaningfully by country, so time-on-task-enhanced scoring models may require country-specific parameter flexibility rather than assuming uniform timing behavior.",peer_reviewed_research,Model selection via BIC across countries: weak measurement invariance (M2_Weak and M3_Weak) was preferred in most cases. The paper reports that full or strong measurement invariance did not hold for most countries.,"Using PISA 2012 Computer-Based Mathematics the study leveraged time-on-task response-time parameters and country/economy to assess measurement invariance, finding that only weak measurement invariance was generally supported across countries. This indicates that response-time processes differ meaningfully by country, so time-on-task-enhanced scoring models may require country-specific parameter flexibility rather than assuming uniform timing behavior.",Other / Unspecified,Other,Student: Attitudinal/Behavioral; System: Policy/Context
10.3389/fpsyg.2021.579128,PISA 2012 Computer-Based Mathematics (country-level performance under alternative measurement models),Country-level proficiency means and their stability across models,"Response accuracy (graded responses), Time-on-task (response times), Country/economy",Estimated country means showed no substantial discrepancies across models (M1 vs M2 vs M3). Correlations between EAP ability estimates from M1 and models including time-on-task deviated from 1 for many countries; differences were most notable between M1 and M3 (lowest correlations).,"Using PISA 2012 Computer-Based Mathematics the study leveraged response accuracy, time-on-task response times, and country/economy to estimate country-level proficiency means under alternative measurement models, finding that mean proficiency estimates were broadly stable while individual ability estimates shifted (lower correlations, especially for the cross-loading model). This indicates that time-on-task inclusion may improve measurement precision without strongly changing country rankings/means, but it can still alter the latent construct captured by the model, so operational reporting should consider construct alignment.",peer_reviewed_research,Estimated country means showed no substantial discrepancies across models (M1 vs M2 vs M3). Correlations between EAP ability estimates from M1 and models including time-on-task deviated from 1 for many countries; differences were most notable between M1 and M3 (lowest correlations).,"Using PISA 2012 Computer-Based Mathematics the study leveraged response accuracy, time-on-task response times, and country/economy to estimate country-level proficiency means under alternative measurement models, finding that mean proficiency estimates were broadly stable while individual ability estimates shifted (lower correlations, especially for the cross-loading model). This indicates that time-on-task inclusion may improve measurement precision without strongly changing country rankings/means, but it can still alter the latent construct captured by the model, so operational reporting should consider construct alignment.",Composite / Multi-Domain,Cognitive Achievement,Student: SES; Student: Attitudinal/Behavioral; System: Policy/Context
10.3389/feduc.2020.00149,"TIMSS 2019 (eTIMSS) constructed-response items, US English responses",SE71054 correctness (human vs ANN),"Human rater score, IRT-expected score (MAP), Item difficulty level",ANN agreement with human scores (Pearson r): all data unweighted r=0.93; all data weighted r=0.92; match data unweighted r=0.93. Average across approaches for this item: ~0.93.,"Using TIMSS 2019 eTIMSS constructed-response item SE71054 the study leveraged human rater scoring and IRT-expected scoring (used to weight/filter training instances) to predict item correctness with an ANN, finding that automated scores matched human scores very closely (r≈0.93) and that IRT-based weighting/filtering did not materially change performance. This indicates that these patterns have implications for educational policy and instructional practice, though cross-sectional ILSA designs cannot establish causality.",peer_reviewed_research,ANN agreement with human scores (Pearson r): all data unweighted r=0.93; all data weighted r=0.92; match data unweighted r=0.93. Average across approaches for this item: ~0.93.,"Using TIMSS 2019 eTIMSS constructed-response item SE71054 the study leveraged human rater scoring and IRT-expected scoring (used to weight/filter training instances) to predict item correctness with an ANN, finding that automated scores matched human scores very closely (r≈0.93) and that IRT-based weighting/filtering did not materially change performance. This indicates that these patterns have implications for educational policy and instructional practice, though cross-sectional ILSA designs cannot establish causality.",Other / Unspecified,Other,Student: Prior Achievement; Student: Attitudinal/Behavioral
10.1016/j.edurev.2023.100547,PIRLS,reading performance,See outcome_summary (descriptive associations not coded as predictors),Descriptive statistics only (no ML performance metrics; see outcome_summary),"Using PIRLS data, the document summarizes reading performance in relation to See outcome_summary (descriptive associations not coded as predictors), reporting that This systematic review synthesizes 221 PIRLS-related peer-reviewed journal articles published between 2004 and 2022, building on a prior database of 113 articles (2004–2015) and adding 108 newly identified articles (2015–2022). This indicates that Because this is not an empirical ML study, there are no predictive metrics (e.g., accuracy/AUC) and no PV-based modeling; the main contribution is mapping how PIRLS data are used in the research community and where gaps .",review_article,Descriptive statistics only (no ML performance metrics; see outcome_summary),"Using PIRLS data, the document summarizes reading performance in relation to See outcome_summary (descriptive associations not coded as predictors), reporting that This systematic review synthesizes 221 PIRLS-related peer-reviewed journal articles published between 2004 and 2022, building on a prior database of 113 articles (2004–2015) and adding 108 newly identified articles (2015–2022). This indicates that Because this is not an empirical ML study, there are no predictive metrics (e.g., accuracy/AUC) and no PV-based modeling; the main contribution is mapping how PIRLS data are used in the research community and where gaps .",Composite / Multi-Domain,Cognitive Achievement,Student: Attitudinal/Behavioral
10.1007/s10639-024-12580-8,"PISA 2018 Reading (B-S-J-Z, China; 15-year-olds)",Reading literacy level (high vs low; binary),"ESCS, EUDMO, MASTGOAL, DISCLIMA, TEACHSUP",Model comparison: SVM achieved accuracy 0.90 (training) and 0.871 (test). Feature selection: best SVM-RFE-CV accuracy peaked at 0.905 with 15 selected features (cross-validation).,"Using PISA 2018 Reading data from the B-S-J-Z regions in China, the study leveraged socioeconomic status (ESCS), meaning in life (EUDMO), learning goals (MASTGOAL), disciplinary climate (DISCLIMA), and teacher support (TEACHSUP) to predict a binary reading literacy outcome (high Level 5+ vs low Level 2 or below), finding that an SVM model with an RFE-CV-selected set of 15 psychoemotional well-being factors achieved high classification accuracy (test accuracy 0.871; peak CV accuracy 0.905). This indicates that strengthening psychoemotional well-being components—especially family socioeconomic resources, students’ life meaning, and learning goals—may be a practical pathway for improving reading literacy among higher-performing students, though the study’s SHAP-based interpretation is predictive rather than causal and the analysis does not report survey-weighted population inference.",peer_reviewed_research,Model comparison: SVM achieved accuracy 0.90 (training) and 0.871 (test). Feature selection: best SVM-RFE-CV accuracy peaked at 0.905 with 15 selected features (cross-validation).,"Using PISA 2018 Reading data from the B-S-J-Z regions in China, the study leveraged socioeconomic status (ESCS), meaning in life (EUDMO), learning goals (MASTGOAL), disciplinary climate (DISCLIMA), and teacher support (TEACHSUP) to predict a binary reading literacy outcome (high Level 5+ vs low Level 2 or below), finding that an SVM model with an RFE-CV-selected set of 15 psychoemotional well-being factors achieved high classification accuracy (test accuracy 0.871; peak CV accuracy 0.905). This indicates that strengthening psychoemotional well-being components—especially family socioeconomic resources, students’ life meaning, and learning goals—may be a practical pathway for improving reading literacy among higher-performing students, though the study’s SHAP-based interpretation is predictive rather than causal and the analysis does not report survey-weighted population inference.",Reading,Cognitive Achievement,Student: SES; Student: Attitudinal/Behavioral
10.1016/j.appdev.2025.101828,"PISA 2018 (Student Questionnaire + Principal Questionnaire), self-efficacy items (general self-efficacy)",General self-efficacy (IRT-based continuous score),"Mastery goal orientation, Meaning of life, Proud emotion, Positive emotions, Learning aspiration",XGBoost (test set): R2 = 0.467; RMSE = 9.699; MAE = 7.219. Lasso (test set): R2 = 0.417; RMSE = 10.137; MAE = 7.683. Best model: XGBoost. Top-14 predictors (XGBoost) cumulative relative importance = 48.99%; reduced model R2 = 0.436 vs full model R2 = 0.467; exclusion model R2 = 0.328.,"Using PISA 2018 the study leveraged mastery goal orientation, meaning of life, proud emotion, positive emotions, and learning aspiration to predict general self-efficacy (IRT-based continuous score), finding that XGBoost outperformed Lasso and achieved test-set R2 ≈ 0.467 (RMSE ≈ 9.699). This indicates that students’ affective and motivational profiles—along with a small subset of high-importance contextual variables—can support scalable monitoring of self-efficacy, though the cross-sectional design prevents causal pathway claims.",peer_reviewed_research,XGBoost (test set): R2 = 0.467; RMSE = 9.699; MAE = 7.219. Lasso (test set): R2 = 0.417; RMSE = 10.137; MAE = 7.683. Best model: XGBoost. Top-14 predictors (XGBoost) cumulative relative importance = 48.99%; reduced model R2 = 0.436 vs full model R2 = 0.467; exclusion model R2 = 0.328.,"Using PISA 2018 the study leveraged mastery goal orientation, meaning of life, proud emotion, positive emotions, and learning aspiration to predict general self-efficacy (IRT-based continuous score), finding that XGBoost outperformed Lasso and achieved test-set R2 ≈ 0.467 (RMSE ≈ 9.699). This indicates that students’ affective and motivational profiles—along with a small subset of high-importance contextual variables—can support scalable monitoring of self-efficacy, though the cross-sectional design prevents causal pathway claims.",Non-Cognitive / Process Output,Attitudinal / Affective,Student: Attitudinal/Behavioral
10.1016/j.appdev.2025.101828,PISA 2018 (socio-ecological levels of contextual predictors),General self-efficacy (IRT-based continuous score) — top predictors by socio-ecological level,"Parents’ emotional support, Teacher instruction strategies, Study possessions, Cooperation climate, Admission criteria (feeder schools)","Top predictors by level (relative importance ranking within XGBoost): Microsystem—parents’ emotional support, teacher instruction strategies, study possessions; Mesosystem—cooperation climate, competition climate, teacher evaluation, differentiated classrooms; Exosystem—admission criteria (feeder schools/residence area) and funding sources; Macrosystem—Malaysia, Japan, Kazakhstan, Indonesia, B.S.J.Z. China. Individual-level predictors ranked highest overall; exosystem ranked lowest (based on available predictors).","Using PISA 2018 the study leveraged parents’ emotional support, teacher instruction strategies, study possessions, cooperation climate, and admission criteria (feeder schools) to predict general self-efficacy, finding that the most influential predictors cluster in proximal socio-ecological layers (especially the individual and microsystem) while exosystem predictors show weaker direct predictive importance. This indicates that interventions aiming to strengthen self-efficacy should prioritize emotional support, instructional practices, and learning-related motivation, while using higher-level policy levers more indirectly through these proximal mechanisms.",peer_reviewed_research,"Top predictors by level (relative importance ranking within XGBoost): Microsystem—parents’ emotional support, teacher instruction strategies, study possessions; Mesosystem—cooperation climate, competition climate, teacher evaluation, differentiated classrooms; Exosystem—admission criteria (feeder schools/residence area) and funding sources; Macrosystem—Malaysia, Japan, Kazakhstan, Indonesia, B.S.J.Z. China. Individual-level predictors ranked highest overall; exosystem ranked lowest (based on available predictors).","Using PISA 2018 the study leveraged parents’ emotional support, teacher instruction strategies, study possessions, cooperation climate, and admission criteria (feeder schools) to predict general self-efficacy, finding that the most influential predictors cluster in proximal socio-ecological layers (especially the individual and microsystem) while exosystem predictors show weaker direct predictive importance. This indicates that interventions aiming to strengthen self-efficacy should prioritize emotional support, instructional practices, and learning-related motivation, while using higher-level policy levers more indirectly through these proximal mechanisms.",Non-Cognitive / Process Output,Attitudinal / Affective,Student: Attitudinal/Behavioral; School/Teacher: Practice; Student: SES; School/Teacher: Context
10.1177/01626434251326328,ILSA literature synthesis (systematic review; no single student-level analytic micro-dataset),Literature synthesis outcome (not student-level prediction),,Not reported,"Using ILSA literature synthesis (systematic review; no single student-level analytic micro-dataset) the study leveraged the reported predictors to predict Literature synthesis outcome (not student-level prediction), finding that The article does not estimate effects of AI on student writing outcomes using NAEP or any other large-scale assessment microdata. Instead, it describes NAEP writing criteria (development of ideas, organization of ideas, and language facility/conventions) and maps these criteria to categories of AI tools (e.g., generative pre-trained transformers, intelligent tutoring systems, and natural language tools) with examples such as Book Creator, Text Buddy, Ahrefs, QuillBot, Co:Writer, Grammarly, Ginger, WonderAI, and EditGPT. It also provides an implementation sequence (brainstorming/planning, drafting/development, and editing/revising) and emphasizes AI literacy, including privacy, accessibility, and safe/critical use. The main limitation is that the paper’s conclusions are not based on model-based performance metrics (e.g., accuracy/RMSE) or causal identification; therefore, it cannot quantify how much AI improves writing benchmarks for students with disabilities. This indicates that these patterns have implications for educational policy and instructional practice, though cross-sectional ILSA designs cannot establish causality.",review_article,Not reported,"Using ILSA literature synthesis (systematic review; no single student-level analytic micro-dataset) the study leveraged the reported predictors to predict Literature synthesis outcome (not student-level prediction), finding that The article does not estimate effects of AI on student writing outcomes using NAEP or any other large-scale assessment microdata. Instead, it describes NAEP writing criteria (development of ideas, organization of ideas, and language facility/conventions) and maps these criteria to categories of AI tools (e.g., generative pre-trained transformers, intelligent tutoring systems, and natural language tools) with examples such as Book Creator, Text Buddy, Ahrefs, QuillBot, Co:Writer, Grammarly, Ginger, WonderAI, and EditGPT. It also provides an implementation sequence (brainstorming/planning, drafting/development, and editing/revising) and emphasizes AI literacy, including privacy, accessibility, and safe/critical use. The main limitation is that the paper’s conclusions are not based on model-based performance metrics (e.g., accuracy/RMSE) or causal identification; therefore, it cannot quantify how much AI improves writing benchmarks for students with disabilities. This indicates that these patterns have implications for educational policy and instructional practice, though cross-sectional ILSA designs cannot establish causality.",Other / Unspecified,Other,
10.3389/fpsyg.2024.1446799,PISA 2018 reading and the extension to mathematics,Literature synthesis outcome (not student-level prediction),,Not reported,"Using PISA 2018 reading and the extension to mathematics the study leveraged the reported predictors to predict Literature synthesis outcome (not student-level prediction), finding that This methods paper formalizes the highly adaptive testing (HAT) design for PISA, building on computerized adaptive testing principles with shadow testing and incorporating PISA-specific constraints. It describes how unit-level within-unit adaptivity is combined with multidimensional IRT modeling (M2PL for dichotomous items and GPCM for polytomous items) and how correlations across reading, mathematics, and science are used while keeping test-taking experience stable via domain-homogeneous clusters. The paper specifies constraint management through mixed-integer programming shadow tests, including fixed test length and bounds on cognitive processes/content categories, item exposure control via progressive item exposure, and item position effects via continuous calibration constraints. Although it reports simulation evidence in the conclusion (e.g., ~30% increase in test information vs. PISA 2018 MST reading and improved RMSE in ability estimates, with fewer constraint violations), the present article itself is primarily an algorithmic and methodological specification rather than an empirical ML prediction study. This indicates that these patterns have implications for educational policy and instructional practice, though cross-sectional ILSA designs cannot establish causality.",methodology_paper,Not reported,"Using PISA 2018 reading and the extension to mathematics the study leveraged the reported predictors to predict Literature synthesis outcome (not student-level prediction), finding that This methods paper formalizes the highly adaptive testing (HAT) design for PISA, building on computerized adaptive testing principles with shadow testing and incorporating PISA-specific constraints. It describes how unit-level within-unit adaptivity is combined with multidimensional IRT modeling (M2PL for dichotomous items and GPCM for polytomous items) and how correlations across reading, mathematics, and science are used while keeping test-taking experience stable via domain-homogeneous clusters. The paper specifies constraint management through mixed-integer programming shadow tests, including fixed test length and bounds on cognitive processes/content categories, item exposure control via progressive item exposure, and item position effects via continuous calibration constraints. Although it reports simulation evidence in the conclusion (e.g., ~30% increase in test information vs. PISA 2018 MST reading and improved RMSE in ability estimates, with fewer constraint violations), the present article itself is primarily an algorithmic and methodological specification rather than an empirical ML prediction study. This indicates that these patterns have implications for educational policy and instructional practice, though cross-sectional ILSA designs cannot establish causality.",Other / Unspecified,Other,
10.14744/sigma.2021.00039,PISA 2018 Turkey (Mathematics) — PV1MATH success vs. unsuccessful classification,Mathematical achievement class (PV1MATH),"Gender, Sense of belonging, ESCS socioeconomic index, Home possessions, Parents’ emotional support","Best model (Jordan neural network) — Test accuracy: 0.826; Test AUC: 0.739. Other test metrics: Elman NN accuracy 0.711 (AUC not reported), MLP accuracy 0.705 (AUC not reported), Logistic regression accuracy 0.671 (AUC not reported). Reported additional test metrics for Jordan: Sensitivity 0.826, Specificity 0.869, False Positive Rate 0.131, F1-score 0.826.","Using PISA 2018 Turkey the study leveraged Gender, Sense of belonging, ESCS socioeconomic index, Home possessions, and Parents’ emotional support (plus ICT-related variables) to classify students into successful vs. unsuccessful mathematics achievement using PV1MATH, finding that the Jordan neural network achieved the highest test accuracy (0.826) and AUC (0.739) among compared models. This indicates that deep learning models can improve the prediction of mathematics achievement status from student background and ICT context, suggesting that education authorities could use such models to target support for students with low belonging, weaker socioeconomic resources, and limited home/digital learning access, while noting that the paper does not document survey-weight use or missing-data handling.",peer_reviewed_research,"Best model (Jordan neural network) — Test accuracy: 0.826; Test AUC: 0.739. Other test metrics: Elman NN accuracy 0.711 (AUC not reported), MLP accuracy 0.705 (AUC not reported), Logistic regression accuracy 0.671 (AUC not reported). Reported additional test metrics for Jordan: Sensitivity 0.826, Specificity 0.869, False Positive Rate 0.131, F1-score 0.826.","Using PISA 2018 Turkey the study leveraged Gender, Sense of belonging, ESCS socioeconomic index, Home possessions, and Parents’ emotional support (plus ICT-related variables) to classify students into successful vs. unsuccessful mathematics achievement using PV1MATH, finding that the Jordan neural network achieved the highest test accuracy (0.826) and AUC (0.739) among compared models. This indicates that deep learning models can improve the prediction of mathematics achievement status from student background and ICT context, suggesting that education authorities could use such models to target support for students with low belonging, weaker socioeconomic resources, and limited home/digital learning access, while noting that the paper does not document survey-weight use or missing-data handling.",Mathematics,Cognitive Achievement,Student: Demographic; Student: Attitudinal/Behavioral; Student: SES
10.1109/ACCESS.2020.2994561,ILSA literature synthesis (systematic review; no single student-level analytic micro-dataset),Literature synthesis outcome (not student-level prediction),,Not reported,"Using ILSA literature synthesis (systematic review; no single student-level analytic micro-dataset) the study leveraged the reported predictors to predict Literature synthesis outcome (not student-level prediction), finding that This paper is a review article that synthesizes the landscape of big educational data and analytics, covering data sources (e.g., LMS, MOOC, OER, social media, linked data, mobile learning), data collection approaches (e.g., xAPI), and technological architectures (e.g., Hadoop, Spark, Samza). It organizes analytics approaches into predictive analytics, learning analytics (collaborative/interactive, behavioral, personalized, social/network-based, and assessment analytics), recommendation systems, graph analytics, visual analytics, social media analytics, and immersive learning analytics. While it mentions performance metrics from cited studies (e.g., accuracy, AUC, MAP) and provides an illustrative cross-institution graph-analytics scenario using web scraping and Bag of Words features, it does not estimate a unified predictive model on a single ILSA-style dataset. Consequently, there are no PV-based achievement benchmarks, no ILSA sampling/weighting scheme, and no single set of effect sizes attributable to this paper itself. The main contribution is conceptual and methodological synthesis rather than empirical causal or predictive estimation. This indicates that these patterns have implications for educational policy and instructional practice, though cross-sectional ILSA designs cannot establish causality.",review_article,Not reported,"Using ILSA literature synthesis (systematic review; no single student-level analytic micro-dataset) the study leveraged the reported predictors to predict Literature synthesis outcome (not student-level prediction), finding that This paper is a review article that synthesizes the landscape of big educational data and analytics, covering data sources (e.g., LMS, MOOC, OER, social media, linked data, mobile learning), data collection approaches (e.g., xAPI), and technological architectures (e.g., Hadoop, Spark, Samza). It organizes analytics approaches into predictive analytics, learning analytics (collaborative/interactive, behavioral, personalized, social/network-based, and assessment analytics), recommendation systems, graph analytics, visual analytics, social media analytics, and immersive learning analytics. While it mentions performance metrics from cited studies (e.g., accuracy, AUC, MAP) and provides an illustrative cross-institution graph-analytics scenario using web scraping and Bag of Words features, it does not estimate a unified predictive model on a single ILSA-style dataset. Consequently, there are no PV-based achievement benchmarks, no ILSA sampling/weighting scheme, and no single set of effect sizes attributable to this paper itself. The main contribution is conceptual and methodological synthesis rather than empirical causal or predictive estimation. This indicates that these patterns have implications for educational policy and instructional practice, though cross-sectional ILSA designs cannot establish causality.",Other / Unspecified,Other,
10.1057/s41599-023-01705-y,"PISA 2018 Science (Philippines, 15-year-olds)",Poor vs better science proficiency (Level ≤1b vs ≥1a),"Sense of belonging, Perceived student cooperation, Bullying experience, Work mastery motivation, Smartphone with internet at home","Random Forest (500 trees; max depth 20; max features=7). Training precision=0.74, recall=0.79. Test precision=0.73, recall=0.66, accuracy=0.74. AUC=0.83.","Using PISA 2018 Science data for the Philippines, the study leveraged sense of belonging, perceived student cooperation, bullying experience, work mastery motivation, and access to smartphones with internet at home to predict whether students were poor performers (Level ≤1b) versus better performers (Level ≥1a), finding that the Random Forest classifier achieved test accuracy of 0.74 with AUC=0.83. This indicates that non-instructional factors—especially reading-strategy metacognition, school social experiences, and ICT access—can be used to identify students most at risk of very low science literacy, though the results are predictive and not causal and may not fully reflect complex survey weighting.",peer_reviewed_research,"Random Forest (500 trees; max depth 20; max features=7). Training precision=0.74, recall=0.79. Test precision=0.73, recall=0.66, accuracy=0.74. AUC=0.83.","Using PISA 2018 Science data for the Philippines, the study leveraged sense of belonging, perceived student cooperation, bullying experience, work mastery motivation, and access to smartphones with internet at home to predict whether students were poor performers (Level ≤1b) versus better performers (Level ≥1a), finding that the Random Forest classifier achieved test accuracy of 0.74 with AUC=0.83. This indicates that non-instructional factors—especially reading-strategy metacognition, school social experiences, and ICT access—can be used to identify students most at risk of very low science literacy, though the results are predictive and not causal and may not fully reflect complex survey weighting.",Composite / Multi-Domain,Cognitive Achievement,Student: Attitudinal/Behavioral
10.1007/s11336-022-09880-8,PIAAC 2012 PSTRE (process data) — 5 countries/regions,PSTRE latent proficiency estimate reliability (MSE vs reference set),"Process feature dimension (K), Scoring set item count, Reference set item count, Final response item model","Process-incorporated scoring (θX) consistently produced smaller MSE than response-based scoring (θY) across scoring-set lengths from 2 to 7 items; with 2 items, process-incorporated median MSE was comparable to response-based scoring using 5 items; with 4+ items, process-incorporated MSE was similar to or lower than response-based scoring using all 7 items. Exact numeric MSE values are not reported in the text.","Using PIAAC 2012 PSTRE process data from five countries/regions, the study leveraged process-derived features (embedded action-sequence representations) together with response-based latent estimates to predict latent proficiency reliability measured as MSE against a reference-set latent estimate, finding that process-incorporated scoring consistently reduced MSE relative to response-only scoring across all test lengths (2–7 items). This indicates that incorporating problem-solving process information can substantially improve measurement precision and allow shorter assessments to reach the reliability of longer response-only tests, though the evaluation is based on split-half agreement with an external reference set rather than true latent θ.",peer_reviewed_research,"Process-incorporated scoring (θX) consistently produced smaller MSE than response-based scoring (θY) across scoring-set lengths from 2 to 7 items; with 2 items, process-incorporated median MSE was comparable to response-based scoring using 5 items; with 4+ items, process-incorporated MSE was similar to or lower than response-based scoring using all 7 items. Exact numeric MSE values are not reported in the text.","Using PIAAC 2012 PSTRE process data from five countries/regions, the study leveraged process-derived features (embedded action-sequence representations) together with response-based latent estimates to predict latent proficiency reliability measured as MSE against a reference-set latent estimate, finding that process-incorporated scoring consistently reduced MSE relative to response-only scoring across all test lengths (2–7 items). This indicates that incorporating problem-solving process information can substantially improve measurement precision and allow shorter assessments to reach the reliability of longer response-only tests, though the evaluation is based on split-half agreement with an external reference set rather than true latent θ.",Composite / Multi-Domain,Cognitive Achievement,Student: Process Data; Student: Attitudinal/Behavioral
10.1007/s11336-022-09880-8,PIAAC 2012 PSTRE (process data) — 5 countries/regions,PSTRE latent proficiency estimate reliability (Kendall’s τ vs reference set),"Process feature dimension (K), Scoring set item count, Reference set item count, Final response item model","Kendall’s τ between scoring-set estimates and reference-set performance was consistently larger for process-incorporated scoring than for response-based scoring for all test lengths (2–7 items). With 4 items, process-incorporated scoring achieved similar or higher Kendall’s τ than response-based scoring using all 7 items; absolute τ values were mostly below 0.5 due to attenuation from reference-set measurement error.","Using PIAAC 2012 PSTRE process data from five countries/regions, the study leveraged process-derived features to predict latent proficiency reliability measured as Kendall’s τ agreement with reference-set performance, finding that process-incorporated scoring produced consistently higher rank agreement than response-only scoring across all scoring-set lengths. This indicates that process-aware scoring can better preserve ordering of examinees by proficiency, supporting more dependable norm-referenced interpretation for short, low-stakes computer-based assessments, while noting that τ is attenuated because the reference-set latent estimate is itself measured with error.",peer_reviewed_research,"Kendall’s τ between scoring-set estimates and reference-set performance was consistently larger for process-incorporated scoring than for response-based scoring for all test lengths (2–7 items). With 4 items, process-incorporated scoring achieved similar or higher Kendall’s τ than response-based scoring using all 7 items; absolute τ values were mostly below 0.5 due to attenuation from reference-set measurement error.","Using PIAAC 2012 PSTRE process data from five countries/regions, the study leveraged process-derived features to predict latent proficiency reliability measured as Kendall’s τ agreement with reference-set performance, finding that process-incorporated scoring produced consistently higher rank agreement than response-only scoring across all scoring-set lengths. This indicates that process-aware scoring can better preserve ordering of examinees by proficiency, supporting more dependable norm-referenced interpretation for short, low-stakes computer-based assessments, while noting that τ is attenuated because the reference-set latent estimate is itself measured with error.",Composite / Multi-Domain,Cognitive Achievement,Student: Process Data; Student: Attitudinal/Behavioral
10.1007/s11336-022-09880-8,PIAAC 2012 PSTRE (process data) — 5 countries/regions,Robustness to response–process score discrepancies (MSE by residual decile),"Residual discrepancy decile, Final response item model, Process feature dimension (K)","When response-based and process-incorporated estimates disagreed most (extreme residual deciles), the process-incorporated estimator showed markedly lower MSE than the response-based estimator; when they agreed (middle deciles), MSEs were similar. Exact MSE values by decile are not reported in the text.","Using PIAAC 2012 PSTRE process data from five countries/regions, the study leveraged process features to predict latent proficiency accuracy specifically under conditions of large response–process disagreement, finding that the process-incorporated estimator substantially outperformed the response-only estimator in the extreme residual deciles while showing similar performance in middle deciles. This indicates that process-aware scoring can reduce random measurement error arising from inefficient strategies, partial completion, or careless mistakes that still yield plausible final outcomes, improving fairness and interpretability for examinees whose final responses alone are misleading.",peer_reviewed_research,"When response-based and process-incorporated estimates disagreed most (extreme residual deciles), the process-incorporated estimator showed markedly lower MSE than the response-based estimator; when they agreed (middle deciles), MSEs were similar. Exact MSE values by decile are not reported in the text.","Using PIAAC 2012 PSTRE process data from five countries/regions, the study leveraged process features to predict latent proficiency accuracy specifically under conditions of large response–process disagreement, finding that the process-incorporated estimator substantially outperformed the response-only estimator in the extreme residual deciles while showing similar performance in middle deciles. This indicates that process-aware scoring can reduce random measurement error arising from inefficient strategies, partial completion, or careless mistakes that still yield plausible final outcomes, improving fairness and interpretability for examinees whose final responses alone are misleading.",Composite / Multi-Domain,Cognitive Achievement,Student: Attitudinal/Behavioral; Student: Process Data
10.1016/j.caeai.2024.100249,TIMSS 2019 eTIMSS Grade 4 Mathematics (graphical response items; dichotomous scoring),CNN-scored item category agreement with human raters (incorrect vs correct/partial),,"Best CNNs: average accuracy 99.37%–99.92% across seven dichotomous items; F1-scores between 0.9948 and 0.9992; losses reported as low (e.g., 0.0063–0.0298 average loss across items in Table 8).","Using TIMSS 2019 eTIMSS Grade 4 graphical response item the study leveraged convolutional neural networks to classify each student image into the same score categories as human raters, finding that the CNNs achieved near-perfect agreement (≈99% accuracy and F1 ≥ 0.9948) for dichotomous items. This indicates that CNN-based automated scoring can serve as a reliable second scoring channel for graphical constructed-response items, potentially reducing rater workload while improving consistency checks, though the study validates agreement rather than causal effects on achievement.",peer_reviewed_research,"Best CNNs: average accuracy 99.37%–99.92% across seven dichotomous items; F1-scores between 0.9948 and 0.9992; losses reported as low (e.g., 0.0063–0.0298 average loss across items in Table 8).","Using TIMSS 2019 eTIMSS Grade 4 graphical response item the study leveraged convolutional neural networks to classify each student image into the same score categories as human raters, finding that the CNNs achieved near-perfect agreement (≈99% accuracy and F1 ≥ 0.9948) for dichotomous items. This indicates that CNN-based automated scoring can serve as a reliable second scoring channel for graphical constructed-response items, potentially reducing rater workload while improving consistency checks, though the study validates agreement rather than causal effects on achievement.",Composite / Multi-Domain,Cognitive Achievement,
10.1016/j.caeai.2024.100249,TIMSS 2019 eTIMSS Grade 8 Mathematics (graphical response items; trichotomous scoring),CNN-scored item category agreement with human raters (incorrect vs partial vs full credit),,"Trichotomous item ME62300: accuracy 97.99% and average F1-score 0.9766 on the clean validation sample (Table 8); average loss 0.1214; for incorrectly human-scored responses, accuracy 88.81% (Table 9).","Using TIMSS 2019 eTIMSS Grade 8 graphical response item the study leveraged convolutional neural networks to classify each student image into incorrect/partial/full categories, finding that performance remained high but lower than dichotomous items (accuracy ≈98% and F1 ≈0.977 for ME62300). This indicates that CNN-based validation is feasible for more complex graphical items with additional score categories, but operational deployment should expect reduced reliability for partial-credit distinctions and may require targeted data cleaning and augmentation.",peer_reviewed_research,"Trichotomous item ME62300: accuracy 97.99% and average F1-score 0.9766 on the clean validation sample (Table 8); average loss 0.1214; for incorrectly human-scored responses, accuracy 88.81% (Table 9).","Using TIMSS 2019 eTIMSS Grade 8 graphical response item the study leveraged convolutional neural networks to classify each student image into incorrect/partial/full categories, finding that performance remained high but lower than dichotomous items (accuracy ≈98% and F1 ≈0.977 for ME62300). This indicates that CNN-based validation is feasible for more complex graphical items with additional score categories, but operational deployment should expect reduced reliability for partial-credit distinctions and may require targeted data cleaning and augmentation.",Composite / Multi-Domain,Cognitive Achievement,
10.1016/j.caeai.2024.100249,TIMSS 2019 eTIMSS (all eight selected graphical response items; IRT-informed cleaning stage),Identification of incorrectly or inconsistently scored responses (human rater vs IRT-expected-score agreement; CNN-assisted cleaning),,"Data cleaning stage: CNN-human agreement increased after removing responses flagged as incorrectly or inconsistently scored; in Stage 2 (IRT-based ES), best models reached over 99% revised accuracy for dichotomous items (99.47%–99.92%) and 98.07% for the trichotomous item (Table 6). The study reports that CNNs helped identify up to ~2% of student responses as incorrectly or inconsistently scored by human raters (Conclusion).","Using TIMSS 2019 eTIMSS graphical response item the study leveraged CNN-based automated scoring combined with IRT-based expected-score modeling to clean the training data and flag responses with potential human rater errors or inconsistencies, finding that revised agreement exceeded 99% for dichotomous items and about 98% for the trichotomous item after removing flagged cases. This indicates that CNNs can operationally function as a validation/quality-control layer in ILSA scoring workflows, enabling targeted re-scoring by content experts rather than full double-scoring, though the approach depends on manual review capacity and does not by itself establish causal scoring validity.",peer_reviewed_research,"Data cleaning stage: CNN-human agreement increased after removing responses flagged as incorrectly or inconsistently scored; in Stage 2 (IRT-based ES), best models reached over 99% revised accuracy for dichotomous items (99.47%–99.92%) and 98.07% for the trichotomous item (Table 6). The study reports that CNNs helped identify up to ~2% of student responses as incorrectly or inconsistently scored by human raters (Conclusion).","Using TIMSS 2019 eTIMSS graphical response item the study leveraged CNN-based automated scoring combined with IRT-based expected-score modeling to clean the training data and flag responses with potential human rater errors or inconsistencies, finding that revised agreement exceeded 99% for dichotomous items and about 98% for the trichotomous item after removing flagged cases. This indicates that CNNs can operationally function as a validation/quality-control layer in ILSA scoring workflows, enabling targeted re-scoring by content experts rather than full double-scoring, though the approach depends on manual review capacity and does not by itself establish causal scoring validity.",Composite / Multi-Domain,Cognitive Achievement,
10.1007/s10639-023-11881-8,PIRLS 2016 Grade 4 Reading (Morocco),Reading proficiency class (Low vs Others),"Reading achievement too low, Students confident in reading, Early literacy tasks, Student age, Reading is boring","Gradient Boosting (best): Accuracy=80.97, F1=63.80. Other models: Random Forest Accuracy=79.38 F1=56.40; Logistic Regression Accuracy=78.79 F1=62.76; KNN Accuracy=75.89 F1=48.70; Naive Bayes Accuracy=73.01 F1=60.73; Decision Tree Accuracy=73.50 F1=52.37; SVM Accuracy=70.20 (F1 not reported/0.00).","Using PIRLS 2016 Grade 4 Reading (Morocco) the study leveraged Reading achievement too low, Students confident in reading, Early literacy tasks, Student age, and Reading is boring to predict whether students fall in the Low reading proficiency class versus Others, finding that Gradient Boosting achieved the highest classification performance (Accuracy=80.97, F1=63.80). This indicates that combining early literacy competence with students’ reading self-beliefs and classroom/school learning climate variables may improve identification of students at risk of low reading achievement, though the study’s binary outcome is derived from PV-based benchmarks and the paper does not document survey-weighted estimation or causal identification.",peer_reviewed_research,"Gradient Boosting (best): Accuracy=80.97, F1=63.80. Other models: Random Forest Accuracy=79.38 F1=56.40; Logistic Regression Accuracy=78.79 F1=62.76; KNN Accuracy=75.89 F1=48.70; Naive Bayes Accuracy=73.01 F1=60.73; Decision Tree Accuracy=73.50 F1=52.37; SVM Accuracy=70.20 (F1 not reported/0.00).","Using PIRLS 2016 Grade 4 Reading (Morocco) the study leveraged Reading achievement too low, Students confident in reading, Early literacy tasks, Student age, and Reading is boring to predict whether students fall in the Low reading proficiency class versus Others, finding that Gradient Boosting achieved the highest classification performance (Accuracy=80.97, F1=63.80). This indicates that combining early literacy competence with students’ reading self-beliefs and classroom/school learning climate variables may improve identification of students at risk of low reading achievement, though the study’s binary outcome is derived from PV-based benchmarks and the paper does not document survey-weighted estimation or causal identification.",Composite / Multi-Domain,Cognitive Achievement,Student: Prior Achievement; Student: Attitudinal/Behavioral; Student: Demographic
10.1007/s12186-024-09347-0,OECD,"Literacy, Problem Solving, Task Performance",See outcome_summary (descriptive associations not coded as predictors),Descriptive statistics only (no ML performance metrics; see outcome_summary),"Using OECD data, the document summarizes Literacy, Problem Solving, Task Performance in relation to See outcome_summary (descriptive associations not coded as predictors), reporting that This paper does not present empirical ML results; it provides an OECD PISA‑VET assessment and analytical framework design. This indicates that The authors emphasize cross-sectional limitations for causal claims and highlight validity–reliability–feasibility trade-offs inherent in authentic performance assessments.",methodology_paper,Descriptive statistics only (no ML performance metrics; see outcome_summary),"Using OECD data, the document summarizes Literacy, Problem Solving, Task Performance in relation to See outcome_summary (descriptive associations not coded as predictors), reporting that This paper does not present empirical ML results; it provides an OECD PISA‑VET assessment and analytical framework design. This indicates that The authors emphasize cross-sectional limitations for causal claims and highlight validity–reliability–feasibility trade-offs inherent in authentic performance assessments.",Problem Solving,Cognitive Achievement,Student: Attitudinal/Behavioral
10.33225/jbse/22.21.575,PISA 2018 Reading (PV1READ; 15-year-olds),Reading achievement (low vs high using PV1READ thresholds),"Meta-cognition assess credibility (METASPAM), Meta-cognition summarizing texts (METASUM), Understanding and remembering (UNDREM), Perceived PISA test difficulty (PISADIFF), Socioeconomic status (ESCS)",Not reported,"Using PISA 2018 Reading data (PV1READ; 15-year-olds), the study leveraged meta-cognition credibility (METASPAM), text summarizing (METASUM), understanding/remembering (UNDREM), perceived test difficulty (PISADIFF), and ESCS to classify students into low vs high reading ability, finding that self-awareness/metacognitive variables were among the most influential predictors and that ESCS was a key family-level factor in China. This indicates that strengthening students’ metacognitive study practices and targeting low-ESCS students with additional learning support may improve reading outcomes, though the CART results are predictive and do not establish causal effects.",peer_reviewed_research,Not reported,"Using PISA 2018 Reading data (PV1READ; 15-year-olds), the study leveraged meta-cognition credibility (METASPAM), text summarizing (METASUM), understanding/remembering (UNDREM), perceived test difficulty (PISADIFF), and ESCS to classify students into low vs high reading ability, finding that self-awareness/metacognitive variables were among the most influential predictors and that ESCS was a key family-level factor in China. This indicates that strengthening students’ metacognitive study practices and targeting low-ESCS students with additional learning support may improve reading outcomes, though the CART results are predictive and do not establish causal effects.",Reading,Cognitive Achievement,Student: SES; Student: Attitudinal/Behavioral
10.33225/jbse/22.21.575,PISA 2018 Mathematics (PV1MATH; 15-year-olds),Mathematics achievement (low vs high using PV1MATH thresholds),"Meta-cognition assess credibility (METASPAM), Meta-cognition summarizing texts (METASUM), Perceived PISA test difficulty (PISADIFF), Science learning time per week (SMINS), School lessons per week (ST060Q01NA)",Not reported,"Using PISA 2018 Mathematics data (PV1MATH; 15-year-olds), the study leveraged METASPAM, METASUM, PISADIFF, and school learning-time indicators (SMINS and ST060Q01NA) to classify students into low vs high mathematics ability, finding that metacognitive awareness and school learning opportunities were prominent across China and that cooperation/competition-related factors also mattered for mathematics and science. This indicates that policies promoting structured learning time and classroom practices that balance cooperative and competitive engagement may support mathematics achievement, while the study’s preprocessing and lack of reported model metrics/weights limit precision and generalizability.",peer_reviewed_research,Not reported,"Using PISA 2018 Mathematics data (PV1MATH; 15-year-olds), the study leveraged METASPAM, METASUM, PISADIFF, and school learning-time indicators (SMINS and ST060Q01NA) to classify students into low vs high mathematics ability, finding that metacognitive awareness and school learning opportunities were prominent across China and that cooperation/competition-related factors also mattered for mathematics and science. This indicates that policies promoting structured learning time and classroom practices that balance cooperative and competitive engagement may support mathematics achievement, while the study’s preprocessing and lack of reported model metrics/weights limit precision and generalizability.",Mathematics,Cognitive Achievement,Student: SES; Student: Attitudinal/Behavioral; School/Teacher: Context
10.33225/jbse/22.21.575,PISA 2018 Science (PV1SCIE; 15-year-olds),Science achievement (low vs high using PV1SCIE thresholds),"Perceived PISA test difficulty (PISADIFF), Meta-cognition assess credibility (METASPAM), Meta-cognition summarizing texts (METASUM), Science learning time per week (SMINS), School lessons per week (ST060Q01NA)",Not reported,"Using PISA 2018 Science data (PV1SCIE; 15-year-olds), the study leveraged PISADIFF, METASPAM, METASUM, and school learning-time indicators (SMINS and ST060Q01NA) to classify students into low vs high science ability, finding that student-level self-awareness/metacognition and school instructional time were key common predictors and that cooperation/competition dynamics supported science performance. This indicates that science improvement strategies should combine metacognitive skill development with adequate, well-organized instructional time, while the CART approach remains correlational/predictive rather than causal.",peer_reviewed_research,Not reported,"Using PISA 2018 Science data (PV1SCIE; 15-year-olds), the study leveraged PISADIFF, METASPAM, METASUM, and school learning-time indicators (SMINS and ST060Q01NA) to classify students into low vs high science ability, finding that student-level self-awareness/metacognition and school instructional time were key common predictors and that cooperation/competition dynamics supported science performance. This indicates that science improvement strategies should combine metacognitive skill development with adequate, well-organized instructional time, while the CART approach remains correlational/predictive rather than causal.",Science,Cognitive Achievement,Student: Attitudinal/Behavioral; Student: SES; School/Teacher: Context
10.1177/00332941221133005,PISA 2015 (KOR; most students in grade 10) — school belonging (ST034),Sense of school belonging (ST034; 4-point Likert),"Student gender, Educational software at home, Threatened by other students, Teacher insulted in front of others, Life satisfaction","Group Mnet — test RMSE stable across 100 iterations: range 0.36–0.41, mean 0.39 (SD=0.009). Average selected variables per run: 74.55 (SD=22.14) out of 504; ~14.8% selected per run.","Using PISA 2015 (KOR) the study leveraged student gender, home ICT resources, perceived school climate threats, teacher treatment, and life satisfaction to predict students’ sense of school belonging (ST034), finding that predictors spanning background, school climate, peer/teacher relationships, parental involvement, motivation/anxiety, ICT attitudes, and learning/physical activities contributed to prediction with stable test RMSE (≈0.39). This indicates that strengthening supportive school climate and positive teacher–peer relationships, alongside targeted supports for students’ motivation and anxiety, may improve school belonging, though the results are predictive and do not establish causal effects.",peer_reviewed_research,"Group Mnet — test RMSE stable across 100 iterations: range 0.36–0.41, mean 0.39 (SD=0.009). Average selected variables per run: 74.55 (SD=22.14) out of 504; ~14.8% selected per run.","Using PISA 2015 (KOR) the study leveraged student gender, home ICT resources, perceived school climate threats, teacher treatment, and life satisfaction to predict students’ sense of school belonging (ST034), finding that predictors spanning background, school climate, peer/teacher relationships, parental involvement, motivation/anxiety, ICT attitudes, and learning/physical activities contributed to prediction with stable test RMSE (≈0.39). This indicates that strengthening supportive school climate and positive teacher–peer relationships, alongside targeted supports for students’ motivation and anxiety, may improve school belonging, though the results are predictive and do not establish causal effects.",Non-Cognitive / Process Output,Attitudinal / Affective,Student: Demographic; Student: Attitudinal/Behavioral; School/Teacher: Practice
10.1186/s40536-025-00246-x,PIRLS 2016 to compute design effects for multiple po,reading achievement,,Not reported,"Using PIRLS 2016 to compute design effects for multiple po the study leveraged the reported predictors to predict reading achievement, finding that This paper is a design-effect and uncertainty quantification study rather than a predictive modeling paper. Using PIRLS 2016 reading achievement data for grade four, it decomposes total uncertainty into sampling variance (complex stratified multistage sampling with clustering) and assessment variance (matrix sampling of items and plausible-values measurement). For sampling variance, it relies on PIRLS’ Jackknife Repeated Replications (JRR) to approximate the sampling distribution of estimators under the complex design. For assessment variance, it uses the random multiple imputation framework underlying plausible values, treating variability across plausible-value replications as measurement variance. Across 57 participating populations, the authors find that when estimating the mean achievement, the sampling design effect is often larger than the assessment design effect, but this is context dependent (e.g., assessment design effects exceed sampling effects in Macao and Malta). For other parameters—benchmark exceedance/probabilities and an OLS regression coefficient—the relative dominance of sampling vs assessment design effects attenuates and becomes less predictable, implying that credible inference requires accounting for both sources of design-based uncertainty. This indicates that these patterns have implications for educational policy and instructional practice, though cross-sectional ILSA designs cannot establish causality.",methodology_paper,Not reported,"Using PIRLS 2016 to compute design effects for multiple po the study leveraged the reported predictors to predict reading achievement, finding that This paper is a design-effect and uncertainty quantification study rather than a predictive modeling paper. Using PIRLS 2016 reading achievement data for grade four, it decomposes total uncertainty into sampling variance (complex stratified multistage sampling with clustering) and assessment variance (matrix sampling of items and plausible-values measurement). For sampling variance, it relies on PIRLS’ Jackknife Repeated Replications (JRR) to approximate the sampling distribution of estimators under the complex design. For assessment variance, it uses the random multiple imputation framework underlying plausible values, treating variability across plausible-value replications as measurement variance. Across 57 participating populations, the authors find that when estimating the mean achievement, the sampling design effect is often larger than the assessment design effect, but this is context dependent (e.g., assessment design effects exceed sampling effects in Macao and Malta). For other parameters—benchmark exceedance/probabilities and an OLS regression coefficient—the relative dominance of sampling vs assessment design effects attenuates and becomes less predictable, implying that credible inference requires accounting for both sources of design-based uncertainty. This indicates that these patterns have implications for educational policy and instructional practice, though cross-sectional ILSA designs cannot establish causality.",Reading,Cognitive Achievement,
10.1109/ACCESS.2025.3538585,PISA 2022 Mathematics (Spain) — Low vs High proficiency classification,Mathematics proficiency (Low vs High),"Grade repetition, Digital devices with screens, Extra mathematics classes, Number of books at home, Gender","Meta-model (stacking) — AUC: 0.9766; metrics reported across Accuracy, Recall, Precision, Specificity, F1; exact values per metric not fully enumerated in the provided text.","Using PISA 2022 Mathematics data for Spain, the study leveraged grade repetition, digital devices with screens, extra mathematics classes, number of books at home, and gender to predict mathematics proficiency (Low vs High), finding that the stacking meta-model outperformed individual classifiers with an AUC of 0.9766. This indicates that targeting grade repeaters and optimizing home learning resources (digital access and books) alongside structured extra mathematics support may improve the identification and support of students at risk of low mathematics achievement, though the results are predictive and SHAP-based interpretability does not establish causality.",peer_reviewed_research,"Meta-model (stacking) — AUC: 0.9766; metrics reported across Accuracy, Recall, Precision, Specificity, F1; exact values per metric not fully enumerated in the provided text.","Using PISA 2022 Mathematics data for Spain, the study leveraged grade repetition, digital devices with screens, extra mathematics classes, number of books at home, and gender to predict mathematics proficiency (Low vs High), finding that the stacking meta-model outperformed individual classifiers with an AUC of 0.9766. This indicates that targeting grade repeaters and optimizing home learning resources (digital access and books) alongside structured extra mathematics support may improve the identification and support of students at risk of low mathematics achievement, though the results are predictive and SHAP-based interpretability does not establish causality.",Mathematics,Cognitive Achievement,Student: Demographic; Student: Attitudinal/Behavioral; Student: SES
10.1109/ACCESS.2025.3538585,PISA 2022 Mathematics (Spain) — Medium vs High proficiency classification,Mathematics proficiency (Medium vs High),"Digital devices with screens, Gender, Study/homework before class, Grade repetition, Extra mathematics classes","Meta-model — reported as outperforming individual models across Accuracy, Recall, Precision, Specificity, F1, and AUC; exact AUC/ACC values not fully enumerated in the provided text.","Using PISA 2022 Mathematics data for Spain, the study leveraged digital devices with screens, gender, study/homework before class, grade repetition, and extra mathematics classes to predict mathematics proficiency (Medium vs High), finding that the stacking meta-model achieved superior discrimination across the reported classification metrics. This indicates that strengthening study habits before class and ensuring effective use of digital resources may help move students from medium to high mathematics performance, though the paper’s interpretability relies on SHAP and the analysis does not document PV handling or survey-weighted estimation.",peer_reviewed_research,"Meta-model — reported as outperforming individual models across Accuracy, Recall, Precision, Specificity, F1, and AUC; exact AUC/ACC values not fully enumerated in the provided text.","Using PISA 2022 Mathematics data for Spain, the study leveraged digital devices with screens, gender, study/homework before class, grade repetition, and extra mathematics classes to predict mathematics proficiency (Medium vs High), finding that the stacking meta-model achieved superior discrimination across the reported classification metrics. This indicates that strengthening study habits before class and ensuring effective use of digital resources may help move students from medium to high mathematics performance, though the paper’s interpretability relies on SHAP and the analysis does not document PV handling or survey-weighted estimation.",Mathematics,Cognitive Achievement,Student: Attitudinal/Behavioral; Student: Demographic; Student: SES
10.1109/ACCESS.2025.3538585,PISA 2022 Mathematics (Spain) — Low vs Medium proficiency classification,Mathematics proficiency (Low vs Medium),"Grade repetition, Digital devices with screens, Extra mathematics classes, Number of books at home, Study/homework before class",Meta-model — reported as improving ACC and generalization performance; exact metric values not fully enumerated in the provided text.,"Using PISA 2022 Mathematics data for Spain, the study leveraged grade repetition, digital devices with screens, extra mathematics classes, number of books at home, and study/homework before class to predict mathematics proficiency (Low vs Medium), finding that the ensemble meta-model provided the best overall discrimination and that SHAP highlighted grade repetition as strongly associated with low performance. This indicates that early intervention for students who repeat grades, combined with home-resource and homework-support strategies, may reduce the probability of remaining in low mathematics proficiency bands, while causality cannot be inferred from SHAP feature importance alone.",peer_reviewed_research,Meta-model — reported as improving ACC and generalization performance; exact metric values not fully enumerated in the provided text.,"Using PISA 2022 Mathematics data for Spain, the study leveraged grade repetition, digital devices with screens, extra mathematics classes, number of books at home, and study/homework before class to predict mathematics proficiency (Low vs Medium), finding that the ensemble meta-model provided the best overall discrimination and that SHAP highlighted grade repetition as strongly associated with low performance. This indicates that early intervention for students who repeat grades, combined with home-resource and homework-support strategies, may reduce the probability of remaining in low mathematics proficiency bands, while causality cannot be inferred from SHAP feature importance alone.",Mathematics,Cognitive Achievement,Student: Demographic; Student: Attitudinal/Behavioral; Student: SES
10.1016/j.seps.2019.06.009,PISA 2012 (Tunisia) — school-level efficiency (2011–2012) using DDF/DEA,School inefficiency score (DDF output),"School size, Class size, Proportion of girls, Competition (dummy), Parental pressure","Regression tree (RT): graphical splits and mean inefficiency by node; Random Forest (RF): variable importance ranges (Pressure 8.492%, Competition 10.499%, Location 10.913%, Class size 21.022%, School size 46.517%, % Girls 47.773%). Linear robustness checks: OLS and Tobit reported significance at 5% for Competition and School location (coefficients shown in Tables 6–7).","Using PISA 2012 (Tunisia) school-level the study leveraged school size, class size, proportion of girls, competition, and parental pressure to predict school inefficiency (a DDF/DEA-derived measure combining PISA achievement and dropout). It found that inefficiency is strongly and non-linearly associated with school size and the proportion of girls, with RF importance ranking % girls and school size as the top contributors (≈48% each), while competition and parental pressure show conditional effects through interactions captured by the regression tree. This indicates that Tunisian secondary-school improvement policies should prioritize organizational levers (school/class size and gender composition) and tailor interventions to interaction patterns rather than assuming linear, one-factor-at-a-time relationships, though the study’s ML stage does not report survey-weighted inference and causality cannot be inferred from predictive importance.",peer_reviewed_research,"Regression tree (RT): graphical splits and mean inefficiency by node; Random Forest (RF): variable importance ranges (Pressure 8.492%, Competition 10.499%, Location 10.913%, Class size 21.022%, School size 46.517%, % Girls 47.773%). Linear robustness checks: OLS and Tobit reported significance at 5% for Competition and School location (coefficients shown in Tables 6–7).","Using PISA 2012 (Tunisia) school-level the study leveraged school size, class size, proportion of girls, competition, and parental pressure to predict school inefficiency (a DDF/DEA-derived measure combining PISA achievement and dropout). It found that inefficiency is strongly and non-linearly associated with school size and the proportion of girls, with RF importance ranking % girls and school size as the top contributors (≈48% each), while competition and parental pressure show conditional effects through interactions captured by the regression tree. This indicates that Tunisian secondary-school improvement policies should prioritize organizational levers (school/class size and gender composition) and tailor interventions to interaction patterns rather than assuming linear, one-factor-at-a-time relationships, though the study’s ML stage does not report survey-weighted inference and causality cannot be inferred from predictive importance.",Composite / Multi-Domain,Cognitive Achievement,School/Teacher: Context; Student: Attitudinal/Behavioral
10.1186/s40536-025-00262-x,TIMSS 2011→2015 Grade 8 Mathematics (Method 1 and Method 2 components),Math achievement (country-level mean; residual screening),"Country indicator, Books at home, Gender, Belonging at school, Self-confidence in math","Residual screening: countries with positive residuals above the 80th percentile (no RMSE/accuracy reported). For 2015 Grade 8 Math (29 countries in both pairs): Method 1 (2011–2015) median residual −0.2, IQR 7.7; Method 2 (2015–2019) median residual 0.6, IQR 7.6; 5 countries above 80th percentile in each pair (2011–2015: Dubai, Italy, New Zealand, Kuwait, Chile; 2015–2019: Iran, Ireland, Chile, Italy, Turkey).","Using TIMSS 2011→2015 and 2015→2019 Grade 8 Mathematics the study leveraged country indicator and student background/context variables (e.g., books at home, gender, school belonging, and math self-confidence) to predict country-level mean math achievement and compute residuals for screening. It found that residual distributions were generally well-behaved and that only a small set of countries fell into the upper tail (above the 80th percentile), suggesting the composite residual indicator can flag potentially unusual outcomes without producing widespread false alarms. This indicates that neural-network-based prediction with regression-based bias mitigation could strengthen TIMSS quality assurance by providing an additional, model-based screening signal for follow-up investigations, though the paper does not establish causal validity or provide uncertainty metrics for the screening threshold.",peer_reviewed_research,"Residual screening: countries with positive residuals above the 80th percentile (no RMSE/accuracy reported). For 2015 Grade 8 Math (29 countries in both pairs): Method 1 (2011–2015) median residual −0.2, IQR 7.7; Method 2 (2015–2019) median residual 0.6, IQR 7.6; 5 countries above 80th percentile in each pair (2011–2015: Dubai, Italy, New Zealand, Kuwait, Chile; 2015–2019: Iran, Ireland, Chile, Italy, Turkey).","Using TIMSS 2011→2015 and 2015→2019 Grade 8 Mathematics the study leveraged country indicator and student background/context variables (e.g., books at home, gender, school belonging, and math self-confidence) to predict country-level mean math achievement and compute residuals for screening. It found that residual distributions were generally well-behaved and that only a small set of countries fell into the upper tail (above the 80th percentile), suggesting the composite residual indicator can flag potentially unusual outcomes without producing widespread false alarms. This indicates that neural-network-based prediction with regression-based bias mitigation could strengthen TIMSS quality assurance by providing an additional, model-based screening signal for follow-up investigations, though the paper does not establish causal validity or provide uncertainty metrics for the screening threshold.",Composite / Multi-Domain,Cognitive Achievement,System: Policy/Context; Student: SES; Student: Demographic; School/Teacher: Context; Student: Attitudinal/Behavioral
10.1186/s40536-025-00262-x,TIMSS 2011→2015 Grade 8 Science (Method 1 and Method 2 components),Science achievement (country-level mean; residual screening),"Country indicator, Internet connection at home, Peer teasing/bullying, Feeling safe at school, Teacher expectations clarity","Residual screening: countries with positive residuals above the 80th percentile (no RMSE/accuracy reported). For 2015 Grade 8 Science (22 countries in both pairs): Method 1 (2011–2015) median residual 0.0, IQR 7.5; Method 2 (2015–2019) median residual 0.1, IQR 7.8; 4 countries above 80th percentile in each pair (2011–2015: Qatar, Kuwait, Chile, New Zealand; 2015–2019: Hong Kong, England, Italy, US).","Using TIMSS 2011→2015 and 2015→2019 Grade 8 Science the study leveraged country indicator and student background/context variables (e.g., home ICT access, peer climate, school safety, and teacher expectations) to predict country-level mean science achievement and compute residuals for screening. It found that science residual distributions were again approximately centered near zero with a limited number of upper-tail countries, indicating that the approach can identify a small set of potentially unusual country outcomes. This indicates that adding residual-based, model-prediction QC indicators may help TIMSS adjudication teams prioritize costly investigations, while still requiring triangulation with sampling/implementation evidence because the method’s overlap with documented sample-quality/population-definition issues was modest.",peer_reviewed_research,"Residual screening: countries with positive residuals above the 80th percentile (no RMSE/accuracy reported). For 2015 Grade 8 Science (22 countries in both pairs): Method 1 (2011–2015) median residual 0.0, IQR 7.5; Method 2 (2015–2019) median residual 0.1, IQR 7.8; 4 countries above 80th percentile in each pair (2011–2015: Qatar, Kuwait, Chile, New Zealand; 2015–2019: Hong Kong, England, Italy, US).","Using TIMSS 2011→2015 and 2015→2019 Grade 8 Science the study leveraged country indicator and student background/context variables (e.g., home ICT access, peer climate, school safety, and teacher expectations) to predict country-level mean science achievement and compute residuals for screening. It found that science residual distributions were again approximately centered near zero with a limited number of upper-tail countries, indicating that the approach can identify a small set of potentially unusual country outcomes. This indicates that adding residual-based, model-prediction QC indicators may help TIMSS adjudication teams prioritize costly investigations, while still requiring triangulation with sampling/implementation evidence because the method’s overlap with documented sample-quality/population-definition issues was modest.",Science,Cognitive Achievement,System: Policy/Context; Student: Attitudinal/Behavioral; School/Teacher: Context; School/Teacher: Practice
10.1186/s40536-025-00262-x,TIMSS Grade 8 Mathematics and Science (RQ3 composite indicator across Method 1 and Method 2),Composite QC indicator correspondence (screened set vs sample-quality/population-definition flags),"Residual screening from Method 1, Residual screening from Method 2, Upper quintile threshold","Correspondence: modest overlap between screened set (union of countries in top quintiles from either method) and countries flagged in TIMSS documentation for substantial changes in sample quality and/or population definition. Examples reported: TIMSS 2015 Grade 8—Kazakhstan, Saudi Arabia, Turkey had exclusion rates >10%; Turkey, Quebec, US flagged for low participation; overlap only for Kazakhstan, Iran, Turkey in math and Georgia, New Zealand in science. TIMSS 2019 Grade 8—Saudi Arabia, Kazakhstan, Russia had notable exclusion rates; Hong Kong, Norway, US flagged for participation concerns; overlap only for Iran, Italy, Turkey in math and Hong Kong, Italy, US in science.","Using TIMSS Grade 8 Mathematics and Science the study combined residual-based screening from two neural-network/regression QC methods (union of top-quintile countries) and compared the screened set to TIMSS documentation about sample-quality and population-definition changes. It found only modest correspondence, implying that large positive residuals sometimes reflect broader workflow anomalies not captured by the documented sampling-quality indicators. This indicates that residual-based QC should be treated as a complementary screening tool rather than a definitive adjudication criterion, and that future TIMSS QC research should triangulate residual signals with paradata and implementation indicators to improve specificity.",peer_reviewed_research,"Correspondence: modest overlap between screened set (union of countries in top quintiles from either method) and countries flagged in TIMSS documentation for substantial changes in sample quality and/or population definition. Examples reported: TIMSS 2015 Grade 8—Kazakhstan, Saudi Arabia, Turkey had exclusion rates >10%; Turkey, Quebec, US flagged for low participation; overlap only for Kazakhstan, Iran, Turkey in math and Georgia, New Zealand in science. TIMSS 2019 Grade 8—Saudi Arabia, Kazakhstan, Russia had notable exclusion rates; Hong Kong, Norway, US flagged for participation concerns; overlap only for Iran, Italy, Turkey in math and Hong Kong, Italy, US in science.","Using TIMSS Grade 8 Mathematics and Science the study combined residual-based screening from two neural-network/regression QC methods (union of top-quintile countries) and compared the screened set to TIMSS documentation about sample-quality and population-definition changes. It found only modest correspondence, implying that large positive residuals sometimes reflect broader workflow anomalies not captured by the documented sampling-quality indicators. This indicates that residual-based QC should be treated as a complementary screening tool rather than a definitive adjudication criterion, and that future TIMSS QC research should triangulate residual signals with paradata and implementation indicators to improve specificity.",Other / Unspecified,Other,Student: Attitudinal/Behavioral
10.1186/s40536-025-00255-w,ÉpStan-aligned German Grade 5 reading comprehension texts (GPT-4 generation; human vs AI; narrative & informative genres),"Text quality ratings (readability, correctness, coherence, engagement, adequacy)",,"MANOVA (Pillai’s Trace) for narrative: V=0.169, F(10, 522)=4.82, p<0.001; MANOVA for informative: V=0.077, F(10, 522)=2.093, p=0.023. Narrative post-hoc: significant differences in readability, engagement, coherence, adequacy; correctness showed no significant differences. Informative post-hoc: significant differences in readability (human vs one-shot), AI one-shot vs zero-shot (readability, coherence, adequacy). Descriptives: all mean dimension scores >4 on 5-point Likert; Cronbach’s alpha per dimension ~0.71–0.89; ceiling effects reported.","Using ÉpStan-aligned German Grade 5 reading comprehension texts the study compared human-written versus GPT-4 texts under zero-shot and one-shot prompting and evaluated five human-rated quality dimensions, finding that overall text quality was similarly high and that prompt type mattered by genre (one-shot better for informative texts; human-written better for narratives). This indicates that generative AI can support reading-text development in large-scale assessment contexts, but prompt strategy and genre-specific oversight are necessary to preserve engagement and coherence.",peer_reviewed_research,"MANOVA (Pillai’s Trace) for narrative: V=0.169, F(10, 522)=4.82, p<0.001; MANOVA for informative: V=0.077, F(10, 522)=2.093, p=0.023. Narrative post-hoc: significant differences in readability, engagement, coherence, adequacy; correctness showed no significant differences. Informative post-hoc: significant differences in readability (human vs one-shot), AI one-shot vs zero-shot (readability, coherence, adequacy). Descriptives: all mean dimension scores >4 on 5-point Likert; Cronbach’s alpha per dimension ~0.71–0.89; ceiling effects reported.","Using ÉpStan-aligned German Grade 5 reading comprehension texts the study compared human-written versus GPT-4 texts under zero-shot and one-shot prompting and evaluated five human-rated quality dimensions, finding that overall text quality was similarly high and that prompt type mattered by genre (one-shot better for informative texts; human-written better for narratives). This indicates that generative AI can support reading-text development in large-scale assessment contexts, but prompt strategy and genre-specific oversight are necessary to preserve engagement and coherence.",Other / Unspecified,Other,
10.1186/s40536-025-00255-w,ÉpStan-aligned German Grade 5 reading comprehension texts (blinded authorship discernibility; narrative & informative genres),Authorship discernibility (human vs AI; correct identification rates),,No text type achieved >50% correct identification. Narrative: mean accuracy 45.67% (human-written higher correct identification: 48.32% for narrative human-written; AI discernibility lower for narrative one-shot and zero-shot). Informative: mean accuracy 41.20% (informative zero-shot highest correct identification 49.44%; informative one-shot correct identification 31.46%). Substantial undecided responses (~1/6 to 1/4) and misclassification rates reported; discernibility differed by genre and prompting.,"Using ÉpStan-aligned German Grade 5 reading comprehension texts the study assessed whether reviewers could distinguish human-written from GPT-4-generated passages and found that reviewers could not reliably identify authorship, with no condition exceeding 50% correct and many undecided responses. This indicates that GPT-4 can emulate human-like reading passages sufficiently to challenge authorship detection, so assessment programs should rely on human-in-the-loop validation and provenance controls rather than on reviewer discernibility alone.",peer_reviewed_research,No text type achieved >50% correct identification. Narrative: mean accuracy 45.67% (human-written higher correct identification: 48.32% for narrative human-written; AI discernibility lower for narrative one-shot and zero-shot). Informative: mean accuracy 41.20% (informative zero-shot highest correct identification 49.44%; informative one-shot correct identification 31.46%). Substantial undecided responses (~1/6 to 1/4) and misclassification rates reported; discernibility differed by genre and prompting.,"Using ÉpStan-aligned German Grade 5 reading comprehension texts the study assessed whether reviewers could distinguish human-written from GPT-4-generated passages and found that reviewers could not reliably identify authorship, with no condition exceeding 50% correct and many undecided responses. This indicates that GPT-4 can emulate human-like reading passages sufficiently to challenge authorship detection, so assessment programs should rely on human-in-the-loop validation and provenance controls rather than on reviewer discernibility alone.",Other / Unspecified,Other,
10.1186/s40536-025-00264-9,NAEP 2022 Grade 8 Reading (PV-based group means/variances via IRT-latent regression),Group mean estimates (PV-based),"Gender (main construct), Race/ethnicity (main construct), English learner status, Disability status, FRPL eligibility (SES)",Real-data comparison: differences in composite means between COR and COV-H are <0.5 points for all categories; trend significance vs 2019 is the same in all but one test (ELL in mathematics: p=0.049 COR vs p=0.070 COV-H).,"Using NAEP 2022 Grade 8 Reading the study leveraged a hybrid PCA-COV approach that directly includes main constructs (gender, race/ethnicity, English learner status, disability status, and FRPL-based SES) while applying PCA-COV to the remaining contextual variables to predict PV-based group mean estimates, finding that primary trend inferences were largely unaffected when transitioning from PCA-COR to PCA-COV-H. This indicates that NAEP can broaden contextual reporting scope and improve estimation robustness without materially changing headline trend conclusions, though one borderline ELL mathematics trend test changed significance.",peer_reviewed_research,Real-data comparison: differences in composite means between COR and COV-H are <0.5 points for all categories; trend significance vs 2019 is the same in all but one test (ELL in mathematics: p=0.049 COR vs p=0.070 COV-H).,"Using NAEP 2022 Grade 8 Reading the study leveraged a hybrid PCA-COV approach that directly includes main constructs (gender, race/ethnicity, English learner status, disability status, and FRPL-based SES) while applying PCA-COV to the remaining contextual variables to predict PV-based group mean estimates, finding that primary trend inferences were largely unaffected when transitioning from PCA-COR to PCA-COV-H. This indicates that NAEP can broaden contextual reporting scope and improve estimation robustness without materially changing headline trend conclusions, though one borderline ELL mathematics trend test changed significance.",Other / Unspecified,Other,Student: Demographic; Student: Attitudinal/Behavioral; Student: SES
10.1186/s40536-025-00264-9,NAEP 2022 Grade 8 Mathematics (PV-based group means/variances via IRT-latent regression),Group mean estimates (PV-based),"Gender (main construct), Race/ethnicity (main construct), English learner status, Disability status, FRPL eligibility (SES)",Real-data comparison: differences in composite means between COR and COV-H are <0.5 points for all categories; trend significance vs 2019 is the same in all but one test (ELL in mathematics: p=0.049 COR vs p=0.070 COV-H).,"Using NAEP 2022 Grade 8 Mathematics the study leveraged the hybrid PCA-COV method (direct main-construct predictors plus PCA-COV on residual contextual variance) to predict PV-based group mean estimates, finding that differences between COR and COV-H were small (<0.5 points) and that trend significance against 2019 was preserved except for the ELL group where significance shifted from barely significant to non-significant. This indicates that adopting PCA-COV can improve contextual variance explanation while maintaining comparability of most subgroup trend inferences, but analysts should monitor borderline cases for groups with smaller effective sample sizes.",peer_reviewed_research,Real-data comparison: differences in composite means between COR and COV-H are <0.5 points for all categories; trend significance vs 2019 is the same in all but one test (ELL in mathematics: p=0.049 COR vs p=0.070 COV-H).,"Using NAEP 2022 Grade 8 Mathematics the study leveraged the hybrid PCA-COV method (direct main-construct predictors plus PCA-COV on residual contextual variance) to predict PV-based group mean estimates, finding that differences between COR and COV-H were small (<0.5 points) and that trend significance against 2019 was preserved except for the ELL group where significance shifted from barely significant to non-significant. This indicates that adopting PCA-COV can improve contextual variance explanation while maintaining comparability of most subgroup trend inferences, but analysts should monitor borderline cases for groups with smaller effective sample sizes.",Other / Unspecified,Other,Student: Demographic; Student: Attitudinal/Behavioral; Student: SES
10.1186/s40536-025-00264-9,Simulation based on NAEP 2019 Mathematics Grade 8 contextual structure (IRT-latent regression with PV generation),Mean estimation bias and MSE (PV-based group means),"Gender (main construct), Race/ethnicity (main construct), English learner status, Disability status, FRPL eligibility (SES)","Simulation: PCA-COV substantially reduces estimation bias and mean squared error (MSE) for group mean estimators; PCA-COV-Hybrid shows best bias performance for small groups (Asian, AI/AN, NH/PI). Additional analysis (Variance estimation bias and MSE (PV-based group variances)): Simulation: PCA-COV methods clearly and dramatically outperform PCA-COR for MSE on variance estimates; bias on variances is less problematic under PCA-COV than PCA-COR, with the greatest outperformance again for the smallest groups.","Using simulation data generated from NAEP 2019 Grade 8 mathematics contextual-variable structure and PV-based IRT-latent regression, the study leveraged PCA-COV (and PCA-COV-Hybrid) data reduction to predict PV-based group mean estimates, finding that PCA-COV substantially reduces estimation bias and mean squared error relative to PCA-COR, with PCA-COV-Hybrid achieving the least mean bias for small primary groups. This indicates that weighting contextual variables by variance (PCA-COV) can improve robustness of subgroup mean estimation when test reliability is low and many contextual predictors are included, supporting methodological upgrades that reduce estimation instability.",peer_reviewed_research,"Simulation: PCA-COV substantially reduces estimation bias and mean squared error (MSE) for group mean estimators; PCA-COV-Hybrid shows best bias performance for small groups (Asian, AI/AN, NH/PI). Additional analysis (Variance estimation bias and MSE (PV-based group variances)): Simulation: PCA-COV methods clearly and dramatically outperform PCA-COR for MSE on variance estimates; bias on variances is less problematic under PCA-COV than PCA-COR, with the greatest outperformance again for the smallest groups.","Using simulation data generated from NAEP 2019 Grade 8 mathematics contextual-variable structure and PV-based IRT-latent regression, the study leveraged PCA-COV (and PCA-COV-Hybrid) data reduction to predict PV-based group mean estimates, finding that PCA-COV substantially reduces estimation bias and mean squared error relative to PCA-COR, with PCA-COV-Hybrid achieving the least mean bias for small primary groups. This indicates that weighting contextual variables by variance (PCA-COV) can improve robustness of subgroup mean estimation when test reliability is low and many contextual predictors are included, supporting methodological upgrades that reduce estimation instability.",Other / Unspecified,Other,Student: Demographic; Student: Attitudinal/Behavioral; Student: SES
10.1186/s40536-024-00224-9,PIRLS 2016 (ePIRLS 2016) Grade 4 Reading for information (paper vs electronic modes),Mode difference in reading achievement (e-reading PV minus paper PV),"Device use in and out school, Computer self-efficacy, Home resources for learning, Home digital device access, Computers to students ratio","OLS regression with PV-difference outcomes; model fit reported as country-specific R-squared/adjusted R-squared and F-statistics (e.g., Model 1 R-squared ranges ~0.00–0.02; Model 2 R-squared ranges ~0.01–0.03). No ML metrics (accuracy/AUC/RMSE) reported.","Using PIRLS 2016/ePIRLS 2016 Grade 4 reading-for-information the study leveraged device use in and out school, computer self-efficacy, home resources for learning, home digital device access, and computers-to-students ratio to explain the mode difference between electronic and paper reading PVs, finding limited and country-specific associations (notably device use and self-efficacy in Portugal; home digital access in Italy; computers-to-students ratio and digital-resource-shortage instruction effects in Denmark/Italy; and home resources for learning predicting differences in several countries). This indicates that technology-related inequalities and school ICT capacity may shape whether electronic reading outperforms paper, but effects are small and not consistent across all European contexts.",peer_reviewed_research,"OLS regression with PV-difference outcomes; model fit reported as country-specific R-squared/adjusted R-squared and F-statistics (e.g., Model 1 R-squared ranges ~0.00–0.02; Model 2 R-squared ranges ~0.01–0.03). No ML metrics (accuracy/AUC/RMSE) reported.","Using PIRLS 2016/ePIRLS 2016 Grade 4 reading-for-information the study leveraged device use in and out school, computer self-efficacy, home resources for learning, home digital device access, and computers-to-students ratio to explain the mode difference between electronic and paper reading PVs, finding limited and country-specific associations (notably device use and self-efficacy in Portugal; home digital access in Italy; computers-to-students ratio and digital-resource-shortage instruction effects in Denmark/Italy; and home resources for learning predicting differences in several countries). This indicates that technology-related inequalities and school ICT capacity may shape whether electronic reading outperforms paper, but effects are small and not consistent across all European contexts.",Reading,Cognitive Achievement,School/Teacher: Context; Student: Attitudinal/Behavioral
10.1186/s40536-025-00248-9,PISA 2018 Mathematics (Belgium) — multilevel student (level 1) and school (level 2) model with plausible values,Math achievement (Plausible Values; pv1math–pv10math),"Gender, Socioeconomic status (ESCS), Immigration status, Student behavior hindering learning, Lack of teaching staff","Fixed-effect estimates compared across three conditions: 90% complete data (results C), 82% complete data (results B), and multiply imputed datasets (results A) using 200 multiply imputed datasets (20 imputations per plausible value across 10 plausible values). No predictive accuracy metrics reported; differences assessed via coefficient similarity and random-effects ICCs.","Using PISA 2018 Mathematics (Belgium) the study leveraged Gender, ESCS, immigration status, student behavior hindering learning, and lack of teaching staff to model math achievement from plausible values, finding that results from the multiply imputed analysis (A) were closest to the 90% complete analysis (C), while the 82% complete analysis (B) showed larger discrepancies, especially for level-2 coefficients and the intercept. This indicates that multiple imputation in a multilevel, weighted plausible-values setting can reduce bias introduced by listwise deletion/complete-case reductions, supporting more transparent and less error-prone missing-data practice in LSA analyses.",methodology_paper,"Fixed-effect estimates compared across three conditions: 90% complete data (results C), 82% complete data (results B), and multiply imputed datasets (results A) using 200 multiply imputed datasets (20 imputations per plausible value across 10 plausible values). No predictive accuracy metrics reported; differences assessed via coefficient similarity and random-effects ICCs.","Using PISA 2018 Mathematics (Belgium) the study leveraged Gender, ESCS, immigration status, student behavior hindering learning, and lack of teaching staff to model math achievement from plausible values, finding that results from the multiply imputed analysis (A) were closest to the 90% complete analysis (C), while the 82% complete analysis (B) showed larger discrepancies, especially for level-2 coefficients and the intercept. This indicates that multiple imputation in a multilevel, weighted plausible-values setting can reduce bias introduced by listwise deletion/complete-case reductions, supporting more transparent and less error-prone missing-data practice in LSA analyses.",Mathematics,Cognitive Achievement,Student: Demographic; Student: SES; Student: Attitudinal/Behavioral
10.1186/s40536-025-00248-9,PISA 2018 Mathematics (Belgium) — multilevel random-effects model with plausible values,School-level variance (random effects) and ICC,"Socioeconomic status (ESCS), Student behavior hindering learning, Lack of teaching staff","Random-effects comparison across conditions: School intercept variance (τ00) 2675.176 (90% complete), 2099.088 (82% complete), 3282.989 (imputed); residual variance (σ²) 4397.184 (90% complete), 3895.583 (82% complete), 4150.606 (imputed). ICC values: 0.38 (90% complete), 0.35 (82% complete), 0.44 (imputed).","Using PISA 2018 Mathematics (Belgium) the study leveraged school and student predictors in a two-level random-intercept model and compared random-effects estimates across complete-case reductions versus multiply imputed datasets, finding that ICC was lower under the 82% complete condition (ICC=0.35) and higher under multiple imputation (ICC=0.44) relative to the 90% complete baseline (ICC=0.38). This indicates that missing-data handling can materially affect inferred between-school variability, implying that analysts should prefer multilevel multiple imputation over listwise deletion to avoid distorting conclusions about school-level differences.",methodology_paper,"Random-effects comparison across conditions: School intercept variance (τ00) 2675.176 (90% complete), 2099.088 (82% complete), 3282.989 (imputed); residual variance (σ²) 4397.184 (90% complete), 3895.583 (82% complete), 4150.606 (imputed). ICC values: 0.38 (90% complete), 0.35 (82% complete), 0.44 (imputed).","Using PISA 2018 Mathematics (Belgium) the study leveraged school and student predictors in a two-level random-intercept model and compared random-effects estimates across complete-case reductions versus multiply imputed datasets, finding that ICC was lower under the 82% complete condition (ICC=0.35) and higher under multiple imputation (ICC=0.44) relative to the 90% complete baseline (ICC=0.38). This indicates that missing-data handling can materially affect inferred between-school variability, implying that analysts should prefer multilevel multiple imputation over listwise deletion to avoid distorting conclusions about school-level differences.",Other / Unspecified,Other,Student: SES; Student: Attitudinal/Behavioral
10.1186/s40536-024-00219-6,"PISA 2015 Collaborative Problem Solving (CPS), student-level (China B-S-J-G regions)","CPS achievement (10 plausible values; scaled mean 500, SD 100)","Instrumental motivation, Achievement motivation, Enjoy cooperation, Value cooperation, Socioeconomic status (ESCS)",Not reported as ML metrics (multilevel linear model coefficients and significance reported; PVs estimated using Rubin’s rules).,"Using PISA 2015 CPS the study leveraged motivation-profile membership (derived from instrumental/achievement motivation and enjoy/value cooperation) together with student and school covariates such as ESCS to model CPS achievement (plausible values). It found that students in the achievement-oriented collaborator profile scored highest, while the instrument-oriented nonteam player profile scored lowest, with positive dummy coefficients for the other three profiles relative to the instrument-oriented nonteam player baseline. This indicates that strengthening achievement motivation alongside valuing collaboration may be more effective for improving CPS achievement than focusing on instrumental engagement alone, though the study is correlational and does not establish causal effects.",peer_reviewed_research,Not reported as ML metrics (multilevel linear model coefficients and significance reported; PVs estimated using Rubin’s rules).,"Using PISA 2015 CPS the study leveraged motivation-profile membership (derived from instrumental/achievement motivation and enjoy/value cooperation) together with student and school covariates such as ESCS to model CPS achievement (plausible values). It found that students in the achievement-oriented collaborator profile scored highest, while the instrument-oriented nonteam player profile scored lowest, with positive dummy coefficients for the other three profiles relative to the instrument-oriented nonteam player baseline. This indicates that strengthening achievement motivation alongside valuing collaboration may be more effective for improving CPS achievement than focusing on instrumental engagement alone, though the study is correlational and does not establish causal effects.",Composite / Multi-Domain,Cognitive Achievement,Student: Attitudinal/Behavioral; Student: Prior Achievement; Student: SES
10.3390/bs13050406,TIMSS,Literature synthesis outcome (not student-level prediction),,Not reported,"Using TIMSS the study leveraged the reported predictors to predict Literature synthesis outcome (not student-level prediction), finding that This paper proposes a theoretical framework for constructing a mathematical cognitive model intended for cognitive diagnostic assessment and adaptive learning systems. Using TIMSS’s cognitive framework as a starting point, the authors list 16 cognitive attributes (S1–S16) and apply interpretive structural modeling (ISM) to derive hierarchical relationships among attributes via expert judgments. Specifically, 52 experts completed a “cognitive attribute relationship” questionnaire, which was converted into a structural self-interaction matrix (SSIM) using a 50% threshold (more than 25 experts indicating a relationship), followed by adjacency and reachability matrix construction in MATLAB. The preliminary five-level model is then revised using interviews/discussion with six mathematics education professors and validated through verbal reports from one randomly selected fourth-grade student on two TIMSS item types. No predictive performance metrics (e.g., accuracy/RMSE) are reported because the study’s contribution is model construction and conceptual validation rather than ML-based prediction. This indicates that these patterns have implications for educational policy and instructional practice, though cross-sectional ILSA designs cannot establish causality.",methodology_paper,Not reported,"Using TIMSS the study leveraged the reported predictors to predict Literature synthesis outcome (not student-level prediction), finding that This paper proposes a theoretical framework for constructing a mathematical cognitive model intended for cognitive diagnostic assessment and adaptive learning systems. Using TIMSS’s cognitive framework as a starting point, the authors list 16 cognitive attributes (S1–S16) and apply interpretive structural modeling (ISM) to derive hierarchical relationships among attributes via expert judgments. Specifically, 52 experts completed a “cognitive attribute relationship” questionnaire, which was converted into a structural self-interaction matrix (SSIM) using a 50% threshold (more than 25 experts indicating a relationship), followed by adjacency and reachability matrix construction in MATLAB. The preliminary five-level model is then revised using interviews/discussion with six mathematics education professors and validated through verbal reports from one randomly selected fourth-grade student on two TIMSS item types. No predictive performance metrics (e.g., accuracy/RMSE) are reported because the study’s contribution is model construction and conceptual validation rather than ML-based prediction. This indicates that these patterns have implications for educational policy and instructional practice, though cross-sectional ILSA designs cannot establish causality.",Other / Unspecified,Other,
10.1007/s11145-020-10070-0,"PIRLS 2016 Grade 4 Reading (English-instruction systems: USA, England, Northern Ireland, Australia)",High vs low reading proficiency (benchmark-based),"Reading self-concepts, Reading attitudes, Teacher lets show learning, Generalize and infer, Same-ability groups","Binary classification (high=1, low=0). XGBoost testing: Accuracy 88.19%, Precision 88.99%, Recall 88.60%, F-score 88.19%, AUC 0.?? (AUC reported via ROC curves; exact AUC values not numerically listed). Best-performing model overall: XGBoost (highest testing accuracy and strong recall).","Using PIRLS 2016 Grade 4 Reading data from English-instruction systems, the study leveraged reading self-concepts, reading attitudes, and selected teacher instructional practices (e.g., same-ability grouping and comprehension strategy instruction) to predict high vs low reading proficiency, finding that affective constructs—especially reading self-concepts—were the predominant and most influential factors for discriminating high from low achievers. This indicates that egy instruction) to predict high vs low reading proficiency, finding that affective constructs—especially reading self-concepts—were the predominant and most influential factors for discriminating high from low achievers.",peer_reviewed_research,"Binary classification (high=1, low=0). XGBoost testing: Accuracy 88.19%, Precision 88.99%, Recall 88.60%, F-score 88.19%, AUC 0.?? (AUC reported via ROC curves; exact AUC values not numerically listed). Best-performing model overall: XGBoost (highest testing accuracy and strong recall).","Using PIRLS 2016 Grade 4 Reading data from English-instruction systems, the study leveraged reading self-concepts, reading attitudes, and selected teacher instructional practices (e.g., same-ability grouping and comprehension strategy instruction) to predict high vs low reading proficiency, finding that affective constructs—especially reading self-concepts—were the predominant and most influential factors for discriminating high from low achievers. This indicates that egy instruction) to predict high vs low reading proficiency, finding that affective constructs—especially reading self-concepts—were the predominant and most influential factors for discriminating high from low achievers.",Composite / Multi-Domain,Cognitive Achievement,Student: Attitudinal/Behavioral; School/Teacher: Practice
10.1007/s10639-023-12272-9,ICILS 2013 & 2018 Grade 8 Computer and Information Literacy (CIL) and Computational Thinking (CT),Digital skills (CIL/CT) gender gap,"ICT affect (interest/enjoyment), ICT availability at home, Positive ICT attitudes, Negative ICT attitudes, ICT self-efficacy (basic)","Integrative data analysis via multigroup SEMs + random/multilevel meta-analysis. For ICT affect: direct effect (partially standardized) c′ps = -0.29 (95% CI [-0.35, -0.23]); indirect effect abps = 0.04 (95% CI [0.03, 0.06]). For ICT beliefs: positive attitudes direct effect c′ps = -0.13 (95% CI [-0.20, -0.07]); negative attitudes c′ps = -0.11 (95% CI [-0.16, -0.05]); future expectations c′ps = -0.12 (95% CI [-0.19, -0.04]); indirect effects near zero except positive attitudes abps = 0.04 (95% CI [0.02, 0.05]). For ICT self-efficacy: basic direct effect c′ps = -0.11 (95% CI [-0.15, -0.06]); advanced direct effect c′ps = -0.17 (95% CI [-0.22, -0.12]); indirect effects near zero (basic abps = -0.05, 95% CI [-0.07, -0.03]; advanced abps = 0.00, 95% CI [-0.02, 0.01]).","Using ICILS 2013 & 2018 Grade 8 the study leveraged ICT availability at home and students’ ICT attitudes (ICT affect, ICT beliefs, and ICT self-efficacy) to estimate direct and indirect gender effects on digital skills (CIL/CT), finding that girls outperform boys in digital skills with moderate negative direct effects (e.g., c′ps = -0.29 via ICT affect) and that attitudes toward technology partially mediate the gender gap (e.g., positive indirect effect via ICT affect; indirect effects near zero for several belief/self-efficacy subdimensions). This indicates that gender-equity interventions should target students’ technology attitudes—especially affect/interest and positive attitudes—rather than focusing only on access to ICT.",peer_reviewed_research,"Integrative data analysis via multigroup SEMs + random/multilevel meta-analysis. For ICT affect: direct effect (partially standardized) c′ps = -0.29 (95% CI [-0.35, -0.23]); indirect effect abps = 0.04 (95% CI [0.03, 0.06]). For ICT beliefs: positive attitudes direct effect c′ps = -0.13 (95% CI [-0.20, -0.07]); negative attitudes c′ps = -0.11 (95% CI [-0.16, -0.05]); future expectations c′ps = -0.12 (95% CI [-0.19, -0.04]); indirect effects near zero except positive attitudes abps = 0.04 (95% CI [0.02, 0.05]). For ICT self-efficacy: basic direct effect c′ps = -0.11 (95% CI [-0.15, -0.06]); advanced direct effect c′ps = -0.17 (95% CI [-0.22, -0.12]); indirect effects near zero (basic abps = -0.05, 95% CI [-0.07, -0.03]; advanced abps = 0.00, 95% CI [-0.02, 0.01]).","Using ICILS 2013 & 2018 Grade 8 the study leveraged ICT availability at home and students’ ICT attitudes (ICT affect, ICT beliefs, and ICT self-efficacy) to estimate direct and indirect gender effects on digital skills (CIL/CT), finding that girls outperform boys in digital skills with moderate negative direct effects (e.g., c′ps = -0.29 via ICT affect) and that attitudes toward technology partially mediate the gender gap (e.g., positive indirect effect via ICT affect; indirect effects near zero for several belief/self-efficacy subdimensions). This indicates that gender-equity interventions should target students’ technology attitudes—especially affect/interest and positive attitudes—rather than focusing only on access to ICT.",Other / Unspecified,Other,Student: Attitudinal/Behavioral
10.1016/j.ijer.2023.102267,"PISA 2018 Reading (PV1READ), top-performing subset: B-S-J-Z (CHN), Singapore (SGP), Macau (MAC)",Reading literacy (PV1READ),"Assessing credibility, Summarizing information, Socioeconomic status (ESCS), Reading interest, Understanding and remembering","Shapley value decomposition: relative contribution—Student background 18.87%, Metacognitive strategies 53.83%, Reading motivation/attitude 27.30%. GBDT: R² = 0.499; RMSE = 68.34 (for the combined top-performing subset).","Using PISA 2018 Reading data (PV1READ) for the combined top-performing subset (B-S-J-Z, Singapore, and Macau), the study leveraged assessing credibility, summarizing information, ESCS, reading interest, and understanding/remembering to predict reading literacy, finding that metacognitive strategies (especially assessing credibility) contributed the largest share of explained variance and that the GBDT model achieved R² = 0.499. This indicates that reading-improvement policies in high-performing contexts should prioritize metacognitive instruction—particularly credibility evaluation and information summarization—alongside socioeconomic and motivational supports, while noting the analysis is cross-sectional and does not report complex-survey weighting.",peer_reviewed_research,"Shapley value decomposition: relative contribution—Student background 18.87%, Metacognitive strategies 53.83%, Reading motivation/attitude 27.30%. GBDT: R² = 0.499; RMSE = 68.34 (for the combined top-performing subset).","Using PISA 2018 Reading data (PV1READ) for the combined top-performing subset (B-S-J-Z, Singapore, and Macau), the study leveraged assessing credibility, summarizing information, ESCS, reading interest, and understanding/remembering to predict reading literacy, finding that metacognitive strategies (especially assessing credibility) contributed the largest share of explained variance and that the GBDT model achieved R² = 0.499. This indicates that reading-improvement policies in high-performing contexts should prioritize metacognitive instruction—particularly credibility evaluation and information summarization—alongside socioeconomic and motivational supports, while noting the analysis is cross-sectional and does not report complex-survey weighting.",Reading,Cognitive Achievement,Student: SES; Student: Attitudinal/Behavioral
10.1016/j.ijer.2023.102267,"PISA 2018 Reading (PV1READ), all 79 participating countries/economies",Reading literacy (PV1READ),"Assessing credibility, Socioeconomic status (ESCS), Summarizing information, Self-concept: perceived difficulty, Reading interest",GBDT: R² = 0.48; RMSE = 73.26 (all 79 countries/economies). Table 4 top five factors: assessing credibility; ESCS; summarizing information; self-concept: perceived difficulty; reading interest.,"Using PISA 2018 Reading data (PV1READ) across all 79 participating countries/economies, the study leveraged assessing credibility, ESCS, summarizing information, perceived difficulty self-concept, and reading interest to predict reading literacy, finding that the top predictors differ from the high-performing Asian subset—especially with perceived difficulty becoming more prominent globally. This indicates that system-wide reading interventions may need to combine metacognitive credibility/summarization training with explicit attention to students’ perceived reading difficulty, while recognizing that causal claims cannot be made from cross-sectional ML prediction.",peer_reviewed_research,GBDT: R² = 0.48; RMSE = 73.26 (all 79 countries/economies). Table 4 top five factors: assessing credibility; ESCS; summarizing information; self-concept: perceived difficulty; reading interest.,"Using PISA 2018 Reading data (PV1READ) across all 79 participating countries/economies, the study leveraged assessing credibility, ESCS, summarizing information, perceived difficulty self-concept, and reading interest to predict reading literacy, finding that the top predictors differ from the high-performing Asian subset—especially with perceived difficulty becoming more prominent globally. This indicates that system-wide reading interventions may need to combine metacognitive credibility/summarization training with explicit attention to students’ perceived reading difficulty, while recognizing that causal claims cannot be made from cross-sectional ML prediction.",Reading,Cognitive Achievement,Student: SES; Student: Attitudinal/Behavioral
10.1016/j.tsc.2025.101963,PISA 2022 Creative Thinking (innovative domain; 62 countries/economies),Creative thinking performance (PVs; standardized regression effects),"Gender, Socioeconomic status (ESCS), Gender x SES interaction","Cluster-robust random-effects meta-analysis (Table 1): Gender effect (female vs male coding with male=1) Est.=0.277 (SE=0.014), 95% CI [0.250, 0.304], 95% PI [0.081, 0.472], p<.001; SES effect Est.=0.334 (SE=0.009), 95% CI [0.315, 0.353], 95% PI [0.192, 0.476], p<.001; Gender*SES interaction Est.=0.034 (SE=0.005), 95% CI [0.023, 0.044], 95% PI [0.021, 0.088], p<.001. Gender variability (lnVR) pooled lnVR=0.032 (SE=0.013), p<.05; variance ratio=0.97 (95% CI [0.94, 0.99]).","Using PISA 2022 Creative Thinking the study leveraged Gender and socioeconomic status (ESCS) plus their interaction to predict creative thinking PV performance, finding that female students outperform male students (gender main effect) and that higher SES is associated with higher creative thinking across countries. This indicates that reducing socioeconomic inequality and supporting gender-inclusive learning conditions may help sustain higher creative thinking outcomes, while the gender gap appears relatively stable across national contexts (though residual heterogeneity remains).",peer_reviewed_research,"Cluster-robust random-effects meta-analysis (Table 1): Gender effect (female vs male coding with male=1) Est.=0.277 (SE=0.014), 95% CI [0.250, 0.304], 95% PI [0.081, 0.472], p<.001; SES effect Est.=0.334 (SE=0.009), 95% CI [0.315, 0.353], 95% PI [0.192, 0.476], p<.001; Gender*SES interaction Est.=0.034 (SE=0.005), 95% CI [0.023, 0.044], 95% PI [0.021, 0.088], p<.001. Gender variability (lnVR) pooled lnVR=0.032 (SE=0.013), p<.05; variance ratio=0.97 (95% CI [0.94, 0.99]).","Using PISA 2022 Creative Thinking the study leveraged Gender and socioeconomic status (ESCS) plus their interaction to predict creative thinking PV performance, finding that female students outperform male students (gender main effect) and that higher SES is associated with higher creative thinking across countries. This indicates that reducing socioeconomic inequality and supporting gender-inclusive learning conditions may help sustain higher creative thinking outcomes, while the gender gap appears relatively stable across national contexts (though residual heterogeneity remains).",Problem Solving,Cognitive Achievement,Student: Demographic; Student: SES
10.1016/j.tsc.2025.101963,PISA 2022 Mathematics (core domain; 62 countries/economies),Mathematics performance (PVs; standardized regression effects),"Gender, Socioeconomic status (ESCS), Gender x SES interaction","Cluster-robust random-effects meta-analysis (Table 1): Gender effect Est.=0.028 (SE=0.015), 95% CI [0.003, 0.074], 95% PI [0.003, 0.198], p<.001; SES effect Est.=0.361 (SE=0.010), 95% CI [0.342, 0.381], 95% PI [0.213, 0.510], p<.001; Gender*SES interaction Est.=0.006 (SE=0.006), 95% CI [0.001, 0.018], 95% PI [0.006, 0.066], p<.001. Moderator results (Table 2): OECD membership moderates gender main effect (Est.=0.118, SE=0.024, p<.001) and HDI moderates gender main effect (Est.=0.778, SE=0.199, p<.001); power distance moderates gender main effect (Est.=0.002, SE=0.001, p<.05).","Using PISA 2022 Mathematics the study leveraged Gender and socioeconomic status (ESCS) plus their interaction to predict mathematics PV performance, finding that SES has a strong positive association with mathematics while the gender main effect is small and varies by country context. This indicates that mathematics achievement gaps are more sensitive to structural national conditions than creative thinking gaps, implying that policy levers may need to be domain-specific (e.g., targeted SES support and context-aware gender equity strategies for mathematics).",peer_reviewed_research,"Cluster-robust random-effects meta-analysis (Table 1): Gender effect Est.=0.028 (SE=0.015), 95% CI [0.003, 0.074], 95% PI [0.003, 0.198], p<.001; SES effect Est.=0.361 (SE=0.010), 95% CI [0.342, 0.381], 95% PI [0.213, 0.510], p<.001; Gender*SES interaction Est.=0.006 (SE=0.006), 95% CI [0.001, 0.018], 95% PI [0.006, 0.066], p<.001. Moderator results (Table 2): OECD membership moderates gender main effect (Est.=0.118, SE=0.024, p<.001) and HDI moderates gender main effect (Est.=0.778, SE=0.199, p<.001); power distance moderates gender main effect (Est.=0.002, SE=0.001, p<.05).","Using PISA 2022 Mathematics the study leveraged Gender and socioeconomic status (ESCS) plus their interaction to predict mathematics PV performance, finding that SES has a strong positive association with mathematics while the gender main effect is small and varies by country context. This indicates that mathematics achievement gaps are more sensitive to structural national conditions than creative thinking gaps, implying that policy levers may need to be domain-specific (e.g., targeted SES support and context-aware gender equity strategies for mathematics).",Mathematics,Cognitive Achievement,Student: Demographic; Student: SES
10.1016/j.tsc.2025.101963,PISA 2022 Reading (core domain; 62 countries/economies),Reading performance (PVs; standardized regression effects),"Gender, Socioeconomic status (ESCS), Gender x SES interaction","Cluster-robust random-effects meta-analysis (Table 1): Gender effect Est.=0.294 (SE=0.014), 95% CI [0.256, 0.322], 95% PI [0.087, 0.501], p<.001; SES effect Est.=0.342 (SE=0.009), 95% CI [0.324, 0.361], 95% PI [0.205, 0.479], p<.001; Gender*SES interaction Est.=0.026 (SE=0.006), 95% CI [0.015, 0.037], 95% PI [0.033, 0.085], p<.001. Moderator results (Table 2): OECD membership moderates gender main effect (Est.=0.075, SE=0.026, p<.01) and HDI moderates gender main effect (Est.=0.489, SE=0.228, p<.01); SES effects on reading are moderated by OECD membership (Est.=0.036, SE=0.017, p<.05).","Using PISA 2022 Reading the study leveraged Gender and socioeconomic status (ESCS) plus their interaction to predict reading PV performance, finding a consistent female advantage and a strong positive SES gradient across countries. This indicates that literacy-focused equity policies—especially those addressing socioeconomic disadvantage—are likely to support both gender and SES-related reading disparities, while acknowledging that some gender/SES patterns vary with national development and OECD membership.",peer_reviewed_research,"Cluster-robust random-effects meta-analysis (Table 1): Gender effect Est.=0.294 (SE=0.014), 95% CI [0.256, 0.322], 95% PI [0.087, 0.501], p<.001; SES effect Est.=0.342 (SE=0.009), 95% CI [0.324, 0.361], 95% PI [0.205, 0.479], p<.001; Gender*SES interaction Est.=0.026 (SE=0.006), 95% CI [0.015, 0.037], 95% PI [0.033, 0.085], p<.001. Moderator results (Table 2): OECD membership moderates gender main effect (Est.=0.075, SE=0.026, p<.01) and HDI moderates gender main effect (Est.=0.489, SE=0.228, p<.01); SES effects on reading are moderated by OECD membership (Est.=0.036, SE=0.017, p<.05).","Using PISA 2022 Reading the study leveraged Gender and socioeconomic status (ESCS) plus their interaction to predict reading PV performance, finding a consistent female advantage and a strong positive SES gradient across countries. This indicates that literacy-focused equity policies—especially those addressing socioeconomic disadvantage—are likely to support both gender and SES-related reading disparities, while acknowledging that some gender/SES patterns vary with national development and OECD membership.",Composite / Multi-Domain,Cognitive Achievement,Student: Demographic; Student: SES
10.1016/j.tsc.2026.102224,PISA 2022 Creative Thinking (East Asia overall; five economies combined),Creative thinking performance (average of 10 plausible values),"Index of ESCS, Self-efficacy in digital competencies, Curiosity, ICT resources, Imagination","Two-stage ML: LASSO selected 17 predictors at lambda=0.2062; Random Forest regression with 10-fold cross-validation — RMSE: 8.3413, R²: 0.3414; top importance ranked by %IncMSE (ESCS highest; students’ age lowest).","Using PISA 2022 Creative Thinking data for East Asia (five economies combined), the study leveraged Index of ESCS, self-efficacy in digital competencies, curiosity, ICT resources, and imagination to predict creative thinking performance (average of 10 plausible values), finding that ESCS was the most important predictor and the overall Random Forest achieved RMSE=8.3413 and R²=0.3414. This indicates that strengthening students’ socioeconomic enabling conditions and digital self-efficacy may be central to improving creative thinking, though the results are predictive correlations rather than causal effects.",peer_reviewed_research,"Two-stage ML: LASSO selected 17 predictors at lambda=0.2062; Random Forest regression with 10-fold cross-validation — RMSE: 8.3413, R²: 0.3414; top importance ranked by %IncMSE (ESCS highest; students’ age lowest).","Using PISA 2022 Creative Thinking data for East Asia (five economies combined), the study leveraged Index of ESCS, self-efficacy in digital competencies, curiosity, ICT resources, and imagination to predict creative thinking performance (average of 10 plausible values), finding that ESCS was the most important predictor and the overall Random Forest achieved RMSE=8.3413 and R²=0.3414. This indicates that strengthening students’ socioeconomic enabling conditions and digital self-efficacy may be central to improving creative thinking, though the results are predictive correlations rather than causal effects.",Problem Solving,Cognitive Achievement,Student: SES; Student: Attitudinal/Behavioral
10.1016/j.tsc.2026.102224,PISA 2022 Creative Thinking (Singapore),Creative thinking performance (average of 10 plausible values),"Index of ESCS, Self-efficacy in digital competencies, School size","Economy-specific two-stage ML: LASSO selected 18 predictors; Random Forest regression with 10-fold cross-validation — R²: 0.3649; top three predictors by %IncMSE were ESCS, self-efficacy in digital competencies, and school size.","Using PISA 2022 Creative Thinking data for Singapore, the study leveraged Index of ESCS, self-efficacy in digital competencies, and school size to predict creative thinking performance (average of 10 plausible values), finding that the Random Forest model reached R²=0.3649 with these variables as the top predictors. This indicates that Singapore’s creative-thinking outcomes may be supported by both family socioeconomic resources and school-level capacity, suggesting policy should coordinate home support with school-based learning environments.",peer_reviewed_research,"Economy-specific two-stage ML: LASSO selected 18 predictors; Random Forest regression with 10-fold cross-validation — R²: 0.3649; top three predictors by %IncMSE were ESCS, self-efficacy in digital competencies, and school size.","Using PISA 2022 Creative Thinking data for Singapore, the study leveraged Index of ESCS, self-efficacy in digital competencies, and school size to predict creative thinking performance (average of 10 plausible values), finding that the Random Forest model reached R²=0.3649 with these variables as the top predictors. This indicates that Singapore’s creative-thinking outcomes may be supported by both family socioeconomic resources and school-level capacity, suggesting policy should coordinate home support with school-based learning environments.",Problem Solving,Cognitive Achievement,Student: SES; Student: Attitudinal/Behavioral; School/Teacher: Context
10.1016/j.tsc.2026.102224,PISA 2022 Creative Thinking (South Korea),Creative thinking performance (average of 10 plausible values),"Index of ESCS, Curiosity, Imagination","Economy-specific two-stage ML: LASSO selected 10 predictors; Random Forest regression with 10-fold cross-validation — R²: 0.2241; top three predictors by %IncMSE were ESCS, curiosity, and imagination.","Using PISA 2022 Creative Thinking data for South Korea, the study leveraged Index of ESCS, curiosity, and imagination to predict creative thinking performance (average of 10 plausible values), finding that the Random Forest model achieved R²=0.2241 with these variables as the top predictors. This indicates that improving creative thinking in South Korea may require targeting both socioeconomic enabling factors and student-level dispositions (curiosity and imagination), while the lower R² suggests mesosystem institutional support may be comparatively weaker.",peer_reviewed_research,"Economy-specific two-stage ML: LASSO selected 10 predictors; Random Forest regression with 10-fold cross-validation — R²: 0.2241; top three predictors by %IncMSE were ESCS, curiosity, and imagination.","Using PISA 2022 Creative Thinking data for South Korea, the study leveraged Index of ESCS, curiosity, and imagination to predict creative thinking performance (average of 10 plausible values), finding that the Random Forest model achieved R²=0.2241 with these variables as the top predictors. This indicates that improving creative thinking in South Korea may require targeting both socioeconomic enabling factors and student-level dispositions (curiosity and imagination), while the lower R² suggests mesosystem institutional support may be comparatively weaker.",Problem Solving,Cognitive Achievement,Student: SES; Student: Attitudinal/Behavioral
10.1016/j.tsc.2026.102224,PISA 2022 Creative Thinking (Chinese Taipei),Creative thinking performance (average of 10 plausible values),"Self-efficacy in digital competencies, Index of ESCS, Class size","Economy-specific two-stage ML: LASSO selected 11 predictors; Random Forest regression with 10-fold cross-validation — R²: 0.3194; top three predictors by %IncMSE were self-efficacy in digital competencies, ESCS, and class size.","Using PISA 2022 Creative Thinking data for Chinese Taipei, the study leveraged self-efficacy in digital competencies, Index of ESCS, and class size to predict creative thinking performance (average of 10 plausible values), finding that the Random Forest model reached R²=0.3194 with these top predictors. This indicates that policies that build students’ confidence and competence in digital contexts—alongside addressing socioeconomic disparities and classroom conditions—may be effective for fostering creative thinking.",peer_reviewed_research,"Economy-specific two-stage ML: LASSO selected 11 predictors; Random Forest regression with 10-fold cross-validation — R²: 0.3194; top three predictors by %IncMSE were self-efficacy in digital competencies, ESCS, and class size.","Using PISA 2022 Creative Thinking data for Chinese Taipei, the study leveraged self-efficacy in digital competencies, Index of ESCS, and class size to predict creative thinking performance (average of 10 plausible values), finding that the Random Forest model reached R²=0.3194 with these top predictors. This indicates that policies that build students’ confidence and competence in digital contexts—alongside addressing socioeconomic disparities and classroom conditions—may be effective for fostering creative thinking.",Problem Solving,Cognitive Achievement,Student: Attitudinal/Behavioral; Student: SES; School/Teacher: Context
10.1016/j.tsc.2026.102224,"PISA 2022 Creative Thinking (Hong Kong, China)",Creative thinking performance (average of 10 plausible values),"School size, Index of ESCS, Participation in creative activities outside school","Economy-specific two-stage ML: LASSO selected 15 predictors; Random Forest regression with 10-fold cross-validation — R²: 0.2887; top three predictors by %IncMSE were school size, ESCS, and participation in creative activities outside of school.","Using PISA 2022 Creative Thinking data for Hong Kong (China), the study leveraged school size, Index of ESCS, and participation in creative activities outside school to predict creative thinking performance (average of 10 plausible values), finding that the Random Forest model achieved R²=0.2887 with these variables as the top predictors. This indicates that mesosystem capacity (e.g., school scale/resources) and family socioeconomic status may shape creative thinking, implying that creative-activity opportunities should be designed to translate into meaningful learning experiences rather than only increasing participation.",peer_reviewed_research,"Economy-specific two-stage ML: LASSO selected 15 predictors; Random Forest regression with 10-fold cross-validation — R²: 0.2887; top three predictors by %IncMSE were school size, ESCS, and participation in creative activities outside of school.","Using PISA 2022 Creative Thinking data for Hong Kong (China), the study leveraged school size, Index of ESCS, and participation in creative activities outside school to predict creative thinking performance (average of 10 plausible values), finding that the Random Forest model achieved R²=0.2887 with these variables as the top predictors. This indicates that mesosystem capacity (e.g., school scale/resources) and family socioeconomic status may shape creative thinking, implying that creative-activity opportunities should be designed to translate into meaningful learning experiences rather than only increasing participation.",Problem Solving,Cognitive Achievement,School/Teacher: Context; Student: SES
10.1016/j.tsc.2026.102224,"PISA 2022 Creative Thinking (Macao, China)",Creative thinking performance (average of 10 plausible values),"School size, Self-efficacy in digital competencies, Index of ESCS","Economy-specific two-stage ML: LASSO selected 17 predictors; Random Forest regression with 10-fold cross-validation — R²: 0.3656; top three predictors by %IncMSE were school size, self-efficacy in digital competencies, and ESCS.","Using PISA 2022 Creative Thinking data for Macao (China), the study leveraged school size, self-efficacy in digital competencies, and Index of ESCS to predict creative thinking performance (average of 10 plausible values), finding that the Random Forest model achieved R²=0.3656 with these top predictors. This indicates that enhancing school-level resources and students’ digital self-efficacy—while reducing socioeconomic constraints—may be particularly important for maximizing creative-thinking development in this context.",peer_reviewed_research,"Economy-specific two-stage ML: LASSO selected 17 predictors; Random Forest regression with 10-fold cross-validation — R²: 0.3656; top three predictors by %IncMSE were school size, self-efficacy in digital competencies, and ESCS.","Using PISA 2022 Creative Thinking data for Macao (China), the study leveraged school size, self-efficacy in digital competencies, and Index of ESCS to predict creative thinking performance (average of 10 plausible values), finding that the Random Forest model achieved R²=0.3656 with these top predictors. This indicates that enhancing school-level resources and students’ digital self-efficacy—while reducing socioeconomic constraints—may be particularly important for maximizing creative-thinking development in this context.",Problem Solving,Cognitive Achievement,School/Teacher: Context; Student: Attitudinal/Behavioral; Student: SES
10.1016/j.psicod.2026.500187,PISA 2018 Mathematics (Turkish sample; PV1MATH–PV10MATH; Level 2 threshold),"Mathematics achievement class (low vs high, Level 2 benchmark)","School stratum type (STRATUM), Student behavior hindering learning (STUBEHA), Grade repetition (REPEAT), Perceived test difficulty (PISADIFF), Socioeconomic status (ESCS)","Model comparison using repeated stratified 5-fold CV (5 folds, 5 repetitions) across all ten PVs. Using all 62 variables: AdaBoost F1-score 0.7509 (±0.0046), RF F1-score 0.7437 (±0.0048), SVM 0.7415 (±0.0050), Bagging 0.7215 (±0.0040), DT 0.6614 (±0.0034). Feature-selection experiments (Table 1): RF with MI-selected top-20 features achieves F1-score 0.8352 (±0.0038) and AUC 0.8370 (±0.0037) (PV-averaged).","Using PISA 2018 Mathematics data for the Turkish sample (PV1MATH–PV10MATH) and predicting low- vs high-performing students via the PISA Level 2 benchmark, the study leveraged STRATUM, STUBEHA, REPEAT, PISADIFF, and ESCS to classify mathematics achievement, finding that ensemble models outperform DT and that Random Forest achieves stable, high discrimination—especially when trained on MI-selected top-20 features. This indicates that parsimonious, MI-based feature sets combined with RF can produce accurate and more interpretable achievement classification patterns for education diagnostics, though the results are exploratory and do not apply PISA sampling weights and should not be interpreted causally.",peer_reviewed_research,"Model comparison using repeated stratified 5-fold CV (5 folds, 5 repetitions) across all ten PVs. Using all 62 variables: AdaBoost F1-score 0.7509 (±0.0046), RF F1-score 0.7437 (±0.0048), SVM 0.7415 (±0.0050), Bagging 0.7215 (±0.0040), DT 0.6614 (±0.0034). Feature-selection experiments (Table 1): RF with MI-selected top-20 features achieves F1-score 0.8352 (±0.0038) and AUC 0.8370 (±0.0037) (PV-averaged).","Using PISA 2018 Mathematics data for the Turkish sample (PV1MATH–PV10MATH) and predicting low- vs high-performing students via the PISA Level 2 benchmark, the study leveraged STRATUM, STUBEHA, REPEAT, PISADIFF, and ESCS to classify mathematics achievement, finding that ensemble models outperform DT and that Random Forest achieves stable, high discrimination—especially when trained on MI-selected top-20 features. This indicates that parsimonious, MI-based feature sets combined with RF can produce accurate and more interpretable achievement classification patterns for education diagnostics, though the results are exploratory and do not apply PISA sampling weights and should not be interpreted causally.",Mathematics,Cognitive Achievement,School/Teacher: Context; Student: Attitudinal/Behavioral; Student: Demographic; Student: SES
10.1016/j.tsc.2026.102205,PISA 2022 Creative Thinking (facet: generate diverse ideas; GDI) — item-level scores,Generate diverse ideas (GDI) item score categories,"Item content domain, Item identifier, Latency to first action, Number of actions, Home possessions (HOMEPOS)",Random Forest classification — accuracy: 67.5% (per item–person combination).,"Using PISA 2022 Creative Thinking (GDI facet) item-level the study leveraged item characteristics (item identifier/domain), behavioral engagement indicators (latency to first action, number of actions), and socioeconomic background (e.g., HOMEPOS) to predict GDI item score categories, finding that engagement and general academic competence plus background variables were among the strongest predictors while creativity-related self-reports were not. This indicates that PISA’s GDI performance may reflect broader diligence and general competence more than the intended ideational fluency construct, suggesting caution when interpreting facet-level creative thinking scores as pure creativity measures.",peer_reviewed_research,Random Forest classification — accuracy: 67.5% (per item–person combination).,"Using PISA 2022 Creative Thinking (GDI facet) item-level the study leveraged item characteristics (item identifier/domain), behavioral engagement indicators (latency to first action, number of actions), and socioeconomic background (e.g., HOMEPOS) to predict GDI item score categories, finding that engagement and general academic competence plus background variables were among the strongest predictors while creativity-related self-reports were not. This indicates that PISA’s GDI performance may reflect broader diligence and general competence more than the intended ideational fluency construct, suggesting caution when interpreting facet-level creative thinking scores as pure creativity measures.",Composite / Multi-Domain,Cognitive Achievement,Student: Attitudinal/Behavioral; Student: SES
10.1016/j.tsc.2026.102205,PISA 2022 Creative Thinking (facet: generate creative ideas; GCI) — item-level scores,Generate creative ideas (GCI) item score categories,"Item content domain, Item identifier, Total time on task, Reading competence (PV), Parents’ education (ISCEDP)",Random Forest classification — accuracy: 64.5% (per item–person combination).,"Using PISA 2022 Creative Thinking (GCI facet) item-level the study leveraged item characteristics (item identifier/domain), behavioral engagement indicators (total time on task), and general academic competence plus socioeconomic background (e.g., ISCEDP) to predict GCI item score categories, finding that the predictor profile was highly similar to the other facets and that engagement/general competence dominated over creativity self-report measures. This indicates that facet-level reporting may not provide distinct construct information for GCI as intended, implying that policy and practice should avoid over-interpreting separate facet sub-scores without further validity evidence.",peer_reviewed_research,Random Forest classification — accuracy: 64.5% (per item–person combination).,"Using PISA 2022 Creative Thinking (GCI facet) item-level the study leveraged item characteristics (item identifier/domain), behavioral engagement indicators (total time on task), and general academic competence plus socioeconomic background (e.g., ISCEDP) to predict GCI item score categories, finding that the predictor profile was highly similar to the other facets and that engagement/general competence dominated over creativity self-report measures. This indicates that facet-level reporting may not provide distinct construct information for GCI as intended, implying that policy and practice should avoid over-interpreting separate facet sub-scores without further validity evidence.",Composite / Multi-Domain,Cognitive Achievement,Student: Attitudinal/Behavioral; Student: Process Data
10.1016/j.tsc.2026.102205,PISA 2022 Creative Thinking (facet: evaluate and improve ideas; EII) — item-level scores,Evaluate and improve ideas (EII) item score categories,"Item content domain, Item identifier, Latency to first action, Mathematics competence (PV), Home possessions (HOMEPOS)",Random Forest classification — accuracy: 65.8% (per item–person combination).,"Using PISA 2022 Creative Thinking (EII facet) item-level the study leveraged item characteristics (item identifier/domain), behavioral engagement indicators (latency to first action), and general academic competence plus socioeconomic background (e.g., HOMEPOS) to predict EII item score categories, finding that the influential predictor set closely matched the profiles for GDI and GCI and that domain-specific interactions with academic competences were present but subtle. This indicates that EII scores may be driven by general cognitive resources and engagement rather than uniquely by the intended convergent-evaluation process, supporting a more nuanced interpretation of creative thinking results for instructional and equity decisions.",peer_reviewed_research,Random Forest classification — accuracy: 65.8% (per item–person combination).,"Using PISA 2022 Creative Thinking (EII facet) item-level the study leveraged item characteristics (item identifier/domain), behavioral engagement indicators (latency to first action), and general academic competence plus socioeconomic background (e.g., HOMEPOS) to predict EII item score categories, finding that the influential predictor set closely matched the profiles for GDI and GCI and that domain-specific interactions with academic competences were present but subtle. This indicates that EII scores may be driven by general cognitive resources and engagement rather than uniquely by the intended convergent-evaluation process, supporting a more nuanced interpretation of creative thinking results for instructional and equity decisions.",Composite / Multi-Domain,Cognitive Achievement,Student: Attitudinal/Behavioral; Student: SES
10.1016/j.tsc.2025.102069,PISA 2022 Creative Thinking (East Asian economies; student-level composite from 10 PVs),Creative thinking score (PVs pooled via Rubin’s rules),"Reading performance, Science performance, ESCS, Math performance, Gender","LightGBM (best model in primary analysis): R²=0.6304 (SD=0.0078), RMSE=6.24 (SD=0.06), MAE=4.96 (SD=0.05) across 100 repeated 80/20 splits; LOGO-CV robustness: LightGBM R²=0.3898 (SD=0.1126) vs ENR R²=0.4440 (SD=0.1011).","Using PISA 2022 creative thinking data for East Asian students, the study leveraged reading performance, science performance, ESCS, math performance, and gender to predict creative thinking, finding that reading performance was the most influential global predictor and that overall predictive fit was moderate (LightGBM R²≈0.63 in random splits). This indicates that strengthening reading comprehension and articulation skills—alongside addressing socioeconomic disparities—may be a practical starting point for creative-thinking interventions, while also noting that SHAP-based importance reflects predictive associations rather than causal effects and that group-level generalizability is weaker under LOGO-CV.",peer_reviewed_research,"LightGBM (best model in primary analysis): R²=0.6304 (SD=0.0078), RMSE=6.24 (SD=0.06), MAE=4.96 (SD=0.05) across 100 repeated 80/20 splits; LOGO-CV robustness: LightGBM R²=0.3898 (SD=0.1126) vs ENR R²=0.4440 (SD=0.1011).","Using PISA 2022 creative thinking data for East Asian students, the study leveraged reading performance, science performance, ESCS, math performance, and gender to predict creative thinking, finding that reading performance was the most influential global predictor and that overall predictive fit was moderate (LightGBM R²≈0.63 in random splits). This indicates that strengthening reading comprehension and articulation skills—alongside addressing socioeconomic disparities—may be a practical starting point for creative-thinking interventions, while also noting that SHAP-based importance reflects predictive associations rather than causal effects and that group-level generalizability is weaker under LOGO-CV.",Problem Solving,Cognitive Achievement,Student: Attitudinal/Behavioral; Student: SES; Student: Demographic
10.1016/j.stueduc.2020.100875,PISA 2015 Spain (15-year-olds) — school effectiveness classification (input-only residuals; decision-tree phase),School effectiveness (high vs low; dichotomous residual-based target),"Additional lessons (curriculum) (EXTR_CURR), Cooperation enjoyment (COOPERATE), ICT use outside school (HOMESCH), Reading lesson minutes (LMINS), ICT autonomy (students) (AUTICT)","Decision tree (J48/C4.5). Training set: High-effectiveness TP=0.906, Precision=0.929, COR=0.947; Low-effectiveness TP=0.941, Precision=0.922, COR=0.947; Global Kappa=0.849, RRSE=0.515. Cross-validation (10-fold stratified): Global COR=0.916, Kappa=0.747, RRSE=0.647; High-effectiveness COR=0.916 with ROC AUC=0.916 and Precision=0.884; Low-effectiveness COR=0.916 with ROC AUC=0.907 and Precision=0.867.","Using PISA 2015 Spain the study leveraged additional lessons, cooperation-related student perceptions, ICT use/autonomy, and reading time to predict whether a school was high- vs low-effectiveness (based on residuals from input-only multilevel models). The decision-tree model achieved high classification fit (global cross-validation COR=0.916, Kappa=0.747, ROC AUC≈0.916) with the strongest splits driven by extracurricular lesson attendance and ICT-related variables. This indicates that school effectiveness in PISA can be meaningfully profiled from process- and context-related questionnaire indicators, suggesting that education authorities could target ICT use patterns, reading-time alignment, and the structure of extracurricular academic support when designing school improvement strategies, while noting that the design is cross-sectional and predictive (not causal).",peer_reviewed_research,"Decision tree (J48/C4.5). Training set: High-effectiveness TP=0.906, Precision=0.929, COR=0.947; Low-effectiveness TP=0.941, Precision=0.922, COR=0.947; Global Kappa=0.849, RRSE=0.515. Cross-validation (10-fold stratified): Global COR=0.916, Kappa=0.747, RRSE=0.647; High-effectiveness COR=0.916 with ROC AUC=0.916 and Precision=0.884; Low-effectiveness COR=0.916 with ROC AUC=0.907 and Precision=0.867.","Using PISA 2015 Spain the study leveraged additional lessons, cooperation-related student perceptions, ICT use/autonomy, and reading time to predict whether a school was high- vs low-effectiveness (based on residuals from input-only multilevel models). The decision-tree model achieved high classification fit (global cross-validation COR=0.916, Kappa=0.747, ROC AUC≈0.916) with the strongest splits driven by extracurricular lesson attendance and ICT-related variables. This indicates that school effectiveness in PISA can be meaningfully profiled from process- and context-related questionnaire indicators, suggesting that education authorities could target ICT use patterns, reading-time alignment, and the structure of extracurricular academic support when designing school improvement strategies, while noting that the design is cross-sectional and predictive (not causal).",Other / Unspecified,Other,Student: Attitudinal/Behavioral; Student: Process Data
10.1016/j.ijer.2025.102537,"PISA 2022 Mathematics (U.S. students, 15-year-olds; PV1MATH–PV10MATH)",Mathematics achievement (10 plausible values),"Mathematics self-efficacy, Socioeconomic status (ESCS), Familiarity with math concepts, Expected occupation status, Family support for self-learning","Model comparison using reduced predictor sets: RF (5 predictors) rMSE=69.82, XGBoost (10 predictors) rMSE=66.39, LightGBM (10 predictors) rMSE=66.36; efficiency (training time): RF=129.27s, XGBoost=4.14s, LightGBM=22.93s. Best model by accuracy+efficiency: XGBoost.","Using PISA 2022 Mathematics data for U.S. students, the study leveraged mathematics self-efficacy, ESCS, familiarity with math concepts, expected occupation status, and family support for self-directed learning to predict mathematics achievement (averaged across PV1MATH–PV10MATH), finding that XGBoost achieved lower prediction error than Random Forest and LightGBM when using ML-selected predictors. This indicates that data-driven predictor selection can identify actionable student- and home-related levers for improving U.S. mathematics performance, though the results are predictive associations rather than causal effects and the analysis omits sampling weights.",peer_reviewed_research,"Model comparison using reduced predictor sets: RF (5 predictors) rMSE=69.82, XGBoost (10 predictors) rMSE=66.39, LightGBM (10 predictors) rMSE=66.36; efficiency (training time): RF=129.27s, XGBoost=4.14s, LightGBM=22.93s. Best model by accuracy+efficiency: XGBoost.","Using PISA 2022 Mathematics data for U.S. students, the study leveraged mathematics self-efficacy, ESCS, familiarity with math concepts, expected occupation status, and family support for self-directed learning to predict mathematics achievement (averaged across PV1MATH–PV10MATH), finding that XGBoost achieved lower prediction error than Random Forest and LightGBM when using ML-selected predictors. This indicates that data-driven predictor selection can identify actionable student- and home-related levers for improving U.S. mathematics performance, though the results are predictive associations rather than causal effects and the analysis omits sampling weights.",Mathematics,Cognitive Achievement,Student: Attitudinal/Behavioral; Student: SES
10.1016/j.chbr.2025.100896,ICILS 2023 Grade 8 (Taiwan) Computational Thinking (CT) assessment,CT performance (binary: below vs above average using PV1 threshold),"CT disposition (CTDS), ICT self-efficacy (specialist), Learning with specialist classroom apps, ICT self-efficacy (general), Academic media multitasking","Best model: XGBoost — AUC=0.79, Accuracy=0.72, Precision=0.71, Recall=0.74, F1=0.72 (below-average class); Stacking Ensemble — AUC=0.79, Accuracy=0.72 with highest recall/F1 for above-average class; Logistic Regression — AUC=0.76, Accuracy=0.69, F1=0.65–0.72 depending on class.","Using ICILS 2023 Grade 8 (Taiwan) computational thinking the study leveraged CT disposition (CTDS), ICT self-efficacy (general and specialist), specialist classroom application learning, and academic media multitasking to predict CT performance (below vs above average using a PV1-based threshold), finding that XGBoost achieved the highest overall AUC (0.79) and accuracy (0.72) and that CTDS was the most influential predictor across models. This indicates that strengthening students’ computational thinking dispositions and digital self-efficacy—alongside curriculum emphasis on specialist classroom applications—may be more actionable than relying on basic socio-demographic factors for improving CT outcomes, though the binary PV1-thresholding and lack of documented missing-data/weight handling limit causal interpretation.",peer_reviewed_research,"Best model: XGBoost — AUC=0.79, Accuracy=0.72, Precision=0.71, Recall=0.74, F1=0.72 (below-average class); Stacking Ensemble — AUC=0.79, Accuracy=0.72 with highest recall/F1 for above-average class; Logistic Regression — AUC=0.76, Accuracy=0.69, F1=0.65–0.72 depending on class.","Using ICILS 2023 Grade 8 (Taiwan) computational thinking the study leveraged CT disposition (CTDS), ICT self-efficacy (general and specialist), specialist classroom application learning, and academic media multitasking to predict CT performance (below vs above average using a PV1-based threshold), finding that XGBoost achieved the highest overall AUC (0.79) and accuracy (0.72) and that CTDS was the most influential predictor across models. This indicates that strengthening students’ computational thinking dispositions and digital self-efficacy—alongside curriculum emphasis on specialist classroom applications—may be more actionable than relying on basic socio-demographic factors for improving CT outcomes, though the binary PV1-thresholding and lack of documented missing-data/weight handling limit causal interpretation.",Composite / Multi-Domain,Cognitive Achievement,Student: Attitudinal/Behavioral
10.26466/opusjsr.1730221,PISA 2018 Turkey Reading comprehension (PV1; successful vs unsuccessful),Reading comprehension achievement category (PV1; successful vs unsuccessful),"Socioeconomic status (ESCS), Perceived test difficulty, Highest parental occupational status, Home possessions, Reading enjoyment",CART (10 top variables): PCC 85.755 (weighted) vs 85.887 (unweighted) on all data; Kappa 0.314 (weighted) vs 0.346 (unweighted) on all data. RF (10 top variables): PCC 100 (weighted) vs 100 (unweighted) on all data; Kappa 1 (weighted) vs 1 (unweighted) on all data; on test data Kappa 0.220 (weighted) vs 0.164 (unweighted).,"Using PISA 2018 Turkey reading comprehension data (PV1 categorized as successful vs unsuccessful), the study leveraged socioeconomic status (ESCS), perceived test difficulty, parental occupational status, home possessions, and reading enjoyment to predict achievement category using CART and Random Forest, finding that including the student weight variable W_FSTUWT slightly decreased prediction performance but did not significantly reduce overall accuracy. This indicates that incorporating PISA student sampling weights is necessary for valid and reliable variable selection and interpretation, even if predictive accuracy changes only marginally.",peer_reviewed_research,CART (10 top variables): PCC 85.755 (weighted) vs 85.887 (unweighted) on all data; Kappa 0.314 (weighted) vs 0.346 (unweighted) on all data. RF (10 top variables): PCC 100 (weighted) vs 100 (unweighted) on all data; Kappa 1 (weighted) vs 1 (unweighted) on all data; on test data Kappa 0.220 (weighted) vs 0.164 (unweighted).,"Using PISA 2018 Turkey reading comprehension data (PV1 categorized as successful vs unsuccessful), the study leveraged socioeconomic status (ESCS), perceived test difficulty, parental occupational status, home possessions, and reading enjoyment to predict achievement category using CART and Random Forest, finding that including the student weight variable W_FSTUWT slightly decreased prediction performance but did not significantly reduce overall accuracy. This indicates that incorporating PISA student sampling weights is necessary for valid and reliable variable selection and interpretation, even if predictive accuracy changes only marginally.",Composite / Multi-Domain,Cognitive Achievement,Student: SES; Student: Attitudinal/Behavioral
10.1016/j.ijer.2026.103088,"TALIS 2024 (Teachers) — East Asia pooled (Singapore, Shanghai (China), Korea, Japan)",Teachers' AI adoption (TT4G36; binary),"Teaching self-efficacy, Age, Perceived risk, Instructional leadership, School autonomy for instructional policies","AutoML (H2O) leader model: GBM selected by best cross-validated AUC; additional metrics reported in appendices (AUC, AUCPR, accuracy, sensitivity, specificity, F1, log loss). Exact numeric values not included in the provided text.","Using TALIS 2024 teacher data from the pooled East Asia sample, the study leveraged teaching self-efficacy, age, perceived risk, instructional leadership, and school autonomy for instructional policies to predict teachers' AI adoption (binary), finding that teaching self-efficacy and age were among the most influential predictors while perceived risk generally shifted predictions toward non-adoption. This indicates that teacher capability beliefs and risk perceptions are key levers for AI uptake, suggesting policy should prioritize self-efficacy-building supports and risk/ethics guidance rather than relying only on school-level autonomy.",peer_reviewed_research,"AutoML (H2O) leader model: GBM selected by best cross-validated AUC; additional metrics reported in appendices (AUC, AUCPR, accuracy, sensitivity, specificity, F1, log loss). Exact numeric values not included in the provided text.","Using TALIS 2024 teacher data from the pooled East Asia sample, the study leveraged teaching self-efficacy, age, perceived risk, instructional leadership, and school autonomy for instructional policies to predict teachers' AI adoption (binary), finding that teaching self-efficacy and age were among the most influential predictors while perceived risk generally shifted predictions toward non-adoption. This indicates that teacher capability beliefs and risk perceptions are key levers for AI uptake, suggesting policy should prioritize self-efficacy-building supports and risk/ethics guidance rather than relying only on school-level autonomy.",Other / Unspecified,Other,Student: Attitudinal/Behavioral; Student: Demographic; School/Teacher: Practice
10.1016/j.ijer.2026.103088,TALIS 2024 (Teachers) — Singapore,Teachers' AI adoption (TT4G36; binary),"Workload stress, Teaching self-efficacy, Age, Work hours","AutoML (H2O) leader model: GBM selected by best cross-validated AUC; additional metrics reported in appendices (AUC, AUCPR, accuracy, sensitivity, specificity, F1, log loss). Exact numeric values not included in the provided text.","Using TALIS 2024 teacher data from Singapore, the study leveraged workload stress, teaching self-efficacy, age, and work hours to predict teachers' AI adoption (binary), finding that workload stress ranked highest and was associated with higher predicted adoption while age showed a non-monotonic pattern (initial increase then decrease). This indicates that burden-reduction framing and time-saving AI supports may be especially effective in Singapore, alongside targeted training for different career stages.",peer_reviewed_research,"AutoML (H2O) leader model: GBM selected by best cross-validated AUC; additional metrics reported in appendices (AUC, AUCPR, accuracy, sensitivity, specificity, F1, log loss). Exact numeric values not included in the provided text.","Using TALIS 2024 teacher data from Singapore, the study leveraged workload stress, teaching self-efficacy, age, and work hours to predict teachers' AI adoption (binary), finding that workload stress ranked highest and was associated with higher predicted adoption while age showed a non-monotonic pattern (initial increase then decrease). This indicates that burden-reduction framing and time-saving AI supports may be especially effective in Singapore, alongside targeted training for different career stages.",Other / Unspecified,Other,Student: Attitudinal/Behavioral; Student: Demographic
10.1016/j.ijer.2026.103088,TALIS 2024 (Teachers) — Shanghai (China),Teachers' AI adoption (TT4G36; binary),"Teacher professional collaboration, Teaching experience, Joy of teaching, Social utility motivations to teach, Perceived risk","AutoML (H2O) leader model: GBM selected by best cross-validated AUC; additional metrics reported in appendices (AUC, AUCPR, accuracy, sensitivity, specificity, F1, log loss). Exact numeric values not included in the provided text.","Using TALIS 2024 teacher data from Shanghai (China), the study leveraged teacher professional collaboration, teaching experience, joy of teaching, social utility motivations, and perceived risk to predict teachers' AI adoption (binary), finding that teacher professional collaboration ranked first and higher collaboration generally shifted predictions toward adoption while perceived risk showed a negative association. This indicates that strengthening collaborative teacher learning communities and addressing perceived AI risks may be central for scaling AI use in Shanghai classrooms.",peer_reviewed_research,"AutoML (H2O) leader model: GBM selected by best cross-validated AUC; additional metrics reported in appendices (AUC, AUCPR, accuracy, sensitivity, specificity, F1, log loss). Exact numeric values not included in the provided text.","Using TALIS 2024 teacher data from Shanghai (China), the study leveraged teacher professional collaboration, teaching experience, joy of teaching, social utility motivations, and perceived risk to predict teachers' AI adoption (binary), finding that teacher professional collaboration ranked first and higher collaboration generally shifted predictions toward adoption while perceived risk showed a negative association. This indicates that strengthening collaborative teacher learning communities and addressing perceived AI risks may be central for scaling AI use in Shanghai classrooms.",Other / Unspecified,Other,School/Teacher: Practice; Student: Attitudinal/Behavioral
10.1016/j.ijer.2026.103088,TALIS 2024 (Teachers) — Korea,Teachers' AI adoption (TT4G36; binary),"Teacher professional collaboration, Age, Teaching self-efficacy, Perceived usefulness, School location","AutoML (H2O) leader model: GBM selected by best cross-validated AUC; additional metrics reported in appendices (AUC, AUCPR, accuracy, sensitivity, specificity, F1, log loss). Exact numeric values not included in the provided text.","Using TALIS 2024 teacher data from Korea, the study leveraged teacher professional collaboration, age, teaching self-efficacy, perceived usefulness, and school location to predict teachers' AI adoption (binary), finding that collaboration was the top-ranked predictor and that perceived usefulness and self-efficacy supported adoption while age and perceived risk constrained it. This indicates that AI adoption strategies in Korea should combine peer-collaboration structures with evidence-oriented demonstrations of usefulness, especially for older teachers.",peer_reviewed_research,"AutoML (H2O) leader model: GBM selected by best cross-validated AUC; additional metrics reported in appendices (AUC, AUCPR, accuracy, sensitivity, specificity, F1, log loss). Exact numeric values not included in the provided text.","Using TALIS 2024 teacher data from Korea, the study leveraged teacher professional collaboration, age, teaching self-efficacy, perceived usefulness, and school location to predict teachers' AI adoption (binary), finding that collaboration was the top-ranked predictor and that perceived usefulness and self-efficacy supported adoption while age and perceived risk constrained it. This indicates that AI adoption strategies in Korea should combine peer-collaboration structures with evidence-oriented demonstrations of usefulness, especially for older teachers.",Other / Unspecified,Other,School/Teacher: Practice; Student: Demographic; Student: Attitudinal/Behavioral; School/Teacher: Context
10.1016/j.ijer.2026.103088,TALIS 2024 (Teachers) — Japan,Teachers' AI adoption (TT4G36; binary),"Age, Perceived risk, Teacher professional collaboration, Teaching self-efficacy","AutoML (H2O) leader model: GBM selected by best cross-validated AUC; additional metrics reported in appendices (AUC, AUCPR, accuracy, sensitivity, specificity, F1, log loss). Exact numeric values not included in the provided text.","Using TALIS 2024 teacher data from Japan, the study leveraged age, perceived risk, teacher professional collaboration, and teaching self-efficacy to predict teachers' AI adoption (binary), finding that age and perceived risk were the most influential constraints (higher values generally shifting predictions toward non-adoption). This indicates that adoption support in Japan should emphasize trust-building, uncertainty/risk mitigation, and confidence-enhancing training, with differentiated approaches by teacher age.",peer_reviewed_research,"AutoML (H2O) leader model: GBM selected by best cross-validated AUC; additional metrics reported in appendices (AUC, AUCPR, accuracy, sensitivity, specificity, F1, log loss). Exact numeric values not included in the provided text.","Using TALIS 2024 teacher data from Japan, the study leveraged age, perceived risk, teacher professional collaboration, and teaching self-efficacy to predict teachers' AI adoption (binary), finding that age and perceived risk were the most influential constraints (higher values generally shifting predictions toward non-adoption). This indicates that adoption support in Japan should emphasize trust-building, uncertainty/risk mitigation, and confidence-enhancing training, with differentiated approaches by teacher age.",Other / Unspecified,Other,Student: Demographic; Student: Attitudinal/Behavioral; School/Teacher: Practice
10.1177/0044118X241227563,"PISA 2018 Reading (15-year-olds), South Korea & United States (bottom 25% ESCS subset)",Academic resilience (binary: Level 3+ reading among bottom-ESCS students),"Meta-cognition: summarizing (METASUM), Meta-cognition: understanding & remembering (UNDREM), Meta-cognition: assess credibility (METASPAM), Self-concept of reading competence (SCREADCOMP), Joy/like reading (JOYREAD)","Random Forest (R randomForest, 5,000 trees). Performance across 10 plausible-value-based models: Korea sensitivity 0.68–0.78, specificity 0.72–0.78, accuracy 0.71–0.76; US sensitivity 0.83–0.92, specificity 0.50–0.65, accuracy 0.73–0.79. Variable importance via %IncMSE permutation; final rankings averaged across plausible values.","Using PISA 2018 Reading the study leveraged meta-cognition (METASUM, UNDREM, METASPAM), reading self-concept (SCREADCOMP), and joy of reading (JOYREAD) to predict academic resilience (Level 3+ reading among bottom-ESCS students), finding that individual-level factors were consistently ranked highest in both South Korea and the United States. This indicates that strengthening reading-related metacognitive skills and positive reading engagement for socioeconomically disadvantaged students may be a cross-cultural priority, while country-specific supports (e.g., self-efficacy/expectations in Korea; fixed mindset/meaning in life in the US) should be tailored rather than assumed universal, though causality cannot be inferred from cross-sectional ML feature importance.",peer_reviewed_research,"Random Forest (R randomForest, 5,000 trees). Performance across 10 plausible-value-based models: Korea sensitivity 0.68–0.78, specificity 0.72–0.78, accuracy 0.71–0.76; US sensitivity 0.83–0.92, specificity 0.50–0.65, accuracy 0.73–0.79. Variable importance via %IncMSE permutation; final rankings averaged across plausible values.","Using PISA 2018 Reading the study leveraged meta-cognition (METASUM, UNDREM, METASPAM), reading self-concept (SCREADCOMP), and joy of reading (JOYREAD) to predict academic resilience (Level 3+ reading among bottom-ESCS students), finding that individual-level factors were consistently ranked highest in both South Korea and the United States. This indicates that strengthening reading-related metacognitive skills and positive reading engagement for socioeconomically disadvantaged students may be a cross-cultural priority, while country-specific supports (e.g., self-efficacy/expectations in Korea; fixed mindset/meaning in life in the US) should be tailored rather than assumed universal, though causality cannot be inferred from cross-sectional ML feature importance.",Non-Cognitive / Process Output,Policy / System Outcome,Student: Attitudinal/Behavioral; Student: SES
10.1016/j.tate.2026.105735,"TALIS 2024 (teacher survey), cross-national (18 countries/regions retained)",Work stress (composite factor score),"AI teaching applications (Yes/No), Educational attainment, National development context, Teaching enjoyment, Professional development barriers","OLS baseline: β = −0.074, 95% CI [−0.101, −0.047] (regression-adjusted); Cohen’s d before covariates: 0.082 (small). Robustness: BRR-weighted β = −0.082***; HLM β = −0.086***. PSM ATT: −0.078 to −0.097 (p < 0.001).","Using TALIS 2024 teacher survey the study leveraged AI teaching applications (and controls including educational attainment and national development context) to predict teachers’ work stress (composite factor score), finding that AI users report significantly lower work stress (β ≈ −0.074 SD; robustness checks remain negative). This indicates that integrating AI teaching applications can function as a stress-reducing job resource for many teachers, though the study also shows effects depend on teacher education and national development context and causality cannot be inferred from cross-sectional mediation.",peer_reviewed_research,"OLS baseline: β = −0.074, 95% CI [−0.101, −0.047] (regression-adjusted); Cohen’s d before covariates: 0.082 (small). Robustness: BRR-weighted β = −0.082***; HLM β = −0.086***. PSM ATT: −0.078 to −0.097 (p < 0.001).","Using TALIS 2024 teacher survey the study leveraged AI teaching applications (and controls including educational attainment and national development context) to predict teachers’ work stress (composite factor score), finding that AI users report significantly lower work stress (β ≈ −0.074 SD; robustness checks remain negative). This indicates that integrating AI teaching applications can function as a stress-reducing job resource for many teachers, though the study also shows effects depend on teacher education and national development context and causality cannot be inferred from cross-sectional mediation.",Composite / Multi-Domain,Cognitive Achievement,Student: Attitudinal/Behavioral
10.1016/j.tate.2026.105735,"TALIS 2024 (teacher survey), cross-national (18 countries/regions retained)",Workplace stress (sub-dimension),"AI teaching applications (Yes/No), Educational attainment, National development context, Teaching enjoyment, Professional development barriers",Baseline regression: β = −0.123*** (workplace stress). Robustness: alternative dependent variable (self-reported stress item) β = −0.067***.,"Using TALIS 2024 teacher survey the study leveraged AI teaching applications to predict workplace stress, finding a significant reduction for AI users (β = −0.123*** in the baseline specification). This indicates that AI integration may reduce broader role-related demands (e.g., keeping up with changes, addressing parent concerns), suggesting that policy should prioritize AI tools that demonstrably reduce administrative and coordination burdens.",peer_reviewed_research,Baseline regression: β = −0.123*** (workplace stress). Robustness: alternative dependent variable (self-reported stress item) β = −0.067***.,"Using TALIS 2024 teacher survey the study leveraged AI teaching applications to predict workplace stress, finding a significant reduction for AI users (β = −0.123*** in the baseline specification). This indicates that AI integration may reduce broader role-related demands (e.g., keeping up with changes, addressing parent concerns), suggesting that policy should prioritize AI tools that demonstrably reduce administrative and coordination burdens.",Other / Unspecified,Other,Student: Attitudinal/Behavioral
10.1016/j.tate.2026.105735,"TALIS 2024 (teacher survey), cross-national (18 countries/regions retained)",Workload stress (sub-dimension),"AI teaching applications (Yes/No), Educational attainment, National development context, Teaching enjoyment, Professional development barriers",Baseline regression: β = −0.078** (workload stress). Robustness: BRR-weighted β = −0.086***; alternative independent variable (frequency measure) β = −0.041***.,"Using TALIS 2024 teacher survey the study leveraged AI teaching applications to predict workload stress, finding that AI use is associated with lower workload stress (β = −0.078**). This indicates that AI tools may help teachers manage time-intensive tasks (planning, grading, administration), supporting the design of AI systems that target workload substitution rather than adding documentation overhead.",peer_reviewed_research,Baseline regression: β = −0.078** (workload stress). Robustness: BRR-weighted β = −0.086***; alternative independent variable (frequency measure) β = −0.041***.,"Using TALIS 2024 teacher survey the study leveraged AI teaching applications to predict workload stress, finding that AI use is associated with lower workload stress (β = −0.078**). This indicates that AI tools may help teachers manage time-intensive tasks (planning, grading, administration), supporting the design of AI systems that target workload substitution rather than adding documentation overhead.",Other / Unspecified,Other,Student: Attitudinal/Behavioral
10.1016/j.tate.2026.105735,"TALIS 2024 (teacher survey), cross-national (18 countries/regions retained)",Student behavioral stress (sub-dimension),"AI teaching applications (Yes/No), Educational attainment, National development context, Teaching enjoyment, Professional development barriers",Baseline regression: β = −0.160*** (student behavioral stress).,"Using TALIS 2024 teacher survey the study leveraged AI teaching applications to predict student behavioral stress, finding a sizable and significant reduction for AI users (β = −0.160***). This indicates that AI-enabled analytics and early-warning/management supports may reduce teachers’ psychological burden related to discipline and student conduct, implying that AI adoption strategies should include classroom-management and student-support functionalities.",peer_reviewed_research,Baseline regression: β = −0.160*** (student behavioral stress).,"Using TALIS 2024 teacher survey the study leveraged AI teaching applications to predict student behavioral stress, finding a sizable and significant reduction for AI users (β = −0.160***). This indicates that AI-enabled analytics and early-warning/management supports may reduce teachers’ psychological burden related to discipline and student conduct, implying that AI adoption strategies should include classroom-management and student-support functionalities.",Other / Unspecified,Other,Student: Attitudinal/Behavioral
10.1016/j.tate.2026.105735,"TALIS 2024 (teacher survey), cross-national (18 countries/regions retained)",Work stress heterogeneity by educational attainment,"AI teaching applications (Yes/No), Educational attainment (non-postgraduate vs postgraduate), School fixed effects, Gender, Teaching experience (years)","Non-postgraduate: β = −0.094*** (95% CI [−0.129, −0.059]); Postgraduate: β = −0.030 (95% CI [−0.069, 0.009]); interaction effect: β = −0.090*** (interaction term reported as −0.090*** in Table 5 column (3) with interaction effect β = −0.090***).","Using TALIS 2024 teacher survey the study leveraged AI teaching applications and educational attainment to predict work stress, finding that the stress-reducing association is significant for non-postgraduate teachers but not for postgraduate teachers (β = −0.094*** vs β = −0.030). This indicates that AI integration policies should be targeted: provide modular burden-reduction supports for less-credentialed teachers while carefully managing role boundaries and workload compensation for more highly educated teachers.",peer_reviewed_research,"Non-postgraduate: β = −0.094*** (95% CI [−0.129, −0.059]); Postgraduate: β = −0.030 (95% CI [−0.069, 0.009]); interaction effect: β = −0.090*** (interaction term reported as −0.090*** in Table 5 column (3) with interaction effect β = −0.090***).","Using TALIS 2024 teacher survey the study leveraged AI teaching applications and educational attainment to predict work stress, finding that the stress-reducing association is significant for non-postgraduate teachers but not for postgraduate teachers (β = −0.094*** vs β = −0.030). This indicates that AI integration policies should be targeted: provide modular burden-reduction supports for less-credentialed teachers while carefully managing role boundaries and workload compensation for more highly educated teachers.",Other / Unspecified,Other,Student: Attitudinal/Behavioral; School/Teacher: Context; Student: Demographic
10.1016/j.tate.2026.105735,"TALIS 2024 (teacher survey), cross-national (18 countries/regions retained)",Work stress heterogeneity by national development context,"AI teaching applications (Yes/No), National development context (developing vs developed), School fixed effects, Educational attainment, Gender",Developing countries: β = −0.097***; Developed countries: β = 0.066**; Shanghai: β = −0.102 (not significant). Interaction effect: β = −0.098*** (Table 6 column (4)).,"Using TALIS 2024 teacher survey the study leveraged AI teaching applications and national development context to predict work stress, finding a context-dependent reversal: AI use is associated with lower stress in developing countries (β = −0.097***) but higher stress in developed countries (β = 0.066**), with Shanghai not significant. This indicates that one-size-fits-all AI integration policies may backfire in resource-abundant, accountability-driven contexts, so governments should tailor AI governance and implementation to local demand-resource conditions.",peer_reviewed_research,Developing countries: β = −0.097***; Developed countries: β = 0.066**; Shanghai: β = −0.102 (not significant). Interaction effect: β = −0.098*** (Table 6 column (4)).,"Using TALIS 2024 teacher survey the study leveraged AI teaching applications and national development context to predict work stress, finding a context-dependent reversal: AI use is associated with lower stress in developing countries (β = −0.097***) but higher stress in developed countries (β = 0.066**), with Shanghai not significant. This indicates that one-size-fits-all AI integration policies may backfire in resource-abundant, accountability-driven contexts, so governments should tailor AI governance and implementation to local demand-resource conditions.",Other / Unspecified,Other,Student: Attitudinal/Behavioral; School/Teacher: Context; Student: Demographic
10.1016/j.tate.2026.105735,"TALIS 2024 (teacher survey), cross-national (18 countries/regions retained)",Mediation via teaching enjoyment,"AI teaching applications (Yes/No), Teaching enjoyment, School fixed effects, Gender, Educational attainment","Step 1: AI → teaching enjoyment β = 0.422***. Step 2: teaching enjoyment → work stress β = −0.123*** (in the mediation model). In the full model, AI coefficient approaches zero and becomes non-significant (β = 0.009).","Using TALIS 2024 teacher survey the study leveraged AI teaching applications to predict work stress through teaching enjoyment, finding that AI use increases teaching enjoyment (β = 0.422***) and that teaching enjoyment is associated with lower work stress (β = −0.123***), with the direct AI effect shrinking to near zero (β = 0.009). This indicates that AI integration should be evaluated not only for efficiency gains but also for its ability to enhance teachers’ affective experience of teaching, which may be the primary pathway to stress reduction.",peer_reviewed_research,"Step 1: AI → teaching enjoyment β = 0.422***. Step 2: teaching enjoyment → work stress β = −0.123*** (in the mediation model). In the full model, AI coefficient approaches zero and becomes non-significant (β = 0.009).","Using TALIS 2024 teacher survey the study leveraged AI teaching applications to predict work stress through teaching enjoyment, finding that AI use increases teaching enjoyment (β = 0.422***) and that teaching enjoyment is associated with lower work stress (β = −0.123***), with the direct AI effect shrinking to near zero (β = 0.009). This indicates that AI integration should be evaluated not only for efficiency gains but also for its ability to enhance teachers’ affective experience of teaching, which may be the primary pathway to stress reduction.",Other / Unspecified,Other,Student: Attitudinal/Behavioral; School/Teacher: Context; Student: Demographic
10.1016/j.tate.2026.105735,"TALIS 2024 (teacher survey), cross-national (18 countries/regions retained)",Mediation via professional development barriers,"AI teaching applications (Yes/No), Professional development barriers, School fixed effects, Teaching experience (years), Employment type","Step 1: AI → professional development barriers β = −0.282***. Step 2: barriers → work stress β = 0.158*** (and β = 0.141*** in the mediation model). In the full model, AI coefficient becomes non-significant (β = 0.009).","Using TALIS 2024 teacher survey the study leveraged AI teaching applications to predict work stress through professional development barriers, finding that AI use is associated with lower barriers (β = −0.282***) and that higher barriers predict higher work stress (β = 0.158***), with the direct AI effect becoming non-significant when mediators are included. This indicates that AI tools can reduce teachers’ perceived obstacles to professional growth, suggesting policy should invest in AI-supported professional development that lowers time/skill acquisition barriers.",peer_reviewed_research,"Step 1: AI → professional development barriers β = −0.282***. Step 2: barriers → work stress β = 0.158*** (and β = 0.141*** in the mediation model). In the full model, AI coefficient becomes non-significant (β = 0.009).","Using TALIS 2024 teacher survey the study leveraged AI teaching applications to predict work stress through professional development barriers, finding that AI use is associated with lower barriers (β = −0.282***) and that higher barriers predict higher work stress (β = 0.158***), with the direct AI effect becoming non-significant when mediators are included. This indicates that AI tools can reduce teachers’ perceived obstacles to professional growth, suggesting policy should invest in AI-supported professional development that lowers time/skill acquisition barriers.",Other / Unspecified,Other,Student: Attitudinal/Behavioral; School/Teacher: Context
10.1016/j.ijedro.2024.100359,PISA,Literature synthesis outcome (not student-level prediction),,Not reported,"Using PISA the study leveraged the reported predictors to predict Literature synthesis outcome (not student-level prediction), finding that This systematic review synthesizes quantitative studies and OECD PISA reports that examine how socioeconomic educational equity has changed across PISA waves from 2000 to 2022 (with the review covering publications from 2005 to 2023, and an update in 2024). Rather than re-estimating models, the authors code how equity change is operationalized—grouping indicators into four categories: equality of outcome, equality of opportunity, resilience, and segregation—and how results are classified as positive, negative, no change, unclear, mixed, omitted, or not available. The review finds no clear overall direction of equity change across participating countries, with substantial within-country and cross-indicator discrepancies, and with OECD reports often providing the most consistent cross-country comparisons. Methodological limitations include reliance on heterogeneous indicator definitions and cut-off criteria across primary studies, and the fact that the review does not standardize weighting or PV/missing-data handling across studies. This indicates that ical limitations include reliance on heterogeneous indicator definitions and cut-off criteria across primary studies, and the fact that the review does not standardize weighting or PV/missing-data handling across studies.",review_article,Not reported,"Using PISA the study leveraged the reported predictors to predict Literature synthesis outcome (not student-level prediction), finding that This systematic review synthesizes quantitative studies and OECD PISA reports that examine how socioeconomic educational equity has changed across PISA waves from 2000 to 2022 (with the review covering publications from 2005 to 2023, and an update in 2024). Rather than re-estimating models, the authors code how equity change is operationalized—grouping indicators into four categories: equality of outcome, equality of opportunity, resilience, and segregation—and how results are classified as positive, negative, no change, unclear, mixed, omitted, or not available. The review finds no clear overall direction of equity change across participating countries, with substantial within-country and cross-indicator discrepancies, and with OECD reports often providing the most consistent cross-country comparisons. Methodological limitations include reliance on heterogeneous indicator definitions and cut-off criteria across primary studies, and the fact that the review does not standardize weighting or PV/missing-data handling across studies. This indicates that ical limitations include reliance on heterogeneous indicator definitions and cut-off criteria across primary studies, and the fact that the review does not standardize weighting or PV/missing-data handling across studies.",Other / Unspecified,Other,
10.21031/epod.1782727,PISA 2022 Türkiye Mathematics (PVORT; 15-year-olds),Mathematical literacy (PVORT; averaged plausible values),"Socioeconomic status (ESCS), Mathematics self-efficacy, Disciplinary climate, Teacher support, Mathematics anxiety","Stacking (GLMNET meta-learner): R²=0.319 (±0.042), RMSE=0.777 (±0.016), MAE=0.633 (±0.000). XGBoost: R²=0.313 (±0.041), RMSE=0.781 (±0.017), MAE=0.636 (±0.019). Random Forest: R²=0.304 (±0.045), RMSE=0.786 (±0.018), MAE=0.641 (±0.001). ANN: R²=0.288 (±0.048), RMSE=0.795 (±0.019), MAE=0.653 (±0.003). LASSO: R²=0.273 (±0.052), RMSE=0.803 (±0.020), MAE=0.658 (±0.000). MLR (OLS): R²=0.270 (±0.053), RMSE=0.803 (±0.021), MAE=0.658 (±0.000). Friedman test: R² χ²(4)=33.04, p<.001; RMSE χ²(4)=30.96, p<.001; MAE χ²(4)=26.40, p<.001.","Using PISA 2022 Türkiye Mathematics the study leveraged socioeconomic status (ESCS), mathematics self-efficacy, disciplinary climate, teacher support, and mathematics anxiety to predict mathematical literacy (PVORT; averaged plausible values), finding that ensemble approaches outperformed linear methods, with stacking achieving the highest out-of-fold R² (0.319) and lowest RMSE (0.777). This indicates that combining diverse predictive learners can improve forecasting of mathematical literacy and that socioeconomic inequality remains a dominant correlate, supporting equity-focused and classroom-environment interventions, though causality cannot be inferred from cross-sectional prediction and PV uncertainty was simplified by averaging rather than Rubin’s rules.",peer_reviewed_research,"Stacking (GLMNET meta-learner): R²=0.319 (±0.042), RMSE=0.777 (±0.016), MAE=0.633 (±0.000). XGBoost: R²=0.313 (±0.041), RMSE=0.781 (±0.017), MAE=0.636 (±0.019). Random Forest: R²=0.304 (±0.045), RMSE=0.786 (±0.018), MAE=0.641 (±0.001). ANN: R²=0.288 (±0.048), RMSE=0.795 (±0.019), MAE=0.653 (±0.003). LASSO: R²=0.273 (±0.052), RMSE=0.803 (±0.020), MAE=0.658 (±0.000). MLR (OLS): R²=0.270 (±0.053), RMSE=0.803 (±0.021), MAE=0.658 (±0.000). Friedman test: R² χ²(4)=33.04, p<.001; RMSE χ²(4)=30.96, p<.001; MAE χ²(4)=26.40, p<.001.","Using PISA 2022 Türkiye Mathematics the study leveraged socioeconomic status (ESCS), mathematics self-efficacy, disciplinary climate, teacher support, and mathematics anxiety to predict mathematical literacy (PVORT; averaged plausible values), finding that ensemble approaches outperformed linear methods, with stacking achieving the highest out-of-fold R² (0.319) and lowest RMSE (0.777). This indicates that combining diverse predictive learners can improve forecasting of mathematical literacy and that socioeconomic inequality remains a dominant correlate, supporting equity-focused and classroom-environment interventions, though causality cannot be inferred from cross-sectional prediction and PV uncertainty was simplified by averaging rather than Rubin’s rules.",Mathematics,Cognitive Achievement,Student: SES; Student: Attitudinal/Behavioral; School/Teacher: Context; School/Teacher: Practice
10.33200/ijcer.1192590,PISA 2018 Turkey (15-year-olds) Reading,Reading skills category (successful vs unsuccessful),"Number of books at home, Perception of difficulty, Motivation for reading, Father’s educational level, Reading pleasure","MARS — Correct classification: 72.59%, Sensitivity: 70.51%, Specificity: 74.96%, Precision: 76.32%, F1: 73.30%, AUC: 79.80. RF — Correct classification: 70.28%, Sensitivity: 64.02%, Specificity: 77.44%, Precision: 76.46%, F1: 69.69%, AUC: 78.29.","Using PISA 2018 Turkey (15-year-olds) Reading the study leveraged number of books at home, perception of difficulty, motivation for reading, father’s educational level, and reading pleasure to predict reading skills category (successful vs unsuccessful), finding that MARS outperformed Random Forest on correct classification, sensitivity, F1, and AUC. This indicates that nonlinear, interaction-sensitive models can better identify which home and psychosocial factors align with reading success, supporting targeted interventions such as expanding access to books and strengthening reading motivation and self-efficacy, though the study is predictive and does not establish causal effects.",peer_reviewed_research,"MARS — Correct classification: 72.59%, Sensitivity: 70.51%, Specificity: 74.96%, Precision: 76.32%, F1: 73.30%, AUC: 79.80. RF — Correct classification: 70.28%, Sensitivity: 64.02%, Specificity: 77.44%, Precision: 76.46%, F1: 69.69%, AUC: 78.29.","Using PISA 2018 Turkey (15-year-olds) Reading the study leveraged number of books at home, perception of difficulty, motivation for reading, father’s educational level, and reading pleasure to predict reading skills category (successful vs unsuccessful), finding that MARS outperformed Random Forest on correct classification, sensitivity, F1, and AUC. This indicates that nonlinear, interaction-sensitive models can better identify which home and psychosocial factors align with reading success, supporting targeted interventions such as expanding access to books and strengthening reading motivation and self-efficacy, though the study is predictive and does not establish causal effects.",Other / Unspecified,Other,Student: SES; Student: Attitudinal/Behavioral
10.21449/ijate.1208809,PISA 2018 Reading (Turkey; PV1READ–PV10READ averaged to form binary success),Reading success status (successful=1 vs unsuccessful=0),"Home possessions (HOMEPOS), Family wealth (WEALTH), Reading and using strategies (METASPAM), Summarizing (METASUM), Reading self-concept difficulty (SCREADDIFF)","Best model: Decision Trees (C5.0 with boosting) overall correct classification rate = 89.6% (training 89.3%, test 90.4%); AUROC for ANN MLP = 0.837; other models: ANN 75.4%, CHAID 78.2%, CART 76.6%, QUEST 75.0%, k-NN 81.5%, Naive Bayes 76.8%.","Using PISA 2018 Reading data for Turkey, the study leveraged socioeconomic and home/reading-strategy indicators (e.g., HOMEPOS, WEALTH, METASPAM, METASUM, SCREADDIFF) to classify students into reading success status, finding that the C5.0 boosted decision tree achieved the highest overall correct classification rate (89.6%) and outperformed other classifiers. This indicates that strengthening home educational resources and reading-strategy development may be particularly important for improving reading achievement, though the results are predictive classifications and do not establish causal effects.",peer_reviewed_research,"Best model: Decision Trees (C5.0 with boosting) overall correct classification rate = 89.6% (training 89.3%, test 90.4%); AUROC for ANN MLP = 0.837; other models: ANN 75.4%, CHAID 78.2%, CART 76.6%, QUEST 75.0%, k-NN 81.5%, Naive Bayes 76.8%.","Using PISA 2018 Reading data for Turkey, the study leveraged socioeconomic and home/reading-strategy indicators (e.g., HOMEPOS, WEALTH, METASPAM, METASUM, SCREADDIFF) to classify students into reading success status, finding that the C5.0 boosted decision tree achieved the highest overall correct classification rate (89.6%) and outperformed other classifiers. This indicates that strengthening home educational resources and reading-strategy development may be particularly important for improving reading achievement, though the results are predictive classifications and do not establish causal effects.",Other / Unspecified,Other,Student: SES; Student: Attitudinal/Behavioral
10.1016/j.tate.2026.105595,"TALIS 2024 (teacher questionnaire), cross-national (Singapore, UAE, France, Japan)",Instructional use of AI (past 12 months; yes/no),"Self-efficacy (SE), Perceived usefulness (PU), Perceived risks (PR)","Survey-weighted binary logistic regression (N = 8026). SE: B = 0.513, p < .001 (OR = 1.670, 95% CI [1.359, 2.053]); PU: B = 0.891, p < .001 (OR = 2.438, 95% CI [2.120, 2.804]); PR: B = −0.057, p = .491 (OR = 0.945, 95% CI [0.803, 1.111]). Model pseudo R2 (deviance-based) = 0.215.","Using TALIS 2024 teacher questionnaire the study leveraged self-efficacy (SE), perceived usefulness (PU), and perceived risks (PR) to predict instructional use of AI (past 12 months; yes/no), finding that SE and PU were positively associated with AI adoption while PR was not statistically significant. This indicates that strengthening teachers’ confidence and perceived instructional value of AI may be more actionable than focusing solely on risk messaging, though the cross-sectional design limits causal claims.",peer_reviewed_research,"Survey-weighted binary logistic regression (N = 8026). SE: B = 0.513, p < .001 (OR = 1.670, 95% CI [1.359, 2.053]); PU: B = 0.891, p < .001 (OR = 2.438, 95% CI [2.120, 2.804]); PR: B = −0.057, p = .491 (OR = 0.945, 95% CI [0.803, 1.111]). Model pseudo R2 (deviance-based) = 0.215.","Using TALIS 2024 teacher questionnaire the study leveraged self-efficacy (SE), perceived usefulness (PU), and perceived risks (PR) to predict instructional use of AI (past 12 months; yes/no), finding that SE and PU were positively associated with AI adoption while PR was not statistically significant. This indicates that strengthening teachers’ confidence and perceived instructional value of AI may be more actionable than focusing solely on risk messaging, though the cross-sectional design limits causal claims.",Other / Unspecified,Other,Student: Attitudinal/Behavioral
10.1016/j.tate.2026.105595,"TALIS 2024 (teacher questionnaire), cross-national moderation (Singapore, UAE, France, Japan)",Instructional use of AI (past 12 months; yes/no) — moderation by country group,"Self-efficacy (SE), Perceived usefulness (PU), Perceived risks (PR), Country group (high vs low)","Survey-weighted logistic regression with interaction terms (N = 8026). SE × country group: B = −0.346, p = .048 (OR = 0.707, 95% CI [0.502, 0.997]); PU × country group: B = 0.189, p = .102; PR × country group: B = −0.137, p = .286. Pseudo R2 (deviance-based) = 0.215.","Using TALIS 2024 teacher questionnaire the study leveraged self-efficacy (SE), perceived usefulness (PU), perceived risks (PR), and country group (high vs low adoption) to predict instructional use of AI, finding that only the SE × country-group interaction was significant (SE’s association with adoption is stronger in low-adoption countries). This indicates that capacity-building and confidence-enhancing supports may be especially important for accelerating AI uptake in lower-adoption education systems, while effects of PU and PR appear more stable across contexts.",peer_reviewed_research,"Survey-weighted logistic regression with interaction terms (N = 8026). SE × country group: B = −0.346, p = .048 (OR = 0.707, 95% CI [0.502, 0.997]); PU × country group: B = 0.189, p = .102; PR × country group: B = −0.137, p = .286. Pseudo R2 (deviance-based) = 0.215.","Using TALIS 2024 teacher questionnaire the study leveraged self-efficacy (SE), perceived usefulness (PU), perceived risks (PR), and country group (high vs low adoption) to predict instructional use of AI, finding that only the SE × country-group interaction was significant (SE’s association with adoption is stronger in low-adoption countries). This indicates that capacity-building and confidence-enhancing supports may be especially important for accelerating AI uptake in lower-adoption education systems, while effects of PU and PR appear more stable across contexts.",Other / Unspecified,Other,Student: Attitudinal/Behavioral; System: Policy/Context
10.1016/j.tate.2026.105595,"TALIS 2024 (teacher questionnaire), AI user subsample (Singapore, UAE, France, Japan)",Specific AI instructional application modes (8 binary outcomes; yes/no),"Country group (high vs low), Self-efficacy (SE), Perceived usefulness (PU), Perceived risks (PR)","Eight separate survey-weighted binary logistic regressions for AI users (n = 4238), with FDR correction across applications. High-adoption countries show significant advantages (p_FDR): summarising topic content (p_FDR = 0.000), generating lesson plans/activities (p_FDR = 0.000), generating text for student feedback/parent communication (p_FDR = 0.000), helping students practise complex skills in real-life scenarios (p_FDR = 0.023). No application shows a robust advantage for low-adoption countries after FDR correction.","Using TALIS 2024 teacher questionnaire data restricted to AI users, the study leveraged country group (high vs low adoption) with SE, PU, and PR as controls to predict eight specific AI application modes, finding that high-adoption countries were significantly more likely to use AI for content summarisation, lesson planning, feedback/communication text, and real-life complex-skill practice after FDR correction. This indicates that policy and training should target not only adoption rates but also the instructional functions where AI is integrated, especially in high-adoption contexts.",peer_reviewed_research,"Eight separate survey-weighted binary logistic regressions for AI users (n = 4238), with FDR correction across applications. High-adoption countries show significant advantages (p_FDR): summarising topic content (p_FDR = 0.000), generating lesson plans/activities (p_FDR = 0.000), generating text for student feedback/parent communication (p_FDR = 0.000), helping students practise complex skills in real-life scenarios (p_FDR = 0.023). No application shows a robust advantage for low-adoption countries after FDR correction.","Using TALIS 2024 teacher questionnaire data restricted to AI users, the study leveraged country group (high vs low adoption) with SE, PU, and PR as controls to predict eight specific AI application modes, finding that high-adoption countries were significantly more likely to use AI for content summarisation, lesson planning, feedback/communication text, and real-life complex-skill practice after FDR correction. This indicates that policy and training should target not only adoption rates but also the instructional functions where AI is integrated, especially in high-adoption contexts.",Other / Unspecified,Other,System: Policy/Context; Student: Attitudinal/Behavioral
10.1016/j.tate.2026.105595,"TALIS 2024 (teacher questionnaire), AI non-user subsample (Singapore, UAE, France, Japan)",Reasons for non-use of AI (5 binary outcomes; yes/no),"Country group (high vs low), Self-efficacy (SE), Perceived usefulness (PU), Perceived risks (PR)","Five separate survey-weighted binary logistic regressions for AI non-users (n = 3788), with FDR correction. Low-adoption countries are more likely to report: lack of digital tools/resources (p_FDR = 0.000), insufficient knowledge/skills (p_FDR = 0.000), belief that AI should not be used in teaching (p_FDR = 0.005), school prohibits AI use (p_FDR = 0.046), and feeling overwhelmed by new technologies (p_FDR = 0.005). Pseudo R2 values are reported per model in Table 7 (not consolidated).","Using TALIS 2024 teacher questionnaire data restricted to AI non-users, the study leveraged country group (high vs low adoption) with SE, PU, and PR as controls to predict five reasons for non-use, finding that low-adoption countries report higher prevalence of resource constraints, capability gaps, normative reservations, institutional restrictions, and technology-related overwhelm after FDR correction. This indicates that accelerating AI adoption in lower-adoption systems likely requires coordinated interventions spanning infrastructure, skills training, and addressing teachers’ affective and value-based concerns, not just providing access.",peer_reviewed_research,"Five separate survey-weighted binary logistic regressions for AI non-users (n = 3788), with FDR correction. Low-adoption countries are more likely to report: lack of digital tools/resources (p_FDR = 0.000), insufficient knowledge/skills (p_FDR = 0.000), belief that AI should not be used in teaching (p_FDR = 0.005), school prohibits AI use (p_FDR = 0.046), and feeling overwhelmed by new technologies (p_FDR = 0.005). Pseudo R2 values are reported per model in Table 7 (not consolidated).","Using TALIS 2024 teacher questionnaire data restricted to AI non-users, the study leveraged country group (high vs low adoption) with SE, PU, and PR as controls to predict five reasons for non-use, finding that low-adoption countries report higher prevalence of resource constraints, capability gaps, normative reservations, institutional restrictions, and technology-related overwhelm after FDR correction. This indicates that accelerating AI adoption in lower-adoption systems likely requires coordinated interventions spanning infrastructure, skills training, and addressing teachers’ affective and value-based concerns, not just providing access.",Other / Unspecified,Other,System: Policy/Context; Student: Attitudinal/Behavioral
10.1080/09500693.2022.2109075,TIMSS,science achievement,,Not reported,"Using TIMSS the study leveraged the reported predictors to predict science achievement, finding that This systematic review synthesizes 82 peer-reviewed empirical studies that used TIMSS and/or PISA data to investigate science teaching and learning (STL) over roughly two decades, with searches conducted up to 31 January 2022. The review does not estimate effects itself; instead, it maps study characteristics (aims, data sources, STL measures, and research approaches) and summarizes patterns of reported findings across three categories: STL–student outcome relationships, factors explaining STL variation, and patterns of STL across contexts. Across included studies, most examined inquiry-related STL activities and reported largely inconsistent relationships with science achievement, while showing more consistent positive associations with non-cognitive outcomes (e.g., enjoyment and attitudes). Methodological cautions highlighted include frequent under-reporting or inappropriate use of sampling weights and plausible values, and the cross-sectional nature of TIMSS/PISA limiting causal inference. The review also notes that STL measures in large-scale assessments are often crude indicators of classroom practice quality. This indicates that ts and plausible values, and the cross-sectional nature of TIMSS/PISA limiting causal inference. The review also notes that STL measures in large-scale assessments are often crude indicators of classroom practice quality.",review_article,Not reported,"Using TIMSS the study leveraged the reported predictors to predict science achievement, finding that This systematic review synthesizes 82 peer-reviewed empirical studies that used TIMSS and/or PISA data to investigate science teaching and learning (STL) over roughly two decades, with searches conducted up to 31 January 2022. The review does not estimate effects itself; instead, it maps study characteristics (aims, data sources, STL measures, and research approaches) and summarizes patterns of reported findings across three categories: STL–student outcome relationships, factors explaining STL variation, and patterns of STL across contexts. Across included studies, most examined inquiry-related STL activities and reported largely inconsistent relationships with science achievement, while showing more consistent positive associations with non-cognitive outcomes (e.g., enjoyment and attitudes). Methodological cautions highlighted include frequent under-reporting or inappropriate use of sampling weights and plausible values, and the cross-sectional nature of TIMSS/PISA limiting causal inference. The review also notes that STL measures in large-scale assessments are often crude indicators of classroom practice quality. This indicates that ts and plausible values, and the cross-sectional nature of TIMSS/PISA limiting causal inference. The review also notes that STL measures in large-scale assessments are often crude indicators of classroom practice quality.",Science,Cognitive Achievement,
10.1007/s10758-021-09572-9,PISA 2015 Mathematics (PV1MATH–PV10MATH quartiles),Mathematics achievement quartile (Q1–Q4),"Educational aspiration level, Socioeconomic status (ESCS), Anxiety index, Student motivation index, Internet-using time outside school","Not reported (J48 decision trees with ten-fold cross-validation; success rates by quartile reported as percentages, but no accuracy/AUC/RMSE reported).","Using PISA 2015 Mathematics the study leveraged educational aspiration level, socioeconomic status (ESCS), anxiety, motivation, and ICT-related variables to classify students into mathematics achievement quartiles, finding that higher aspirations and motivation with lower anxiety were associated with higher quartiles while repetition and some forms of paid work before school were associated with lower quartiles. This indicates that education systems in high-performing countries may benefit from policies that strengthen student goal-setting and motivation while reducing anxiety and supporting equitable learning opportunities tied to socioeconomic resources, though the decision-tree results are correlational and not causal.",peer_reviewed_research,"Not reported (J48 decision trees with ten-fold cross-validation; success rates by quartile reported as percentages, but no accuracy/AUC/RMSE reported).","Using PISA 2015 Mathematics the study leveraged educational aspiration level, socioeconomic status (ESCS), anxiety, motivation, and ICT-related variables to classify students into mathematics achievement quartiles, finding that higher aspirations and motivation with lower anxiety were associated with higher quartiles while repetition and some forms of paid work before school were associated with lower quartiles. This indicates that education systems in high-performing countries may benefit from policies that strengthen student goal-setting and motivation while reducing anxiety and supporting equitable learning opportunities tied to socioeconomic resources, though the decision-tree results are correlational and not causal.",Mathematics,Cognitive Achievement,Student: Attitudinal/Behavioral; Student: SES; School/Teacher: Context
10.1007/s10758-021-09572-9,PISA 2015 Reading (PV1READ–PV10READ quartiles),Reading achievement quartile (Q1–Q4),"Educational aspiration level, Books at home, Collaboration and teamwork index, Email access outside school, Internet is excellent information source",Not reported (J48 decision trees with ten-fold cross-validation; quartile success rates reported as percentages by country).,"Using PISA 2015 Reading the study leveraged educational aspiration level, books at home, collaboration/teamwork indicators, and ICT use beliefs/behaviors (e.g., email access and viewing the internet as an excellent information source) to classify students into reading achievement quartiles, finding that students with higher aspirations and richer home resources tended to reach higher quartiles and that some ICT uses were linked to lower quartiles when ICT usage was high in ways captured by the model. This indicates that reading improvement strategies may need to combine aspiration- and motivation-oriented supports with home-resource and ICT-use guidance, while recognizing that the quartile classification is based on discretized PV averages and does not establish causal effects.",peer_reviewed_research,Not reported (J48 decision trees with ten-fold cross-validation; quartile success rates reported as percentages by country).,"Using PISA 2015 Reading the study leveraged educational aspiration level, books at home, collaboration/teamwork indicators, and ICT use beliefs/behaviors (e.g., email access and viewing the internet as an excellent information source) to classify students into reading achievement quartiles, finding that students with higher aspirations and richer home resources tended to reach higher quartiles and that some ICT uses were linked to lower quartiles when ICT usage was high in ways captured by the model. This indicates that reading improvement strategies may need to combine aspiration- and motivation-oriented supports with home-resource and ICT-use guidance, while recognizing that the quartile classification is based on discretized PV averages and does not establish causal effects.",Reading,Cognitive Achievement,Student: Attitudinal/Behavioral; Student: SES; School/Teacher: Context
10.1007/s10758-021-09572-9,PISA 2015 Sciences (PV1SCIE–PV10SCIE quartiles),Science achievement quartile (Q1–Q4),"Educational aspiration level, Science appreciation index, Scientific approach trust index, Ozone layer environmental knowledge, Teacher impartiality index",Not reported (J48 decision trees with ten-fold cross-validation; quartile success rates reported as percentages by country).,"Using PISA 2015 Sciences the study leveraged educational aspiration level, science appreciation, scientific approach trust, environmental knowledge items, and teacher impartiality indicators to classify students into science achievement quartiles, finding that students with stronger science epistemic beliefs (trust in scientific approaches and agreement with experiment-based reasoning) and higher science appreciation tended to reach higher quartiles, while paid work and some ICT patterns were associated with lower quartiles. This indicates that science education policies in top-performing systems may prioritize epistemic-cognition supports (how students think science works) alongside motivation and equitable learning conditions, though the findings remain predictive/correlational rather than causal.",peer_reviewed_research,Not reported (J48 decision trees with ten-fold cross-validation; quartile success rates reported as percentages by country).,"Using PISA 2015 Sciences the study leveraged educational aspiration level, science appreciation, scientific approach trust, environmental knowledge items, and teacher impartiality indicators to classify students into science achievement quartiles, finding that students with stronger science epistemic beliefs (trust in scientific approaches and agreement with experiment-based reasoning) and higher science appreciation tended to reach higher quartiles, while paid work and some ICT patterns were associated with lower quartiles. This indicates that science education policies in top-performing systems may prioritize epistemic-cognition supports (how students think science works) alongside motivation and equitable learning conditions, though the findings remain predictive/correlational rather than causal.",Science,Cognitive Achievement,Student: Attitudinal/Behavioral; Student: Prior Achievement; School/Teacher: Practice
10.1163/23641177-bja10091,"PISA 2022 Science (PVSCIE), 15-year-olds, top five economies (Singapore, Japan, Macau, Taiwan/Chinese Taipei, South Korea)",Scientific literacy (PVSCIE),"Economic, Social, and Cultural Status (ESCS), Doctoral teachers, Curiosity, Emotional control, Stress resistance","Hierarchical linear modeling (HLM); reported unstandardized coefficients and t-ratios by country (no overall ML accuracy/R²). Model fit reported via AIC/BIC and likelihood ratio test (final model AIC=12,305.4; BIC=12,487.2; χ²=42.7, p<0.001). Intraclass correlation coefficient=0.192.","Using PISA 2022 Science (PVSCIE) data for 15-year-olds in Singapore, Japan, Macau, Taiwan/Chinese Taipei, and South Korea, the study leveraged ESCS, doctoral teacher qualification, curiosity, emotional control, and stress resistance (among other student- and school-level variables) to model scientific literacy, finding that ESCS and highly qualified teachers were consistently positive predictors while the effects of stress resistance and other psychosocial traits varied by system. This indicates that equity-oriented science improvement should combine socioeconomic-support strategies with sustained teacher qualification and school climate supports, while recognizing that student well-being traits may require context-specific buffering rather than uniform interventions.",peer_reviewed_research,"Hierarchical linear modeling (HLM); reported unstandardized coefficients and t-ratios by country (no overall ML accuracy/R²). Model fit reported via AIC/BIC and likelihood ratio test (final model AIC=12,305.4; BIC=12,487.2; χ²=42.7, p<0.001). Intraclass correlation coefficient=0.192.","Using PISA 2022 Science (PVSCIE) data for 15-year-olds in Singapore, Japan, Macau, Taiwan/Chinese Taipei, and South Korea, the study leveraged ESCS, doctoral teacher qualification, curiosity, emotional control, and stress resistance (among other student- and school-level variables) to model scientific literacy, finding that ESCS and highly qualified teachers were consistently positive predictors while the effects of stress resistance and other psychosocial traits varied by system. This indicates that equity-oriented science improvement should combine socioeconomic-support strategies with sustained teacher qualification and school climate supports, while recognizing that student well-being traits may require context-specific buffering rather than uniform interventions.",Science,Cognitive Achievement,Student: Attitudinal/Behavioral; Student: SES; School/Teacher: Practice
10.22460/infinity.v13i1.p139-156,PISA 2022 mathematics achievement,mathematics scores,,Not reported,"Using PISA 2022 mathematics achievement the study leveraged the reported predictors to predict mathematics scores, finding that This paper investigates why Indonesian mathematics scores declined in PISA 2022 by eliciting teachers’ perspectives rather than by statistically modeling student achievement. The authors conducted semi-structured interviews with 36 mathematics teachers across different provinces in Indonesia, then used open coding with consensus between two researchers to derive themes and subcategories. Teachers reported six principal factor groups—pandemic-related issues, curriculum/system challenges, teacher-related issues, educational resource limitations, individual student factors, and parental involvement—and provided recommendations for government, schools, and parents (e.g., ICT training, workshops for curriculum implementation, and strengthening parental emotional/academic support). The study reports frequencies of how often subcategories were mentioned, but it does not provide predictive performance metrics (e.g., accuracy/RMSE) because no ML prediction task is performed. Consequently, the findings are interpretive and policy-relevant as perceived constraints and actionable suggestions, but they cannot establish causal effects on PISA score changes. This indicates that ause no ML prediction task is performed. Consequently, the findings are interpretive and policy-relevant as perceived constraints and actionable suggestions, but they cannot establish causal effects on PISA score changes.",peer_reviewed_research,Not reported,"Using PISA 2022 mathematics achievement the study leveraged the reported predictors to predict mathematics scores, finding that This paper investigates why Indonesian mathematics scores declined in PISA 2022 by eliciting teachers’ perspectives rather than by statistically modeling student achievement. The authors conducted semi-structured interviews with 36 mathematics teachers across different provinces in Indonesia, then used open coding with consensus between two researchers to derive themes and subcategories. Teachers reported six principal factor groups—pandemic-related issues, curriculum/system challenges, teacher-related issues, educational resource limitations, individual student factors, and parental involvement—and provided recommendations for government, schools, and parents (e.g., ICT training, workshops for curriculum implementation, and strengthening parental emotional/academic support). The study reports frequencies of how often subcategories were mentioned, but it does not provide predictive performance metrics (e.g., accuracy/RMSE) because no ML prediction task is performed. Consequently, the findings are interpretive and policy-relevant as perceived constraints and actionable suggestions, but they cannot establish causal effects on PISA score changes. This indicates that ause no ML prediction task is performed. Consequently, the findings are interpretive and policy-relevant as perceived constraints and actionable suggestions, but they cannot establish causal effects on PISA score changes.",Mathematics,Cognitive Achievement,
10.1186/s40536-024-00229-4,ICCS 2016 Grade 8 (Italy) civic engagement profiles,Civic engagement profile membership (disengaged/moderately engaged/engaged),"Citizenship self-efficacy, Trust in civic institutions, Engagement with social media, Open classroom discussion, Civic learning at school",Latent profile analysis fit: 3-profile solution (AIC/BIC/ABIC decreased; entropy 0.79). Logistic regression: odds ratios (OR) reported; effect sizes mostly weak; no overall classification accuracy reported. Additional analysis (Civic knowledge differences across engagement profiles (PVs)): Logistic regression results for civic knowledge: OR=1.00 (SE=0.01) for Group 1 vs Group 2 and OR=1.00 (SE=0.01) for Group 3 vs Group 2; no statistically significant associations reported.,"Using ICCS 2016 Grade 8 (Italy) the study leveraged citizenship self-efficacy, trust in civic institutions, engagement with social media, open classroom discussion, and civic learning at school to model civic engagement profile membership, finding that students in the engaged profile were characterized by higher citizenship self-efficacy (Group 3 vs Group 2 OR=1.5) and generally higher levels of the other school-context and attitude/behavior variables, while civic knowledge showed no statistically significant association. This indicates that strengthening students’ perceived capability to act civically—supported by open classroom discussion and school learning opportunities—may be more actionable for improving civic engagement than focusing primarily on civic knowledge alone, though the cross-sectional design limits causal claims.",peer_reviewed_research,Latent profile analysis fit: 3-profile solution (AIC/BIC/ABIC decreased; entropy 0.79). Logistic regression: odds ratios (OR) reported; effect sizes mostly weak; no overall classification accuracy reported. Additional analysis (Civic knowledge differences across engagement profiles (PVs)): Logistic regression results for civic knowledge: OR=1.00 (SE=0.01) for Group 1 vs Group 2 and OR=1.00 (SE=0.01) for Group 3 vs Group 2; no statistically significant associations reported.,"Using ICCS 2016 Grade 8 (Italy) the study leveraged citizenship self-efficacy, trust in civic institutions, engagement with social media, open classroom discussion, and civic learning at school to model civic engagement profile membership, finding that students in the engaged profile were characterized by higher citizenship self-efficacy (Group 3 vs Group 2 OR=1.5) and generally higher levels of the other school-context and attitude/behavior variables, while civic knowledge showed no statistically significant association. This indicates that strengthening students’ perceived capability to act civically—supported by open classroom discussion and school learning opportunities—may be more actionable for improving civic engagement than focusing primarily on civic knowledge alone, though the cross-sectional design limits causal claims.",Civic Education,Cognitive Achievement,Student: Attitudinal/Behavioral; Student: Demographic; School/Teacher: Context
10.3390/bs13030237,"PISA 2018 (China, 15-year-olds) Mathematics achievement (IRT-based scores; 10 PVs incorporated in OLS)",Mathematics achievement,"Learning time (math minutes/week), Gender, Urban/rural location, School type (public/private), Family socioeconomic status (ESCS)",OLS: R2=0.195 (Model 1) and R2=0.202 (Model 2); threshold regression: optimal math learning time 200–240 min/week (single threshold 200 min/week; double threshold 200–240 min/week).,"Using PISA 2018 China the study leveraged learning time (math minutes/week) together with gender, urban/rural location, school type, and ESCS to model mathematics achievement, finding that learning time shows an inverted U-shaped relationship with significant positive effects up to an optimal range and negative/ineffective effects beyond it. This indicates that policies under the “double reduction” framework should target an evidence-based upper bound for subject-specific study time (about 200–240 minutes/week for math) rather than assuming that more time always improves achievement.",peer_reviewed_research,OLS: R2=0.195 (Model 1) and R2=0.202 (Model 2); threshold regression: optimal math learning time 200–240 min/week (single threshold 200 min/week; double threshold 200–240 min/week).,"Using PISA 2018 China the study leveraged learning time (math minutes/week) together with gender, urban/rural location, school type, and ESCS to model mathematics achievement, finding that learning time shows an inverted U-shaped relationship with significant positive effects up to an optimal range and negative/ineffective effects beyond it. This indicates that policies under the “double reduction” framework should target an evidence-based upper bound for subject-specific study time (about 200–240 minutes/week for math) rather than assuming that more time always improves achievement.",Mathematics,Cognitive Achievement,Student: Attitudinal/Behavioral; Student: Demographic; School/Teacher: Context; Student: SES
10.3390/bs13030237,"PISA 2018 (China, 15-year-olds) Science achievement (IRT-based scores; 10 PVs incorporated in OLS)",Science achievement,"Learning time (science minutes/week), Gender, Urban/rural location, School type (public/private), School quality (teacher degrees)",OLS: R2=0.256 (Model 3) and R2=0.273 (Model 4); threshold regression: optimal science learning time 440–520 min/week (double threshold with inflection at 440 and negative beyond 520).,"Using PISA 2018 China the study leveraged science learning time (minutes/week) along with gender, urban/rural location, school type, and school quality to model science achievement, finding that the learning-time effect is nonlinear with a significant positive effect below the inflection point and a significant negative effect after exceeding the upper threshold. This indicates that curriculum and homework guidance should allow more science study time than math up to an evidence-based ceiling (about 440–520 minutes/week), while discouraging excessive time that may reduce learning efficiency.",peer_reviewed_research,OLS: R2=0.256 (Model 3) and R2=0.273 (Model 4); threshold regression: optimal science learning time 440–520 min/week (double threshold with inflection at 440 and negative beyond 520).,"Using PISA 2018 China the study leveraged science learning time (minutes/week) along with gender, urban/rural location, school type, and school quality to model science achievement, finding that the learning-time effect is nonlinear with a significant positive effect below the inflection point and a significant negative effect after exceeding the upper threshold. This indicates that curriculum and homework guidance should allow more science study time than math up to an evidence-based ceiling (about 440–520 minutes/week), while discouraging excessive time that may reduce learning efficiency.",Science,Cognitive Achievement,Student: Attitudinal/Behavioral; Student: Demographic; School/Teacher: Context; School/Teacher: Practice
10.3390/bs13030237,"PISA 2018 (China, 15-year-olds) Reading achievement (IRT-based scores; 10 PVs incorporated in OLS)",Reading achievement,"Learning time (language/reading minutes/week), Gender, Urban/rural location, School type (public/private), Metacognition (comprehension/memory)",OLS: R2=0.267 (Model 5) and R2=0.275 (Model 6); threshold regression: optimal reading learning time about 200 min/week (single threshold 200 min/week; negative effect beyond 200).,"Using PISA 2018 China the study leveraged reading learning time (language/reading minutes/week) with gender, urban/rural location, school type, and metacognition to model reading achievement, finding a significant single-threshold inverted U pattern with positive effects below about 200 minutes/week and negative effects beyond that point. This indicates that homework and after-school tutoring recommendations for reading should emphasize a relatively modest time target (around 200 minutes/week) and focus on learning effectiveness rather than extending time.",peer_reviewed_research,OLS: R2=0.267 (Model 5) and R2=0.275 (Model 6); threshold regression: optimal reading learning time about 200 min/week (single threshold 200 min/week; negative effect beyond 200).,"Using PISA 2018 China the study leveraged reading learning time (language/reading minutes/week) with gender, urban/rural location, school type, and metacognition to model reading achievement, finding a significant single-threshold inverted U pattern with positive effects below about 200 minutes/week and negative effects beyond that point. This indicates that homework and after-school tutoring recommendations for reading should emphasize a relatively modest time target (around 200 minutes/week) and focus on learning effectiveness rather than extending time.",Reading,Cognitive Achievement,Student: Demographic; School/Teacher: Context; Student: Attitudinal/Behavioral
10.3390/bs13030237,"PISA 2018 (China, 15-year-olds) Mathematics/Science/Reading achievement (quantile regression on PV-based outcomes)",Academic achievement heterogeneity by learning time (quantiles),"Learning time (subject-specific minutes/week), Academic performance level (quantile position), Gender, Urban/rural location, Family socioeconomic status (ESCS)",Quantile regression results reported qualitatively: diminishing marginal benefit; stronger positive marginal effects for lower-performing students (last 20–40% depending on subject) and weak/limited benefits for top performers (top 50%).,"Using PISA 2018 China the study leveraged subject-specific learning time and background controls to estimate quantile-specific effects on achievement, finding that learning-time benefits are concentrated among academically disadvantaged students (roughly the bottom 20–40%) while top performers show weak marginal gains and diminishing returns. This indicates that differentiated homework/time-allocation policies are needed: extend learning time for students below performance thresholds, but avoid uniform time increases for high-achieving students where efficiency gains are minimal.",peer_reviewed_research,Quantile regression results reported qualitatively: diminishing marginal benefit; stronger positive marginal effects for lower-performing students (last 20–40% depending on subject) and weak/limited benefits for top performers (top 50%).,"Using PISA 2018 China the study leveraged subject-specific learning time and background controls to estimate quantile-specific effects on achievement, finding that learning-time benefits are concentrated among academically disadvantaged students (roughly the bottom 20–40%) while top performers show weak marginal gains and diminishing returns. This indicates that differentiated homework/time-allocation policies are needed: extend learning time for students below performance thresholds, but avoid uniform time increases for high-achieving students where efficiency gains are minimal.",Composite / Multi-Domain,Cognitive Achievement,Student: Attitudinal/Behavioral; Student: Demographic; School/Teacher: Context; Student: SES
10.3390/bs13030237,"PISA 2018 (China, 15-year-olds) Mathematics achievement (two-stage OLS mediation; PV-based outcomes)",Academic achievement via mediators (attitude and belonging),"Learning time, Attitude toward school (learning activities), Subjective well-being (sense of belonging), Gender, Urban/rural location",Mediation (Table 7): learning time primary term positive and squared term negative for both mediators; mediators positively associated with math scores. Model fit: R2=0.019 (attitude stage) and R2=0.020 (well-being stage) for mediator equations; R2=0.181 (math outcome stage with mediators) and F=434.373.,"Using PISA 2018 China the study leveraged learning time and background controls to test a two-stage mechanism through attitude toward school and subjective well-being, finding an inverted U-shaped relationship where moderate learning time improves engagement/belonging but excessive time reduces them, and both mediators are positively associated with achievement. This indicates that policy should pair time-reduction goals with safeguards for students’ emotional health and learning engagement, because excessive time can harm non-cognitive states that support achievement.",peer_reviewed_research,Mediation (Table 7): learning time primary term positive and squared term negative for both mediators; mediators positively associated with math scores. Model fit: R2=0.019 (attitude stage) and R2=0.020 (well-being stage) for mediator equations; R2=0.181 (math outcome stage with mediators) and F=434.373.,"Using PISA 2018 China the study leveraged learning time and background controls to test a two-stage mechanism through attitude toward school and subjective well-being, finding an inverted U-shaped relationship where moderate learning time improves engagement/belonging but excessive time reduces them, and both mediators are positively associated with achievement. This indicates that policy should pair time-reduction goals with safeguards for students’ emotional health and learning engagement, because excessive time can harm non-cognitive states that support achievement.",Non-Cognitive / Process Output,Attitudinal / Affective,Student: Attitudinal/Behavioral; School/Teacher: Context; Student: Demographic
10.21067/mpej.v8i1.9215,PISA 2025 science framework through a systematic li,science literacy,building on the 2015 science literacy structure,2018 (building on the 2015 science literacy structure),"Using PISA 2025 science framework through a systematic li data, the document summarizes science literacy in relation to building on the 2015 science literacy structure, reporting that This article compares the PISA science literacy framework used in 2018 (building on the 2015 science literacy structure) with the newer PISA 2025 science framework through a systematic literature review (SLR) and bibliometric analysis. This indicates that The study’s implication is curricular and instructional: physics education should align learning activities with the 2025 emphasis on applying scientific information for decision-making and action, while also supporting .",review_article,2018 (building on the 2015 science literacy structure),"Using PISA 2025 science framework through a systematic li data, the document summarizes science literacy in relation to building on the 2015 science literacy structure, reporting that This article compares the PISA science literacy framework used in 2018 (building on the 2015 science literacy structure) with the newer PISA 2025 science framework through a systematic literature review (SLR) and bibliometric analysis. This indicates that The study’s implication is curricular and instructional: physics education should align learning activities with the 2025 emphasis on applying scientific information for decision-making and action, while also supporting .",Composite / Multi-Domain,Cognitive Achievement,Student: Attitudinal/Behavioral
10.1080/01443410.2019.1648766,PISA 2012 Mathematics (15-year-olds; seven East Asian systems),Learning strategy class membership (LCA-derived classes),"Economic, social, cultural status, Gender","Not reported (LCA model selection via BIC/a_BIC/LMR; class proportions: 17.49%, 50.70%, 10.33%, 16.47%).","Using PISA 2012 Mathematics the study leveraged Economic, social, cultural status and Gender to contextualize learning-strategy class membership derived via latent class analysis, finding four distinct learning-strategy classes with the largest class being metacognitive strategies with memorization (50.70%). This indicates that East Asian students’ mathematics learning is commonly characterized by combined metacognitive and memorization practices rather than memorization alone.",peer_reviewed_research,"Not reported (LCA model selection via BIC/a_BIC/LMR; class proportions: 17.49%, 50.70%, 10.33%, 16.47%).","Using PISA 2012 Mathematics the study leveraged Economic, social, cultural status and Gender to contextualize learning-strategy class membership derived via latent class analysis, finding four distinct learning-strategy classes with the largest class being metacognitive strategies with memorization (50.70%). This indicates that East Asian students’ mathematics learning is commonly characterized by combined metacognitive and memorization practices rather than memorization alone.",Other / Unspecified,Other,Student: Attitudinal/Behavioral; Student: Demographic
10.1080/01443410.2019.1648766,PISA 2012 Mathematics (15-year-olds; seven East Asian systems),Mathematics achievement (Plausible Values; regression on LCA class membership),"Economic, social, cultural status, Gender, Learning strategy class (LCA classes)","Standardized regression coefficients reported by system (Macau regression did not converge). Example (relative to Class 1): Class 2 coefficients are positive in all systems (e.g., Hong Kong 0.159; Taiwan 0.169); Class 4 positive in all systems except Singapore (e.g., Hong Kong 0.122; Taiwan 0.188).","Using PISA 2012 Mathematics the study leveraged Economic, social, cultural status, Gender, and LCA-derived learning-strategy class membership to predict mathematics achievement using all five plausible values, finding that students in the metacognitive-with-memorization class (Class 2) had significantly higher mathematics scores than the memorization-with-metacognitive class (Class 1) across all reported systems. This indicates that policy and practice should emphasize metacognitive strategy instruction alongside memorization routines, since memorization paired with metacognitive regulation is associated with higher achievement, while memorization-dominant profiles are linked to lower performance.",peer_reviewed_research,"Standardized regression coefficients reported by system (Macau regression did not converge). Example (relative to Class 1): Class 2 coefficients are positive in all systems (e.g., Hong Kong 0.159; Taiwan 0.169); Class 4 positive in all systems except Singapore (e.g., Hong Kong 0.122; Taiwan 0.188).","Using PISA 2012 Mathematics the study leveraged Economic, social, cultural status, Gender, and LCA-derived learning-strategy class membership to predict mathematics achievement using all five plausible values, finding that students in the metacognitive-with-memorization class (Class 2) had significantly higher mathematics scores than the memorization-with-metacognitive class (Class 1) across all reported systems. This indicates that policy and practice should emphasize metacognitive strategy instruction alongside memorization routines, since memorization paired with metacognitive regulation is associated with higher achievement, while memorization-dominant profiles are linked to lower performance.",Mathematics,Cognitive Achievement,Student: Attitudinal/Behavioral; Student: Demographic; Student: SES
10.3390/e24060760,PISA 2009 Mathematics (country-level scaling),Country means and standard deviations under alternative IRT scaling models,,"Model comparisons via AIC, BIC, and ∆GHP across 11 IRT models (1PL, 1PCL, 1PLL, 1PGL, 2PL, 3PL, 3PLQ, 3PLRH, 4PGL, 4PL, 4PLQ). Model uncertainty quantified using model error (ME), bias-corrected model error (MEbc), error ratio (ER=MEbc/SE), and total error (TE=√(SE^2+MEbc^2)). For mathematics, the error ratio for country means was on average 0.24 (max 0.66) and for country standard deviations on average 0.77 (max 1.58).","Using PISA 2009 mathematics the study compared 11 unidimensional IRT scaling models to obtain country means and standard deviations, finding that model choice had limited impact on country means on average (error ratio ER≈0.24) but substantial impact on country standard deviations (ER≈0.77, with some countries showing model error exceeding sampling error). This indicates that reporting uncertainty for dispersion parameters should incorporate model-uncertainty measures rather than relying on sampling standard errors alone.",peer_reviewed_research,"Model comparisons via AIC, BIC, and ∆GHP across 11 IRT models (1PL, 1PCL, 1PLL, 1PGL, 2PL, 3PL, 3PLQ, 3PLRH, 4PGL, 4PL, 4PLQ). Model uncertainty quantified using model error (ME), bias-corrected model error (MEbc), error ratio (ER=MEbc/SE), and total error (TE=√(SE^2+MEbc^2)). For mathematics, the error ratio for country means was on average 0.24 (max 0.66) and for country standard deviations on average 0.77 (max 1.58).","Using PISA 2009 mathematics the study compared 11 unidimensional IRT scaling models to obtain country means and standard deviations, finding that model choice had limited impact on country means on average (error ratio ER≈0.24) but substantial impact on country standard deviations (ER≈0.77, with some countries showing model error exceeding sampling error). This indicates that reporting uncertainty for dispersion parameters should incorporate model-uncertainty measures rather than relying on sampling standard errors alone.",Other / Unspecified,Other,
10.3390/e24060760,PISA 2009 Reading (country-level scaling),"Country means, standard deviations, and percentiles under alternative IRT scaling models",,"Information-criteria results: overall, 3PLQ or 3PLRH preferred over 2PL for model fit (AIC/∆GHP); BIC selected 3PLQ or 3PLRH across models. Model uncertainty: for reading, unadjusted model error averaged M=0.66 and bias-corrected MEbc averaged M=0.62 for country means; error ratio ER averaged 0.24 (sampling error dominates). For country standard deviations, MEbc averaged 0.96 and ER averaged 0.60 (model error more important); maximum ER=2.05 for Finland. For percentiles, ER averaged 0.60 for Q10 and 0.84 for Q90, indicating sensitivity of quantile comparisons to model choice.","Using PISA 2009 reading the study compared 11 unidimensional IRT scaling models and quantified model uncertainty for country means, standard deviations, and percentiles, finding that model error was non-negligible for dispersion and quantiles (e.g., ER≈0.60 for standard deviations and ER≈0.84 for the 90th percentile). This indicates that policy-relevant comparisons (especially top/bottom quantiles and variability) should report model-uncertainty-aware intervals, because standard sampling-based intervals can be overly narrow when model error dominates.",peer_reviewed_research,"Information-criteria results: overall, 3PLQ or 3PLRH preferred over 2PL for model fit (AIC/∆GHP); BIC selected 3PLQ or 3PLRH across models. Model uncertainty: for reading, unadjusted model error averaged M=0.66 and bias-corrected MEbc averaged M=0.62 for country means; error ratio ER averaged 0.24 (sampling error dominates). For country standard deviations, MEbc averaged 0.96 and ER averaged 0.60 (model error more important); maximum ER=2.05 for Finland. For percentiles, ER averaged 0.60 for Q10 and 0.84 for Q90, indicating sensitivity of quantile comparisons to model choice.","Using PISA 2009 reading the study compared 11 unidimensional IRT scaling models and quantified model uncertainty for country means, standard deviations, and percentiles, finding that model error was non-negligible for dispersion and quantiles (e.g., ER≈0.60 for standard deviations and ER≈0.84 for the 90th percentile). This indicates that policy-relevant comparisons (especially top/bottom quantiles and variability) should report model-uncertainty-aware intervals, because standard sampling-based intervals can be overly narrow when model error dominates.",Other / Unspecified,Other,
10.3390/e24060760,PISA 2009 Science (country-level scaling),"Country means, standard deviations, and percentiles under alternative IRT scaling models",,"Information-criteria results: overall, 3PLQ or 3PLRH preferred over 2PL for model fit (AIC/∆GHP); BIC selected 3PLQ or 3PLRH across models. Model uncertainty: for science, model error importance for country means was relatively small (average ER≈0.27), but for country standard deviations ER was larger (average ER≈0.53, max 1.50). For percentiles, average ER was M=0.44 (Q10) and M=0.57 (Q90), with maximum ER up to 1.53 (Q10) and 2.04 (Q90), showing cases where model error exceeded sampling error.",Using PISA 2009 science the study compared 11 IRT scaling models and found that model choice affected country dispersion and tail quantiles more than country means (ER≈0.27 for means vs. ER≈0.53 for standard deviations; ER up to >2 for some tails). This indicates that international comparisons of variability and extremes should incorporate model-uncertainty components to avoid overstating precision.,peer_reviewed_research,"Information-criteria results: overall, 3PLQ or 3PLRH preferred over 2PL for model fit (AIC/∆GHP); BIC selected 3PLQ or 3PLRH across models. Model uncertainty: for science, model error importance for country means was relatively small (average ER≈0.27), but for country standard deviations ER was larger (average ER≈0.53, max 1.50). For percentiles, average ER was M=0.44 (Q10) and M=0.57 (Q90), with maximum ER up to 1.53 (Q10) and 2.04 (Q90), showing cases where model error exceeded sampling error.",Using PISA 2009 science the study compared 11 IRT scaling models and found that model choice affected country dispersion and tail quantiles more than country means (ER≈0.27 for means vs. ER≈0.53 for standard deviations; ER up to >2 for some tails). This indicates that international comparisons of variability and extremes should incorporate model-uncertainty components to avoid overstating precision.,Other / Unspecified,Other,
10.12973/eu-jer.12.3.1479,"PISA-based mathematical literacy test (24 items from PISA 2012/2015/2018), Semarang City, Indonesia; grade 9 (age 15); mathematical literacy domain",Mathematical literacy skill (test score),"Mathematical competence (MC), Precision (accuracy/attention), Self-perception of math, School type (state vs private)","Pearson correlations with Math Literacy: Math Competency r=0.904 (p=0.022), Precision r=0.874 (p=0.002), Self-Perception r=0.793 (p=0.007); descriptive: mean score Total=55.4 (SD=8.62), Group A=58.1 (SD=8.39) vs Group B=52.7 (SD=7.45). Additional analysis (Precision (low/medium/high precision coding from answer sheets)): Pearson correlations with Precision: Math Competency r=0.879 (p=0.012), Self-Perception r=0.856 (p=0.002); descriptive: precision mean Total=41.5 (low), Group A mean=51.0 (low) vs Group B mean=32.0 (low). Additional analysis (Self-perception of mathematical literacy (Likert-based score)): Pearson correlations with Self-Perception: Math Competency r=0.791 (p=0.003), Precision r=0.856 (p=0.002); descriptive: self-perception mean Total=69.05 (middle), Group A mean=70.1 vs Group B mean=67.0 (both middle).","Using a PISA-based mathematical literacy test administered to grade 9 students in Semarang City, the study leveraged mathematical competence, precision, and self-perception (and compared state vs private schools) to analyze mathematical literacy performance, finding strong positive correlations between these factors and math literacy scores. This indicates that improving students’ foundational mathematical competence, attention/accuracy during problem solving, and positive self-perceptions may help reduce gaps between classroom mathematics instruction and the reasoning-focused demands of PISA-style tasks, though the study is correlational and not a causal evaluation.",peer_reviewed_research,"Pearson correlations with Math Literacy: Math Competency r=0.904 (p=0.022), Precision r=0.874 (p=0.002), Self-Perception r=0.793 (p=0.007); descriptive: mean score Total=55.4 (SD=8.62), Group A=58.1 (SD=8.39) vs Group B=52.7 (SD=7.45). Additional analysis (Precision (low/medium/high precision coding from answer sheets)): Pearson correlations with Precision: Math Competency r=0.879 (p=0.012), Self-Perception r=0.856 (p=0.002); descriptive: precision mean Total=41.5 (low), Group A mean=51.0 (low) vs Group B mean=32.0 (low). Additional analysis (Self-perception of mathematical literacy (Likert-based score)): Pearson correlations with Self-Perception: Math Competency r=0.791 (p=0.003), Precision r=0.856 (p=0.002); descriptive: self-perception mean Total=69.05 (middle), Group A mean=70.1 vs Group B mean=67.0 (both middle).","Using a PISA-based mathematical literacy test administered to grade 9 students in Semarang City, the study leveraged mathematical competence, precision, and self-perception (and compared state vs private schools) to analyze mathematical literacy performance, finding strong positive correlations between these factors and math literacy scores. This indicates that improving students’ foundational mathematical competence, attention/accuracy during problem solving, and positive self-perceptions may help reduce gaps between classroom mathematics instruction and the reasoning-focused demands of PISA-style tasks, though the study is correlational and not a causal evaluation.",Mathematics,Cognitive Achievement,Student: Attitudinal/Behavioral; School/Teacher: Context
10.1080/13603124.2021.1953612,TALIS 2018,Primary analytic outcome (inferred from extraction),,Best model: Decision Tree (see outcome_summary for metrics),"Using TALIS 2018 the study leveraged the reported predictors to predict Primary analytic outcome (inferred from extraction), finding that This study uses TALIS 2018 (lower secondary; teachers and principals) to construct leadership-for-learning profiles across schools and to examine whether country-level groupings emerge. The authors mapped TALIS 2018 questionnaire scales onto an eight-dimension Leadership for Learning framework and used 12 leadership scale factor scores (six principal, six teacher) as indicators; one principal scale (instructional autonomy) was derived for the study. After standardizing scales using senate weights, they aggregated teacher variables to the school level and applied k-means clustering, selecting k=5 via elbow and silhouette methods. Variance decomposition showed that most variability lay between schools rather than between countries, leading to a school-level clustering solution. The five-cluster solution accounted for 25.9% of variability in school profiles; 790 schools (15%) had negative silhouette coefficients, and the authors excluded these for cluster purification. The study reports that country-level cluster membership does not align with geographic/linguistic/political proximity, while leadership profiles are present in most countries and show teacher–principal perception gaps in distributed leadership. This indicates that country-level cluster membership does not align with geographic/linguistic/political proximity, while leadership profiles are present in most countries and show teacher–principal perception gaps in distributed leadership.",peer_reviewed_research,Best model: Decision Tree (see outcome_summary for metrics),"Using TALIS 2018 the study leveraged the reported predictors to predict Primary analytic outcome (inferred from extraction), finding that This study uses TALIS 2018 (lower secondary; teachers and principals) to construct leadership-for-learning profiles across schools and to examine whether country-level groupings emerge. The authors mapped TALIS 2018 questionnaire scales onto an eight-dimension Leadership for Learning framework and used 12 leadership scale factor scores (six principal, six teacher) as indicators; one principal scale (instructional autonomy) was derived for the study. After standardizing scales using senate weights, they aggregated teacher variables to the school level and applied k-means clustering, selecting k=5 via elbow and silhouette methods. Variance decomposition showed that most variability lay between schools rather than between countries, leading to a school-level clustering solution. The five-cluster solution accounted for 25.9% of variability in school profiles; 790 schools (15%) had negative silhouette coefficients, and the authors excluded these for cluster purification. The study reports that country-level cluster membership does not align with geographic/linguistic/political proximity, while leadership profiles are present in most countries and show teacher–principal perception gaps in distributed leadership. This indicates that country-level cluster membership does not align with geographic/linguistic/political proximity, while leadership profiles are present in most countries and show teacher–principal perception gaps in distributed leadership.",Other / Unspecified,Other,
10.3389/feduc.2021.619450,"PISA 2015 Collaborative Problem Solving (CPS), China (Beijing/Shanghai/Jiangsu/Guangdong), 15-year-olds","CPS achievement (10 plausible values, averaged)","Gender, Grade level, Socioeconomic status (ESCS), ICT resources, Teacher unfair treatment","Hierarchical linear models (HLM); variance explained at student level: 5.98% (Model 2 with gender/grade/ESCS), 2.21% (Model 3 with cooperation attitudes), 1.74% (Model 4 with teacher unfairness), 1.18% (Model 5 with ICT resources), 0.51% (Model 6 with sports time). Coefficients (selected): gender β=-20.32 (p<0.001), grade β=28.64 (p<0.001), ESCS β=9.21 (p<0.001), enjoyment of cooperation β=11.44 (p<0.001), value of cooperation β=-4.16 (p<0.05), teacher unfairness β=-1.34 (p<0.01), ICT resources β=8.65 (p<0.001), sports time β=1.74 (ns).","Using PISA 2015 CPS data for 15-year-olds in Beijing/Shanghai/Jiangsu/Guangdong, the study leveraged gender, grade level, ESCS, cooperation attitudes, teacher unfair treatment, and ICT resources to predict CPS achievement (averaging across 10 plausible values). It found that higher grade and higher ESCS were associated with higher CPS scores, ICT resources and enjoyment of cooperation were positive predictors, while teacher unfair treatment and the “value of cooperation” scale were negative (and sports time was not significant). This indicates that improving learning conditions—especially ICT access and fair teacher-student relationships—alongside grade-appropriate CPS instruction may strengthen collaborative problem-solving performance, though the study is correlational and does not establish causal effects.",peer_reviewed_research,"Hierarchical linear models (HLM); variance explained at student level: 5.98% (Model 2 with gender/grade/ESCS), 2.21% (Model 3 with cooperation attitudes), 1.74% (Model 4 with teacher unfairness), 1.18% (Model 5 with ICT resources), 0.51% (Model 6 with sports time). Coefficients (selected): gender β=-20.32 (p<0.001), grade β=28.64 (p<0.001), ESCS β=9.21 (p<0.001), enjoyment of cooperation β=11.44 (p<0.001), value of cooperation β=-4.16 (p<0.05), teacher unfairness β=-1.34 (p<0.01), ICT resources β=8.65 (p<0.001), sports time β=1.74 (ns).","Using PISA 2015 CPS data for 15-year-olds in Beijing/Shanghai/Jiangsu/Guangdong, the study leveraged gender, grade level, ESCS, cooperation attitudes, teacher unfair treatment, and ICT resources to predict CPS achievement (averaging across 10 plausible values). It found that higher grade and higher ESCS were associated with higher CPS scores, ICT resources and enjoyment of cooperation were positive predictors, while teacher unfair treatment and the “value of cooperation” scale were negative (and sports time was not significant). This indicates that improving learning conditions—especially ICT access and fair teacher-student relationships—alongside grade-appropriate CPS instruction may strengthen collaborative problem-solving performance, though the study is correlational and does not establish causal effects.",Composite / Multi-Domain,Cognitive Achievement,Student: Demographic; Student: SES; Student: Attitudinal/Behavioral; School/Teacher: Practice
10.1016/j.ijedudev.2026.103648,"PISA 2018 Mathematics (PV1MATH–PV10MATH), pooled across 77 countries/economies",Mathematics achievement (continuous; PV-based),"Expected occupational status (EOS), Perceived test difficulty, Cultural possessions at home, Eudaemonia, Reading self-concept (competence)","CatBoost (PV-specific models averaged): RMSE=65.07, MAE=51.52, R-squared=0.62","Using PISA 2018 Mathematics data (PV1MATH–PV10MATH) pooled across 77 countries/economies, the study leveraged gender-specific interaction components of Expected occupational status (EOS), Perceived test difficulty, Cultural possessions at home, Eudaemonia, and Reading self-concept (competence) to predict continuous mathematics achievement, finding that EOS is the most salient gender-differentiated correlate and that perceived test difficulty and ICT-related perceptions also show systematic gender-specific association patterns. This indicates that strengthening girls’ STEM-related career expectations and addressing perceived test difficulty/anxiety in learning environments may be key levers for reducing gender disparities in high-stakes mathematics performance, though the study remains descriptive and does not establish causal effects.",peer_reviewed_research,"CatBoost (PV-specific models averaged): RMSE=65.07, MAE=51.52, R-squared=0.62","Using PISA 2018 Mathematics data (PV1MATH–PV10MATH) pooled across 77 countries/economies, the study leveraged gender-specific interaction components of Expected occupational status (EOS), Perceived test difficulty, Cultural possessions at home, Eudaemonia, and Reading self-concept (competence) to predict continuous mathematics achievement, finding that EOS is the most salient gender-differentiated correlate and that perceived test difficulty and ICT-related perceptions also show systematic gender-specific association patterns. This indicates that strengthening girls’ STEM-related career expectations and addressing perceived test difficulty/anxiety in learning environments may be key levers for reducing gender disparities in high-stakes mathematics performance, though the study remains descriptive and does not establish causal effects.",Mathematics,Cognitive Achievement,Student: Attitudinal/Behavioral; Student: SES
10.1016/j.ijedudev.2026.103648,"PISA 2018 Mathematics (Level 5/6 indicator; PV1MATH–PV10MATH), pooled across 77 countries/economies",High mathematics performance (Level 5 or 6; binary),"Expected occupational status (EOS), Perceived test difficulty, Perceived ICT competence, Perceived autonomy in ICT use, ICT use outside of school","CatBoost (PV-specific models averaged): Accuracy=0.924, ROC AUC=0.899, F1=0.356, PR AUC=0.482, Balanced Accuracy=0.618","Using PISA 2018 Mathematics data (PV1MATH–PV10MATH) pooled across 77 countries/economies, the study leveraged gender-specific interaction components of Expected occupational status (EOS), Perceived test difficulty, Perceived ICT competence, Perceived autonomy in ICT use, and ICT use outside of school to predict high mathematics performance (Level 5/6), finding that EOS again receives the largest average absolute attribution and that the model’s ranking performance is strong (high ROC AUC) while identifying high-performing students at a fixed threshold is more limited (low F1 and moderate balanced accuracy). This indicates that policies targeting girls’ STEM career aspirations and supportive learning/ICT experiences may improve the likelihood of reaching top proficiency levels, while also highlighting that predictive classification performance should be interpreted cautiously due to class imbalance and the non-causal, correlational nature of SHAP-based importance.",peer_reviewed_research,"CatBoost (PV-specific models averaged): Accuracy=0.924, ROC AUC=0.899, F1=0.356, PR AUC=0.482, Balanced Accuracy=0.618","Using PISA 2018 Mathematics data (PV1MATH–PV10MATH) pooled across 77 countries/economies, the study leveraged gender-specific interaction components of Expected occupational status (EOS), Perceived test difficulty, Perceived ICT competence, Perceived autonomy in ICT use, and ICT use outside of school to predict high mathematics performance (Level 5/6), finding that EOS again receives the largest average absolute attribution and that the model’s ranking performance is strong (high ROC AUC) while identifying high-performing students at a fixed threshold is more limited (low F1 and moderate balanced accuracy). This indicates that policies targeting girls’ STEM career aspirations and supportive learning/ICT experiences may improve the likelihood of reaching top proficiency levels, while also highlighting that predictive classification performance should be interpreted cautiously due to class imbalance and the non-causal, correlational nature of SHAP-based importance.",Mathematics,Cognitive Achievement,Student: Attitudinal/Behavioral; Student: Process Data
10.3389/fpsyg.2023.1066843,TIMSS 2019 Grade 4 Mathematics (Saudi Arabia),Math achievement (TIMSS score),"Teaching practices (student view), Teaching style (teacher view), Teaching attitudes, Years of teaching experience, Teacher major (math specialization)","Multiple regression: model significant (F5, 8313 = 99.764, p < 0.001), R² = 0.057. Best predictor: teaching practices (partial R = 0.180), implying ~3.2% of unique variation explained. Coefficients: teaching practices (B = -30.810, Beta = -0.179, p < 0.001), teaching style (B = -20.801, Beta = -0.096, p < 0.001), teaching attitudes (B = -21.762, Beta = -0.078, p < 0.001).","Using TIMSS 2019 Grade 4 Mathematics data from Saudi Arabia, the study leveraged teaching practices (student view), teaching style (teacher view), teaching attitudes, years of teaching experience, and teacher major to predict students’ math achievement, finding that teaching practices, teaching style, and teaching attitudes were the three highest predictors and were positively associated with achievement. This indicates that strengthening high-quality instructional practices and supportive teacher dispositions may help reduce the gender achievement gap, though the study’s regression design and undocumented PV/weighting strategy limit causal interpretation.",peer_reviewed_research,"Multiple regression: model significant (F5, 8313 = 99.764, p < 0.001), R² = 0.057. Best predictor: teaching practices (partial R = 0.180), implying ~3.2% of unique variation explained. Coefficients: teaching practices (B = -30.810, Beta = -0.179, p < 0.001), teaching style (B = -20.801, Beta = -0.096, p < 0.001), teaching attitudes (B = -21.762, Beta = -0.078, p < 0.001).","Using TIMSS 2019 Grade 4 Mathematics data from Saudi Arabia, the study leveraged teaching practices (student view), teaching style (teacher view), teaching attitudes, years of teaching experience, and teacher major to predict students’ math achievement, finding that teaching practices, teaching style, and teaching attitudes were the three highest predictors and were positively associated with achievement. This indicates that strengthening high-quality instructional practices and supportive teacher dispositions may help reduce the gender achievement gap, though the study’s regression design and undocumented PV/weighting strategy limit causal interpretation.",Composite / Multi-Domain,Cognitive Achievement,Student: Attitudinal/Behavioral; School/Teacher: Practice
10.3389/fpsyg.2023.1066843,TIMSS 2019 Grade 4 Science (Saudi Arabia),Science achievement (TIMSS score),"Teaching practices (student view), Teaching style (teacher view), Teaching attitudes, Teacher major (science specialization)","Multiple regression: model significant (F5, 8062 = 146.804, p < 0.001), R² = 0.083. Best predictor: teaching practices (partial R = 0.206), implying ~4.2% of unique variation explained. Coefficients: teaching practices (B = -36.767, Beta = -0.203, p < 0.001), teaching style (B = -33.757, Beta = -0.141, p < 0.001), teaching attitudes (B = -25.151, Beta = -0.081, p < 0.001). Years of experience not significant (p = 0.288).","Using TIMSS 2019 Grade 4 Science data from Saudi Arabia, the study leveraged teaching practices (student view), teaching style (teacher view), teaching attitudes, years of teaching experience, and teacher major to predict students’ science achievement, finding that teaching practices, teaching style, and teaching attitudes were significant predictors with teaching practices the strongest. This indicates that teacher-focused professional development targeting instructional practices and positive teaching attitudes may improve science learning outcomes and partially address gender differences, while the lack of explicit PV and missing-data handling documentation constrains the precision and interpretability of effect estimates.",peer_reviewed_research,"Multiple regression: model significant (F5, 8062 = 146.804, p < 0.001), R² = 0.083. Best predictor: teaching practices (partial R = 0.206), implying ~4.2% of unique variation explained. Coefficients: teaching practices (B = -36.767, Beta = -0.203, p < 0.001), teaching style (B = -33.757, Beta = -0.141, p < 0.001), teaching attitudes (B = -25.151, Beta = -0.081, p < 0.001). Years of experience not significant (p = 0.288).","Using TIMSS 2019 Grade 4 Science data from Saudi Arabia, the study leveraged teaching practices (student view), teaching style (teacher view), teaching attitudes, years of teaching experience, and teacher major to predict students’ science achievement, finding that teaching practices, teaching style, and teaching attitudes were significant predictors with teaching practices the strongest. This indicates that teacher-focused professional development targeting instructional practices and positive teaching attitudes may improve science learning outcomes and partially address gender differences, while the lack of explicit PV and missing-data handling documentation constrains the precision and interpretability of effect estimates.",Science,Cognitive Achievement,Student: Attitudinal/Behavioral; School/Teacher: Practice
10.3390/educsci11100628,PISA 2018 Philippines (15-year-olds) Reading — PV1READ-based low vs high proficiency,Reading proficiency group (low Levels 1b and below vs high Levels 1a and above) using PV1READ,"SCREADDIFF, BEINGBULLIED, WORKMAST, ICTRES, JOYREAD",SVM (RBF kernel) — best average test accuracy: 81.20%; AUC-ROC: 0.89. Worst AUC-ROC reported: 0.5; best AUC-ROC reported: 1.0. Five-fold cross-validation used for training performance; hyperparameters selected via grid search.,"Using PISA 2018 Philippines reading the study leveraged SCREADDIFF, BEINGBULLIED, WORKMAST, ICTRES, and JOYREAD to classify students into low vs high reading proficiency groups, finding that the SVM achieved the best test performance (accuracy 81.20%, AUC-ROC 0.89) and that higher perceived reading difficulty and bullying exposure were associated with low proficiency while mastery motivation was associated with higher proficiency. This indicates that interventions targeting reading self-beliefs (reducing perceived difficulty), school social climate (bullying reduction and belonging/cooperation), and mastery-oriented motivation may be high-leverage for improving English reading outcomes among Filipino students, though the results are predictive and not causal and may be sensitive to the unreported use of PISA sampling weights.",peer_reviewed_research,SVM (RBF kernel) — best average test accuracy: 81.20%; AUC-ROC: 0.89. Worst AUC-ROC reported: 0.5; best AUC-ROC reported: 1.0. Five-fold cross-validation used for training performance; hyperparameters selected via grid search.,"Using PISA 2018 Philippines reading the study leveraged SCREADDIFF, BEINGBULLIED, WORKMAST, ICTRES, and JOYREAD to classify students into low vs high reading proficiency groups, finding that the SVM achieved the best test performance (accuracy 81.20%, AUC-ROC 0.89) and that higher perceived reading difficulty and bullying exposure were associated with low proficiency while mastery motivation was associated with higher proficiency. This indicates that interventions targeting reading self-beliefs (reducing perceived difficulty), school social climate (bullying reduction and belonging/cooperation), and mastery-oriented motivation may be high-leverage for improving English reading outcomes among Filipino students, though the results are predictive and not causal and may be sensitive to the unreported use of PISA sampling weights.",Reading,Cognitive Achievement,Student: Attitudinal/Behavioral
10.26822/iejee.2022.267,"PISA 2015 Mathematics literacy (PV2MATH), Singapore",Mathematics literacy (PV2MATH),"Socio-economic status (ESCS), Teacher fairness, Mathematics learning time, Total learning time","M5P (WEKA): Matthews correlation coefficient = 0.464; average absolute error = 64.58; RMSE (reported as square root of average errors) = 87.72. ANN (MATLAB): Training R2 = 0.927, Test R2 = 0.861, Validation R2 = 0.861; Overall R2 = 0.861; regression equation y=0.86x+78; RMSE = 17.57; correct prediction ≈ 92.8% (93.18% train, 91.96% test, 91.86% validation).","Using PISA 2015 Mathematics literacy (PV2MATH) data for Singapore, the study leveraged Socio-economic status (ESCS), Teacher fairness, Mathematics learning time, and Total learning time to predict mathematics literacy, finding that socio-economic status was the root driver and that the ANN achieved high overall fit (Overall R2 = 0.861) with low prediction error (RMSE = 17.57). This indicates that strengthening equity-oriented supports (reducing socioeconomic disadvantages) alongside improving perceived teacher fairness and sustaining mathematics learning time may be especially important for high-proficiency contexts, though causality cannot be inferred from predictive modeling.",peer_reviewed_research,"M5P (WEKA): Matthews correlation coefficient = 0.464; average absolute error = 64.58; RMSE (reported as square root of average errors) = 87.72. ANN (MATLAB): Training R2 = 0.927, Test R2 = 0.861, Validation R2 = 0.861; Overall R2 = 0.861; regression equation y=0.86x+78; RMSE = 17.57; correct prediction ≈ 92.8% (93.18% train, 91.96% test, 91.86% validation).","Using PISA 2015 Mathematics literacy (PV2MATH) data for Singapore, the study leveraged Socio-economic status (ESCS), Teacher fairness, Mathematics learning time, and Total learning time to predict mathematics literacy, finding that socio-economic status was the root driver and that the ANN achieved high overall fit (Overall R2 = 0.861) with low prediction error (RMSE = 17.57). This indicates that strengthening equity-oriented supports (reducing socioeconomic disadvantages) alongside improving perceived teacher fairness and sustaining mathematics learning time may be especially important for high-proficiency contexts, though causality cannot be inferred from predictive modeling.",Mathematics,Cognitive Achievement,Student: SES; School/Teacher: Practice; Student: Attitudinal/Behavioral
10.26822/iejee.2022.267,"PISA 2015 Mathematics literacy (PV2MATH), Japan",Mathematics literacy (PV2MATH),"Mathematics learning time, Father education, Socio-economic status (ESCS)","M5P (WEKA): Matthews correlation coefficient = 0.502; average absolute error = 60.16; RMSE (square root of average errors) = 75.84. ANN (MATLAB): Training R2 = 0.561, Test R2 = 0.315, Validation R2 = 0.315; Overall R2 = 0.315; regression equation y=0.31x+367; RMSE = 40.26; correct prediction ≈ 56.10% (57.56% train, 55.33% test, 50.34% validation).","Using PISA 2015 Mathematics literacy (PV2MATH) data for Japan, the study leveraged Mathematics learning time and Father education (with limited additional contribution from socio-economic status) to predict mathematics literacy, finding that the ANN’s predictive consistency was modest (Overall R2 = 0.315; RMSE = 40.26). This indicates that, in Japan, time-on-mathematics learning and parental educational background may be more informative than broader socioeconomic indices for forecasting achievement, though the results reflect predictive associations rather than causal effects.",peer_reviewed_research,"M5P (WEKA): Matthews correlation coefficient = 0.502; average absolute error = 60.16; RMSE (square root of average errors) = 75.84. ANN (MATLAB): Training R2 = 0.561, Test R2 = 0.315, Validation R2 = 0.315; Overall R2 = 0.315; regression equation y=0.31x+367; RMSE = 40.26; correct prediction ≈ 56.10% (57.56% train, 55.33% test, 50.34% validation).","Using PISA 2015 Mathematics literacy (PV2MATH) data for Japan, the study leveraged Mathematics learning time and Father education (with limited additional contribution from socio-economic status) to predict mathematics literacy, finding that the ANN’s predictive consistency was modest (Overall R2 = 0.315; RMSE = 40.26). This indicates that, in Japan, time-on-mathematics learning and parental educational background may be more informative than broader socioeconomic indices for forecasting achievement, though the results reflect predictive associations rather than causal effects.",Mathematics,Cognitive Achievement,Student: Attitudinal/Behavioral; Student: SES
10.26822/iejee.2022.267,"PISA 2015 Mathematics literacy (PV2MATH), Norway",Mathematics literacy (PV2MATH),"Socio-economic status (ESCS), Total learning time, Out-of-school learning time, Teacher fairness, Motivation level","M5P (WEKA): Matthews correlation coefficient = 0.343; average absolute error = 62.26; RMSE (square root of average errors) = 88.49. ANN (MATLAB): Training R2 = 0.549, Test R2 = 0.301, Validation R2 = 0.301; Overall R2 = 0.301; regression equation y=0.29x+353; RMSE = 37.78; correct prediction ≈ 54.90% (57.05% train, 51.73% test, 47.91% validation).","Using PISA 2015 Mathematics literacy (PV2MATH) data for Norway, the study leveraged Socio-economic status (ESCS), Total learning time, Out-of-school learning time, Teacher fairness, and Motivation level to predict mathematics literacy, finding that the ANN produced moderate predictive performance (Overall R2 = 0.301; RMSE = 37.78). This indicates that both socioeconomic gradients and learning-time regulation (including out-of-school time) are relevant for achievement forecasting in Norway, suggesting that policy should consider student motivation and perceived instructional fairness alongside time-on-task supports, while recognizing that predictive fit does not establish causality.",peer_reviewed_research,"M5P (WEKA): Matthews correlation coefficient = 0.343; average absolute error = 62.26; RMSE (square root of average errors) = 88.49. ANN (MATLAB): Training R2 = 0.549, Test R2 = 0.301, Validation R2 = 0.301; Overall R2 = 0.301; regression equation y=0.29x+353; RMSE = 37.78; correct prediction ≈ 54.90% (57.05% train, 51.73% test, 47.91% validation).","Using PISA 2015 Mathematics literacy (PV2MATH) data for Norway, the study leveraged Socio-economic status (ESCS), Total learning time, Out-of-school learning time, Teacher fairness, and Motivation level to predict mathematics literacy, finding that the ANN produced moderate predictive performance (Overall R2 = 0.301; RMSE = 37.78). This indicates that both socioeconomic gradients and learning-time regulation (including out-of-school time) are relevant for achievement forecasting in Norway, suggesting that policy should consider student motivation and perceived instructional fairness alongside time-on-task supports, while recognizing that predictive fit does not establish causality.",Mathematics,Cognitive Achievement,Student: SES; Student: Attitudinal/Behavioral; School/Teacher: Context; School/Teacher: Practice
10.26822/iejee.2022.267,"PISA 2015 Mathematics literacy (PV2MATH), United States",Mathematics literacy (PV2MATH),"Socio-economic status (ESCS), Total learning time","M5P (WEKA): Matthews correlation coefficient = 0.566; average absolute error = 58.20; RMSE (square root of average errors) = 73.61. ANN (MATLAB): Training R2 = 0.626, Test R2 = 0.392, Validation R2 = 0.392; Overall R2 = 0.392; regression equation y=0.39x+288; RMSE = 43.20; correct prediction ≈ 62.58% (64.83% train, 57.05% test, 57.94% validation).","Using PISA 2015 Mathematics literacy (PV2MATH) data for the United States, the study leveraged Socio-economic status (ESCS) and Total learning time to predict mathematics literacy, finding that the ANN achieved moderate predictive accuracy (Overall R2 = 0.392; RMSE = 43.20) and that socioeconomic status was the root driver in the decision-tree model. This indicates that interventions targeting socioeconomic disadvantage and increasing effective total learning time may be particularly relevant for improving mathematics achievement in the US context, though the study’s design supports prediction rather than causal inference.",peer_reviewed_research,"M5P (WEKA): Matthews correlation coefficient = 0.566; average absolute error = 58.20; RMSE (square root of average errors) = 73.61. ANN (MATLAB): Training R2 = 0.626, Test R2 = 0.392, Validation R2 = 0.392; Overall R2 = 0.392; regression equation y=0.39x+288; RMSE = 43.20; correct prediction ≈ 62.58% (64.83% train, 57.05% test, 57.94% validation).","Using PISA 2015 Mathematics literacy (PV2MATH) data for the United States, the study leveraged Socio-economic status (ESCS) and Total learning time to predict mathematics literacy, finding that the ANN achieved moderate predictive accuracy (Overall R2 = 0.392; RMSE = 43.20) and that socioeconomic status was the root driver in the decision-tree model. This indicates that interventions targeting socioeconomic disadvantage and increasing effective total learning time may be particularly relevant for improving mathematics achievement in the US context, though the study’s design supports prediction rather than causal inference.",Mathematics,Cognitive Achievement,Student: SES; Student: Attitudinal/Behavioral
10.26822/iejee.2022.267,"PISA 2015 Mathematics literacy (PV2MATH), Turkey",Mathematics literacy (PV2MATH),"Socio-economic status (ESCS), Mathematics learning time, Total learning time","M5P (WEKA): Matthews correlation coefficient = 0.458; average absolute error = 57.24; RMSE (square root of average errors) = 71.98. ANN (MATLAB): Training R2 = 0.513, Test R2 = 0.264, Validation R2 = 0.264; Overall R2 = 0.264; regression equation y=0.28x+298; RMSE = 37.74; correct prediction ≈ 51.42% (53.80% train, 46.31% test, 45.58% validation).","Using PISA 2015 Mathematics literacy (PV2MATH) data for Turkey, the study leveraged Socio-economic status (ESCS), Mathematics learning time, and Total learning time to predict mathematics literacy, finding that predictive consistency was relatively low-to-moderate (Overall R2 = 0.264; RMSE = 37.74). This indicates that reducing socioeconomic barriers and supporting sustained mathematics and overall learning time may be key levers for Turkey, but the findings should be interpreted as correlational predictors rather than evidence of program effectiveness.",peer_reviewed_research,"M5P (WEKA): Matthews correlation coefficient = 0.458; average absolute error = 57.24; RMSE (square root of average errors) = 71.98. ANN (MATLAB): Training R2 = 0.513, Test R2 = 0.264, Validation R2 = 0.264; Overall R2 = 0.264; regression equation y=0.28x+298; RMSE = 37.74; correct prediction ≈ 51.42% (53.80% train, 46.31% test, 45.58% validation).","Using PISA 2015 Mathematics literacy (PV2MATH) data for Turkey, the study leveraged Socio-economic status (ESCS), Mathematics learning time, and Total learning time to predict mathematics literacy, finding that predictive consistency was relatively low-to-moderate (Overall R2 = 0.264; RMSE = 37.74). This indicates that reducing socioeconomic barriers and supporting sustained mathematics and overall learning time may be key levers for Turkey, but the findings should be interpreted as correlational predictors rather than evidence of program effectiveness.",Mathematics,Cognitive Achievement,Student: SES; Student: Attitudinal/Behavioral
10.26822/iejee.2022.267,"PISA 2015 Mathematics literacy (PV2MATH), Dominican Republic",Mathematics literacy (PV2MATH),"Socio-economic status (ESCS), Belonging to school, Willingness to cooperate, Teacher fairness, Total learning time","M5P (WEKA): Matthews correlation coefficient = 0.491; average absolute error = 46.03; RMSE (square root of average errors) = 58.18. ANN (MATLAB): Training R2 = 0.542, Test R2 = 0.294, Validation R2 = 0.294; Overall R2 = 0.294; regression equation y=0.29x+235; RMSE = 30.09; correct prediction ≈ 54.27% (56.01% train, 51.06% test, 49.54% validation).","Using PISA 2015 Mathematics literacy (PV2MATH) data for the Dominican Republic, the study leveraged Socio-economic status (ESCS), Belonging to school, Willingness to cooperate, Teacher fairness, and Total learning time to predict mathematics literacy, finding that the ANN achieved moderate predictive performance (Overall R2 = 0.294; RMSE = 30.09). This indicates that, in lower-proficiency contexts, school belonging and cooperative engagement alongside socioeconomic supports and perceived teacher fairness may be important for improving mathematics outcomes, while noting that predictive modeling does not establish causal pathways.",peer_reviewed_research,"M5P (WEKA): Matthews correlation coefficient = 0.491; average absolute error = 46.03; RMSE (square root of average errors) = 58.18. ANN (MATLAB): Training R2 = 0.542, Test R2 = 0.294, Validation R2 = 0.294; Overall R2 = 0.294; regression equation y=0.29x+235; RMSE = 30.09; correct prediction ≈ 54.27% (56.01% train, 51.06% test, 49.54% validation).","Using PISA 2015 Mathematics literacy (PV2MATH) data for the Dominican Republic, the study leveraged Socio-economic status (ESCS), Belonging to school, Willingness to cooperate, Teacher fairness, and Total learning time to predict mathematics literacy, finding that the ANN achieved moderate predictive performance (Overall R2 = 0.294; RMSE = 30.09). This indicates that, in lower-proficiency contexts, school belonging and cooperative engagement alongside socioeconomic supports and perceived teacher fairness may be important for improving mathematics outcomes, while noting that predictive modeling does not establish causal pathways.",Mathematics,Cognitive Achievement,Student: SES; School/Teacher: Context; Student: Attitudinal/Behavioral; School/Teacher: Practice
10.1080/02188791.2019.1692782,PISA 2012 South Korea (15-year-olds) — student questionnaire,Maths anxiety (binary: potential maths anxiety vs not),"Negative maths self-concept, Attributions to failure: lack ability, Attributions to failure: task difficulty, Enjoying maths, Attributions to failure: bad luck","HGLM: Proportion accurate=0.839, Sensitivity=0.628, Specificity=0.888, AUC=0.854. Logistic regression: Proportion accurate=0.836, Sensitivity=0.628, Specificity=0.884, AUC=0.854. Random forest: Proportion accurate=0.823, Sensitivity=0.681, Specificity=0.856, AUC=0.851.","Using PISA 2012 South Korea student questionnaire the study leveraged negative maths self-concept, attributions to failure (lack of ability/task difficulty/bad luck), and enjoying maths to predict whether students were classified as potential maths-anxious. It found that self-concept and attributions to failure were the most influential predictors across models, with the random forest achieving the highest sensitivity (0.681) while HGLM/logistic regression had slightly higher overall accuracy and AUC (~0.854). This indicates that interventions targeting maladaptive self-beliefs and failure attributions may be more effective for identifying and supporting maths-anxious students than relying on performance-only or single-factor screening, though the study’s binary thresholding and potential imputation/splitting leakage limit causal interpretation.",peer_reviewed_research,"HGLM: Proportion accurate=0.839, Sensitivity=0.628, Specificity=0.888, AUC=0.854. Logistic regression: Proportion accurate=0.836, Sensitivity=0.628, Specificity=0.884, AUC=0.854. Random forest: Proportion accurate=0.823, Sensitivity=0.681, Specificity=0.856, AUC=0.851.","Using PISA 2012 South Korea student questionnaire the study leveraged negative maths self-concept, attributions to failure (lack of ability/task difficulty/bad luck), and enjoying maths to predict whether students were classified as potential maths-anxious. It found that self-concept and attributions to failure were the most influential predictors across models, with the random forest achieving the highest sensitivity (0.681) while HGLM/logistic regression had slightly higher overall accuracy and AUC (~0.854). This indicates that interventions targeting maladaptive self-beliefs and failure attributions may be more effective for identifying and supporting maths-anxious students than relying on performance-only or single-factor screening, though the study’s binary thresholding and potential imputation/splitting leakage limit causal interpretation.",Non-Cognitive / Process Output,Attitudinal / Affective,Student: Attitudinal/Behavioral
10.1002/tea.21657,PISA 2015 Norway Grade 9-10 Science (simulated inquiry Items 1 & 2; log-file process indicators),Latent profile membership on Item 1 (strategic vs emergent vs disengaged),"Gender, Socioeconomic status (SES), Language at home, Enjoyment in science, Self-efficacy toward science","Three-class LCA fit: entropy EItem1=0.791; profile separation supported by VLMR/LMR tests (3-class vs 2-class). Distal outcome differences: strategic vs emergent ΔM=101.5 (SE=11, p<.01, d=0.50) and strategic vs disengaged ΔM=116.8 (SE=9, p<.01, d=0.58); no emergent vs disengaged difference (ΔM=15.3, SE=12, p=.18). Covariate explained variance: 18.2% (profile membership). Additional analysis (Latent profile membership on Item 2 (strategic vs emergent vs disengaged)): Three-class LCA fit: entropy EItem2=0.876; 3-class solution selected as best-fitting. Distal outcome differences: strategic vs emergent ΔM=89.7 (SE=7, p<.01, d=0.59), strategic vs disengaged ΔM=154.3 (SE=7, p<.01, d=1.04), and emergent vs disengaged ΔM=64.6 (SE=7, p<.01, d=0.44). Covariate explained variance: 11.9% (profile membership). Additional analysis (Transition/association between Item 1 and Item 2 profile memberships): Association between profile memberships: Pearson chi-square χ2(4, N=1,222)=129.9, p<.01 with Cramer's V=0.23 (medium effect). About half of strategic Item 1 students retained the same profile on Item 2; only a few emergent Item 1 students shifted to strategic on Item 2; most disengaged Item 1 students retained disengaged membership but some shifted due to strategy changes.","Using PISA 2015 Norway Grade 9-10 science log-file the study leveraged Gender, SES, Language at home, Enjoyment in science, and Self-efficacy toward science to model latent profile membership on Item 1 (strategic, emergent, disengaged), finding that boys had higher odds of being in the disengaged profile and that higher SES and more positive science attitudes were associated with membership in the strategic profile. This indicates that strengthening socioeconomic supports and science motivation/self-efficacy may help more students adopt effective inquiry behaviors on lower-demand multivariable reasoning tasks, though causality cannot be inferred from cross-sectional profile associations.",peer_reviewed_research,"Three-class LCA fit: entropy EItem1=0.791; profile separation supported by VLMR/LMR tests (3-class vs 2-class). Distal outcome differences: strategic vs emergent ΔM=101.5 (SE=11, p<.01, d=0.50) and strategic vs disengaged ΔM=116.8 (SE=9, p<.01, d=0.58); no emergent vs disengaged difference (ΔM=15.3, SE=12, p=.18). Covariate explained variance: 18.2% (profile membership). Additional analysis (Latent profile membership on Item 2 (strategic vs emergent vs disengaged)): Three-class LCA fit: entropy EItem2=0.876; 3-class solution selected as best-fitting. Distal outcome differences: strategic vs emergent ΔM=89.7 (SE=7, p<.01, d=0.59), strategic vs disengaged ΔM=154.3 (SE=7, p<.01, d=1.04), and emergent vs disengaged ΔM=64.6 (SE=7, p<.01, d=0.44). Covariate explained variance: 11.9% (profile membership). Additional analysis (Transition/association between Item 1 and Item 2 profile memberships): Association between profile memberships: Pearson chi-square χ2(4, N=1,222)=129.9, p<.01 with Cramer's V=0.23 (medium effect). About half of strategic Item 1 students retained the same profile on Item 2; only a few emergent Item 1 students shifted to strategic on Item 2; most disengaged Item 1 students retained disengaged membership but some shifted due to strategy changes.","Using PISA 2015 Norway Grade 9-10 science log-file the study leveraged Gender, SES, Language at home, Enjoyment in science, and Self-efficacy toward science to model latent profile membership on Item 1 (strategic, emergent, disengaged), finding that boys had higher odds of being in the disengaged profile and that higher SES and more positive science attitudes were associated with membership in the strategic profile. This indicates that strengthening socioeconomic supports and science motivation/self-efficacy may help more students adopt effective inquiry behaviors on lower-demand multivariable reasoning tasks, though causality cannot be inferred from cross-sectional profile associations.",Other / Unspecified,Other,Student: Demographic; Student: SES; Student: Attitudinal/Behavioral
10.1177/14749041231151793,TIMSS 2015 vs PISA 2015,Primary study outcome (heuristic migration),,Not reported,"Using TIMSS 2015 vs PISA 2015 the study leveraged the reported predictors to predict Primary study outcome (heuristic migration), finding that This paper does not estimate effects on student achievement; instead it quantifies public attention to three major ILSAs (PISA, TIMSS, PIRLS) using Google Trends topic popularity scores (0–100) extracted with the Python Pytrends package. It compares attention (a) globally during narrow release windows when results were released close together (e.g., TIMSS 2015 vs PISA 2015; TIMSS 2011 vs PIRLS 2011), (b) across countries over broader periods (e.g., January 2006–December 2018/2020), and (c) over time from 2006–2022, including country-specific trend plots for OECD members. The main quantitative results show that PISA receives substantially more attention than TIMSS and PIRLS (globally, about 10-to-1 vs TIMSS for the 2015 release comparison; and on average across countries, 84% of ILSA-related searches are for PISA, 12% for TIMSS, and 4% for PIRLS). It also finds that global interest peaks around the PISA 2012 release and declines thereafter, with cross-country heterogeneity (e.g., increases in Sweden and Turkey offset declines in Germany and Japan). Limitations include that Google Trends measures relative search interest, not who searches or what stakeholders access, and that Google’s market share varies across countries (notably lower in China). This indicates that these patterns have implications for educational policy and instructional practice, though cross-sectional ILSA designs cannot establish causality.",peer_reviewed_research,Not reported,"Using TIMSS 2015 vs PISA 2015 the study leveraged the reported predictors to predict Primary study outcome (heuristic migration), finding that This paper does not estimate effects on student achievement; instead it quantifies public attention to three major ILSAs (PISA, TIMSS, PIRLS) using Google Trends topic popularity scores (0–100) extracted with the Python Pytrends package. It compares attention (a) globally during narrow release windows when results were released close together (e.g., TIMSS 2015 vs PISA 2015; TIMSS 2011 vs PIRLS 2011), (b) across countries over broader periods (e.g., January 2006–December 2018/2020), and (c) over time from 2006–2022, including country-specific trend plots for OECD members. The main quantitative results show that PISA receives substantially more attention than TIMSS and PIRLS (globally, about 10-to-1 vs TIMSS for the 2015 release comparison; and on average across countries, 84% of ILSA-related searches are for PISA, 12% for TIMSS, and 4% for PIRLS). It also finds that global interest peaks around the PISA 2012 release and declines thereafter, with cross-country heterogeneity (e.g., increases in Sweden and Turkey offset declines in Germany and Japan). Limitations include that Google Trends measures relative search interest, not who searches or what stakeholders access, and that Google’s market share varies across countries (notably lower in China). This indicates that these patterns have implications for educational policy and instructional practice, though cross-sectional ILSA designs cannot establish causality.",Other / Unspecified,Other,
10.1016/j.stueduc.2024.101330,TIMSS 2003-2019 Grade 4 General Science (5 cycles),Between-school vs within-school achievement inequality (SD; Between:Within ratio),"Country system, Early tracking system, Grade level (4 vs 8), School unit (between/within)",Not reported (visual trends in Fig. 1a and Fig. 2; qualitative statements that Between:Within ratio < 1 for all countries).,"Using TIMSS 2003-2019 Grade 4 general science the study leveraged country system and early-tracking classification to decompose achievement inequality into between-school and within-school components, finding that between-school inequality was consistently smaller than within-school inequality (Between:Within ratio < 1 for all countries) and that there was no clear worsening of between-school inequality over time. This indicates that policy attention should prioritize within-school mechanisms (classroom-level heterogeneity and instructional differentiation) rather than assuming that school-to-school sorting alone is driving inequality trends.",peer_reviewed_research,Not reported (visual trends in Fig. 1a and Fig. 2; qualitative statements that Between:Within ratio < 1 for all countries).,"Using TIMSS 2003-2019 Grade 4 general science the study leveraged country system and early-tracking classification to decompose achievement inequality into between-school and within-school components, finding that between-school inequality was consistently smaller than within-school inequality (Between:Within ratio < 1 for all countries) and that there was no clear worsening of between-school inequality over time. This indicates that policy attention should prioritize within-school mechanisms (classroom-level heterogeneity and instructional differentiation) rather than assuming that school-to-school sorting alone is driving inequality trends.",Composite / Multi-Domain,Cognitive Achievement,System: Policy/Context; Student: Demographic; School/Teacher: Context
10.1016/j.stueduc.2024.101330,TIMSS 2003-2019 Grade 8 General Science (5 cycles),Between-school vs within-school achievement inequality (SD; Between:Within ratio),"Country system, Early tracking system, Grade level (4 vs 8), School unit (between/within)",Not reported (visual trends in Fig. 1b and Fig. 2; qualitative statements: Between:Within ratio < 1 for most countries; Hong Kong SAR and England occasionally > 1; within-school inequality may increase by 2019 vs 2015).,"Using TIMSS 2003-2019 Grade 8 general science the study leveraged country system and early-tracking classification to compare between-school and within-school inequality across cycles, finding that within-school inequality remained the dominant contributor to total inequality and that between-school inequality did not show a consistent overall upward trend. This indicates that even in systems with early tracking, inequality is largely sustained within schools, suggesting that interventions should target classroom practices and support for lower-achieving students rather than relying on tracking to homogenize outcomes.",peer_reviewed_research,Not reported (visual trends in Fig. 1b and Fig. 2; qualitative statements: Between:Within ratio < 1 for most countries; Hong Kong SAR and England occasionally > 1; within-school inequality may increase by 2019 vs 2015).,"Using TIMSS 2003-2019 Grade 8 general science the study leveraged country system and early-tracking classification to compare between-school and within-school inequality across cycles, finding that within-school inequality remained the dominant contributor to total inequality and that between-school inequality did not show a consistent overall upward trend. This indicates that even in systems with early tracking, inequality is largely sustained within schools, suggesting that interventions should target classroom practices and support for lower-achieving students rather than relying on tracking to homogenize outcomes.",Composite / Multi-Domain,Cognitive Achievement,System: Policy/Context; Student: Demographic; School/Teacher: Context
10.1016/j.stueduc.2024.101330,TIMSS 2003-2019 Grade 4 & Grade 8 General Science (5 cycles),Relationship between within-school average achievement and within-school inequality (within-school SD vs within-school mean),"Country system, Early tracking system, Grade level (4 vs 8), School unit (between/within)",Not reported (reported as moderate-to-large negative relationship; examples: in Singapore inequality can be 2–3 times higher in lower-achieving schools; stability across cycles shown in Fig. 5).,"Using TIMSS 2003-2019 Grade 4 and Grade 8 general science the study leveraged country system and early-tracking classification to relate within-school average achievement to within-school inequality, finding a highly consistent moderate-to-large negative relationship across countries and cycles (higher-achieving schools are more equal within-school). This indicates that education policies that raise average achievement—especially by supporting lower-performing students—may simultaneously reduce within-school achievement dispersion, challenging a simple efficiency–equality trade-off narrative.",peer_reviewed_research,Not reported (reported as moderate-to-large negative relationship; examples: in Singapore inequality can be 2–3 times higher in lower-achieving schools; stability across cycles shown in Fig. 5).,"Using TIMSS 2003-2019 Grade 4 and Grade 8 general science the study leveraged country system and early-tracking classification to relate within-school average achievement to within-school inequality, finding a highly consistent moderate-to-large negative relationship across countries and cycles (higher-achieving schools are more equal within-school). This indicates that education policies that raise average achievement—especially by supporting lower-performing students—may simultaneously reduce within-school achievement dispersion, challenging a simple efficiency–equality trade-off narrative.",Composite / Multi-Domain,Cognitive Achievement,System: Policy/Context; Student: Demographic; School/Teacher: Context
10.1016/j.stueduc.2024.101330,TIMSS 2003-2019 Grade 4 & Grade 8 General Science (5 cycles),Statistical nature of within-school inequality (Gaussian mixture count / bimodality),"Country system, Early tracking system, Grade level (4 vs 8), School unit (between/within)","Not reported (qualitative: lower-achieving schools tend to have multiple Gaussian components; effect clearer in Grade 4; for Grade 4, number of Gaussians increases in 2019 vs earlier cycles except Singapore; Grade 8 shows no clear trend).","Using TIMSS 2003-2019 Grade 4 and Grade 8 general science the study leveraged country system and early-tracking classification to model within-school achievement distributions using Gaussian mixture modeling, finding that lower-achieving schools more often exhibit bimodality/multiple subpopulations rather than only skewed tails, with an increasing tendency for more subpopulations in Grade 4 by 2019. This indicates that inequality may reflect persistent within-school heterogeneity requiring differentiated instruction and targeted support for distinct student subgroups, rather than only remediation for a small number of low-tail students.",peer_reviewed_research,"Not reported (qualitative: lower-achieving schools tend to have multiple Gaussian components; effect clearer in Grade 4; for Grade 4, number of Gaussians increases in 2019 vs earlier cycles except Singapore; Grade 8 shows no clear trend).","Using TIMSS 2003-2019 Grade 4 and Grade 8 general science the study leveraged country system and early-tracking classification to model within-school achievement distributions using Gaussian mixture modeling, finding that lower-achieving schools more often exhibit bimodality/multiple subpopulations rather than only skewed tails, with an increasing tendency for more subpopulations in Grade 4 by 2019. This indicates that inequality may reflect persistent within-school heterogeneity requiring differentiated instruction and targeted support for distinct student subgroups, rather than only remediation for a small number of low-tail students.",Other / Unspecified,Other,System: Policy/Context; Student: Demographic; School/Teacher: Context
10.1177/14749041211069240,PISA 2000 Science (Sweden & Finland; grade not specified in text),PISA science achievement score,"Socioeconomic status (ESCS), School mean ESCS, Second-generation migrant background, Home language equals test language, Student disciplinary climate (science)","Multilevel regression: R2 full model (level 1,2) Sweden 0.117; Finland 0.116. ICC (level 1,2) Sweden 0.0768; Finland 0.0815. Hypothesis H1 (governance tools reducing ESCS effects) refuted; Hypothesis H2 (governance tools more effective for higher ESCS) confirmed.","Using PISA 2000 science the study leveraged socioeconomic status (student ESCS and school mean ESCS) alongside migration and disciplinary-climate variables to model science achievement, finding that family background effects were strong and that governance-tool indices (school autonomy, leadership, accountability) did not show a systematic positive effect. This indicates that, in these Nordic contexts, marketization/accountability-style governance tools did not measurably improve science performance or reduce socioeconomic achievement gaps, and equity gains were not supported by the governance mechanisms proposed in the global reform agenda.",peer_reviewed_research,"Multilevel regression: R2 full model (level 1,2) Sweden 0.117; Finland 0.116. ICC (level 1,2) Sweden 0.0768; Finland 0.0815. Hypothesis H1 (governance tools reducing ESCS effects) refuted; Hypothesis H2 (governance tools more effective for higher ESCS) confirmed.","Using PISA 2000 science the study leveraged socioeconomic status (student ESCS and school mean ESCS) alongside migration and disciplinary-climate variables to model science achievement, finding that family background effects were strong and that governance-tool indices (school autonomy, leadership, accountability) did not show a systematic positive effect. This indicates that, in these Nordic contexts, marketization/accountability-style governance tools did not measurably improve science performance or reduce socioeconomic achievement gaps, and equity gains were not supported by the governance mechanisms proposed in the global reform agenda.",Science,Cognitive Achievement,Student: SES; Student: Attitudinal/Behavioral; Student: Demographic; School/Teacher: Context
10.1177/14749041211069240,PISA 2009 Science (Sweden & Finland; grade not specified in text),PISA science achievement score,"Socioeconomic status (ESCS), School mean ESCS, Home language equals test language, Student disciplinary climate (science), School mean disciplinary climate","Multilevel regression: R2 full model (level 1,2) Sweden 0.211; Finland 0.0859. ICC Sweden 0.173; Finland 0.0709. Hypothesis H1 refuted; Hypothesis H2 confirmed.","Using PISA 2009 science the study leveraged student and school ESCS plus migration and disciplinary-climate measures to predict science achievement, finding increasing inequality tied to socioeconomic background and only limited additional explanatory power from governance tools. This indicates that extending autonomy/leadership/accountability mechanisms did not counteract the growing role of family background in shaping science outcomes, suggesting policy emphasis should shift toward equity-oriented supports rather than governance-tool intensification.",peer_reviewed_research,"Multilevel regression: R2 full model (level 1,2) Sweden 0.211; Finland 0.0859. ICC Sweden 0.173; Finland 0.0709. Hypothesis H1 refuted; Hypothesis H2 confirmed.","Using PISA 2009 science the study leveraged student and school ESCS plus migration and disciplinary-climate measures to predict science achievement, finding increasing inequality tied to socioeconomic background and only limited additional explanatory power from governance tools. This indicates that extending autonomy/leadership/accountability mechanisms did not counteract the growing role of family background in shaping science outcomes, suggesting policy emphasis should shift toward equity-oriented supports rather than governance-tool intensification.",Science,Cognitive Achievement,Student: SES; Student: Demographic; School/Teacher: Context
10.1177/14749041211069240,PISA 2015 Science (Sweden & Finland; grade not specified in text),PISA science achievement score,"Socioeconomic status (ESCS), School mean ESCS, Student disciplinary climate (science), Home language equals test language, Educational leadership index","Multilevel regression: R2 full model (level 1,2) Sweden 0.229; Finland 0.145. ICC Sweden 0.196; Finland 0.0956. Hypothesis H1 refuted; Hypothesis H2 confirmed. The interaction between student and school ESCS in 2015 is described as too weak and outlier-influenced to interpret; governance-tool effects are not consistently positive (e.g., Sweden shows a small significant negative robust effect of leadership).","Using PISA 2015 science the study leveraged ESCS at both student and school levels together with disciplinary climate and migration-language indicators to predict science achievement, finding that socioeconomic gradients remained dominant and that governance-tool indices did not reduce ESCS-related inequality (and in Sweden, leadership shows a small negative robust association). This indicates that accountability/marketization governance reforms did not deliver the promised equity improvements and may coincide with increased segregation and stratification by socioeconomic status.",peer_reviewed_research,"Multilevel regression: R2 full model (level 1,2) Sweden 0.229; Finland 0.145. ICC Sweden 0.196; Finland 0.0956. Hypothesis H1 refuted; Hypothesis H2 confirmed. The interaction between student and school ESCS in 2015 is described as too weak and outlier-influenced to interpret; governance-tool effects are not consistently positive (e.g., Sweden shows a small significant negative robust effect of leadership).","Using PISA 2015 science the study leveraged ESCS at both student and school levels together with disciplinary climate and migration-language indicators to predict science achievement, finding that socioeconomic gradients remained dominant and that governance-tool indices did not reduce ESCS-related inequality (and in Sweden, leadership shows a small negative robust association). This indicates that accountability/marketization governance reforms did not deliver the promised equity improvements and may coincide with increased segregation and stratification by socioeconomic status.",Science,Cognitive Achievement,Student: SES; School/Teacher: Context; Student: Demographic; Student: Attitudinal/Behavioral
10.1007/s10212-024-00805-w,PISA 2018 Sweden (15-year-olds) Reading achievement (PVREAD),Reading achievement (PVs),"Reading self-concept, Books at home (SES), Migration background, Gender, Growth mindset",Multilevel fixed-effects model using all ten plausible values; within-school R2 (reading): 0.263; between-school R2 (reading): 0.575. Intraclass correlation (reading): 0.075. Table 1 linear regression (single-model illustration): R2 = 0.245; N = 3289.,"Using PISA 2018 Sweden the study leveraged Reading self-concept, Books at home (SES), Migration background, Gender, and Growth mindset to predict Reading achievement (PVs), finding that SES, migration background, and multiple non-cognitive factors were statistically significant predictors while perseverance and self-concept of competence showed smaller effects. This indicates that strengthening students’ reading self-concept and growth-mindset-oriented supports, alongside addressing socioeconomic disadvantage, may improve reading outcomes and reduce between-school disparities, though the cross-sectional design limits causal claims.",peer_reviewed_research,Multilevel fixed-effects model using all ten plausible values; within-school R2 (reading): 0.263; between-school R2 (reading): 0.575. Intraclass correlation (reading): 0.075. Table 1 linear regression (single-model illustration): R2 = 0.245; N = 3289.,"Using PISA 2018 Sweden the study leveraged Reading self-concept, Books at home (SES), Migration background, Gender, and Growth mindset to predict Reading achievement (PVs), finding that SES, migration background, and multiple non-cognitive factors were statistically significant predictors while perseverance and self-concept of competence showed smaller effects. This indicates that strengthening students’ reading self-concept and growth-mindset-oriented supports, alongside addressing socioeconomic disadvantage, may improve reading outcomes and reduce between-school disparities, though the cross-sectional design limits causal claims.",Reading,Cognitive Achievement,Student: Attitudinal/Behavioral; Student: SES; Student: Demographic
10.1007/s10212-024-00805-w,PISA 2018 Sweden (15-year-olds) Mathematics achievement (PVMATH),Mathematics achievement (PVs),"Books at home (SES), Migration background, Reading self-concept, Master the content, Growth mindset",Multilevel fixed-effects model using all ten plausible values; within-school R2 (mathematics): 0.214; between-school R2 (mathematics): 0.483. Intraclass correlation (mathematics): 0.105. Table 2 reports fixed-effect estimates for within and between levels; N = 3525.,"Using PISA 2018 Sweden the study leveraged Books at home (SES), Migration background, Reading self-concept, Master the content, and Growth mindset to predict Mathematics achievement (PVs), finding that SES and migration background were significant at the within-school level with large effect sizes and that non-cognitive factors (especially growth mindset and reading self-concept) also significantly predicted mathematics performance. This indicates that mathematics improvement strategies should not be limited to math instruction but should also target students’ domain-relevant self-beliefs and content mastery beliefs, while school-level reading motivation and teacher/student learning hindrance conditions may shape between-school differences.",peer_reviewed_research,Multilevel fixed-effects model using all ten plausible values; within-school R2 (mathematics): 0.214; between-school R2 (mathematics): 0.483. Intraclass correlation (mathematics): 0.105. Table 2 reports fixed-effect estimates for within and between levels; N = 3525.,"Using PISA 2018 Sweden the study leveraged Books at home (SES), Migration background, Reading self-concept, Master the content, and Growth mindset to predict Mathematics achievement (PVs), finding that SES and migration background were significant at the within-school level with large effect sizes and that non-cognitive factors (especially growth mindset and reading self-concept) also significantly predicted mathematics performance. This indicates that mathematics improvement strategies should not be limited to math instruction but should also target students’ domain-relevant self-beliefs and content mastery beliefs, while school-level reading motivation and teacher/student learning hindrance conditions may shape between-school differences.",Mathematics,Cognitive Achievement,Student: SES; Student: Attitudinal/Behavioral
10.1007/s10639-025-13414-x,"PISA 2022 (ICT questionnaire + student questionnaire) — perceived educational effectiveness (math instruction quality, ST272)","Educational effectiveness (perceived math instruction quality, ST272)","Digitization construction (IC172), Digitization application hours (ST326), Grade level, Gender",Path coefficient: −0.001; p-value: 0.915 (H1 not supported).,"Using PISA 2022 questionnaire the study leveraged digitization construction (IC172) and digitization application (ST326), with grade and gender as moderators, to analyze educational effectiveness measured as perceived math instruction quality (ST272), finding that digitization had no significant direct positive effect (β = −0.001, p = 0.915). This indicates that simply increasing digitization levels may not improve perceived instructional quality unless digitization translates into changes in teaching and learning behaviors.",peer_reviewed_research,Path coefficient: −0.001; p-value: 0.915 (H1 not supported).,"Using PISA 2022 questionnaire the study leveraged digitization construction (IC172) and digitization application (ST326), with grade and gender as moderators, to analyze educational effectiveness measured as perceived math instruction quality (ST272), finding that digitization had no significant direct positive effect (β = −0.001, p = 0.915). This indicates that simply increasing digitization levels may not improve perceived instructional quality unless digitization translates into changes in teaching and learning behaviors.",Other / Unspecified,Other,Student: Attitudinal/Behavioral; Student: Demographic
10.1007/s10639-025-13414-x,PISA 2022 (ICT questionnaire + student questionnaire) — teaching behavior (ST283) and educational effectiveness (ST272),Educational effectiveness (ST272) via teaching behavior,"Digitization construction (IC172), Digitization application hours (ST326), Teaching behavior (ST283)",Indirect path (H2): coefficient 0.044; t-statistic 11.742; p-value 0.000 (supported).,"Using PISA 2022 questionnaire the study leveraged digitization construction (IC172) and digitization application (ST326) to predict teaching behavior (ST283) and, in turn, educational effectiveness (ST272), finding a significant positive indirect effect through teaching behavior (β = 0.044, p < 0.001). This indicates that education digitization policies should prioritize teacher-facing implementation (digital pedagogy and classroom practices) rather than focusing only on infrastructure or access.",peer_reviewed_research,Indirect path (H2): coefficient 0.044; t-statistic 11.742; p-value 0.000 (supported).,"Using PISA 2022 questionnaire the study leveraged digitization construction (IC172) and digitization application (ST326) to predict teaching behavior (ST283) and, in turn, educational effectiveness (ST272), finding a significant positive indirect effect through teaching behavior (β = 0.044, p < 0.001). This indicates that education digitization policies should prioritize teacher-facing implementation (digital pedagogy and classroom practices) rather than focusing only on infrastructure or access.",Other / Unspecified,Other,Student: Attitudinal/Behavioral
10.1007/s10639-025-13414-x,PISA 2022 (student questionnaire) — learning level (ST273) and educational effectiveness (ST272),Educational effectiveness (ST272) via learning level,"Digitization construction (IC172), Digitization application hours (ST326), Learning level (ST273)",Indirect path (H3): coefficient 0.038; t-statistic 31.993; p-value 0.000 (supported).,"Using PISA 2022 questionnaire the study leveraged digitization construction (IC172) and digitization application (ST326) to predict learning level (ST273) and, in turn, educational effectiveness (ST272), finding a significant positive indirect effect through learning level (β = 0.038, p < 0.001). This indicates that digitization initiatives should support students’ effective use of digital resources (learning routines, engagement, and study behaviors) to improve perceived instructional effectiveness.",peer_reviewed_research,Indirect path (H3): coefficient 0.038; t-statistic 31.993; p-value 0.000 (supported).,"Using PISA 2022 questionnaire the study leveraged digitization construction (IC172) and digitization application (ST326) to predict learning level (ST273) and, in turn, educational effectiveness (ST272), finding a significant positive indirect effect through learning level (β = 0.038, p < 0.001). This indicates that digitization initiatives should support students’ effective use of digital resources (learning routines, engagement, and study behaviors) to improve perceived instructional effectiveness.",Other / Unspecified,Other,Student: Attitudinal/Behavioral
10.1007/s10639-025-13414-x,PISA 2022 (ICT questionnaire + student questionnaire) — chain mediation via teaching behavior and learning level,Educational effectiveness (ST272) via teaching behavior and learning level (chain mediation),"Digitization construction (IC172), Digitization application hours (ST326), Teaching behavior (ST283), Learning level (ST273)",Chain indirect path (H4): coefficient 0.125; t-statistic 24.052; p-value 0.000 (supported).,"Using PISA 2022 questionnaire the study leveraged digitization construction (IC172) and digitization application (ST326) to influence teaching behavior (ST283), which then shaped learning level (ST273), ultimately predicting educational effectiveness (ST272), finding a significant positive chain mediation effect (β = 0.125, p < 0.001). This indicates that effective digitization requires coordinated classroom mechanisms—digital-enabled teaching practices that translate into improved student learning behaviors.",peer_reviewed_research,Chain indirect path (H4): coefficient 0.125; t-statistic 24.052; p-value 0.000 (supported).,"Using PISA 2022 questionnaire the study leveraged digitization construction (IC172) and digitization application (ST326) to influence teaching behavior (ST283), which then shaped learning level (ST273), ultimately predicting educational effectiveness (ST272), finding a significant positive chain mediation effect (β = 0.125, p < 0.001). This indicates that effective digitization requires coordinated classroom mechanisms—digital-enabled teaching practices that translate into improved student learning behaviors.",Other / Unspecified,Other,Student: Attitudinal/Behavioral
10.1007/s10639-025-13414-x,PISA 2022 (student questionnaire) — learning level (ST273) as outcome,Learning level (ST273) via perceived educational effectiveness (ST272) / intermediary role,"Digitization construction (IC172), Digitization application hours (ST326), Perceived math instruction quality (ST272)",The abstract/conclusions state: 'perception of recreation' has a significant positive impact on the level of learning; exact coefficient not reported in the provided excerpt.,"Using PISA 2022 questionnaire the study examined how perceived educational effectiveness relates to learning level (ST273) and reports that the perception measure has a significant positive impact on learning level, indicating that students’ perceived quality of math instruction is associated with stronger learning behaviors. This indicates that digitization efforts should also attend to how students experience instructional quality, not only to objective access to digital tools.",peer_reviewed_research,The abstract/conclusions state: 'perception of recreation' has a significant positive impact on the level of learning; exact coefficient not reported in the provided excerpt.,"Using PISA 2022 questionnaire the study examined how perceived educational effectiveness relates to learning level (ST273) and reports that the perception measure has a significant positive impact on learning level, indicating that students’ perceived quality of math instruction is associated with stronger learning behaviors. This indicates that digitization efforts should also attend to how students experience instructional quality, not only to objective access to digital tools.",Other / Unspecified,Other,Student: Attitudinal/Behavioral; School/Teacher: Practice
10.1007/s11165-019-9835-y,"PISA 2015 Science (computer-based), secondary students (15-year-olds), 58 countries/economies",Top performer in science literacy (PV1SCIE levels 5–6 vs below level 5),"Perceived feedback, Parental education (highest ISCED), Disciplinary climate in science, Out-of-school study time, Science self-efficacy","SVM with SVM-RFE feature selection; optimal top-20 feature set. Candidate sets: Top-10 accuracy 64.02% ± 4.34%, Top-20 accuracy 69.52% ± 4.40%, Top-30 accuracy 69.06% ± 3.72%. Two follow-up 10-fold CV rounds (top-20): Round 1 accuracy 77.50%, recall 78.48%; Round 2 accuracy 75.80%, recall 76.39%.","Using PISA 2015 Science the study leveraged perceived feedback, parental education/occupational status, disciplinary climate, learning time/involvement, school ICT resources, teacher quantity, and science self-efficacy to classify top performers (PV1SCIE levels 5–6) versus non-top performers, finding that teacher instructional practices, family socioeconomic status, classroom disciplinary climate, learning time/involvement, school media/ICT resources, teacher quantity, and student self-efficacy were the most predictive contextual features. This indicates that science excellence policies should prioritize classroom-level instructional feedback/adaptation and supportive learning environments alongside family-support and early learning investments, while recognizing that the results are predictive (not causal) and rely on questionnaire-based contextual measures.",peer_reviewed_research,"SVM with SVM-RFE feature selection; optimal top-20 feature set. Candidate sets: Top-10 accuracy 64.02% ± 4.34%, Top-20 accuracy 69.52% ± 4.40%, Top-30 accuracy 69.06% ± 3.72%. Two follow-up 10-fold CV rounds (top-20): Round 1 accuracy 77.50%, recall 78.48%; Round 2 accuracy 75.80%, recall 76.39%.","Using PISA 2015 Science the study leveraged perceived feedback, parental education/occupational status, disciplinary climate, learning time/involvement, school ICT resources, teacher quantity, and science self-efficacy to classify top performers (PV1SCIE levels 5–6) versus non-top performers, finding that teacher instructional practices, family socioeconomic status, classroom disciplinary climate, learning time/involvement, school media/ICT resources, teacher quantity, and student self-efficacy were the most predictive contextual features. This indicates that science excellence policies should prioritize classroom-level instructional feedback/adaptation and supportive learning environments alongside family-support and early learning investments, while recognizing that the results are predictive (not causal) and rely on questionnaire-based contextual measures.",Science,Cognitive Achievement,Student: Attitudinal/Behavioral; School/Teacher: Context
10.1007/s11218-020-09591-x,PISA,science performance,,Not reported,"Using PISA the study leveraged the reported predictors to predict science performance, finding that This scoping review synthesizes 25 secondary quantitative studies that used PISA data (2000–2015) and the PISA ICT Familiarity Questionnaire to examine how students’ ICT interactions relate to mathematics and science performance for 15-year-olds. The review reports mixed and context-dependent associations: some ICT contexts show positive relationships (notably perceived autonomy and, in many studies, ICT interest/competence), while other contexts show negative or null relationships depending on subject and country. The review emphasizes that the ICT–achievement relationship varies by ICT type (use vs availability vs interest vs autonomy vs social inclusion) and by country context, and it notes that all included studies are correlational and cross-sectional, limiting causal interpretation. Methodologically, the included studies use a range of approaches (e.g., multiple linear regression, HLM, SEM, logistic regression, propensity score matching, instrumental variables), but the review does not re-estimate effects or harmonize weighting/PV handling across studies. The main practical takeaway is that “moderate” ICT use and autonomy-oriented ICT engagement may be more beneficial than very low or very high use, though the evidence base remains heterogeneous. This indicates that these patterns have implications for educational policy and instructional practice, though cross-sectional ILSA designs cannot establish causality.",review_article,Not reported,"Using PISA the study leveraged the reported predictors to predict science performance, finding that This scoping review synthesizes 25 secondary quantitative studies that used PISA data (2000–2015) and the PISA ICT Familiarity Questionnaire to examine how students’ ICT interactions relate to mathematics and science performance for 15-year-olds. The review reports mixed and context-dependent associations: some ICT contexts show positive relationships (notably perceived autonomy and, in many studies, ICT interest/competence), while other contexts show negative or null relationships depending on subject and country. The review emphasizes that the ICT–achievement relationship varies by ICT type (use vs availability vs interest vs autonomy vs social inclusion) and by country context, and it notes that all included studies are correlational and cross-sectional, limiting causal interpretation. Methodologically, the included studies use a range of approaches (e.g., multiple linear regression, HLM, SEM, logistic regression, propensity score matching, instrumental variables), but the review does not re-estimate effects or harmonize weighting/PV handling across studies. The main practical takeaway is that “moderate” ICT use and autonomy-oriented ICT engagement may be more beneficial than very low or very high use, though the evidence base remains heterogeneous. This indicates that these patterns have implications for educational policy and instructional practice, though cross-sectional ILSA designs cannot establish causality.",Composite / Multi-Domain,Cognitive Achievement,
10.1080/00131911.2023.2200594,TALIS 2018 (England) Teacher job satisfaction scale,Teacher job satisfaction (continuous scale),"participation_cpd, induction, part_time_contract, team_teaching, observing","Causal BART (bartCause) estimated ATEs with 95% confidence intervals; no single global predictive metric reported. CPD (>=4 CPD events): ATE 0.172 (95% CI [0.035, 0.309]); Induction: ATE 0.218 (95% CI [0.107, 0.329]); Part-time contract (<90% hours): ATE -0.216 (95% CI [-0.388, -0.044]). Team teaching and Observing: positive direction but wide CIs including zero (exact ATE values not reported in text).","Using TALIS 2018 (England) the study leveraged participation in CPD, induction, and part-time contract status (plus other covariates via a causal BART with propensity-score adjustment) to estimate average treatment effects on teacher job satisfaction, finding that CPD participation and induction have positive effects while part-time contracts reduce job satisfaction. This indicates that school leaders and education authorities should prioritize removing barriers to CPD and expanding induction supports for teachers, while investigating job-security and workload implications of part-time employment arrangements, though the estimates rely on causal assumptions and single-imputation of missing data.",peer_reviewed_research,"Causal BART (bartCause) estimated ATEs with 95% confidence intervals; no single global predictive metric reported. CPD (>=4 CPD events): ATE 0.172 (95% CI [0.035, 0.309]); Induction: ATE 0.218 (95% CI [0.107, 0.329]); Part-time contract (<90% hours): ATE -0.216 (95% CI [-0.388, -0.044]). Team teaching and Observing: positive direction but wide CIs including zero (exact ATE values not reported in text).","Using TALIS 2018 (England) the study leveraged participation in CPD, induction, and part-time contract status (plus other covariates via a causal BART with propensity-score adjustment) to estimate average treatment effects on teacher job satisfaction, finding that CPD participation and induction have positive effects while part-time contracts reduce job satisfaction. This indicates that school leaders and education authorities should prioritize removing barriers to CPD and expanding induction supports for teachers, while investigating job-security and workload implications of part-time employment arrangements, though the estimates rely on causal assumptions and single-imputation of missing data.",Other / Unspecified,Other,Student: Attitudinal/Behavioral
10.1007/s11858-024-01630-7,"PISA 2012 Mathematics (15-year-olds) — Belgium-Flanders, Denmark, Finland, France, Germany, Netherlands, Norway, Portugal, Spain, Sweden","Mathematics achievement (PVs, PV1MATH–PV5MATH)","Socioeconomic status (ESCS), Student-oriented instruction, Classroom management, Teacher support, Disciplinary climate","Structural equation model (SEM) with Mplus TYPE=COMPLEX; explained variance R² varies by country (e.g., Belgium-Flanders R²=0.39; Finland R²=0.21). Standardised path estimates reported in Table 2; effect sizes summarized in Table 4 (e.g., Belgium-Flanders effect size=0.64; Finland effect size=0.27).","Using PISA 2012 Mathematics the study leveraged socioeconomic status (ESCS) together with students’ perceived teacher support, disciplinary climate, cognitive activation, student-oriented instruction, and classroom management to model mathematics achievement, finding that teacher support, disciplinary climate, and cognitive activation positively predict achievement while student-oriented instruction and classroom management show negative associations in most countries. This indicates that strengthening supportive teacher-student interactions and maintaining an orderly disciplinary climate may promote mathematics performance and help mitigate SES-related inequities, though the study is correlational and does not establish causal effects.",peer_reviewed_research,"Structural equation model (SEM) with Mplus TYPE=COMPLEX; explained variance R² varies by country (e.g., Belgium-Flanders R²=0.39; Finland R²=0.21). Standardised path estimates reported in Table 2; effect sizes summarized in Table 4 (e.g., Belgium-Flanders effect size=0.64; Finland effect size=0.27).","Using PISA 2012 Mathematics the study leveraged socioeconomic status (ESCS) together with students’ perceived teacher support, disciplinary climate, cognitive activation, student-oriented instruction, and classroom management to model mathematics achievement, finding that teacher support, disciplinary climate, and cognitive activation positively predict achievement while student-oriented instruction and classroom management show negative associations in most countries. This indicates that strengthening supportive teacher-student interactions and maintaining an orderly disciplinary climate may promote mathematics performance and help mitigate SES-related inequities, though the study is correlational and does not establish causal effects.",Mathematics,Cognitive Achievement,Student: SES; School/Teacher: Practice; Student: Demographic; School/Teacher: Context
10.1007/s11858-024-01630-7,"PISA 2022 Mathematics (15-year-olds) — Belgium-Flanders, Denmark, Finland, France, Germany, Netherlands, Norway, Portugal, Spain, Sweden","Mathematics achievement (PVs, PV1MATH–PV10MATH)","Socioeconomic status (ESCS), Teacher support, Disciplinary climate, Cognitive activation: encouraging thinking, Cognitive activation: fostering reasoning","Structural equation model (SEM) with Mplus TYPE=COMPLEX; explained variance R² varies by country (e.g., Belgium-Flanders R²=0.28; Norway R²=0.14). Standardised path estimates reported in Table 3; effect sizes summarized in Table 4 (e.g., Belgium-Flanders effect size=0.39; Norway effect size=0.16).","Using PISA 2022 Mathematics the study leveraged socioeconomic status (ESCS) together with teacher support, disciplinary climate, and two cognitive activation sub-dimensions (encouraging mathematical thinking vs fostering reasoning) to predict mathematics achievement, finding that teacher support and disciplinary climate have positive effects while encouraging mathematical thinking and fostering reasoning show opposite directions across countries (encouraging thinking negative in most countries; fostering reasoning positive). This indicates that equity-oriented instructional improvement should focus on the form of cognitive activation—promoting reasoning and problem-solving processes rather than simply encouraging thinking—while maintaining supportive and orderly classrooms.",peer_reviewed_research,"Structural equation model (SEM) with Mplus TYPE=COMPLEX; explained variance R² varies by country (e.g., Belgium-Flanders R²=0.28; Norway R²=0.14). Standardised path estimates reported in Table 3; effect sizes summarized in Table 4 (e.g., Belgium-Flanders effect size=0.39; Norway effect size=0.16).","Using PISA 2022 Mathematics the study leveraged socioeconomic status (ESCS) together with teacher support, disciplinary climate, and two cognitive activation sub-dimensions (encouraging mathematical thinking vs fostering reasoning) to predict mathematics achievement, finding that teacher support and disciplinary climate have positive effects while encouraging mathematical thinking and fostering reasoning show opposite directions across countries (encouraging thinking negative in most countries; fostering reasoning positive). This indicates that equity-oriented instructional improvement should focus on the form of cognitive activation—promoting reasoning and problem-solving processes rather than simply encouraging thinking—while maintaining supportive and orderly classrooms.",Mathematics,Cognitive Achievement,Student: SES; School/Teacher: Practice; School/Teacher: Context; Student: Attitudinal/Behavioral
10.1007/s11858-024-01630-7,PISA 2012 vs PISA 2022 Mathematics (trend across two cycles) — ten European education systems,Instructional quality trends and SES indirect effects on mathematics achievement,"Socioeconomic status (ESCS), Teacher support, Disciplinary climate, Classroom management, Student-oriented instruction","Trend analysis via within-country mean differences for ESCS, teacher support, and disciplinary climate (RQ2). Indirect effects of SES through instructional quality dimensions reported in Appendix D and summarized in the Results/Discussion; explained variance and effect sizes summarized in Table 4.","Using PISA 2012 and PISA 2022 the study examined how SES relates to mathematics achievement directly and indirectly through instructional quality dimensions, finding that teacher support, disciplinary climate, and cognitive activation consistently benefit low-SES students across cycles, while classroom management and student-oriented instruction tend to harm low-SES students’ performance. This indicates that policies aiming to reduce achievement gaps should prioritize teacher support and classroom order as equity levers, and should carefully redesign student-oriented and management-heavy practices to avoid unintended disadvantages for low-SES learners.",peer_reviewed_research,"Trend analysis via within-country mean differences for ESCS, teacher support, and disciplinary climate (RQ2). Indirect effects of SES through instructional quality dimensions reported in Appendix D and summarized in the Results/Discussion; explained variance and effect sizes summarized in Table 4.","Using PISA 2012 and PISA 2022 the study examined how SES relates to mathematics achievement directly and indirectly through instructional quality dimensions, finding that teacher support, disciplinary climate, and cognitive activation consistently benefit low-SES students across cycles, while classroom management and student-oriented instruction tend to harm low-SES students’ performance. This indicates that policies aiming to reduce achievement gaps should prioritize teacher support and classroom order as equity levers, and should carefully redesign student-oriented and management-heavy practices to avoid unintended disadvantages for low-SES learners.",Mathematics,Cognitive Achievement,Student: SES; School/Teacher: Practice; School/Teacher: Context; Student: Demographic
10.1007/s40299-021-00584-8,PISA 2018 Reading (PVREAD1; Turkey vs China (B-S-J-Z)),Successful reading achievement (PVREAD1 ≥ country average; binary),"Meta-cognition: assess credibility (METASPAM), Index of economic social cultural status (ESCS), Subject-related ICT use during lessons (ICTCLASS), Meta-cognition: summarizing (METASUM), Perception of test difficulty (PISADIFF)","Random Forest feature selection accuracy (10-fold, 5-repeat CV): 75% (Turkey) and 77% (China (B-S-J-Z)); ARF outputs subset success rates: Turkey up to 91% (subset-1) and China up to 95% (subset-1).","Using PISA 2018 Reading data (PVREAD1; binary success defined as at/above the country average), the study leveraged meta-cognition (METASPAM), socioeconomic status (ESCS), and learning/ICT-related factors (ICTCLASS, METASUM) to identify student subgroups with substantially higher-than-average reading success, finding that the strongest common drivers across both countries were METASPAM and ESCS while additional country-specific factors (e.g., ICTCLASS in Turkey; PISADIFF and JOYREAD in China) further differentiated high-performing subsets. This indicates that reading improvement strategies should prioritize credibility assessment and summarization skills, while tailoring ICT use and motivation/test-difficulty supports to the national context, though the binary outcome and unreported survey-weight handling limit population-level causal interpretation.",peer_reviewed_research,"Random Forest feature selection accuracy (10-fold, 5-repeat CV): 75% (Turkey) and 77% (China (B-S-J-Z)); ARF outputs subset success rates: Turkey up to 91% (subset-1) and China up to 95% (subset-1).","Using PISA 2018 Reading data (PVREAD1; binary success defined as at/above the country average), the study leveraged meta-cognition (METASPAM), socioeconomic status (ESCS), and learning/ICT-related factors (ICTCLASS, METASUM) to identify student subgroups with substantially higher-than-average reading success, finding that the strongest common drivers across both countries were METASPAM and ESCS while additional country-specific factors (e.g., ICTCLASS in Turkey; PISADIFF and JOYREAD in China) further differentiated high-performing subsets. This indicates that reading improvement strategies should prioritize credibility assessment and summarization skills, while tailoring ICT use and motivation/test-difficulty supports to the national context, though the binary outcome and unreported survey-weight handling limit population-level causal interpretation.",Reading,Cognitive Achievement,Student: SES; Student: Process Data; Student: Attitudinal/Behavioral
10.1186/s40468-023-00261-1,"PISA 2018 Reading (15-year-olds), overall reading performance (PVREAD)",Reading performance (PVREAD; mean across 10 PVs),"Teacher stimulation of reading engagement (STIMREAD), Adaptive instruction (ADAPTIVITY), Teacher enthusiasm (TEACHINT), Teacher academic support (TEACHSUP), Teacher-directed instruction (DIRINS)","Hierarchical linear regression (weighted sampling weights; all 10 PVs). Step 1 (demographics) R2=0.092; Step 2 (instructional practices) R2=0.128; ΔR2=0.036. Standardized effects: STIMREAD β=0.14 (p<0.001), ADAPTIVITY β=0.07 (p<0.001), TEACHINT β=0.06 (p<0.001), TEACHSUP β=0.06 (p<0.001), DIRINS β=-0.13 (p<0.001), PERFEED β=-0.09 (p<0.001).","Using PISA 2018 Reading the study leveraged teacher instructional practice indices (STIMREAD, ADAPTIVITY, TEACHINT, TEACHSUP, DIRINS, PERFEED) to predict students’ overall reading performance (PVREAD; averaged across 10 plausible values), finding that teacher stimulation, adaptive instruction, teacher enthusiasm, and teacher academic support were positively associated with reading performance, while teacher-directed instruction and teacher feedback were negatively associated. This indicates that reading improvement policies should prioritize classroom practices that actively engage students and adapt instruction to learning needs, while rethinking how direct instruction and feedback are implemented to avoid unintended negative associations, though the cross-sectional design limits causal claims.",peer_reviewed_research,"Hierarchical linear regression (weighted sampling weights; all 10 PVs). Step 1 (demographics) R2=0.092; Step 2 (instructional practices) R2=0.128; ΔR2=0.036. Standardized effects: STIMREAD β=0.14 (p<0.001), ADAPTIVITY β=0.07 (p<0.001), TEACHINT β=0.06 (p<0.001), TEACHSUP β=0.06 (p<0.001), DIRINS β=-0.13 (p<0.001), PERFEED β=-0.09 (p<0.001).","Using PISA 2018 Reading the study leveraged teacher instructional practice indices (STIMREAD, ADAPTIVITY, TEACHINT, TEACHSUP, DIRINS, PERFEED) to predict students’ overall reading performance (PVREAD; averaged across 10 plausible values), finding that teacher stimulation, adaptive instruction, teacher enthusiasm, and teacher academic support were positively associated with reading performance, while teacher-directed instruction and teacher feedback were negatively associated. This indicates that reading improvement policies should prioritize classroom practices that actively engage students and adapt instruction to learning needs, while rethinking how direct instruction and feedback are implemented to avoid unintended negative associations, though the cross-sectional design limits causal claims.",Reading,Cognitive Achievement,Student: Demographic; School/Teacher: Practice
10.1186/s40536-021-00099-0,PISA 2015 sampling frame for Germany,Literature synthesis outcome (not student-level prediction),"Socioeconomic status (ESCS), School average ESCS, Student gender, Student grade (modal 9/10)",Not reported,"Using PISA 2015 sampling frame for Germany the study leveraged Socioeconomic status (ESCS), School average ESCS, Student gender to predict Literature synthesis outcome (not student-level prediction), finding that This methodology paper investigates how to incorporate PISA sampling weights into two-level multilevel (hierarchical) models, using both simulation and an application to PISA 2015 data for Germany. The authors simulate a German PISA-like population with two-stage stratified cluster sampling (schools sampled via PPS with stratification; students sampled within schools) and generate student achievement (PISA competence in science) and socioeconomic background (ESCS) under three scenarios differing in between-school variance (ICC 0.05, 0.52, 0.79). They compare nine weighting scenarios (e.g., no weights, unscaled weights, only student weights, only school weights, and several scaling rules for student weights) across three two-level model specifications, estimating parameters and their uncertainty using pseudo maximum likelihood with sandwich-type variance estimation in two software packages (Mplus and SAS PROC GLIMMIX). Across scenarios, the recommended approach is to use only final school weights at level two; scaling of student weights yields nearly identical results when school weights are used, and software differences are small under the recommended weighting scheme. The study is not a predictive ML analysis; its key contribution is methodological guidance for valid multilevel inference under complex LSA sampling designs. This indicates that these patterns have implications for educational policy and instructional practice, though cross-sectional ILSA designs cannot establish causality.",methodology_paper,Not reported,"Using PISA 2015 sampling frame for Germany the study leveraged Socioeconomic status (ESCS), School average ESCS, Student gender to predict Literature synthesis outcome (not student-level prediction), finding that This methodology paper investigates how to incorporate PISA sampling weights into two-level multilevel (hierarchical) models, using both simulation and an application to PISA 2015 data for Germany. The authors simulate a German PISA-like population with two-stage stratified cluster sampling (schools sampled via PPS with stratification; students sampled within schools) and generate student achievement (PISA competence in science) and socioeconomic background (ESCS) under three scenarios differing in between-school variance (ICC 0.05, 0.52, 0.79). They compare nine weighting scenarios (e.g., no weights, unscaled weights, only student weights, only school weights, and several scaling rules for student weights) across three two-level model specifications, estimating parameters and their uncertainty using pseudo maximum likelihood with sandwich-type variance estimation in two software packages (Mplus and SAS PROC GLIMMIX). Across scenarios, the recommended approach is to use only final school weights at level two; scaling of student weights yields nearly identical results when school weights are used, and software differences are small under the recommended weighting scheme. The study is not a predictive ML analysis; its key contribution is methodological guidance for valid multilevel inference under complex LSA sampling designs. This indicates that these patterns have implications for educational policy and instructional practice, though cross-sectional ILSA designs cannot establish causality.",Other / Unspecified,Other,Student: SES; Student: Demographic
10.1186/s40536-022-00128-6,PISA 2009/2012/2015/2018 (15-year-olds) — Mathematics achievement (Plausible Values),Mathematics achievement (Plausible Values),"Student ESCS, Gender, Perceived autonomy related to ICT use (AUTICT), Interest in ICT (INTICT), Perceived ICT competence (COMPICT)",Three-level linear mixed-effects models (maximum likelihood) using all available plausible values per cycle; reported as mean unstandardized coefficients (b) with t values and p values. Substantive effects threshold: p<0.001 and b>2 scale-score points at student/school levels; country-level interest p<0.05.,"Using PISA 2009/2012/2015/2018 the study leveraged student ESCS, gender, and ICT-related attitudes (especially perceived autonomy related to ICT use, plus ICT interest and perceived ICT competence) to model mathematics achievement (Plausible Values), finding that ICT availability and ICT use inside/outside school were generally neutral or negatively associated with math performance, while positive ICT attitudes and beliefs showed substantive positive associations across cycles. This indicates that policies should prioritize strengthening students’ ICT-related motivation, competence beliefs, and autonomy (quality and purposeful use) rather than increasing raw ICT access or frequency of use, while recognizing the study is cross-sectional and estimates associations rather than causal effects.",peer_reviewed_research,Three-level linear mixed-effects models (maximum likelihood) using all available plausible values per cycle; reported as mean unstandardized coefficients (b) with t values and p values. Substantive effects threshold: p<0.001 and b>2 scale-score points at student/school levels; country-level interest p<0.05.,"Using PISA 2009/2012/2015/2018 the study leveraged student ESCS, gender, and ICT-related attitudes (especially perceived autonomy related to ICT use, plus ICT interest and perceived ICT competence) to model mathematics achievement (Plausible Values), finding that ICT availability and ICT use inside/outside school were generally neutral or negatively associated with math performance, while positive ICT attitudes and beliefs showed substantive positive associations across cycles. This indicates that policies should prioritize strengthening students’ ICT-related motivation, competence beliefs, and autonomy (quality and purposeful use) rather than increasing raw ICT access or frequency of use, while recognizing the study is cross-sectional and estimates associations rather than causal effects.",Mathematics,Cognitive Achievement,Student: SES; Student: Demographic; Student: Process Data; Student: Attitudinal/Behavioral
10.1186/s40536-022-00128-6,PISA 2009/2012/2015/2018 (15-year-olds) — Science achievement (Plausible Values),Science achievement (Plausible Values),"Student ESCS, Gender, Perceived autonomy related to ICT use (AUTICT), Interest in ICT (INTICT), Perceived ICT competence (COMPICT)",Three-level linear mixed-effects models (maximum likelihood) using all available plausible values per cycle; reported as mean unstandardized coefficients (b) with t values and p values. Substantive effects threshold: p<0.001 and b>2 scale-score points at student/school levels; country-level interest p<0.05.,"Using PISA 2009/2012/2015/2018 the study leveraged student ESCS, gender, and ICT-related attitudes (especially perceived autonomy related to ICT use, plus ICT interest and perceived ICT competence) to model science achievement (Plausible Values), finding that ICT availability and ICT use inside/outside school were mostly neutral or negatively associated with science performance, whereas positive ICT attitudes and beliefs were substantively and consistently positively associated with science achievement across cycles. This indicates that educational practice should focus on cultivating students’ self-confidence, competence beliefs, and autonomy in ICT use as part of learning design, rather than assuming that greater ICT access or more frequent ICT use will automatically improve science outcomes.",peer_reviewed_research,Three-level linear mixed-effects models (maximum likelihood) using all available plausible values per cycle; reported as mean unstandardized coefficients (b) with t values and p values. Substantive effects threshold: p<0.001 and b>2 scale-score points at student/school levels; country-level interest p<0.05.,"Using PISA 2009/2012/2015/2018 the study leveraged student ESCS, gender, and ICT-related attitudes (especially perceived autonomy related to ICT use, plus ICT interest and perceived ICT competence) to model science achievement (Plausible Values), finding that ICT availability and ICT use inside/outside school were mostly neutral or negatively associated with science performance, whereas positive ICT attitudes and beliefs were substantively and consistently positively associated with science achievement across cycles. This indicates that educational practice should focus on cultivating students’ self-confidence, competence beliefs, and autonomy in ICT use as part of learning design, rather than assuming that greater ICT access or more frequent ICT use will automatically improve science outcomes.",Science,Cognitive Achievement,Student: SES; Student: Demographic; Student: Process Data; Student: Attitudinal/Behavioral
10.1186/s40536-023-00174-8,PISA 2012 and fewer examining multiple cycles,predicting mathematics achievement in PISA: a systematic review,,Not reported,"Using PISA 2012 and fewer examining multiple cycles the study leveraged the reported predictors to predict predicting mathematics achievement in PISA: a systematic review, finding that This paper is a PRISMA-guided systematic review synthesizing 156 peer-reviewed studies that investigated predictors of PISA mathematics achievement. The included primary studies analyzed PISA mathematics scores from multiple PISA cycles (2000, 2003, 2006, 2009, 2012, 2015, 2018), with most studies using PISA 2012 and fewer examining multiple cycles. Across the synthesized evidence, the authors identify 135 factors grouped into five ecological levels and report seven factors that are consistently associated with math achievement: student grade level and overall family SES (positive), and absenteeism/lack of punctuality, grade repetition and dropout rate, school misbehavior prevalence, shortages of teachers/general staff, and student-centered instruction (negative). The review also reports 14 factors with predominantly positive or negative associations, while many others show mixed findings due to methodological differences across studies (e.g., measures, analytical methods, missing-data handling, and significance thresholds). Because this is a review rather than a re-analysis, no single predictive model, accuracy metric, or causal identification strategy is estimated here; the findings should be interpreted as patterns of association across heterogeneous studies rather than as causal effects. This indicates that , no single predictive model, accuracy metric, or causal identification strategy is estimated here; the findings should be interpreted as patterns of association across heterogeneous studies rather than as causal effects.",review_article,Not reported,"Using PISA 2012 and fewer examining multiple cycles the study leveraged the reported predictors to predict predicting mathematics achievement in PISA: a systematic review, finding that This paper is a PRISMA-guided systematic review synthesizing 156 peer-reviewed studies that investigated predictors of PISA mathematics achievement. The included primary studies analyzed PISA mathematics scores from multiple PISA cycles (2000, 2003, 2006, 2009, 2012, 2015, 2018), with most studies using PISA 2012 and fewer examining multiple cycles. Across the synthesized evidence, the authors identify 135 factors grouped into five ecological levels and report seven factors that are consistently associated with math achievement: student grade level and overall family SES (positive), and absenteeism/lack of punctuality, grade repetition and dropout rate, school misbehavior prevalence, shortages of teachers/general staff, and student-centered instruction (negative). The review also reports 14 factors with predominantly positive or negative associations, while many others show mixed findings due to methodological differences across studies (e.g., measures, analytical methods, missing-data handling, and significance thresholds). Because this is a review rather than a re-analysis, no single predictive model, accuracy metric, or causal identification strategy is estimated here; the findings should be interpreted as patterns of association across heterogeneous studies rather than as causal effects. This indicates that , no single predictive model, accuracy metric, or causal identification strategy is estimated here; the findings should be interpreted as patterns of association across heterogeneous studies rather than as causal effects.",Mathematics,Cognitive Achievement,
10.1186/s40536-023-00181-9,"PISA 2018 Reading (15-year-olds), European countries (38 countries)",Reading achievement (Plausible Values),"Socioeconomic status (ESCS), Expected occupational status, Enjoyment of reading, Mastery-approach orientation","Within-country SEM mediation results: expected occupational status mediator in all 38 countries; enjoyment of reading mediator in 37/38 countries; mastery-approach orientation mediator in 11/38 countries. Direct SES→reading effect reduced in all models (exact coefficients reported for some countries, e.g., Belarus: .445 initial to .295 final). Model fit assessed with CFI/RMSEA/SRMR (e.g., Table 2 shows CFI mostly ~.963–.990; RMSEA mostly <.08).","Using PISA 2018 Reading the study leveraged socioeconomic status (ESCS) and three academic motivation elements—expected occupational status, enjoyment of reading, and mastery-approach orientation—to model reading achievement (PVs) via within-country SEM mediation. It found that expected occupational status consistently mediated the SES–reading relationship across all 38 European countries, enjoyment of reading mediated in almost all countries (37/38), and mastery-approach orientation mediated only in 11 countries, with the direct SES effect reduced in every country model. This indicates that equity-oriented reading interventions that raise students’ occupational expectations and intrinsic enjoyment may help narrow SES-related reading gaps, though the cross-sectional design prevents causal claims.",peer_reviewed_research,"Within-country SEM mediation results: expected occupational status mediator in all 38 countries; enjoyment of reading mediator in 37/38 countries; mastery-approach orientation mediator in 11/38 countries. Direct SES→reading effect reduced in all models (exact coefficients reported for some countries, e.g., Belarus: .445 initial to .295 final). Model fit assessed with CFI/RMSEA/SRMR (e.g., Table 2 shows CFI mostly ~.963–.990; RMSEA mostly <.08).","Using PISA 2018 Reading the study leveraged socioeconomic status (ESCS) and three academic motivation elements—expected occupational status, enjoyment of reading, and mastery-approach orientation—to model reading achievement (PVs) via within-country SEM mediation. It found that expected occupational status consistently mediated the SES–reading relationship across all 38 European countries, enjoyment of reading mediated in almost all countries (37/38), and mastery-approach orientation mediated only in 11 countries, with the direct SES effect reduced in every country model. This indicates that equity-oriented reading interventions that raise students’ occupational expectations and intrinsic enjoyment may help narrow SES-related reading gaps, though the cross-sectional design prevents causal claims.",Reading,Cognitive Achievement,Student: SES; Student: Attitudinal/Behavioral
10.1186/s40536-023-00190-8,PISA 2015 Colombia Grade 15 Science (scientific literacy; 10 plausible values),Students’ scientific literacy (PVSCIE),"Directed science instruction (TDTEACH), School ESCS (ESCSSCHO), Teacher motivation (TEACHMOT), Inquiry-based teaching (IBTEACH), Science self-efficacy (SCIEEFF)","Two-level hierarchical linear model (HLM). Teacher motivation effect: β = -4.37, p = 0.372. Directed instruction effect: β = 56.35, p < 0.001. Inquiry-based teaching effect: β = -16.67, p = 0.092. School ESCS effect: β = 21.18, p < 0.001. Teacher support effect: β = -23.66, p = 0.036. Model variance decomposition (unconditional): 28.1% between schools, 71.9% within schools.","Using PISA 2015 Colombia Grade 15 Science the study leveraged directed science instruction (TDTEACH), school ESCS (ESCSSCHO), inquiry-based teaching (IBTEACH), science self-efficacy (SCIEEFF), and teacher motivation (TEACHMOT) to model students’ scientific literacy (PVSCIE), finding no significant relationship between teacher motivation and scientific literacy (β = -4.37, p = 0.372). This indicates that, at least with the job-satisfaction proxy available in PISA 2015, policy efforts solely targeting teacher motivation may not translate into higher science achievement, while instructional practice and school socioeconomic context show stronger associations.",peer_reviewed_research,"Two-level hierarchical linear model (HLM). Teacher motivation effect: β = -4.37, p = 0.372. Directed instruction effect: β = 56.35, p < 0.001. Inquiry-based teaching effect: β = -16.67, p = 0.092. School ESCS effect: β = 21.18, p < 0.001. Teacher support effect: β = -23.66, p = 0.036. Model variance decomposition (unconditional): 28.1% between schools, 71.9% within schools.","Using PISA 2015 Colombia Grade 15 Science the study leveraged directed science instruction (TDTEACH), school ESCS (ESCSSCHO), inquiry-based teaching (IBTEACH), science self-efficacy (SCIEEFF), and teacher motivation (TEACHMOT) to model students’ scientific literacy (PVSCIE), finding no significant relationship between teacher motivation and scientific literacy (β = -4.37, p = 0.372). This indicates that, at least with the job-satisfaction proxy available in PISA 2015, policy efforts solely targeting teacher motivation may not translate into higher science achievement, while instructional practice and school socioeconomic context show stronger associations.",Science,Cognitive Achievement,School/Teacher: Practice; Student: SES; Student: Attitudinal/Behavioral
10.1186/s40536-023-00190-8,PISA 2015 Colombia Grade 15 Science (intrinsic motivation index),Students’ intrinsic motivation (STU_MOTI),"Inquiry-based teaching (IBTEACH), School ESCS (ESCSSCHO), Teacher motivation (TEACHMOT), Broad interest in science (INTBRSCI), Science self-efficacy (SCIEEFF)","Two-level hierarchical linear model (HLM). Teacher motivation effect: β = -0.102, p = 0.462. Inquiry-based teaching effect: β = 0.631, p = 0.020. School ESCS effect: β = -0.321, p = 0.009. Student broad interest effect: β = 0.632, p < 0.001. Science self-efficacy effect: β = 0.122, p = 0.010. Unconditional model: school-level variance (ICC) ≈ 2%.","Using PISA 2015 Colombia Grade 15 Science the study leveraged inquiry-based teaching (IBTEACH), school ESCS (ESCSSCHO), teacher motivation (TEACHMOT), broad interest in science (INTBRSCI), and science self-efficacy (SCIEEFF) to model students’ intrinsic motivation (STU_MOTI), finding that teacher motivation was not significantly related to students’ motivation (β = -0.102, p = 0.462) while inquiry-based teaching was a positive predictor (β = 0.631, p = 0.020). This indicates that instructional approaches that support student engagement may be more actionable for boosting science motivation than teacher-motivation proxies, though causal claims remain limited due to the cross-sectional design.",peer_reviewed_research,"Two-level hierarchical linear model (HLM). Teacher motivation effect: β = -0.102, p = 0.462. Inquiry-based teaching effect: β = 0.631, p = 0.020. School ESCS effect: β = -0.321, p = 0.009. Student broad interest effect: β = 0.632, p < 0.001. Science self-efficacy effect: β = 0.122, p = 0.010. Unconditional model: school-level variance (ICC) ≈ 2%.","Using PISA 2015 Colombia Grade 15 Science the study leveraged inquiry-based teaching (IBTEACH), school ESCS (ESCSSCHO), teacher motivation (TEACHMOT), broad interest in science (INTBRSCI), and science self-efficacy (SCIEEFF) to model students’ intrinsic motivation (STU_MOTI), finding that teacher motivation was not significantly related to students’ motivation (β = -0.102, p = 0.462) while inquiry-based teaching was a positive predictor (β = 0.631, p = 0.020). This indicates that instructional approaches that support student engagement may be more actionable for boosting science motivation than teacher-motivation proxies, though causal claims remain limited due to the cross-sectional design.",Non-Cognitive / Process Output,Attitudinal / Affective,Student: Attitudinal/Behavioral; Student: SES; School/Teacher: Practice
10.1057/s41599-023-01886-6,"PISA 2018 Reading (Philippines, 15-year-olds) — Overall reading proficiency (PV1)",Overall reading proficiency (Plausible Value 1),"Socioeconomic status (ESCS), Number of books at home, Gender, Metacognitive reading strategy usefulness (selected items)","Hierarchical regression: Model R2 = 0.40 (final); baseline R2 = 0.22; additional explained variance by adding 11 strategies: ΔR2 = 0.18, ΔF = 181.28***. Strategy-level standardized coefficients (β) reported for each of the 11 items; overall model F(14, 6576) = 292.50*** (from reported hierarchical regression summary).","Using PISA 2018 Reading data for Filipino 15-year-olds (PV1 for overall reading proficiency), the study leveraged Gender, ESCS, number of books at home, and perceived usefulness of 11 metacognitive reading strategies to predict overall reading proficiency, finding that adding the 11 strategies explained an additional 18% of the variance (ΔR2 = 0.18) beyond the controls. This indicates that metacognitive strategy awareness is meaningfully associated with reading achievement in English as a second language, suggesting that reading instruction and assessment alignment should explicitly teach and model effective strategies while also addressing students’ miscalibrated perceptions of strategy usefulness (e.g., some low-level or ineffective strategies were rated as useful yet were negatively associated with proficiency).",peer_reviewed_research,"Hierarchical regression: Model R2 = 0.40 (final); baseline R2 = 0.22; additional explained variance by adding 11 strategies: ΔR2 = 0.18, ΔF = 181.28***. Strategy-level standardized coefficients (β) reported for each of the 11 items; overall model F(14, 6576) = 292.50*** (from reported hierarchical regression summary).","Using PISA 2018 Reading data for Filipino 15-year-olds (PV1 for overall reading proficiency), the study leveraged Gender, ESCS, number of books at home, and perceived usefulness of 11 metacognitive reading strategies to predict overall reading proficiency, finding that adding the 11 strategies explained an additional 18% of the variance (ΔR2 = 0.18) beyond the controls. This indicates that metacognitive strategy awareness is meaningfully associated with reading achievement in English as a second language, suggesting that reading instruction and assessment alignment should explicitly teach and model effective strategies while also addressing students’ miscalibrated perceptions of strategy usefulness (e.g., some low-level or ineffective strategies were rated as useful yet were negatively associated with proficiency).",Composite / Multi-Domain,Cognitive Achievement,Student: SES; Student: Demographic; Student: Attitudinal/Behavioral
10.1057/s41599-023-01886-6,"PISA 2018 Reading (Philippines, 15-year-olds) — Locate information (PV1)",Locate information subscale (Plausible Value 1),"Socioeconomic status (ESCS), Number of books at home, Gender, Metacognitive reading strategy usefulness (selected items)","Final hierarchical regression coefficients reported: ESCS β = 0.26***; books at home β = 0.09***; gender β = −0.09***. Adding 11 strategies increased explained variance: ΔR2 = 0.16, F(11, 6576) = 149.77, p < 0.001.","Using PISA 2018 Reading data for Filipino 15-year-olds (PV1 for the locate information subscale), the study leveraged Gender, ESCS, number of books at home, and perceived usefulness of 11 metacognitive reading strategies to predict locate information performance, finding that adding the strategies increased explained variance by ΔR2 = 0.16. This indicates that strategy awareness is particularly linked to more basic information-locating processes, implying that early reading instruction in English should prioritize strategy instruction that supports locating and selecting relevant text evidence.",peer_reviewed_research,"Final hierarchical regression coefficients reported: ESCS β = 0.26***; books at home β = 0.09***; gender β = −0.09***. Adding 11 strategies increased explained variance: ΔR2 = 0.16, F(11, 6576) = 149.77, p < 0.001.","Using PISA 2018 Reading data for Filipino 15-year-olds (PV1 for the locate information subscale), the study leveraged Gender, ESCS, number of books at home, and perceived usefulness of 11 metacognitive reading strategies to predict locate information performance, finding that adding the strategies increased explained variance by ΔR2 = 0.16. This indicates that strategy awareness is particularly linked to more basic information-locating processes, implying that early reading instruction in English should prioritize strategy instruction that supports locating and selecting relevant text evidence.",Other / Unspecified,Other,Student: SES; Student: Demographic; Student: Attitudinal/Behavioral
10.1057/s41599-023-01886-6,"PISA 2018 Reading (Philippines, 15-year-olds) — Understand (PV1)",Understanding and summarizing subscale (Plausible Value 1),"Socioeconomic status (ESCS), Number of books at home, Gender, Metacognitive reading strategy usefulness (selected items)","Final hierarchical regression coefficients reported: ESCS β = 0.27***; books at home β = 0.08***; gender β = −0.09***. Adding 11 strategies increased explained variance: ΔR2 = 0.18, F(11, 6576) = 170.06, p < 0.001.","Using PISA 2018 Reading data for Filipino 15-year-olds (PV1 for the understand subscale), the study leveraged Gender, ESCS, number of books at home, and perceived usefulness of 11 metacognitive reading strategies to predict understanding and summarizing performance, finding that adding the strategies increased explained variance by ΔR2 = 0.18. This indicates that metacognitive strategy awareness is strongly associated with comprehension processes, supporting policy and practice that integrate strategy instruction with comprehension and summarization tasks rather than teaching strategies as isolated topics.",peer_reviewed_research,"Final hierarchical regression coefficients reported: ESCS β = 0.27***; books at home β = 0.08***; gender β = −0.09***. Adding 11 strategies increased explained variance: ΔR2 = 0.18, F(11, 6576) = 170.06, p < 0.001.","Using PISA 2018 Reading data for Filipino 15-year-olds (PV1 for the understand subscale), the study leveraged Gender, ESCS, number of books at home, and perceived usefulness of 11 metacognitive reading strategies to predict understanding and summarizing performance, finding that adding the strategies increased explained variance by ΔR2 = 0.18. This indicates that metacognitive strategy awareness is strongly associated with comprehension processes, supporting policy and practice that integrate strategy instruction with comprehension and summarization tasks rather than teaching strategies as isolated topics.",Other / Unspecified,Other,Student: SES; Student: Demographic; Student: Attitudinal/Behavioral
10.1057/s41599-023-01886-6,"PISA 2018 Reading (Philippines, 15-year-olds) — Evaluate and reflect (PV1)",Reflection and evaluation subscale (Plausible Value 1),"Socioeconomic status (ESCS), Number of books at home, Gender, Metacognitive reading strategy usefulness (selected items)","Final hierarchical regression coefficients reported: ESCS β = 0.26***; books at home β = 0.10***; gender β = −0.06***. Adding 11 strategies increased explained variance: ΔR2 = 0.14, F(11, 6576) = 123.75, p < 0.001.","Using PISA 2018 Reading data for Filipino 15-year-olds (PV1 for the evaluate and reflect subscale), the study leveraged Gender, ESCS, number of books at home, and perceived usefulness of 11 metacognitive reading strategies to predict reflection and evaluation performance, finding that adding the strategies increased explained variance by ΔR2 = 0.14. This indicates that strategy awareness is also related to higher-level evaluation processes, but with weaker associations than for basic processes, implying that instruction should explicitly scaffold evaluation/critique strategies and ensure students understand what “useful” means in the context of PISA-aligned reading tasks.",peer_reviewed_research,"Final hierarchical regression coefficients reported: ESCS β = 0.26***; books at home β = 0.10***; gender β = −0.06***. Adding 11 strategies increased explained variance: ΔR2 = 0.14, F(11, 6576) = 123.75, p < 0.001.","Using PISA 2018 Reading data for Filipino 15-year-olds (PV1 for the evaluate and reflect subscale), the study leveraged Gender, ESCS, number of books at home, and perceived usefulness of 11 metacognitive reading strategies to predict reflection and evaluation performance, finding that adding the strategies increased explained variance by ΔR2 = 0.14. This indicates that strategy awareness is also related to higher-level evaluation processes, but with weaker associations than for basic processes, implying that instruction should explicitly scaffold evaluation/critique strategies and ensure students understand what “useful” means in the context of PISA-aligned reading tasks.",Other / Unspecified,Other,Student: SES; Student: Demographic; Student: Attitudinal/Behavioral
10.1080/02671522.2020.1864760,"PISA 2015 (CBA) Reading achievement (10 PVs averaged), ages 15, Canada/USA/China/Singapore",Reading achievement (profile-specific means via BCH),"Self-awareness (PISA proxies), Self-management (PISA proxies), Social awareness (PISA proxies), Relationship skills (PISA proxies)","BCH/Wald tests of mean differences among latent profiles (p-values reported). Canada/USA/Singapore: Sociable > Reserved and Sociable > Withdrawn (ps < .01); Reserved > Withdrawn on reading and maths in Western countries. Singapore: no significant Sociable vs Reserved difference on CPS (not reading); reading differences follow the Western pattern. China: Solitary > Team-oriented and Solitary > Reserved on reading (Wald X2 (1) = 15.398, p < .0001; Reserved vs Solitary: Wald X2 (1) = 59.485, p < .0001).","Using PISA 2015 (CBA) the study leveraged latent social-emotional profiles derived from self-awareness, self-management, social awareness, and relationship skills to compare reading achievement across profiles via the BCH approach. It found that in Canada, the United States, and Singapore the Sociable profile consistently obtained higher reading scores than the Reserved and Withdrawn profiles, with Reserved also outperforming Withdrawn on reading. This indicates that aligning social-emotional learning messages with culturally appropriate expectations may support reading achievement, though the direction of profile–achievement associations differs in China (Solitary outperforms Team-oriented and Reserved), limiting simple “more is better” policy generalizations.",peer_reviewed_research,"BCH/Wald tests of mean differences among latent profiles (p-values reported). Canada/USA/Singapore: Sociable > Reserved and Sociable > Withdrawn (ps < .01); Reserved > Withdrawn on reading and maths in Western countries. Singapore: no significant Sociable vs Reserved difference on CPS (not reading); reading differences follow the Western pattern. China: Solitary > Team-oriented and Solitary > Reserved on reading (Wald X2 (1) = 15.398, p < .0001; Reserved vs Solitary: Wald X2 (1) = 59.485, p < .0001).","Using PISA 2015 (CBA) the study leveraged latent social-emotional profiles derived from self-awareness, self-management, social awareness, and relationship skills to compare reading achievement across profiles via the BCH approach. It found that in Canada, the United States, and Singapore the Sociable profile consistently obtained higher reading scores than the Reserved and Withdrawn profiles, with Reserved also outperforming Withdrawn on reading. This indicates that aligning social-emotional learning messages with culturally appropriate expectations may support reading achievement, though the direction of profile–achievement associations differs in China (Solitary outperforms Team-oriented and Reserved), limiting simple “more is better” policy generalizations.",Reading,Cognitive Achievement,Student: Attitudinal/Behavioral; Student: Demographic
10.1080/02671522.2020.1864760,"PISA 2015 (CBA) Mathematics achievement (10 PVs averaged), ages 15, Canada/USA/China/Singapore",Mathematics achievement (profile-specific means via BCH),"Self-awareness (PISA proxies), Self-management (PISA proxies), Social awareness (PISA proxies), Relationship skills (PISA proxies)","BCH/Wald tests of mean differences among latent profiles (p-values reported). Canada/USA/Singapore: Sociable > Reserved and Sociable > Withdrawn on maths (ps < .01); Reserved > Withdrawn on maths in Western countries. China: Team-oriented outperformed Reserved on maths (Wald X2 (1) = 41.495, p < .0001); Team-oriented vs Solitary not significant on maths (Wald X2 (1) = 3.727, p = .054).","Using PISA 2015 (CBA) the study leveraged latent social-emotional profiles derived from self-awareness, self-management, social awareness, and relationship skills to compare mathematics achievement across profiles via BCH. It found that in Canada, the United States, and Singapore the Sociable profile had the highest mathematics scores, followed by Reserved, with Withdrawn lowest, while in China the Team-oriented profile outperformed Reserved and showed no statistically significant difference from Solitary on maths. This indicates that interventions emphasizing culturally “fit” social-emotional competencies may improve mathematics outcomes, but the specific profile associated with advantage is country-dependent, so policy should avoid assuming uniform effects of social-emotional skill combinations.",peer_reviewed_research,"BCH/Wald tests of mean differences among latent profiles (p-values reported). Canada/USA/Singapore: Sociable > Reserved and Sociable > Withdrawn on maths (ps < .01); Reserved > Withdrawn on maths in Western countries. China: Team-oriented outperformed Reserved on maths (Wald X2 (1) = 41.495, p < .0001); Team-oriented vs Solitary not significant on maths (Wald X2 (1) = 3.727, p = .054).","Using PISA 2015 (CBA) the study leveraged latent social-emotional profiles derived from self-awareness, self-management, social awareness, and relationship skills to compare mathematics achievement across profiles via BCH. It found that in Canada, the United States, and Singapore the Sociable profile had the highest mathematics scores, followed by Reserved, with Withdrawn lowest, while in China the Team-oriented profile outperformed Reserved and showed no statistically significant difference from Solitary on maths. This indicates that interventions emphasizing culturally “fit” social-emotional competencies may improve mathematics outcomes, but the specific profile associated with advantage is country-dependent, so policy should avoid assuming uniform effects of social-emotional skill combinations.",Mathematics,Cognitive Achievement,Student: Attitudinal/Behavioral; Student: Demographic
10.1080/02671522.2020.1864760,"PISA 2015 (CBA) Collaborative Problem Solving (CPS) achievement (10 PVs averaged), ages 15, Canada/USA/China/Singapore",Collaborative problem-solving achievement (profile-specific means via BCH),"Self-awareness (PISA proxies), Self-management (PISA proxies), Social awareness (PISA proxies), Relationship skills (PISA proxies)","BCH/Wald tests of mean differences among latent profiles (p-values reported). Canada/USA: Sociable > Reserved and Sociable > Withdrawn on CPS (ps < .01); Reserved > Withdrawn on CPS. Singapore: Sociable vs Reserved not significant on CPS (Wald X2 (1) = 3.621, p = .057), but Sociable > Withdrawn (Wald X2 (1) = 28.161, p < .0001) and Reserved > Withdrawn (Wald X2 (1) = 21.698, p < .0001). China: Team-oriented > Reserved on CPS (Wald X2 (1) = 48.032, p < .0001); Team-oriented vs Solitary not significant on CPS (Wald X2 (1) = 3.121, p = .077); Solitary > Reserved on CPS (Wald X2 (1) = 29.338, p < .0001).","Using PISA 2015 (CBA) the study leveraged latent social-emotional profiles derived from self-awareness, self-management, social awareness, and relationship skills to compare collaborative problem-solving achievement across profiles via BCH. It found that in Western countries (Canada and the United States) the Sociable profile achieved higher CPS scores than Reserved and Withdrawn, with Reserved also higher than Withdrawn, while in Singapore the advantage over Withdrawn remained but Sociable and Reserved did not differ significantly. In China, the Team-oriented profile outperformed Reserved on CPS, but the Solitary profile also showed higher CPS than Reserved, indicating a different cultural pattern of which social-emotional combinations align with collaborative problem-solving. This indicates that CPS-focused social-emotional learning should be tailored to cultural expectations about collaboration and social engagement rather than assuming the same “best” profile across countries.",peer_reviewed_research,"BCH/Wald tests of mean differences among latent profiles (p-values reported). Canada/USA: Sociable > Reserved and Sociable > Withdrawn on CPS (ps < .01); Reserved > Withdrawn on CPS. Singapore: Sociable vs Reserved not significant on CPS (Wald X2 (1) = 3.621, p = .057), but Sociable > Withdrawn (Wald X2 (1) = 28.161, p < .0001) and Reserved > Withdrawn (Wald X2 (1) = 21.698, p < .0001). China: Team-oriented > Reserved on CPS (Wald X2 (1) = 48.032, p < .0001); Team-oriented vs Solitary not significant on CPS (Wald X2 (1) = 3.121, p = .077); Solitary > Reserved on CPS (Wald X2 (1) = 29.338, p < .0001).","Using PISA 2015 (CBA) the study leveraged latent social-emotional profiles derived from self-awareness, self-management, social awareness, and relationship skills to compare collaborative problem-solving achievement across profiles via BCH. It found that in Western countries (Canada and the United States) the Sociable profile achieved higher CPS scores than Reserved and Withdrawn, with Reserved also higher than Withdrawn, while in Singapore the advantage over Withdrawn remained but Sociable and Reserved did not differ significantly. In China, the Team-oriented profile outperformed Reserved on CPS, but the Solitary profile also showed higher CPS than Reserved, indicating a different cultural pattern of which social-emotional combinations align with collaborative problem-solving. This indicates that CPS-focused social-emotional learning should be tailored to cultural expectations about collaboration and social engagement rather than assuming the same “best” profile across countries.",Problem Solving,Cognitive Achievement,Student: Attitudinal/Behavioral; Student: Demographic
10.3390/educsci15070928,PISA 2022 (UAE) — Reading achievement (plausible value),Reading achievement (READING plausible value),"Family meal frequency, Time talking with parents, Discuss how school is going, Encouragement for good grades, Parents ask about school","Gradient Boosting (GBR) — Test R²: 0.1879, Test MAE: 90.29, Test RMSE: 111.61; CV R² (mean): 0.1882. Random Forest — Test R²: 0.1342, Test MAE: 92.42, Test RMSE: 115.24. Neural Network — Test R²: 0.1876, Test MAE: 89.96, Test RMSE: 111.63.","Using PISA 2022 (UAE) reading plausible value the study leveraged family meal frequency, time talking with parents, and discussions about how school is going (plus other family-engagement items) to predict reading achievement, finding that Gradient Boosting achieved the best generalization (R² ≈ 0.188) and that counterfactual increases in SPENDTALK and EATMEAL could raise predicted reading scores by roughly 90 and 85 points respectively; however, the counterfactuals are univariate ceteris paribus simulations and SHAP-based importance is not causal evidence. This indicates that these patterns have implications for educational policy and instructional practice, though cross-sectional ILSA designs cannot establish causality.",peer_reviewed_research,"Gradient Boosting (GBR) — Test R²: 0.1879, Test MAE: 90.29, Test RMSE: 111.61; CV R² (mean): 0.1882. Random Forest — Test R²: 0.1342, Test MAE: 92.42, Test RMSE: 115.24. Neural Network — Test R²: 0.1876, Test MAE: 89.96, Test RMSE: 111.63.","Using PISA 2022 (UAE) reading plausible value the study leveraged family meal frequency, time talking with parents, and discussions about how school is going (plus other family-engagement items) to predict reading achievement, finding that Gradient Boosting achieved the best generalization (R² ≈ 0.188) and that counterfactual increases in SPENDTALK and EATMEAL could raise predicted reading scores by roughly 90 and 85 points respectively; however, the counterfactuals are univariate ceteris paribus simulations and SHAP-based importance is not causal evidence. This indicates that these patterns have implications for educational policy and instructional practice, though cross-sectional ILSA designs cannot establish causality.",Reading,Cognitive Achievement,Student: Attitudinal/Behavioral; School/Teacher: Context; Student: Demographic
10.1080/09500693.2022.2037167,PISA 2015 Science literacy (Finland; 15-year-olds; science major domain),Science literacy (10 plausible values),"Interest in broad science topics (INTBRSCI), Epistemological beliefs (EPIST), Learning time (minutes per week) – science (SMINS), Expected occupational status (BSMJ), Economic social cultural status (ESCS)",HLM variance explained: 43% of within-school variance; between-school variance explained reported via ICC and variance components (between-school variance proportion ICC = 0.13).,"Using PISA 2015 science literacy data for Finland, the study leveraged interest in broad science topics, epistemological beliefs, science learning time, expected occupational status, and ESCS to predict students’ science literacy (10 plausible values), finding that affective engagement and epistemic beliefs were among the strongest student-level predictors while school ESCS dominated school-level differences. This indicates that policies aiming to strengthen students’ science interest/enjoyment and epistemological understanding—alongside reducing socioeconomic stratification across schools—may support both achievement and equity in high-performing systems, though causality cannot be inferred from cross-sectional PISA data.",peer_reviewed_research,HLM variance explained: 43% of within-school variance; between-school variance explained reported via ICC and variance components (between-school variance proportion ICC = 0.13).,"Using PISA 2015 science literacy data for Finland, the study leveraged interest in broad science topics, epistemological beliefs, science learning time, expected occupational status, and ESCS to predict students’ science literacy (10 plausible values), finding that affective engagement and epistemic beliefs were among the strongest student-level predictors while school ESCS dominated school-level differences. This indicates that policies aiming to strengthen students’ science interest/enjoyment and epistemological understanding—alongside reducing socioeconomic stratification across schools—may support both achievement and equity in high-performing systems, though causality cannot be inferred from cross-sectional PISA data.",Composite / Multi-Domain,Cognitive Achievement,Student: Attitudinal/Behavioral; Student: Process Data; Student: SES
10.1080/09500693.2022.2037167,PISA 2015 Science literacy (Singapore; 15-year-olds; science major domain),Science literacy (10 plausible values),"Enjoyment of science (JOYSCIE), Learning time (minutes per week) – science (SMINS), Environmental optimism (ENVOPT), Teacher fairness (UNFAIRTE), Economic social cultural status (ESCS)",HLM variance explained: 40% of within-school variance; between-school variance proportion ICC = 0.38; school-level model variance explained up to 63.7% of between-school variance.,"Using PISA 2015 science literacy data for Singapore, the study leveraged enjoyment of science, science learning time, environmental optimism, teacher fairness, and ESCS to predict students’ science literacy (10 plausible values), finding that affective enjoyment and socioeconomic status were key drivers at the student level while school ESCS was the strongest school-level predictor. This indicates that improving students’ science enjoyment and perceived fairness in classrooms, while addressing between-school socioeconomic inequality, may help sustain high performance and reduce equity concerns, though the study’s cross-sectional design limits causal interpretation.",peer_reviewed_research,HLM variance explained: 40% of within-school variance; between-school variance proportion ICC = 0.38; school-level model variance explained up to 63.7% of between-school variance.,"Using PISA 2015 science literacy data for Singapore, the study leveraged enjoyment of science, science learning time, environmental optimism, teacher fairness, and ESCS to predict students’ science literacy (10 plausible values), finding that affective enjoyment and socioeconomic status were key drivers at the student level while school ESCS was the strongest school-level predictor. This indicates that improving students’ science enjoyment and perceived fairness in classrooms, while addressing between-school socioeconomic inequality, may help sustain high performance and reduce equity concerns, though the study’s cross-sectional design limits causal interpretation.",Composite / Multi-Domain,Cognitive Achievement,Student: Attitudinal/Behavioral; School/Teacher: Practice; Student: SES
10.1016/j.stueduc.2020.100875,"PISA 2015 (Spain) — secondary students (15-year-olds), school effectiveness classification (decision-tree phase)",School effectiveness (high vs low),"Additional lessons (curricular), Cooperative learning value, ICT use outside school, Reading lesson minutes (weekly), ICT autonomy","Decision tree (J48/C4.5, Weka): Training set — High: TP=0.906, Precision=0.929, COR=0.947; Low: TP=0.941, Precision=0.922, COR=0.947; Global: Kappa=0.849, RRSE=0.515. Cross-validation (10-fold stratified): Global — COR=0.916, Kappa=0.747, RRSE=0.647; Correct predictions=0.875, ROC AUC=0.916 (high/low maintained at high levels). Tree size: 25 branches, 13 terminal nodes; 11 variables used (10 aggregated at school level).","Using PISA 2015 (Spain) the study leveraged additional lessons (curricular), cooperative learning value, ICT use outside school, reading lesson minutes, and ICT autonomy to classify schools as high- vs low-effectiveness, finding that the decision tree achieved high classification fit (global cross-validation COR=0.916; Kappa=0.747; ROC AUC=0.916). This indicates that school effectiveness in secondary education is strongly associated with a small set of process- and context-related factors (extracurricular academic time, ICT use patterns, and reading time-on-task), suggesting that education authorities can prioritize targeted guidance on instructional time and ICT practices rather than relying only on socioeconomic inputs, while noting the study is cross-sectional and uses aggregated school-level predictors.",peer_reviewed_research,"Decision tree (J48/C4.5, Weka): Training set — High: TP=0.906, Precision=0.929, COR=0.947; Low: TP=0.941, Precision=0.922, COR=0.947; Global: Kappa=0.849, RRSE=0.515. Cross-validation (10-fold stratified): Global — COR=0.916, Kappa=0.747, RRSE=0.647; Correct predictions=0.875, ROC AUC=0.916 (high/low maintained at high levels). Tree size: 25 branches, 13 terminal nodes; 11 variables used (10 aggregated at school level).","Using PISA 2015 (Spain) the study leveraged additional lessons (curricular), cooperative learning value, ICT use outside school, reading lesson minutes, and ICT autonomy to classify schools as high- vs low-effectiveness, finding that the decision tree achieved high classification fit (global cross-validation COR=0.916; Kappa=0.747; ROC AUC=0.916). This indicates that school effectiveness in secondary education is strongly associated with a small set of process- and context-related factors (extracurricular academic time, ICT use patterns, and reading time-on-task), suggesting that education authorities can prioritize targeted guidance on instructional time and ICT practices rather than relying only on socioeconomic inputs, while noting the study is cross-sectional and uses aggregated school-level predictors.",Other / Unspecified,Other,Student: Attitudinal/Behavioral; Student: Process Data
10.1080/09500693.2022.2067364,PISA 2015 (15-year-olds) Science domain (context questionnaires),Science self-efficacy (SCIEEFF; WLE),"Inquiry-based learning (IBTEACH; WLE), Science interest (INTBRSCI; WLE), Teacher support (TEACHSUP; WLE), Disciplinary climate (DISCLISCI; WLE), Gender","Mediation (PROCESS Model 4, 5,000 bootstraps): total effect B=0.194 (p<.001), direct effect B=0.155 (p<.001), indirect effect B=0.039 (20.1% of total; 95% CI above 0). Moderated mediation (PROCESS Model 59, 5,000 bootstraps): interaction IBTEACH×TEACHSUP predicting science self-efficacy B=0.049 (p<.001); interaction INTBRSCI×TEACHSUP predicting science self-efficacy B=-0.015 (p<.001). Model fit: R2=0.111 for the science self-efficacy outcome model (standardized). Effect size: Cohen’s f2 for final model = 0.125 (small).","Using PISA 2015 (15-year-olds) science context questionnaire the study leveraged inquiry-based learning (IBTEACH), science interest (INTBRSCI), and teacher support (TEACHSUP), controlling for disciplinary climate and gender, to model science self-efficacy (SCIEEFF; WLE). It found that inquiry-based learning had a significant positive direct association with science self-efficacy (B=0.155), and that science interest partially mediated this relationship with an indirect effect accounting for 20.1% of the total effect (indirect B=0.039). Teacher support strengthened the direct effect of inquiry-based learning on science self-efficacy (interaction B=0.049) while weakening the indirect pathway through science interest (interaction B=-0.015), indicating a mediating–moderating pattern. This indicates that improving inquiry-based science instruction should be paired with strategies that sustain students’ science interest while leveraging teacher support to maximize self-efficacy gains, though the cross-sectional design limits causal interpretation.",peer_reviewed_research,"Mediation (PROCESS Model 4, 5,000 bootstraps): total effect B=0.194 (p<.001), direct effect B=0.155 (p<.001), indirect effect B=0.039 (20.1% of total; 95% CI above 0). Moderated mediation (PROCESS Model 59, 5,000 bootstraps): interaction IBTEACH×TEACHSUP predicting science self-efficacy B=0.049 (p<.001); interaction INTBRSCI×TEACHSUP predicting science self-efficacy B=-0.015 (p<.001). Model fit: R2=0.111 for the science self-efficacy outcome model (standardized). Effect size: Cohen’s f2 for final model = 0.125 (small).","Using PISA 2015 (15-year-olds) science context questionnaire the study leveraged inquiry-based learning (IBTEACH), science interest (INTBRSCI), and teacher support (TEACHSUP), controlling for disciplinary climate and gender, to model science self-efficacy (SCIEEFF; WLE). It found that inquiry-based learning had a significant positive direct association with science self-efficacy (B=0.155), and that science interest partially mediated this relationship with an indirect effect accounting for 20.1% of the total effect (indirect B=0.039). Teacher support strengthened the direct effect of inquiry-based learning on science self-efficacy (interaction B=0.049) while weakening the indirect pathway through science interest (interaction B=-0.015), indicating a mediating–moderating pattern. This indicates that improving inquiry-based science instruction should be paired with strategies that sustain students’ science interest while leveraging teacher support to maximize self-efficacy gains, though the cross-sectional design limits causal interpretation.",Non-Cognitive / Process Output,Attitudinal / Affective,Student: Attitudinal/Behavioral; Student: Prior Achievement; School/Teacher: Practice; School/Teacher: Context; Student: Demographic
10.52963/PERR_Biruni_V12.N2.10,PISA 2015 (Turkey) — Mathematical literacy classification (successful vs unsuccessful),Mathematical literacy success status (binary),"Learning time per week (total), Father education level, Test anxiety (ANXTEST), Achievement motivation (MOTIVAT), Sense of belonging (BELONG)",10-fold cross-validation. Naïve Bayes — ROC: 0.720 (highest reported ROC); Precision (successful): 0.771; Precision (unsuccessful): 0.543; MCC: 0.318 (successful/unsuccessful). Multi-Layer Perceptron — lowest precision reported: 0.645 (overall table).,"Using PISA 2015 (Turkey) the study leveraged learning time per week (total) and father education level (plus affect/motivation variables such as test anxiety and achievement motivation) to classify students as successful vs unsuccessful in mathematical literacy, finding that learning time per week and father education level were the most important variables and that the highest ROC value reached 0.720. This indicates that strengthening students’ sustained learning time and addressing socioeconomic barriers linked to parental education may improve the likelihood of mathematical literacy success, though the study’s binary classification and limited reporting of weighting/missing-data handling constrain causal interpretation.",peer_reviewed_research,10-fold cross-validation. Naïve Bayes — ROC: 0.720 (highest reported ROC); Precision (successful): 0.771; Precision (unsuccessful): 0.543; MCC: 0.318 (successful/unsuccessful). Multi-Layer Perceptron — lowest precision reported: 0.645 (overall table).,"Using PISA 2015 (Turkey) the study leveraged learning time per week (total) and father education level (plus affect/motivation variables such as test anxiety and achievement motivation) to classify students as successful vs unsuccessful in mathematical literacy, finding that learning time per week and father education level were the most important variables and that the highest ROC value reached 0.720. This indicates that strengthening students’ sustained learning time and addressing socioeconomic barriers linked to parental education may improve the likelihood of mathematical literacy success, though the study’s binary classification and limited reporting of weighting/missing-data handling constrain causal interpretation.",Mathematics,Cognitive Achievement,Student: Attitudinal/Behavioral; Student: Prior Achievement
10.3758/s13428-019-01224-2,"PISA 2018 ICT engagement questionnaire (EECA countries, 15-year-olds)",DIF presence across ICT items (uniform DIF via GPCMlasso),"Country (EECA, dummy-coded), Gender (male vs female), Economic, social, cultural status (ESCS)","GPCMlasso coefficients with BIC-selected tuning parameter λ; DIF diagnosed when lasso coefficients for grouping variables are non-zero and/or coefficient paths cross the optimal λ line. Reported counts: 2/21 items show DIF overall by country+gender+ESCS; by country all items except items 10 and 11 are DIF-flagged (only items 10,11 completely DIF-free). Additional analysis (Country-pair DIF burden relative to Bulgaria (reference group)): Reported DIF proportions based on GPCMlasso coefficients (Bulgaria reference): Georgia 28%, Croatia 71%, Kazakhstan 33%, Turkey 33% of all items hold DIF. Pairwise comparison narrative: most DIF-prone items between Bulgaria and Croatia; fewest between Bulgaria and Georgia.","Using PISA 2018 ICT engagement questionnaire data from EECA countries, the study leveraged Country (dummy-coded with Bulgaria as reference), Gender (male vs female), and ESCS to assess uniform DIF across 21 polytomous ICT items via GPCMlasso, finding that nearly all items exhibit DIF by country while only a small subset shows DIF by ESCS and a larger subset shows DIF by gender. This indicates that cross-country comparisons of ICT engagement using these items may be biased unless country-specific measurement non-equivalence is addressed (e.g., through DIF-aware scoring or revised item sets), though the study is descriptive and does not establish causal effects.",peer_reviewed_research,"GPCMlasso coefficients with BIC-selected tuning parameter λ; DIF diagnosed when lasso coefficients for grouping variables are non-zero and/or coefficient paths cross the optimal λ line. Reported counts: 2/21 items show DIF overall by country+gender+ESCS; by country all items except items 10 and 11 are DIF-flagged (only items 10,11 completely DIF-free). Additional analysis (Country-pair DIF burden relative to Bulgaria (reference group)): Reported DIF proportions based on GPCMlasso coefficients (Bulgaria reference): Georgia 28%, Croatia 71%, Kazakhstan 33%, Turkey 33% of all items hold DIF. Pairwise comparison narrative: most DIF-prone items between Bulgaria and Croatia; fewest between Bulgaria and Georgia.","Using PISA 2018 ICT engagement questionnaire data from EECA countries, the study leveraged Country (dummy-coded with Bulgaria as reference), Gender (male vs female), and ESCS to assess uniform DIF across 21 polytomous ICT items via GPCMlasso, finding that nearly all items exhibit DIF by country while only a small subset shows DIF by ESCS and a larger subset shows DIF by gender. This indicates that cross-country comparisons of ICT engagement using these items may be biased unless country-specific measurement non-equivalence is addressed (e.g., through DIF-aware scoring or revised item sets), though the study is descriptive and does not establish causal effects.",Other / Unspecified,Other,System: Policy/Context; Student: Attitudinal/Behavioral; Student: Demographic; Student: SES
10.3758/s13428-019-01224-2,"PISA 2018 ICT engagement questionnaire (EECA countries, 15-year-olds)",DIF direction by gender (favoring males vs females),"Gender (male vs female), Country (EECA, dummy-coded)","Reported DIF direction counts: 7/21 items show DIF in favor of males and 6/21 items show DIF in favor of females (overall DIF based on country, gender, and ESCS). In the discussion, 62% of items show DIF for gender.","Using PISA 2018 ICT engagement questionnaire the study leveraged Gender (male vs female) alongside country comparisons within the GPCMlasso DIF framework, finding that DIF is not only present for gender but also shows systematic directionality (some items biased toward males and others toward females). This indicates that gender-neutral interpretation of ICT engagement items may be problematic and that item calibration or DIF-adjusted measurement should be considered to avoid overstating or understating gender differences in ICT engagement.",peer_reviewed_research,"Reported DIF direction counts: 7/21 items show DIF in favor of males and 6/21 items show DIF in favor of females (overall DIF based on country, gender, and ESCS). In the discussion, 62% of items show DIF for gender.","Using PISA 2018 ICT engagement questionnaire the study leveraged Gender (male vs female) alongside country comparisons within the GPCMlasso DIF framework, finding that DIF is not only present for gender but also shows systematic directionality (some items biased toward males and others toward females). This indicates that gender-neutral interpretation of ICT engagement items may be problematic and that item calibration or DIF-adjusted measurement should be considered to avoid overstating or understating gender differences in ICT engagement.",Other / Unspecified,Other,Student: Demographic; System: Policy/Context; Student: Attitudinal/Behavioral
10.3758/s13428-019-01224-2,"PISA 2018 ICT engagement questionnaire (EECA countries, 15-year-olds)",DIF prevalence by ESCS (favoring higher vs lower ESCS groups),"Economic, social, cultural status (ESCS)","Reported counts: according to ESCS, only 3/21 items display DIF overall. In the discussion, 14% of items for SES show DIF.","Using PISA 2018 ICT engagement questionnaire the study leveraged ESCS within the GPCMlasso DIF model, finding that DIF attributable to ESCS is comparatively limited (only about 3 of 21 items show DIF). This indicates that socioeconomic gradients in ICT engagement may be less affected by measurement non-equivalence than country- or gender-based comparisons, but DIF still exists for a subset of items and should be checked before using the scale for SES-sensitive policy conclusions.",peer_reviewed_research,"Reported counts: according to ESCS, only 3/21 items display DIF overall. In the discussion, 14% of items for SES show DIF.","Using PISA 2018 ICT engagement questionnaire the study leveraged ESCS within the GPCMlasso DIF model, finding that DIF attributable to ESCS is comparatively limited (only about 3 of 21 items show DIF). This indicates that socioeconomic gradients in ICT engagement may be less affected by measurement non-equivalence than country- or gender-based comparisons, but DIF still exists for a subset of items and should be checked before using the scale for SES-sensitive policy conclusions.",Other / Unspecified,Other,Student: Attitudinal/Behavioral; Student: SES
10.5944/educxx1.38634,PISA 2018 Reading (Spain; students aged 15–16),High reading performance (Level 5–6 vs below 5),"Enjoyment of reading (JOYREAD), Metacognition: credibility assessment (METASPAM), Reading self-concept: competence (SCREADCOMP), Reading self-concept: difficulty (SCREADDIFF), Learning time in science (SMINS)",Random Forest (H2O) — best PV selected as PV9 with AUC = 0.827; contextual-only set (15 variables) AUC = 0.839 (Accuracy = 0.952); multilevel logistic regression explained variance: context-only PEV = 38.258% and process-only PEV = 40.909% (zero-inflated baseline PEV = 40.909); full model PEV ≈ 54.356% with odds ratio for METASPAM ≈ 1.989 (model 3).,"Using PISA 2018 Reading data for Spanish students, the study leveraged enjoyment of reading (JOYREAD) and metacognition (especially credibility assessment, METASPAM), along with reading self-concept and learning time, to predict high reading performance (Level 5–6). It found that process variables dominated relative importance and that the full context+process model explained about 54% of reading success, with METASPAM showing the largest effect (roughly twice the effect of key context/input indices). This indicates that strengthening reading enjoyment and metacognitive instruction (e.g., teaching students to evaluate text credibility) may increase the proportion of high-performing readers in Spain, though the study is correlational and cannot establish causality.",peer_reviewed_research,Random Forest (H2O) — best PV selected as PV9 with AUC = 0.827; contextual-only set (15 variables) AUC = 0.839 (Accuracy = 0.952); multilevel logistic regression explained variance: context-only PEV = 38.258% and process-only PEV = 40.909% (zero-inflated baseline PEV = 40.909); full model PEV ≈ 54.356% with odds ratio for METASPAM ≈ 1.989 (model 3).,"Using PISA 2018 Reading data for Spanish students, the study leveraged enjoyment of reading (JOYREAD) and metacognition (especially credibility assessment, METASPAM), along with reading self-concept and learning time, to predict high reading performance (Level 5–6). It found that process variables dominated relative importance and that the full context+process model explained about 54% of reading success, with METASPAM showing the largest effect (roughly twice the effect of key context/input indices). This indicates that strengthening reading enjoyment and metacognitive instruction (e.g., teaching students to evaluate text credibility) may increase the proportion of high-performing readers in Spain, though the study is correlational and cannot establish causality.",Composite / Multi-Domain,Cognitive Achievement,Student: Attitudinal/Behavioral; Student: SES
10.1002/berj.70228,"PISA 2022 Mathematics (15-year-olds), 80 economies",Mathematics engagement resilience (binary; ESCS bottom quartile & MATHPERS top quartile within economy),"Perseverance, Curiosity, Mathematics self-efficacy, Mathematics anxiety, Familiarity with math concepts",Random Forest (best): AUC = 0.7616; XGBoost: AUC = 0.7396; LightGBM: AUC = 0.7480. Logistic regression baseline (12 predictors): AUC = 0.7384. Cross-validation: 5-fold; train/test split: 7:3; class imbalance ratio ~1:3.69; performance primarily evaluated via AUC.,"Using PISA 2022 the study leveraged perseverance, curiosity, mathematics self-efficacy, mathematics anxiety, and familiarity with mathematical concepts (among other multi-level predictors) to predict mathematics engagement resilience, finding that higher perseverance/curiosity/self-efficacy/familiarity and lower mathematics anxiety were associated with a higher probability of being classified as engagement-resilient. This indicates that equity-oriented interventions for disadvantaged students should prioritize socioemotional supports and math-related beliefs (e.g., anxiety reduction and self-efficacy building), while recognizing the analysis is predictive (not causal) and relies on cross-sectional PISA data.",peer_reviewed_research,Random Forest (best): AUC = 0.7616; XGBoost: AUC = 0.7396; LightGBM: AUC = 0.7480. Logistic regression baseline (12 predictors): AUC = 0.7384. Cross-validation: 5-fold; train/test split: 7:3; class imbalance ratio ~1:3.69; performance primarily evaluated via AUC.,"Using PISA 2022 the study leveraged perseverance, curiosity, mathematics self-efficacy, mathematics anxiety, and familiarity with mathematical concepts (among other multi-level predictors) to predict mathematics engagement resilience, finding that higher perseverance/curiosity/self-efficacy/familiarity and lower mathematics anxiety were associated with a higher probability of being classified as engagement-resilient. This indicates that equity-oriented interventions for disadvantaged students should prioritize socioemotional supports and math-related beliefs (e.g., anxiety reduction and self-efficacy building), while recognizing the analysis is predictive (not causal) and relies on cross-sectional PISA data.",Mathematics,Cognitive Achievement,Student: Attitudinal/Behavioral
10.1080/2331186X.2026.2684391,"PISA 2022 (secondary, school-level) — cognitive efficiency (math/reading/science outputs) by school type",Cognitive school efficiency (DEA technical efficiency; binary top-half vs bottom-half),"Books at home, ICT home resources, School autonomy, Bad school climate, Paid work intensity","Gradient boosted trees (GBT/XGBoost) — AUROC and AUPRC reported in Appendix A; example for private cognitive model: AUROC=0.769, AUPRC=0.855 (logit AUROC/AUPRC ranges 0.727–0.792; NN AUROC/AUPRC 0.678/0.721).","Using PISA 2022 school-level the study leveraged Books at home, ICT home resources, School autonomy, Bad school climate, and Paid work intensity to predict whether a school is in the top half of cognitive efficiency, finding that private schools have higher cognitive technical efficiency (0.865 vs 0.768; gap ≈ 0.10) and that resource-rich and autonomy-supportive contexts (e.g., books/ICT at home, higher autonomy, lower engagement in paid work) are key drivers of high efficiency. This indicates that strengthening home learning resources and school autonomy—alongside reducing barriers to engagement during and after disruptions—may narrow private-public efficiency gaps, though the SHAP-based interpretation is predictive rather than causal.",peer_reviewed_research,"Gradient boosted trees (GBT/XGBoost) — AUROC and AUPRC reported in Appendix A; example for private cognitive model: AUROC=0.769, AUPRC=0.855 (logit AUROC/AUPRC ranges 0.727–0.792; NN AUROC/AUPRC 0.678/0.721).","Using PISA 2022 school-level the study leveraged Books at home, ICT home resources, School autonomy, Bad school climate, and Paid work intensity to predict whether a school is in the top half of cognitive efficiency, finding that private schools have higher cognitive technical efficiency (0.865 vs 0.768; gap ≈ 0.10) and that resource-rich and autonomy-supportive contexts (e.g., books/ICT at home, higher autonomy, lower engagement in paid work) are key drivers of high efficiency. This indicates that strengthening home learning resources and school autonomy—alongside reducing barriers to engagement during and after disruptions—may narrow private-public efficiency gaps, though the SHAP-based interpretation is predictive rather than causal.",Other / Unspecified,Other,Student: SES; Student: Attitudinal/Behavioral; School/Teacher: Context
10.1080/2331186X.2026.2684391,"PISA 2022 (secondary, school-level) — non-cognitive efficiency (soft-skills well-being index outputs) by school type",Non-cognitive school efficiency (DEA technical efficiency; binary top-half vs bottom-half),"Physical school infrastructure, Educational school infrastructure, ICT home resources, Repetition (lower secondary), Sense of school belonging",Gradient boosted trees (GBT/XGBoost) — AUROC/AUPRC reported in Appendix A for the non-cognitive models; exact values not provided in the main text excerpt.,"Using PISA 2022 school-level the study leveraged Physical school infrastructure, Educational school infrastructure, ICT home resources, Repetition (lower secondary), and Sense of school belonging to predict whether a school is in the top half of non-cognitive efficiency, finding that private schools also have higher non-cognitive technical efficiency (0.685 vs 0.640; gap ≈ 0.045) but with smaller magnitude and less consistent statistical significance across countries. This indicates that policies targeting instructional barriers (infrastructure/material/ICT), attendance and repetition, and students’ belonging may help reduce non-cognitive efficiency gaps, though the evidence is based on predictive modeling and DEA efficiency rather than causal impact estimates.",peer_reviewed_research,Gradient boosted trees (GBT/XGBoost) — AUROC/AUPRC reported in Appendix A for the non-cognitive models; exact values not provided in the main text excerpt.,"Using PISA 2022 school-level the study leveraged Physical school infrastructure, Educational school infrastructure, ICT home resources, Repetition (lower secondary), and Sense of school belonging to predict whether a school is in the top half of non-cognitive efficiency, finding that private schools also have higher non-cognitive technical efficiency (0.685 vs 0.640; gap ≈ 0.045) but with smaller magnitude and less consistent statistical significance across countries. This indicates that policies targeting instructional barriers (infrastructure/material/ICT), attendance and repetition, and students’ belonging may help reduce non-cognitive efficiency gaps, though the evidence is based on predictive modeling and DEA efficiency rather than causal impact estimates.",Other / Unspecified,Other,School/Teacher: Context; Student: Attitudinal/Behavioral
10.1186/s40536-026-00309-7,PISA 2018 Reading (MST vs HAT) across 18 OECD countries,Country mean Reading proficiency (PV-based) — error variance components,,HAT vs MST: mean imputation variance decreased by 19% on average (range: 16% to 23%); total error variance of country means was ~2% smaller on average; sampling variances showed no significant differences across designs.,"Using PISA 2018 Reading the study compared PV-based country-specific means under the MST and HAT test designs, finding that HAT significantly reduced the imputation variance of country mean Reading proficiency by about 19% (with total error variance ~2% lower). This indicates that adopting more adaptive operational test designs can improve the precision of reported cross-country benchmarking statistics, even when sampling variance remains largely unchanged.",peer_reviewed_research,HAT vs MST: mean imputation variance decreased by 19% on average (range: 16% to 23%); total error variance of country means was ~2% smaller on average; sampling variances showed no significant differences across designs.,"Using PISA 2018 Reading the study compared PV-based country-specific means under the MST and HAT test designs, finding that HAT significantly reduced the imputation variance of country mean Reading proficiency by about 19% (with total error variance ~2% lower). This indicates that adopting more adaptive operational test designs can improve the precision of reported cross-country benchmarking statistics, even when sampling variance remains largely unchanged.",Composite / Multi-Domain,Cognitive Achievement,
10.1186/s40536-026-00309-7,PISA 2018 Reading (MST vs HAT) across 18 OECD countries,Country standard deviation of Reading proficiency (PV-based) — error variance components,,HAT vs MST: imputation variance decreased by 16% on average (range: 13% to 19%); total error variance was significantly smaller by ~1.6% on average; sampling variances showed no significant differences across designs.,"Using PISA 2018 Reading the study compared PV-based country-specific standard deviations under the MST and HAT test designs, finding that HAT reduced the imputation variance of Reading dispersion by about 16% on average (range: 13% to 19%), leading to a smaller total error variance (~1.6%). This indicates that more adaptive item administration can yield more precise estimates of within-country inequality/dispersion in proficiency, supporting policy interpretations that rely on variability measures.",peer_reviewed_research,HAT vs MST: imputation variance decreased by 16% on average (range: 13% to 19%); total error variance was significantly smaller by ~1.6% on average; sampling variances showed no significant differences across designs.,"Using PISA 2018 Reading the study compared PV-based country-specific standard deviations under the MST and HAT test designs, finding that HAT reduced the imputation variance of Reading dispersion by about 16% on average (range: 13% to 19%), leading to a smaller total error variance (~1.6%). This indicates that more adaptive item administration can yield more precise estimates of within-country inequality/dispersion in proficiency, supporting policy interpretations that rely on variability measures.",Composite / Multi-Domain,Cognitive Achievement,
10.1186/s40536-026-00309-7,PISA 2018 Reading (MST vs HAT) across 18 OECD countries,Proportions on Reading proficiency levels V and VI (PV-based) — error variance components and point estimates,,HAT vs MST: imputation variance for proficiency-level proportions decreased by 8% to 13% on average across levels; total error variance decreased up to 9% (largest for Levels V and VI). Point estimates: proportions on Levels V and VI were significantly smaller under HAT in most countries; overall pattern shifted from Levels V/VI toward middle Level III. Largest average absolute changes: Level III +0.27 percentage points; Level V −0.12 percentage points.,"Using PISA 2018 Reading the study compared PV-based proficiency-level proportions under the MST and HAT test designs, finding that HAT substantially reduced imputation and total error variance for proficiency-level estimates (up to ~9% total error variance reduction) and produced smaller proportions at the top levels (V and VI) in most countries. This indicates that the MST design may overestimate the share of very high performers, and that implementing HAT can improve both the precision and the nuance of policy-relevant proficiency categorizations, though the study is simulation-based rather than a causal field evaluation.",peer_reviewed_research,HAT vs MST: imputation variance for proficiency-level proportions decreased by 8% to 13% on average across levels; total error variance decreased up to 9% (largest for Levels V and VI). Point estimates: proportions on Levels V and VI were significantly smaller under HAT in most countries; overall pattern shifted from Levels V/VI toward middle Level III. Largest average absolute changes: Level III +0.27 percentage points; Level V −0.12 percentage points.,"Using PISA 2018 Reading the study compared PV-based proficiency-level proportions under the MST and HAT test designs, finding that HAT substantially reduced imputation and total error variance for proficiency-level estimates (up to ~9% total error variance reduction) and produced smaller proportions at the top levels (V and VI) in most countries. This indicates that the MST design may overestimate the share of very high performers, and that implementing HAT can improve both the precision and the nuance of policy-relevant proficiency categorizations, though the study is simulation-based rather than a causal field evaluation.",Composite / Multi-Domain,Cognitive Achievement,
10.3390/educsci16071076,PISA 2018 Philippines (15-year-olds) - Cognitive flexibility/adaptability (COGFLEX) index,Cognitive flexibility/adaptability (COGFLEX) index (WLE),"ST215Q02HA, ST215Q05HA, ST214Q03HA, ST222Q06HA, ST216Q01HA",XGBoost: R2 train = 0.5084; R2 test = 0.4029; MSE/MAE lowest among compared models (exact values not reported in text). Training R2 range across targets: 0.4953–0.5394; test R2 range: 0.3896–0.4469.,"Using PISA 2018 Philippines the study leveraged perspective-taking items (e.g., ST215Q02HA, ST215Q05HA), interest in other cultures (e.g., ST214Q03HA), and pro-environmental engagement (e.g., ST222Q06HA) to predict the cognitive flexibility/adaptability (COGFLEX) WLE index, finding that XGBoost achieved the highest test R2 (0.4029) among candidate regressors. This indicates that strengthening perspective-taking and culturally oriented interests alongside civic/pro-environmental activities may be a practical route to improving students’ cognitive flexibility, though the results are model-based patterns without population-weighted inference.",peer_reviewed_research,XGBoost: R2 train = 0.5084; R2 test = 0.4029; MSE/MAE lowest among compared models (exact values not reported in text). Training R2 range across targets: 0.4953–0.5394; test R2 range: 0.3896–0.4469.,"Using PISA 2018 Philippines the study leveraged perspective-taking items (e.g., ST215Q02HA, ST215Q05HA), interest in other cultures (e.g., ST214Q03HA), and pro-environmental engagement (e.g., ST222Q06HA) to predict the cognitive flexibility/adaptability (COGFLEX) WLE index, finding that XGBoost achieved the highest test R2 (0.4029) among candidate regressors. This indicates that strengthening perspective-taking and culturally oriented interests alongside civic/pro-environmental activities may be a practical route to improving students’ cognitive flexibility, though the results are model-based patterns without population-weighted inference.",Other / Unspecified,Other,Student: Attitudinal/Behavioral
10.3390/educsci16071076,PISA 2018 Philippines (15-year-olds) - Intercultural communication ability (AWACOM) index,Intercultural communication ability (AWACOM) index (WLE),"ST204Q02HA, ST219Q01HA, ST197Q01HA, ST215Q04HA, ST215Q03HA",XGBoost: R2 train = 0.5003; R2 test = 0.4141; MSE/MAE lowest among compared models (exact values not reported in text). Training R2 range across targets: 0.4953–0.5394; test R2 range: 0.3896–0.4469.,"Using PISA 2018 Philippines the study leveraged attitudes toward immigrants (e.g., ST204Q02HA), global-mindedness/values (e.g., ST219Q01HA), and awareness of global issues (e.g., ST197Q01HA) to predict the intercultural communication ability (AWACOM) WLE index, finding that XGBoost produced the highest test R2 (0.4141) and lowest error among compared models. This indicates that intercultural communication may be more strongly linked to global/cultural experience and values than to generic cognitive flexibility alone, suggesting that policy and practice should prioritize structured intercultural exposure and global-issue learning rather than relying only on general perspective-taking activities.",peer_reviewed_research,XGBoost: R2 train = 0.5003; R2 test = 0.4141; MSE/MAE lowest among compared models (exact values not reported in text). Training R2 range across targets: 0.4953–0.5394; test R2 range: 0.3896–0.4469.,"Using PISA 2018 Philippines the study leveraged attitudes toward immigrants (e.g., ST204Q02HA), global-mindedness/values (e.g., ST219Q01HA), and awareness of global issues (e.g., ST197Q01HA) to predict the intercultural communication ability (AWACOM) WLE index, finding that XGBoost produced the highest test R2 (0.4141) and lowest error among compared models. This indicates that intercultural communication may be more strongly linked to global/cultural experience and values than to generic cognitive flexibility alone, suggesting that policy and practice should prioritize structured intercultural exposure and global-issue learning rather than relying only on general perspective-taking activities.",Other / Unspecified,Other,Student: Attitudinal/Behavioral
10.3390/educsci16071076,PISA 2018 Philippines (15-year-olds) - Perspective taking (PERSPECT) index,Perspective taking (PERSPECT) index (WLE),"ST216Q01HA, ST216Q02HA, ST217Q05HA, ST217Q04HA, ST215Q04HA",XGBoost: R2 train = 0.5411; R2 test = 0.3900; MSE/MAE lowest among compared models (exact values not reported in text). Training R2 range across targets: 0.4953–0.5394; test R2 range: 0.3896–0.4469.,"Using PISA 2018 Philippines the study leveraged cognitive flexibility items (e.g., ST216Q01HA, ST216Q02HA) and respect for other cultures (e.g., ST217Q05HA, ST217Q04HA) to predict the perspective taking (PERSPECT) WLE index, finding that XGBoost achieved the highest testing R2 (0.3900) among candidate regressors. This indicates that perspective taking may function as a connecting cognitive skill across global competence components, supporting education practice that integrates empathy/perspective-taking exercises with explicit respect-for-diversity content, while noting that SHAP-based importance reflects predictive association rather than causal effects.",peer_reviewed_research,XGBoost: R2 train = 0.5411; R2 test = 0.3900; MSE/MAE lowest among compared models (exact values not reported in text). Training R2 range across targets: 0.4953–0.5394; test R2 range: 0.3896–0.4469.,"Using PISA 2018 Philippines the study leveraged cognitive flexibility items (e.g., ST216Q01HA, ST216Q02HA) and respect for other cultures (e.g., ST217Q05HA, ST217Q04HA) to predict the perspective taking (PERSPECT) WLE index, finding that XGBoost achieved the highest testing R2 (0.3900) among candidate regressors. This indicates that perspective taking may function as a connecting cognitive skill across global competence components, supporting education practice that integrates empathy/perspective-taking exercises with explicit respect-for-diversity content, while noting that SHAP-based importance reflects predictive association rather than causal effects.",Other / Unspecified,Other,Student: Attitudinal/Behavioral
10.36244/ICJ.2024.5.2,TIMSS 2019 Grade 8 Mathematics (Morocco),Mathematics achievement (Low vs Others benchmark classification),"Mathematics achievement too low, Classroom libraries, Student confident in mathematics, Time spent math instruction minutes, Work on your own","SVM — Accuracy: 65.87, F1: 16.03. Random Forest — Accuracy: 79.18, F1: 65.39. XGBoost — Accuracy: 81.92, F1: 74.42.","Using TIMSS 2019 Grade 8 Mathematics (Morocco) the study leveraged mathematics achievement too low, classroom libraries, student confidence in mathematics, time spent on math instruction, and work on your own to classify students into Low versus Others. The results found that XGBoost achieved the highest accuracy (81.92) and F1-score (74.42) compared with SVM and Random Forest. This indicates that strengthening classroom learning resources and supporting students’ confidence and independent practice—along with ensuring sufficient instructional time—may improve the proportion of Moroccan students reaching at least the non-Low mathematics benchmark, though the study’s unweighted ML setup and benchmark-based outcome limit causal interpretation.",peer_reviewed_research,"SVM — Accuracy: 65.87, F1: 16.03. Random Forest — Accuracy: 79.18, F1: 65.39. XGBoost — Accuracy: 81.92, F1: 74.42.","Using TIMSS 2019 Grade 8 Mathematics (Morocco) the study leveraged mathematics achievement too low, classroom libraries, student confidence in mathematics, time spent on math instruction, and work on your own to classify students into Low versus Others. The results found that XGBoost achieved the highest accuracy (81.92) and F1-score (74.42) compared with SVM and Random Forest. This indicates that strengthening classroom learning resources and supporting students’ confidence and independent practice—along with ensuring sufficient instructional time—may improve the proportion of Moroccan students reaching at least the non-Low mathematics benchmark, though the study’s unweighted ML setup and benchmark-based outcome limit causal interpretation.",Mathematics,Cognitive Achievement,Student: Prior Achievement; Student: Attitudinal/Behavioral; School/Teacher: Practice
,TIMSS 2015 Grade 8 Mathematics (Turkey) — Plausible Value Mathematics (BSMMAT01) binarized at 500,Mathematics success (binary: PV > 500),"Home educational resources (BSBGHER), Confidence in mathematics (BSBGSCM), Mathematics achievement too low for estimation (BSDMLOWP), Educational expectations (BSBG08)","Best-performing model across phases: Logistic Regression. Phase 1 (all 35 features): Precision 0.802, F-Measure 0.802, κ 0.581, RMSE 0.368, TP Rate 0.803. Phase 2 (Info gain top 4 features): TP Rate 0.790, Precision 0.789, F-Measure 0.787, κ 0.548, RMSE 0.386. Phase 3 (correlation top 15 features): TP Rate 0.798, Precision 0.797, F-Measure 0.795, κ 0.566, RMSE 0.378. Phase 4 (scales top 9 features): TP Rate 0.790, Precision 0.788, F-Measure 0.786, κ 0.546, RMSE 0.385. Phase 5 (sensitivity top 4 features): TP Rate 0.793, Precision 0.792, F-Measure 0.790, κ 0.554, RMSE 0.387.","Using TIMSS 2015 Grade 8 Mathematics (Turkey) the study leveraged Home educational resources (BSBGHER), confidence in mathematics (BSBGSCM), mathematics achievement too low for estimation (BSDMLOWP), and educational expectations (BSBG08) to predict mathematics success (binary PV > 500), finding that Logistic Regression achieved the most successful classification results across all feature-selection phases. This indicates that strengthening students’ access to educational resources and building mathematics confidence may improve the likelihood of achieving above-average mathematics performance, though the study is predictive and does not establish causal effects.",peer_reviewed_research,"Best-performing model across phases: Logistic Regression. Phase 1 (all 35 features): Precision 0.802, F-Measure 0.802, κ 0.581, RMSE 0.368, TP Rate 0.803. Phase 2 (Info gain top 4 features): TP Rate 0.790, Precision 0.789, F-Measure 0.787, κ 0.548, RMSE 0.386. Phase 3 (correlation top 15 features): TP Rate 0.798, Precision 0.797, F-Measure 0.795, κ 0.566, RMSE 0.378. Phase 4 (scales top 9 features): TP Rate 0.790, Precision 0.788, F-Measure 0.786, κ 0.546, RMSE 0.385. Phase 5 (sensitivity top 4 features): TP Rate 0.793, Precision 0.792, F-Measure 0.790, κ 0.554, RMSE 0.387.","Using TIMSS 2015 Grade 8 Mathematics (Turkey) the study leveraged Home educational resources (BSBGHER), confidence in mathematics (BSBGSCM), mathematics achievement too low for estimation (BSDMLOWP), and educational expectations (BSBG08) to predict mathematics success (binary PV > 500), finding that Logistic Regression achieved the most successful classification results across all feature-selection phases. This indicates that strengthening students’ access to educational resources and building mathematics confidence may improve the likelihood of achieving above-average mathematics performance, though the study is predictive and does not establish causal effects.",Mathematics,Cognitive Achievement,Student: Attitudinal/Behavioral; Student: Prior Achievement
10.3389/fpubh.2026.1911565,"TALIS 2024 teacher data (ISCED 1-3), lesson-aim attainment (SLAA) from item 58",Relatively high SLAA (top quartile within CNTRY×IDPOP),"Country/economy context, Work-related stress index, Perceived AI benefits, Gender, Breadth of AI task use","Matched nested LightGBM (Model 2 minus Model 1): AUROC +0.0277 (95% CI 0.0215–0.0334), AUPRC +0.0338 (95% CI 0.0262–0.0411); Brier score –0.0042 and log loss –0.0097 (both CI fully below 0). Final test AUROC: 0.6021 (Model 1) vs 0.6299 (Model 2); AUPRC: 0.4138 vs 0.4476; Brier: 0.2114 vs 0.2071; log loss: 0.6126 vs 0.6029.","Using TALIS 2024 teacher the study leveraged country/economy context, work-related stress, perceived AI benefits, gender, and breadth of AI task use to predict relatively high SLAA (top quartile within CNTRY×IDPOP), finding that adding AI-related measures produced statistically stable but modest improvements in discrimination and probability quality (AUROC +0.0277; AUPRC +0.0338; lower Brier and log loss). This indicates that teachers’ perceived benefits/risks and breadth of AI task use contain incremental predictive information beyond background and stress, suggesting that professional development and policy discussions should consider AI perceptions and integration breadth as measurable correlates—while noting that the design is cross-sectional and SHAP attribution is predictive rather than causal.",peer_reviewed_research,"Matched nested LightGBM (Model 2 minus Model 1): AUROC +0.0277 (95% CI 0.0215–0.0334), AUPRC +0.0338 (95% CI 0.0262–0.0411); Brier score –0.0042 and log loss –0.0097 (both CI fully below 0). Final test AUROC: 0.6021 (Model 1) vs 0.6299 (Model 2); AUPRC: 0.4138 vs 0.4476; Brier: 0.2114 vs 0.2071; log loss: 0.6126 vs 0.6029.","Using TALIS 2024 teacher the study leveraged country/economy context, work-related stress, perceived AI benefits, gender, and breadth of AI task use to predict relatively high SLAA (top quartile within CNTRY×IDPOP), finding that adding AI-related measures produced statistically stable but modest improvements in discrimination and probability quality (AUROC +0.0277; AUPRC +0.0338; lower Brier and log loss). This indicates that teachers’ perceived benefits/risks and breadth of AI task use contain incremental predictive information beyond background and stress, suggesting that professional development and policy discussions should consider AI perceptions and integration breadth as measurable correlates—while noting that the design is cross-sectional and SHAP attribution is predictive rather than causal.",Other / Unspecified,Other,System: Policy/Context; Student: Attitudinal/Behavioral; Student: Demographic
10.15388/infedu.2605.036,TALIS 2024 Lower-secondary teachers (55 education systems),Reported participation in AI-related professional learning (TT4G21G),"Declared AI learning need, Digital self-efficacy (digital tools), Professional collaboration in lessons, School shortage of digital tech, School digital leadership support","Weighted prevalence across systems: 8.86% (France, 95% CI [7.29, 10.43]) to 75.69% (Singapore, 95% CI [73.12, 78.25]); difference 66.83 percentage points. Three-level variance partition (null model): teacher VPC 81.8%, school VPC 9.7%, system VPC 8.5% (contextual VPC school+system 18.2%).","Using TALIS 2024 lower-secondary teacher the study estimated weighted prevalence and multilevel variance in reported participation in AI-related professional learning, finding that access is highly heterogeneous across education systems (8.86% to 75.69%) and that about 18.2% of the variation is attributable to school and system levels rather than teachers alone. This indicates that teacher AI literacy implementation depends on contextual opportunity structures, so equity-oriented professional learning policies must address system- and school-level digital capacity rather than relying only on individual teacher demand.",peer_reviewed_research,"Weighted prevalence across systems: 8.86% (France, 95% CI [7.29, 10.43]) to 75.69% (Singapore, 95% CI [73.12, 78.25]); difference 66.83 percentage points. Three-level variance partition (null model): teacher VPC 81.8%, school VPC 9.7%, system VPC 8.5% (contextual VPC school+system 18.2%).","Using TALIS 2024 lower-secondary teacher the study estimated weighted prevalence and multilevel variance in reported participation in AI-related professional learning, finding that access is highly heterogeneous across education systems (8.86% to 75.69%) and that about 18.2% of the variation is attributable to school and system levels rather than teachers alone. This indicates that teacher AI literacy implementation depends on contextual opportunity structures, so equity-oriented professional learning policies must address system- and school-level digital capacity rather than relying only on individual teacher demand.",Other / Unspecified,Other,Student: Attitudinal/Behavioral; Student: Demographic; School/Teacher: Context
10.3390/math11061318,"PISA 2018 Mathematics (15-year-olds), 12 Asia-Pacific countries (BRN, HKG, IDN, JPN, KOR, MAC, MYS, PHL, CHN, SGP, THA, TWN)",Mathematics achievement success (binary from PV ≥ 489),"PerWeek_Science, ISCED0, Books, Age, PerWeek_FLanguage","SVM best mean accuracy: 73% (95% CI not consistently reported per model in text; Table 5 shows per-country accuracies). Mean accuracies across countries: LR 0.718, RF 0.722, SVM 0.718 (Table 5). Per-country best model: SVM highest for BRN, HKG, MYS, PHL, CHN, TWN; RF highest for MAC, SGP, THA; LR highest for IDN, JPN, KOR (Table 5).","Using PISA 2018 Mathematics data for 12 Asia-Pacific countries, the study leveraged PerWeek_Science, ISCED0, Books, Age, and PerWeek_FLanguage to predict mathematics achievement success (PV ≥ 489), finding that SVM achieved the highest overall classification performance (about 73% accuracy) and that feature-importance patterns were broadly consistent across countries. This indicates that strengthening science and foreign-language instructional time, early education entry (ISCED0), and home book resources may be promising levers for improving mathematics outcomes, though the results are predictive and not causal and the study does not apply PISA sampling weights.",peer_reviewed_research,"SVM best mean accuracy: 73% (95% CI not consistently reported per model in text; Table 5 shows per-country accuracies). Mean accuracies across countries: LR 0.718, RF 0.722, SVM 0.718 (Table 5). Per-country best model: SVM highest for BRN, HKG, MYS, PHL, CHN, TWN; RF highest for MAC, SGP, THA; LR highest for IDN, JPN, KOR (Table 5).","Using PISA 2018 Mathematics data for 12 Asia-Pacific countries, the study leveraged PerWeek_Science, ISCED0, Books, Age, and PerWeek_FLanguage to predict mathematics achievement success (PV ≥ 489), finding that SVM achieved the highest overall classification performance (about 73% accuracy) and that feature-importance patterns were broadly consistent across countries. This indicates that strengthening science and foreign-language instructional time, early education entry (ISCED0), and home book resources may be promising levers for improving mathematics outcomes, though the results are predictive and not causal and the study does not apply PISA sampling weights.",Mathematics,Cognitive Achievement,Student: Attitudinal/Behavioral; Student: SES; Student: Demographic
10.1016/j.caeai.2026.100558,"PIRLS 2021 (digital), Grade 4 Reading, 1-point CR items (5 items; multilingual; 27 countries)",Automated scoring agreement (accuracy) vs human scoring,"Prompt compression via question-based passage summaries, Refined scoring guide type (abstractive vs extractive), Prompt optimization with Zero-Shot-CoT validation, Hallucination post-processing (length-ratio detection)","Model 3 (RefinedSG_AT + question-specific passage summaries): average accuracy 92.87%; baseline average accuracy 92.62%; Model 1 average accuracy 92.19%. Item-level accuracy (baseline vs Model 3): Item 1 90.83% vs 91.13%, Item 2 91.11% vs 90.26%, Item 3 95.05% vs 94.36%, Item 4 92.18% vs 94.85%, Item 5 93.95% vs 93.77%.","Using PIRLS 2021 digital Grade 4 reading data for five multilingual 1-point constructed-response items, the study leveraged prompt compression (question-based passage summaries) and refined scoring guides (RefinedSG_AT) together with Zero-Shot-CoT prompting and hallucination post-processing to predict binary automated scores aligned to human scoring, finding that Model 3 achieved the highest average accuracy (92.87%) and closely approximated the baseline despite substantial compression. This indicates that compressing long PIRLS prompts can preserve scoring agreement while improving operational efficiency, supporting scalable automated scoring workflows for multilingual reading assessments.",peer_reviewed_research,"Model 3 (RefinedSG_AT + question-specific passage summaries): average accuracy 92.87%; baseline average accuracy 92.62%; Model 1 average accuracy 92.19%. Item-level accuracy (baseline vs Model 3): Item 1 90.83% vs 91.13%, Item 2 91.11% vs 90.26%, Item 3 95.05% vs 94.36%, Item 4 92.18% vs 94.85%, Item 5 93.95% vs 93.77%.","Using PIRLS 2021 digital Grade 4 reading data for five multilingual 1-point constructed-response items, the study leveraged prompt compression (question-based passage summaries) and refined scoring guides (RefinedSG_AT) together with Zero-Shot-CoT prompting and hallucination post-processing to predict binary automated scores aligned to human scoring, finding that Model 3 achieved the highest average accuracy (92.87%) and closely approximated the baseline despite substantial compression. This indicates that compressing long PIRLS prompts can preserve scoring agreement while improving operational efficiency, supporting scalable automated scoring workflows for multilingual reading assessments.",Other / Unspecified,Other,Student: Demographic; Student: Attitudinal/Behavioral; Student: Process Data
10.1016/j.caeai.2026.100558,"PIRLS 2021 (digital), Grade 4 Reading, 1-point CR items (5 items; multilingual; 27 countries)",Automated scoring agreement (Cohen’s kappa) vs human scoring,"Prompt compression via question-based passage summaries, Refined scoring guide type (abstractive vs extractive), Prompt optimization with Zero-Shot-CoT validation, Hallucination post-processing (length-ratio detection)","Average Cohen’s kappa: baseline 0.82; Model 1 0.81; Model 2 0.82; Model 3 0.80. Item-level kappa (baseline vs Model 3): Item 1 0.82 vs 0.82, Item 2 0.81 vs 0.81, Item 3 0.86 vs 0.81, Item 4 0.84 vs 0.85, Item 5 0.79 vs 0.73.","Using PIRLS 2021 digital Grade 4 reading data for five multilingual 1-point constructed-response items, the study leveraged prompt compression and refined scoring guides to predict binary automated scores aligned to human scoring, finding that Model 3’s average kappa (0.80) was slightly lower than the baseline (0.82) even though its average accuracy was highest. This indicates that while compressed prompts can maintain practical agreement, kappa may be more sensitive to skewed item difficulty and chance-corrected agreement patterns, so operational deployments should monitor both accuracy and reliability metrics across item types.",peer_reviewed_research,"Average Cohen’s kappa: baseline 0.82; Model 1 0.81; Model 2 0.82; Model 3 0.80. Item-level kappa (baseline vs Model 3): Item 1 0.82 vs 0.82, Item 2 0.81 vs 0.81, Item 3 0.86 vs 0.81, Item 4 0.84 vs 0.85, Item 5 0.79 vs 0.73.","Using PIRLS 2021 digital Grade 4 reading data for five multilingual 1-point constructed-response items, the study leveraged prompt compression and refined scoring guides to predict binary automated scores aligned to human scoring, finding that Model 3’s average kappa (0.80) was slightly lower than the baseline (0.82) even though its average accuracy was highest. This indicates that while compressed prompts can maintain practical agreement, kappa may be more sensitive to skewed item difficulty and chance-corrected agreement patterns, so operational deployments should monitor both accuracy and reliability metrics across item types.",Other / Unspecified,Other,Student: Demographic; Student: Attitudinal/Behavioral; Student: Process Data
10.1016/j.caeai.2026.100558,"PIRLS 2021 (digital), Grade 4 Reading, 1-point CR items (5 items; multilingual; 27 countries)",Hallucination rate in automated scoring,"Prompt compression via question-based passage summaries, Refined scoring guide type (abstractive vs extractive), Prompt optimization with Zero-Shot-CoT validation, Hallucination post-processing (length-ratio detection)","Average hallucination rate: baseline 0.05%, Model 1 0.69%, Model 2 0.47%, Model 3 0.12%. Item-level hallucination rates (baseline vs Model 3): Item 1 0.02% vs 0.08%, Item 2 0.16% vs 0.08%, Item 3 0.00% vs 0.14%, Item 4 0.05% vs 0.24%, Item 5 0.01% vs 0.08%.","Using PIRLS 2021 digital Grade 4 reading data for five multilingual 1-point constructed-response items, the study leveraged prompt compression and refined scoring guides with an internal validation step plus length-ratio-based hallucination detection to predict binary automated scores, finding that hallucination rates remained low and were lowest for the baseline (0.05%) while Model 3 remained low (0.12%) despite heavy compression. This indicates that prompt compression can be made operationally safe for automated scoring by combining CoT-based validation with explicit hallucination detection and score correction rules.",peer_reviewed_research,"Average hallucination rate: baseline 0.05%, Model 1 0.69%, Model 2 0.47%, Model 3 0.12%. Item-level hallucination rates (baseline vs Model 3): Item 1 0.02% vs 0.08%, Item 2 0.16% vs 0.08%, Item 3 0.00% vs 0.14%, Item 4 0.05% vs 0.24%, Item 5 0.01% vs 0.08%.","Using PIRLS 2021 digital Grade 4 reading data for five multilingual 1-point constructed-response items, the study leveraged prompt compression and refined scoring guides with an internal validation step plus length-ratio-based hallucination detection to predict binary automated scores, finding that hallucination rates remained low and were lowest for the baseline (0.05%) while Model 3 remained low (0.12%) despite heavy compression. This indicates that prompt compression can be made operationally safe for automated scoring by combining CoT-based validation with explicit hallucination detection and score correction rules.",Other / Unspecified,Other,Student: Demographic; Student: Attitudinal/Behavioral; Student: Process Data
10.1007/s11135-026-02915-7,PISA 2022 (country-level averages) Mathematics/Reading/Science,Overall PISA achievement score (country-level),"Mathematics score, Reading score, Science score","Regression models (Linear Regression, Ridge Regression, Huber Regressor): R²=1.0 for all; smallest errors for Classical Linear Regression (RMSE=0.309, MAE=0.283). Permutation feature importance: Math_Score significance=0.268 (Linear Regression) vs Reading_Score=0.226 and Science_Score=0.216. Additional analysis (K-Means cluster membership (4 clusters)): Stratified 5-fold cross-validation classification of K-Means clusters: Extra Trees mean accuracy=1.000 (SD=0.000) with macro F1/precision/recall=1.000; Random Forest mean accuracy=0.9875 (SD=0.025) with macro F1=0.9795; MLP mean accuracy=1.000 with macro F1=1.000 in the summary table; SVC (RBF) mean accuracy=0.9750 (SD=0.0306) with macro F1=0.9345. Confusion matrices show perfect prediction in the test summary (Table 5).","Using PISA 2022 country-level averages, the study leveraged Mathematics score, Reading score, and Science score to predict overall PISA achievement, finding that all three sub-scores explained the overall score almost perfectly (R²=1.0) while Mathematics had the highest permutation importance (0.268 vs 0.226 and 0.216). This indicates that strengthening mathematical literacy is likely to be the most leverageable policy priority for improving headline PISA achievement, though the analysis is based on aggregated correlations/regression rather than causal effects.",peer_reviewed_research,"Regression models (Linear Regression, Ridge Regression, Huber Regressor): R²=1.0 for all; smallest errors for Classical Linear Regression (RMSE=0.309, MAE=0.283). Permutation feature importance: Math_Score significance=0.268 (Linear Regression) vs Reading_Score=0.226 and Science_Score=0.216. Additional analysis (K-Means cluster membership (4 clusters)): Stratified 5-fold cross-validation classification of K-Means clusters: Extra Trees mean accuracy=1.000 (SD=0.000) with macro F1/precision/recall=1.000; Random Forest mean accuracy=0.9875 (SD=0.025) with macro F1=0.9795; MLP mean accuracy=1.000 with macro F1=1.000 in the summary table; SVC (RBF) mean accuracy=0.9750 (SD=0.0306) with macro F1=0.9345. Confusion matrices show perfect prediction in the test summary (Table 5).","Using PISA 2022 country-level averages, the study leveraged Mathematics score, Reading score, and Science score to predict overall PISA achievement, finding that all three sub-scores explained the overall score almost perfectly (R²=1.0) while Mathematics had the highest permutation importance (0.268 vs 0.226 and 0.216). This indicates that strengthening mathematical literacy is likely to be the most leverageable policy priority for improving headline PISA achievement, though the analysis is based on aggregated correlations/regression rather than causal effects.",Composite / Multi-Domain,Cognitive Achievement,Student: Prior Achievement
10.1007/s11159-023-10026-w,"PISA 2018 (UAE students; questionnaire-based global competence; academic performance from reading, mathematics, science PVs)","Academic performance score (mean across PVs for reading, mathematics, science)","Awareness of global issues, Self-efficacy on global issues, Awareness of intercultural communication, Perspective-taking capability, Flexibility with difficult situations","CatBoost validation: RMSE 47.74, MAE 37.2, R² 0.75 (70/30 train/validation split; 2,000 estimators; depth 10; learning rate 0.05). SHAP used for feature contribution; no additional predictive metrics reported for SHAP-based subgroup comparisons.","Using PISA 2018 UAE student questionnaire the study leveraged awareness of global issues, self-efficacy on global issues, and awareness of intercultural communication (among other global competence indicators) to predict an academic performance score derived from reading, mathematics, and science plausible values, finding that these three indicators contributed positively to academic performance in both the UAE and other OECD-participating countries. This indicates that global-competence-focused interventions targeting these specific skills may support academic achievement and help inform UAE K–12 public-school reform priorities, though the SHAP-based evidence is predictive rather than causal.",peer_reviewed_research,"CatBoost validation: RMSE 47.74, MAE 37.2, R² 0.75 (70/30 train/validation split; 2,000 estimators; depth 10; learning rate 0.05). SHAP used for feature contribution; no additional predictive metrics reported for SHAP-based subgroup comparisons.","Using PISA 2018 UAE student questionnaire the study leveraged awareness of global issues, self-efficacy on global issues, and awareness of intercultural communication (among other global competence indicators) to predict an academic performance score derived from reading, mathematics, and science plausible values, finding that these three indicators contributed positively to academic performance in both the UAE and other OECD-participating countries. This indicates that global-competence-focused interventions targeting these specific skills may support academic achievement and help inform UAE K–12 public-school reform priorities, though the SHAP-based evidence is predictive rather than causal.",Mathematics,Cognitive Achievement,Student: Attitudinal/Behavioral
10.3390/systems14060620,"PISA country-average profiles (2002–2022 panel), Mathematics (PISAM)",Mathematics performance profile (low–medium–high class),"Government spending, Property rights, Government integrity, Tax burden, Trade freedom",Selected model: Random Forest. Train Accuracy: 0.998; Validation Accuracy: 0.929; Test Accuracy: 0.898; Diff. Accuracy (Train–Val): 0.069; CV F1 Mean: 0.892 (± 0.021). fiXAIt explanation reliability: Fidelity 0.875; Faithfulness 0.880; Self-Consistency 0.623.,"Using PISA country-average profiles (2002–2022 panel) for Mathematics (PISAM), the study leveraged Government spending, Property rights, Government integrity, Tax burden, and Trade freedom to predict the low–medium–high mathematics performance profile class, finding that the Random Forest model achieved strong test accuracy (0.898) with stable cross-validation F1 (0.892). The fiXAIt explanations indicate that Government spending and institutional trust-related components (Property rights, Government integrity) repeatedly contributed to distinguishing the profile classes, with Government spending showing a negative value-direction signal within the model. This indicates that institutional trust and rule-of-law-related signals may be useful diagnostic anchors for comparative education discussions, while spending/tax components should be interpreted as model-based balancing signals rather than direct causal policy levers.",peer_reviewed_research,Selected model: Random Forest. Train Accuracy: 0.998; Validation Accuracy: 0.929; Test Accuracy: 0.898; Diff. Accuracy (Train–Val): 0.069; CV F1 Mean: 0.892 (± 0.021). fiXAIt explanation reliability: Fidelity 0.875; Faithfulness 0.880; Self-Consistency 0.623.,"Using PISA country-average profiles (2002–2022 panel) for Mathematics (PISAM), the study leveraged Government spending, Property rights, Government integrity, Tax burden, and Trade freedom to predict the low–medium–high mathematics performance profile class, finding that the Random Forest model achieved strong test accuracy (0.898) with stable cross-validation F1 (0.892). The fiXAIt explanations indicate that Government spending and institutional trust-related components (Property rights, Government integrity) repeatedly contributed to distinguishing the profile classes, with Government spending showing a negative value-direction signal within the model. This indicates that institutional trust and rule-of-law-related signals may be useful diagnostic anchors for comparative education discussions, while spending/tax components should be interpreted as model-based balancing signals rather than direct causal policy levers.",Mathematics,Cognitive Achievement,Student: Attitudinal/Behavioral
10.3390/systems14060620,"PISA country-average profiles (2002–2022 panel), Reading (PISAR)",Reading performance profile (low–medium–high class),"Business freedom, Property rights, Tax burden, Trade freedom, Government spending",Selected model: XGBoost. Train Accuracy: 0.893; Validation Accuracy: 0.849; Test Accuracy: 0.829; Diff. Accuracy (Train–Val): 0.043; CV F1 Mean: 0.806 (± 0.026). fiXAIt explanation reliability: Fidelity 0.892; Faithfulness 0.810; Self-Consistency 0.652.,"Using PISA country-average profiles (2002–2022 panel) for Reading (PISAR), the study leveraged Business freedom, Property rights, Tax burden, Trade freedom, and Government spending to predict the low–medium–high reading performance profile class, finding that the XGBoost model reached test accuracy of 0.829 with CV F1 mean of 0.806 (± 0.026). The fiXAIt layer shows Business freedom and Property rights as dominant inclusion signals, while Tax burden and Government spending exhibit negative value-direction effects within the classification mechanism. This indicates that regulatory/institutional components may be more informative for comparative reading-profile diagnostics than single fiscal measures, though the negative directions should not be read as causal effects of taxation or spending.",peer_reviewed_research,Selected model: XGBoost. Train Accuracy: 0.893; Validation Accuracy: 0.849; Test Accuracy: 0.829; Diff. Accuracy (Train–Val): 0.043; CV F1 Mean: 0.806 (± 0.026). fiXAIt explanation reliability: Fidelity 0.892; Faithfulness 0.810; Self-Consistency 0.652.,"Using PISA country-average profiles (2002–2022 panel) for Reading (PISAR), the study leveraged Business freedom, Property rights, Tax burden, Trade freedom, and Government spending to predict the low–medium–high reading performance profile class, finding that the XGBoost model reached test accuracy of 0.829 with CV F1 mean of 0.806 (± 0.026). The fiXAIt layer shows Business freedom and Property rights as dominant inclusion signals, while Tax burden and Government spending exhibit negative value-direction effects within the classification mechanism. This indicates that regulatory/institutional components may be more informative for comparative reading-profile diagnostics than single fiscal measures, though the negative directions should not be read as causal effects of taxation or spending.",Composite / Multi-Domain,Cognitive Achievement,Student: Attitudinal/Behavioral
10.3390/systems14060620,"PISA country-average profiles (2002–2022 panel), Science (PISAS)",Science performance profile (low–medium–high class),"Government spending, Property rights, Tax burden, Government integrity, Trade freedom",Selected model: Random Forest. Train Accuracy: 0.938; Validation Accuracy: 0.858; Test Accuracy: 0.812; Diff. Accuracy (Train–Val): 0.080; CV F1 Mean: 0.839 (± 0.026). fiXAIt explanation reliability: Fidelity 0.912; Faithfulness 0.917; Self-Consistency 0.644.,"Using PISA country-average profiles (2002–2022 panel) for Science (PISAS), the study leveraged Government spending, Property rights, Tax burden, Government integrity, and Trade freedom to predict the low–medium–high science performance profile class, finding that the Random Forest model achieved test accuracy of 0.812 with CV F1 mean of 0.839 (± 0.026). The fiXAIt explanations indicate that Government spending and Property rights are the strongest inclusion contributors, while Government spending and Tax burden act as balancing (negative value-direction) signals in the model’s decision logic. This indicates that combining institutional trust and market-openness-related signals can help prioritize cross-country science-performance diagnostics, while again avoiding causal interpretations of fiscal index directions.",peer_reviewed_research,Selected model: Random Forest. Train Accuracy: 0.938; Validation Accuracy: 0.858; Test Accuracy: 0.812; Diff. Accuracy (Train–Val): 0.080; CV F1 Mean: 0.839 (± 0.026). fiXAIt explanation reliability: Fidelity 0.912; Faithfulness 0.917; Self-Consistency 0.644.,"Using PISA country-average profiles (2002–2022 panel) for Science (PISAS), the study leveraged Government spending, Property rights, Tax burden, Government integrity, and Trade freedom to predict the low–medium–high science performance profile class, finding that the Random Forest model achieved test accuracy of 0.812 with CV F1 mean of 0.839 (± 0.026). The fiXAIt explanations indicate that Government spending and Property rights are the strongest inclusion contributors, while Government spending and Tax burden act as balancing (negative value-direction) signals in the model’s decision logic. This indicates that combining institutional trust and market-openness-related signals can help prioritize cross-country science-performance diagnostics, while again avoiding causal interpretations of fiscal index directions.",Composite / Multi-Domain,Cognitive Achievement,Student: Attitudinal/Behavioral
10.1016/j.paid.2026.113952,PISA 2022 (15-year-olds) Mathematics anxiety (6-item IRT scale),Mathematics anxiety (IRT-based score),"Mathematics self-efficacy (reasoning), Stress resistance, Mathematics self-efficacy (formal/applied), Problems with self-directed learning, Mathematics achievement (PV1)","XGBoost — Training: RMSE 0.9857, R² 26.57%; Testing: RMSE 0.9724, R² 27.75%. Feature selection: learning curve plateau after 26 features; R² 26.35% at 26 features vs 28.48% with all 117 features.","Using PISA 2022 data for 15-year-olds, the study leveraged mathematics self-efficacy, stress resistance, self-directed learning problems, and mathematics achievement (PV1MATH) to predict mathematics anxiety, finding that self-efficacy and stress regulation variables were the strongest predictors while mathematics achievement had relatively weak predictive power. This indicates that interventions prioritizing socio-emotional supports (self-efficacy and stress regulation) may be more effective than achievement-focused remediation for reducing math anxiety among high-achieving East Asian students, though the results are predictive and not causal.",peer_reviewed_research,"XGBoost — Training: RMSE 0.9857, R² 26.57%; Testing: RMSE 0.9724, R² 27.75%. Feature selection: learning curve plateau after 26 features; R² 26.35% at 26 features vs 28.48% with all 117 features.","Using PISA 2022 data for 15-year-olds, the study leveraged mathematics self-efficacy, stress resistance, self-directed learning problems, and mathematics achievement (PV1MATH) to predict mathematics anxiety, finding that self-efficacy and stress regulation variables were the strongest predictors while mathematics achievement had relatively weak predictive power. This indicates that interventions prioritizing socio-emotional supports (self-efficacy and stress regulation) may be more effective than achievement-focused remediation for reducing math anxiety among high-achieving East Asian students, though the results are predictive and not causal.",Mathematics,Cognitive Achievement,Student: Attitudinal/Behavioral; Student: Prior Achievement
10.3390/app15020772,PISA,Literature synthesis outcome (not student-level prediction),,Not reported,"Using PISA the study leveraged the reported predictors to predict Literature synthesis outcome (not student-level prediction), finding that This study is a bibliometric analysis combined with a qualitative systematic review of scientific knowledge on AI in educational data mining, human-in-the-loop machine learning, and machine teaching, covering publications from 2006 to 2024. Using Scopus keyword searches, the authors consulted 370 records and retained 78 publications deemed directly relevant, then applied SciMAT to purify and map thematic areas over time and VOSviewer to generate keyword co-occurrence networks. Results report growth in scientific production, with 2024 accounting for 19.19% of articles (71 articles) and an overall cumulative total of 370 consulted records, alongside five thematic keyword clusters (AI/ML, data science & predictive analytics, educational technologies & teaching systems, knowledge management & decision support, and ethics/privacy). The paper also identifies future research directions using a relevance score (e.g., big-data education evaluation, multimodal learning analytics, latent Dirichlet allocation). Because the analysis is bibliometric rather than student-outcome predictive modeling, it does not estimate educational effects on learners and does not use ILSA PVs or survey weights. This indicates that these patterns have implications for educational policy and instructional practice, though cross-sectional ILSA designs cannot establish causality.",review_article,Not reported,"Using PISA the study leveraged the reported predictors to predict Literature synthesis outcome (not student-level prediction), finding that This study is a bibliometric analysis combined with a qualitative systematic review of scientific knowledge on AI in educational data mining, human-in-the-loop machine learning, and machine teaching, covering publications from 2006 to 2024. Using Scopus keyword searches, the authors consulted 370 records and retained 78 publications deemed directly relevant, then applied SciMAT to purify and map thematic areas over time and VOSviewer to generate keyword co-occurrence networks. Results report growth in scientific production, with 2024 accounting for 19.19% of articles (71 articles) and an overall cumulative total of 370 consulted records, alongside five thematic keyword clusters (AI/ML, data science & predictive analytics, educational technologies & teaching systems, knowledge management & decision support, and ethics/privacy). The paper also identifies future research directions using a relevance score (e.g., big-data education evaluation, multimodal learning analytics, latent Dirichlet allocation). Because the analysis is bibliometric rather than student-outcome predictive modeling, it does not estimate educational effects on learners and does not use ILSA PVs or survey weights. This indicates that these patterns have implications for educational policy and instructional practice, though cross-sectional ILSA designs cannot establish causality.",Other / Unspecified,Other,
10.1016/j.ijer.2025.102537,"PISA 2022 Mathematics (U.S. students, 15-year-olds; PV1MATH–PV10MATH)",Mathematics achievement (PVs),"Mathematics self-efficacy, Socioeconomic status (ESCS), Familiarity with math concepts, Expected occupation status, Family support for self-learning",Model comparison using reduced predictor sets: Random Forest (selected 5 predictors) rMSE full=63.69 vs reduced=69.82; training time full=1098.72 vs reduced=129.27. XGBoost (selected 10 predictors) rMSE full=60.47 vs reduced=66.39; training time full=8.23 vs reduced=4.14. LightGBM (selected 10 predictors) rMSE full=60.43 vs reduced=66.36; training time full=44.28 vs reduced=22.93. Best model by accuracy+efficiency: XGBoost with reduced-model rMSE=66.39 and ARE≈9.79%.,"Using PISA 2022 Mathematics data for U.S. students, the study leveraged mathematics self-efficacy, ESCS, familiarity with math concepts, expected occupation status, and family support for self-learning to predict mathematics achievement (across PV1MATH–PV10MATH), finding that all three ensemble tree models achieved high accuracy with substantially reduced predictor sets and that XGBoost performed best (lowest reduced-model rMSE among the compared models and fastest training time). This indicates that focusing instructional and support efforts on a small set of high-yield factors—especially self-efficacy and foundational math familiarity—may be a more efficient strategy for improving math outcomes, though the study is predictive (not causal) and does not incorporate PISA sampling weights in the ML training.",peer_reviewed_research,Model comparison using reduced predictor sets: Random Forest (selected 5 predictors) rMSE full=63.69 vs reduced=69.82; training time full=1098.72 vs reduced=129.27. XGBoost (selected 10 predictors) rMSE full=60.47 vs reduced=66.39; training time full=8.23 vs reduced=4.14. LightGBM (selected 10 predictors) rMSE full=60.43 vs reduced=66.36; training time full=44.28 vs reduced=22.93. Best model by accuracy+efficiency: XGBoost with reduced-model rMSE=66.39 and ARE≈9.79%.,"Using PISA 2022 Mathematics data for U.S. students, the study leveraged mathematics self-efficacy, ESCS, familiarity with math concepts, expected occupation status, and family support for self-learning to predict mathematics achievement (across PV1MATH–PV10MATH), finding that all three ensemble tree models achieved high accuracy with substantially reduced predictor sets and that XGBoost performed best (lowest reduced-model rMSE among the compared models and fastest training time). This indicates that focusing instructional and support efforts on a small set of high-yield factors—especially self-efficacy and foundational math familiarity—may be a more efficient strategy for improving math outcomes, though the study is predictive (not causal) and does not incorporate PISA sampling weights in the ML training.",Mathematics,Cognitive Achievement,Student: Attitudinal/Behavioral; Student: SES
10.15390/EB.2020.8477,PISA 2015 Turkey (15-year-olds) Mathematics literacy (PV1MATH–PV10MATH averaged; binned to low/medium/high),Math achievement status (low/medium/high),"Anxiety, Turkish language success status, Mother education level, Student motivation, Belief about epistemology","Random Forest — Correct classification: 81.2%, Misclassification: 18.8%; Correlation: 0.676193; RMSE: 0.3217; MAE: 0.2064; RAE: 0.5756; RRSE: 0.7377","Using PISA 2015 Turkey mathematics literacy the study leveraged student anxiety, Turkish language success, mother education level, student motivation, and epistemological beliefs to predict students’ math achievement status (low/medium/high), finding that Random Forest achieved 81.2% correct classification and outperformed the Multi-layer Perceptron on several error metrics. This indicates that strengthening student affective factors (especially anxiety) alongside reading-related achievement and family educational resources may improve mathematics proficiency, though the study is predictive and does not establish causal effects.",peer_reviewed_research,"Random Forest — Correct classification: 81.2%, Misclassification: 18.8%; Correlation: 0.676193; RMSE: 0.3217; MAE: 0.2064; RAE: 0.5756; RRSE: 0.7377","Using PISA 2015 Turkey mathematics literacy the study leveraged student anxiety, Turkish language success, mother education level, student motivation, and epistemological beliefs to predict students’ math achievement status (low/medium/high), finding that Random Forest achieved 81.2% correct classification and outperformed the Multi-layer Perceptron on several error metrics. This indicates that strengthening student affective factors (especially anxiety) alongside reading-related achievement and family educational resources may improve mathematics proficiency, though the study is predictive and does not establish causal effects.",Composite / Multi-Domain,Cognitive Achievement,Student: Attitudinal/Behavioral; Student: Demographic; Student: Process Data
10.1016/j.chbr.2025.100896,ICILS 2023 Grade 8 Computational Thinking (Taiwan) — CT test dichotomized using PV1 threshold,Computational thinking performance (below vs above average),"CT disposition (CTDS), ICT self-efficacy (specialist), Learning with specialist classroom apps, ICT self-efficacy (general), Academic media multitasking","Best model (XGBoost): AUC=0.79, Accuracy=0.72, Precision=0.71, Recall=0.74, F1=0.72. Logistic Regression baseline: AUC=0.76, Accuracy=0.69, Precision=0.67, Recall=0.70, F1=0.65. Stacking Ensemble: AUC=0.79, Accuracy=0.72, Precision=0.71, Recall=0.72, F1=0.69.","Using ICILS 2023 Grade 8 Computational Thinking (Taiwan) the study leveraged CT disposition (CTDS), ICT self-efficacy (specialist), learning with specialist classroom apps, ICT self-efficacy (general), and academic media multitasking to predict computational thinking performance (below vs above average), finding that XGBoost achieved the highest overall predictive performance (AUC=0.79; Accuracy=0.72) and outperformed Logistic Regression. This indicates that strengthening students’ CT disposition and ICT self-efficacy—along with embedding specialist application use in instruction—may improve the likelihood of achieving above-average CT performance, though the binary thresholding and lack of documented survey-weight/missing-data handling limit causal interpretation.",peer_reviewed_research,"Best model (XGBoost): AUC=0.79, Accuracy=0.72, Precision=0.71, Recall=0.74, F1=0.72. Logistic Regression baseline: AUC=0.76, Accuracy=0.69, Precision=0.67, Recall=0.70, F1=0.65. Stacking Ensemble: AUC=0.79, Accuracy=0.72, Precision=0.71, Recall=0.72, F1=0.69.","Using ICILS 2023 Grade 8 Computational Thinking (Taiwan) the study leveraged CT disposition (CTDS), ICT self-efficacy (specialist), learning with specialist classroom apps, ICT self-efficacy (general), and academic media multitasking to predict computational thinking performance (below vs above average), finding that XGBoost achieved the highest overall predictive performance (AUC=0.79; Accuracy=0.72) and outperformed Logistic Regression. This indicates that strengthening students’ CT disposition and ICT self-efficacy—along with embedding specialist application use in instruction—may improve the likelihood of achieving above-average CT performance, though the binary thresholding and lack of documented survey-weight/missing-data handling limit causal interpretation.",Digital/Computer Literacy,Cognitive Achievement,Student: Attitudinal/Behavioral
10.1109/CSTE69562.2026.11649574,TALIS 2024 Teacher Questionnaire (pooled ISCED 1–3),AI adoption (used AI in past 12 months; binary),"AI attitude, Teacher collaboration, Year of first qualification, Enjoyment of teaching","Random Forest: AUC=0.81, PR_AUC=0.74, ACC=0.75, F1=0.69; XGBoost: AUC=0.80, PR_AUC=0.73, ACC=0.73, F1=0.68; Logistic Regression: AUC=0.79, PR_AUC=0.72, ACC=0.72, F1=0.67. DeLong test p<0.001 for Random Forest vs logistic regression.","Using TALIS 2024 Teacher Questionnaire (pooled ISCED 1–3) the study leveraged AI attitude, teacher collaboration, year of first qualification, and enjoyment of teaching to predict AI adoption (binary), finding that Random Forest achieved the highest discrimination (AUC=0.81) and outperformed logistic regression (p<0.001). This indicates that strengthening teachers’ AI-related beliefs and providing collegial collaboration opportunities may improve adoption, though the study is cross-sectional and SHAP-based interpretation does not establish causality.",peer_reviewed_research,"Random Forest: AUC=0.81, PR_AUC=0.74, ACC=0.75, F1=0.69; XGBoost: AUC=0.80, PR_AUC=0.73, ACC=0.73, F1=0.68; Logistic Regression: AUC=0.79, PR_AUC=0.72, ACC=0.72, F1=0.67. DeLong test p<0.001 for Random Forest vs logistic regression.","Using TALIS 2024 Teacher Questionnaire (pooled ISCED 1–3) the study leveraged AI attitude, teacher collaboration, year of first qualification, and enjoyment of teaching to predict AI adoption (binary), finding that Random Forest achieved the highest discrimination (AUC=0.81) and outperformed logistic regression (p<0.001). This indicates that strengthening teachers’ AI-related beliefs and providing collegial collaboration opportunities may improve adoption, though the study is cross-sectional and SHAP-based interpretation does not establish causality.",Other / Unspecified,Other,Student: Attitudinal/Behavioral; School/Teacher: Practice
10.1109/CSTE69562.2026.11649574,TALIS 2024 Teacher Questionnaire (pooled ISCED 1–3),AI integration intensity (continuous index),"AI attitude, Teacher collaboration, Year of first qualification, Enjoyment of teaching","Random Forest regressor: RMSE=1.56, R²=0.67; XGBoost: RMSE=1.75, R²=0.58; Linear Regression: RMSE=1.93, R²=0.49. Paired t-test p<0.001 for Random Forest vs baselines.","Using TALIS 2024 Teacher Questionnaire (pooled ISCED 1–3) the study leveraged AI attitude, teacher collaboration, year of first qualification, and enjoyment of teaching to predict AI integration intensity (continuous), finding that Random Forest achieved the best explanatory power (R²=0.67) and lower error (RMSE=1.56) than linear regression and XGBoost (p<0.001). This indicates that teacher professional development and school-level support should target not only average effects but also threshold-like conditions (e.g., collaboration intensity and attitude levels) to increase depth of AI integration, while causality cannot be inferred from predictive modeling on self-reported cross-sectional data.",peer_reviewed_research,"Random Forest regressor: RMSE=1.56, R²=0.67; XGBoost: RMSE=1.75, R²=0.58; Linear Regression: RMSE=1.93, R²=0.49. Paired t-test p<0.001 for Random Forest vs baselines.","Using TALIS 2024 Teacher Questionnaire (pooled ISCED 1–3) the study leveraged AI attitude, teacher collaboration, year of first qualification, and enjoyment of teaching to predict AI integration intensity (continuous), finding that Random Forest achieved the best explanatory power (R²=0.67) and lower error (RMSE=1.56) than linear regression and XGBoost (p<0.001). This indicates that teacher professional development and school-level support should target not only average effects but also threshold-like conditions (e.g., collaboration intensity and attitude levels) to increase depth of AI integration, while causality cannot be inferred from predictive modeling on self-reported cross-sectional data.",Other / Unspecified,Other,Student: Attitudinal/Behavioral; School/Teacher: Practice
10.1109/ICOA66896.2025.11236843,TIMSS 2023 Grade 8 (Morocco) — school/teacher/student contextual questionnaires,Perceived absenteeism severity (binary: serious vs low-to-moderate),"Teacher promotes learning interest, Class size (number of students), Need more time to assist, Memorization-focused teaching, High teacher expectations","SVM (best): Accuracy 0.9081, F1-score 0.8883, AUC 0.98. Other models: Random Forest Accuracy 0.9011, F1 0.8860, AUC 0.97; XGBoost Accuracy 0.9011, F1 0.8871, AUC 0.96; Decision Tree Accuracy 0.8174, F1 0.7890, AUC 0.84.","Using TIMSS 2023 Grade 8 (Morocco) the study leveraged teacher- and school-level contextual factors (e.g., teacher encouragement of learning interest, class size, time for assistance, memorization-focused teaching, and teacher expectations) to predict perceived absenteeism severity as a binary outcome, finding that the SVM classifier achieved the highest discrimination (Accuracy 0.9081, F1 0.8883, AUC 0.98). This indicates that strengthening classroom climate and teacher practices—along with addressing institutional constraints such as class size and technology support—may improve attendance-related outcomes, though the study’s SHAP-based interpretability is predictive rather than causal and the paper does not report a full missing-data strategy or survey-weighted estimation.",peer_reviewed_research,"SVM (best): Accuracy 0.9081, F1-score 0.8883, AUC 0.98. Other models: Random Forest Accuracy 0.9011, F1 0.8860, AUC 0.97; XGBoost Accuracy 0.9011, F1 0.8871, AUC 0.96; Decision Tree Accuracy 0.8174, F1 0.7890, AUC 0.84.","Using TIMSS 2023 Grade 8 (Morocco) the study leveraged teacher- and school-level contextual factors (e.g., teacher encouragement of learning interest, class size, time for assistance, memorization-focused teaching, and teacher expectations) to predict perceived absenteeism severity as a binary outcome, finding that the SVM classifier achieved the highest discrimination (Accuracy 0.9081, F1 0.8883, AUC 0.98). This indicates that strengthening classroom climate and teacher practices—along with addressing institutional constraints such as class size and technology support—may improve attendance-related outcomes, though the study’s SHAP-based interpretability is predictive rather than causal and the paper does not report a full missing-data strategy or survey-weighted estimation.",Other / Unspecified,Other,School/Teacher: Practice; School/Teacher: Context; Student: Attitudinal/Behavioral
10.3390/su18031415,PISA Mathematics (PISAM) country-level domain means (Low/Medium/High classes),PISAM achievement class (Low/Medium/High),"Voice and Accountability, Control of Corruption, Political Stability, Regional Category, GDP per capita",XGBoost (best model): Class-based Precision/Recall/F1 — Low: 0.97/0.97/0.97 (Support 110); Medium: 0.91/0.93/0.92 (Support 107); High: 0.96/0.94/0.95 (Support 111). General metrics reported as Train Accuracy=1.0 and Test Accuracy=0.93–0.95; ROC-AUC reported in 0.98–1.00 band; Macro Avg and Weighted Avg ≈0.93–0.95.,"Using PISA Mathematics (PISAM) country-level domain means the study leveraged Voice and Accountability, Control of Corruption, Political Stability, Regional Category, and GDP per capita to predict PISAM achievement class (Low/Medium/High), finding that governance indicators form the most salient institutional core and that class separation is further shaped by political stability and regional location. This indicates that strengthening accountability/anti-corruption capacity and stabilizing political institutions may be key levers for moving countries toward higher mathematics achievement profiles, though the results are predictive associations rather than causal effects.",peer_reviewed_research,XGBoost (best model): Class-based Precision/Recall/F1 — Low: 0.97/0.97/0.97 (Support 110); Medium: 0.91/0.93/0.92 (Support 107); High: 0.96/0.94/0.95 (Support 111). General metrics reported as Train Accuracy=1.0 and Test Accuracy=0.93–0.95; ROC-AUC reported in 0.98–1.00 band; Macro Avg and Weighted Avg ≈0.93–0.95.,"Using PISA Mathematics (PISAM) country-level domain means the study leveraged Voice and Accountability, Control of Corruption, Political Stability, Regional Category, and GDP per capita to predict PISAM achievement class (Low/Medium/High), finding that governance indicators form the most salient institutional core and that class separation is further shaped by political stability and regional location. This indicates that strengthening accountability/anti-corruption capacity and stabilizing political institutions may be key levers for moving countries toward higher mathematics achievement profiles, though the results are predictive associations rather than causal effects.",Composite / Multi-Domain,Cognitive Achievement,Student: Attitudinal/Behavioral; System: Policy/Context
10.3390/su18031415,PISA Reading (PISAR) country-level domain means (Low/Medium/High classes),PISAR achievement class (Low/Medium/High),"Voice and Accountability, Control of Corruption, GDP, GDP per capita, Regional Category",XGBoost (best model): Class-based Precision/Recall/F1 — Low: 0.95/0.97/0.96 (Support 108); Medium: 0.94/0.84/0.89 (Support 112); High: 0.90/0.97/0.93 (Support 108). General metrics reported as Train Accuracy=1.0 and Test Accuracy=0.93–0.95; ROC-AUC reported in 0.98–1.00 band; Macro Avg and Weighted Avg ≈0.93–0.95.,"Using PISA Reading (PISAR) country-level domain means the study leveraged Voice and Accountability, Control of Corruption, GDP, GDP per capita, and Regional Category to predict PISAR achievement class (Low/Medium/High), finding that the model integrates economic capacity more explicitly into the governance-centered institutional core for reading outcomes. This indicates that education sustainability strategies for reading may require pairing governance reforms with targeted investments that expand economic capacity, while recognizing that SHAP-based explanations reflect model reliance rather than causal impact.",peer_reviewed_research,XGBoost (best model): Class-based Precision/Recall/F1 — Low: 0.95/0.97/0.96 (Support 108); Medium: 0.94/0.84/0.89 (Support 112); High: 0.90/0.97/0.93 (Support 108). General metrics reported as Train Accuracy=1.0 and Test Accuracy=0.93–0.95; ROC-AUC reported in 0.98–1.00 band; Macro Avg and Weighted Avg ≈0.93–0.95.,"Using PISA Reading (PISAR) country-level domain means the study leveraged Voice and Accountability, Control of Corruption, GDP, GDP per capita, and Regional Category to predict PISAR achievement class (Low/Medium/High), finding that the model integrates economic capacity more explicitly into the governance-centered institutional core for reading outcomes. This indicates that education sustainability strategies for reading may require pairing governance reforms with targeted investments that expand economic capacity, while recognizing that SHAP-based explanations reflect model reliance rather than causal impact.",Composite / Multi-Domain,Cognitive Achievement,Student: Attitudinal/Behavioral; System: Policy/Context
10.3390/su18031415,PISA Science (PISAS) country-level domain means (Low/Medium/High classes),PISAS achievement class (Low/Medium/High),"Voice and Accountability, Control of Corruption, Political Stability, Regional Category, GDP",XGBoost (best model): Class-based Precision/Recall/F1 — Low: 0.95/1.00/0.97 (Support 107); Medium: 0.95/0.90/0.92 (Support 116); High: 0.94/0.95/0.95 (Support 105). General metrics reported as Train Accuracy=1.0 and Test Accuracy=0.93–0.95; ROC-AUC reported in 0.98–1.00 band; Macro Avg and Weighted Avg ≈0.93–0.95.,"Using PISA Science (PISAS) country-level domain means the study leveraged Voice and Accountability, Control of Corruption, Political Stability, Regional Category, and GDP to predict PISAS achievement class (Low/Medium/High), finding that governance signals work together with regional bloc differentiation to distinguish higher science profiles. This indicates that science-focused sustainable education policy may benefit from regional benchmarking and institutional diffusion mechanisms alongside governance and stability improvements, while noting that the framework provides predictive/explanatory signals rather than causal prescriptions.",peer_reviewed_research,XGBoost (best model): Class-based Precision/Recall/F1 — Low: 0.95/1.00/0.97 (Support 107); Medium: 0.95/0.90/0.92 (Support 116); High: 0.94/0.95/0.95 (Support 105). General metrics reported as Train Accuracy=1.0 and Test Accuracy=0.93–0.95; ROC-AUC reported in 0.98–1.00 band; Macro Avg and Weighted Avg ≈0.93–0.95.,"Using PISA Science (PISAS) country-level domain means the study leveraged Voice and Accountability, Control of Corruption, Political Stability, Regional Category, and GDP to predict PISAS achievement class (Low/Medium/High), finding that governance signals work together with regional bloc differentiation to distinguish higher science profiles. This indicates that science-focused sustainable education policy may benefit from regional benchmarking and institutional diffusion mechanisms alongside governance and stability improvements, while noting that the framework provides predictive/explanatory signals rather than causal prescriptions.",Composite / Multi-Domain,Cognitive Achievement,Student: Attitudinal/Behavioral; System: Policy/Context
10.17616/R3M30D,"German TALIS video study (2016–2020 international; German national substudy) — Grades 8–10, Mathematics lessons on quadratic equations (videos 1–2; 30-s segments for NVI)","Teacher nonverbal immediacy (NVI) — variance decomposition across teacher, lesson, and situation","Teacher gender, Teaching experience, School type (academic vs nonacademic), Socioemotional support (observer-rated)","ICCteacher = 0.225 (22.5% teacher-level variance), ICClesson = 0.056 (5.6% lesson-level variance), ICCsituation = 0.717 (≈71.7% situation-level variance).","Using German TALIS video study the study leveraged teacher-level covariates (gender, teaching experience, school type) and observer-rated socioemotional support to analyze how machine learning-assessed NVI varied across teachers, lessons, and 30-s teaching situations, finding that 22.5% of NVI variance was between teachers while most variance (≈71.7%) was at the situation level. This indicates that teacher nonverbal immediacy is not purely trait-like and that teacher training and feedback should target situationally adaptive nonverbal behaviors rather than only stable personal characteristics.",peer_reviewed_research,"ICCteacher = 0.225 (22.5% teacher-level variance), ICClesson = 0.056 (5.6% lesson-level variance), ICCsituation = 0.717 (≈71.7% situation-level variance).","Using German TALIS video study the study leveraged teacher-level covariates (gender, teaching experience, school type) and observer-rated socioemotional support to analyze how machine learning-assessed NVI varied across teachers, lessons, and 30-s teaching situations, finding that 22.5% of NVI variance was between teachers while most variance (≈71.7%) was at the situation level. This indicates that teacher nonverbal immediacy is not purely trait-like and that teacher training and feedback should target situationally adaptive nonverbal behaviors rather than only stable personal characteristics.",Other / Unspecified,Other,Student: Demographic; Student: Attitudinal/Behavioral; School/Teacher: Context
10.17616/R3M30D,"German TALIS video study (2016–2020 international; German national substudy) — Grades 8–10, Mathematics lessons on quadratic equations (videos 1–2; 30-s segments for NVI)",Socioemotional support (encouragement and warmth; observer-rated) predicted by NVI,"Socioemotional support (observer-rated), Teacher gender, Autonomy support (teacher-rated), Autonomy support (student-rated)","Three-level path model (Model 1): NVI (ML) → observer socioemotional support across levels, β = .14 (Level 1), β = .35 (Level 2), p = .019 and p < .001 respectively; model fit: CFI = 1.00, RMSEA = .000, SRMRwithin = .000, SRMRbetweenLevel2 = .000, SRMRbetweenLevel3 = .007.","Using German TALIS video study the study leveraged machine learning-assessed NVI alongside observer-rated socioemotional support and teacher/student support constructs to predict encouragement-and-warmth support, finding that higher NVI was positively and significantly associated with observer-rated socioemotional support at both the situation and lesson levels. This indicates that incorporating nonverbal immediacy signals into classroom climate monitoring could help identify and support teachers’ warmth/encouragement behaviors, though the study is correlational and does not establish causal effects.",peer_reviewed_research,"Three-level path model (Model 1): NVI (ML) → observer socioemotional support across levels, β = .14 (Level 1), β = .35 (Level 2), p = .019 and p < .001 respectively; model fit: CFI = 1.00, RMSEA = .000, SRMRwithin = .000, SRMRbetweenLevel2 = .000, SRMRbetweenLevel3 = .007.","Using German TALIS video study the study leveraged machine learning-assessed NVI alongside observer-rated socioemotional support and teacher/student support constructs to predict encouragement-and-warmth support, finding that higher NVI was positively and significantly associated with observer-rated socioemotional support at both the situation and lesson levels. This indicates that incorporating nonverbal immediacy signals into classroom climate monitoring could help identify and support teachers’ warmth/encouragement behaviors, though the study is correlational and does not establish causal effects.",Other / Unspecified,Other,Student: Attitudinal/Behavioral; Student: Demographic; School/Teacher: Practice
10.17616/R3M30D,"German TALIS video study (2016–2020 international; German national substudy) — Grades 8–10, Mathematics lessons on quadratic equations (videos 1–2; 30-s segments for NVI)",Autonomy support (teacher-rated and student-rated) predicted by NVI,"Autonomy support (teacher-rated), Autonomy support (student-rated), Teacher gender, Teaching experience","Model 1: NVI (ML) → teacher-rated autonomy support at Level 3, β = .43, SE = .10, p = .001; NVI (ML) → student-rated autonomy support at Level 3, β = .36, SE = .10, p = .001. Model fit: CFI = 1.00, RMSEA = .000, SRMRwithin = .000.","Using German TALIS video study the study leveraged machine learning-assessed NVI to predict autonomy support measured after the lessons, finding that NVI was significantly and positively related to both teacher-reported and student-reported autonomy support (focused on the specific teaching unit). This indicates that teacher nonverbal immediacy may be a meaningful component of need-supportive teaching, suggesting that teacher education and coaching should include nonverbal immediacy feedback alongside autonomy-supportive instructional practices, while noting that the design cannot infer causality.",peer_reviewed_research,"Model 1: NVI (ML) → teacher-rated autonomy support at Level 3, β = .43, SE = .10, p = .001; NVI (ML) → student-rated autonomy support at Level 3, β = .36, SE = .10, p = .001. Model fit: CFI = 1.00, RMSEA = .000, SRMRwithin = .000.","Using German TALIS video study the study leveraged machine learning-assessed NVI to predict autonomy support measured after the lessons, finding that NVI was significantly and positively related to both teacher-reported and student-reported autonomy support (focused on the specific teaching unit). This indicates that teacher nonverbal immediacy may be a meaningful component of need-supportive teaching, suggesting that teacher education and coaching should include nonverbal immediacy feedback alongside autonomy-supportive instructional practices, while noting that the design cannot infer causality.",Other / Unspecified,Other,School/Teacher: Practice; Student: Attitudinal/Behavioral; Student: Demographic
10.17616/R3M30D,"German TALIS video study (2016–2020 international; German national substudy) — Grades 8–10, Mathematics lessons on quadratic equations (videos 1–2; 30-s segments for NVI)",Positive student–teacher relationships (teacher-rated and student-rated) predicted by NVI,"Positive student–teacher relationships (teacher-rated), Positive student–teacher relationships (student-rated), Socioemotional support (observer-rated)","Model 2: NVI (ML) → teacher-rated relationships at Level 3, β = −.17, SE = .14, p = .239 (n.s.); NVI (ML) → student-rated relationships at Level 3, β = .12, SE = .14, p = .371 (n.s.). Model fit: CFI = 1.00, RMSEA = .000, SRMRbetweenLevel3 = .012.","Using German TALIS video study the study leveraged machine learning-assessed NVI and observer-rated socioemotional support to predict positive student–teacher relationships, finding that NVI was not significantly related to either teacher- or student-reported relationship quality after the lessons. This indicates that nonverbal immediacy may support autonomy and warmth more directly than broader relationship quality, implying that relationship-building interventions likely require additional verbal and relational behaviors beyond nonverbal cues.",peer_reviewed_research,"Model 2: NVI (ML) → teacher-rated relationships at Level 3, β = −.17, SE = .14, p = .239 (n.s.); NVI (ML) → student-rated relationships at Level 3, β = .12, SE = .14, p = .371 (n.s.). Model fit: CFI = 1.00, RMSEA = .000, SRMRbetweenLevel3 = .012.","Using German TALIS video study the study leveraged machine learning-assessed NVI and observer-rated socioemotional support to predict positive student–teacher relationships, finding that NVI was not significantly related to either teacher- or student-reported relationship quality after the lessons. This indicates that nonverbal immediacy may support autonomy and warmth more directly than broader relationship quality, implying that relationship-building interventions likely require additional verbal and relational behaviors beyond nonverbal cues.",Other / Unspecified,Other,School/Teacher: Practice; Student: Attitudinal/Behavioral
10.1002/berj.70095,"TIMSS 2023 Grade 8 Earth Science process data (BSPM8) across Chile, UAE, England, Korea, Turkey",Strategic vs non-strategic inquiry profile (cluster membership),"Screen visit frequency (F), First-visit time (R), Total time on screen (S), Language of assessment","Contrastive training: NT-Xent loss plateau ~0.14 by final epoch; clustering separability: K-means silhouette score = 0.85 (k=2); cross-country clustering by country labels: silhouette score = -0.2399; Kruskal-Wallis on embedding norms across countries: H = 2.2673, p = 0.6867. Additional analysis (Earth Science achievement (Plausible Values) difference between clusters): Cluster-level achievement gap: average Earth Science mean plausible value in the higher-achieving cluster is ~150 points higher than the lower-achieving cluster; distributional evidence: higher-achieving cluster shows narrower interquartile range than the lower-achieving cluster (exact PV summary statistics not numerically reported beyond the ~150-point difference).","Using TIMSS 2023 Grade 8 Earth Science process data, the study leveraged screen visit frequency (F), first-visit time (R), total time on screen (S), and language of assessment to derive a latent strategic vs non-strategic inquiry profile via contrastive representation learning followed by K-means clustering, finding two well-separated clusters (silhouette = 0.85) that align with SRL-interpretable monitoring-oriented vs surface/fast navigation patterns. This indicates that embedding-based process profiling can support adaptive assessment and real-time scaffolding that targets metacognitive regulation behaviors, while the negative country-label separability suggests these behavioral structures generalize across diverse education systems (though the strategic/non-strategic labels were anchored using achievement quartiles, limiting causal interpretation).",peer_reviewed_research,"Contrastive training: NT-Xent loss plateau ~0.14 by final epoch; clustering separability: K-means silhouette score = 0.85 (k=2); cross-country clustering by country labels: silhouette score = -0.2399; Kruskal-Wallis on embedding norms across countries: H = 2.2673, p = 0.6867. Additional analysis (Earth Science achievement (Plausible Values) difference between clusters): Cluster-level achievement gap: average Earth Science mean plausible value in the higher-achieving cluster is ~150 points higher than the lower-achieving cluster; distributional evidence: higher-achieving cluster shows narrower interquartile range than the lower-achieving cluster (exact PV summary statistics not numerically reported beyond the ~150-point difference).","Using TIMSS 2023 Grade 8 Earth Science process data, the study leveraged screen visit frequency (F), first-visit time (R), total time on screen (S), and language of assessment to derive a latent strategic vs non-strategic inquiry profile via contrastive representation learning followed by K-means clustering, finding two well-separated clusters (silhouette = 0.85) that align with SRL-interpretable monitoring-oriented vs surface/fast navigation patterns. This indicates that embedding-based process profiling can support adaptive assessment and real-time scaffolding that targets metacognitive regulation behaviors, while the negative country-label separability suggests these behavioral structures generalize across diverse education systems (though the strategic/non-strategic labels were anchored using achievement quartiles, limiting causal interpretation).",Other / Unspecified,Other,Student: Attitudinal/Behavioral; Student: SES
10.3390/jintelligence14040070,"PISA 2012 Computer-Based Mathematics Assessment (CBMA), U.S. sample (10 items; assessment-level latent proficiency from PV1)",Assessment-level latent proficiency prediction (PV1),"Expert-engineered features, Model type (RNN/GRU/LSTM), Number of layers, Number of hidden nodes, Predominant action proportion","Neural networks (RNN/GRU/LSTM) with sequential features vs sequential+expert features. Correlation with PV1: 0.28–0.62 (Table 3). Best improvement: two-layer LSTM with 100 nodes correlation increased from 0.36 to 0.62. RMSE decreased in most configurations (e.g., one-layer RNN with 100 nodes RMSE 1.16→0.93). Training time increased when adding expert features (e.g., one-layer LSTM 50 nodes 94.3→1189.32 s).","Using PISA 2012 CBMA U.S. the study leveraged expert-engineered features together with action-sequence inputs (and varied RNN/GRU/LSTM architecture, layers, and nodes) to predict assessment-level latent proficiency (PV1). It found that adding expert-engineered features improved predictive accuracy (correlations up to 0.62 and lower RMSE in most configurations) but increased training time. This indicates that combining domain-informed process summaries with sequence models can improve early proficiency estimation for adaptive testing, though computational cost may rise and results are based on a single PV (PV1) rather than combined PV inference.",peer_reviewed_research,"Neural networks (RNN/GRU/LSTM) with sequential features vs sequential+expert features. Correlation with PV1: 0.28–0.62 (Table 3). Best improvement: two-layer LSTM with 100 nodes correlation increased from 0.36 to 0.62. RMSE decreased in most configurations (e.g., one-layer RNN with 100 nodes RMSE 1.16→0.93). Training time increased when adding expert features (e.g., one-layer LSTM 50 nodes 94.3→1189.32 s).","Using PISA 2012 CBMA U.S. the study leveraged expert-engineered features together with action-sequence inputs (and varied RNN/GRU/LSTM architecture, layers, and nodes) to predict assessment-level latent proficiency (PV1). It found that adding expert-engineered features improved predictive accuracy (correlations up to 0.62 and lower RMSE in most configurations) but increased training time. This indicates that combining domain-informed process summaries with sequence models can improve early proficiency estimation for adaptive testing, though computational cost may rise and results are based on a single PV (PV1) rather than combined PV inference.",Composite / Multi-Domain,Cognitive Achievement,Student: Attitudinal/Behavioral
10.3390/jintelligence14040070,"PISA 2012 Computer-Based Mathematics Assessment (CBMA), U.S. sample (item-level correctness; binary/categorical items)",Item-level correctness prediction,"Expert-engineered features, Model type (RNN/GRU/LSTM), Number of layers, Number of hidden nodes, Average actions per item","Item-level AUC: average >0.6 for most items; exception CM038Q06 around 0.5 (Figure 5). Cohen’s Kappa: average >0.25 for most items; CM038Q06 around 0 (Figures 7). Adding expert-engineered features produced slightly higher AUC across most conditions and minor Kappa changes; training time generally decreased when using both feature types (e.g., average training time across ten items: 308 s with sequential-only vs 267 s with expert+sequential).","Using PISA 2012 CBMA U.S. the study leveraged expert-engineered features alongside action-sequence inputs (while varying RNN/GRU/LSTM architecture and hyperparameters) to predict item-level correctness. It found that expert features yielded small or inconsistent gains in discrimination (AUC and Kappa) but generally improved computational efficiency by reducing training time while maintaining comparable performance. This indicates that for item-level scoring, simpler sequence models may suffice and that adding lightweight domain summaries can reduce compute without materially changing predictive quality, supporting more practical deployment in computer-based assessment pipelines.",peer_reviewed_research,"Item-level AUC: average >0.6 for most items; exception CM038Q06 around 0.5 (Figure 5). Cohen’s Kappa: average >0.25 for most items; CM038Q06 around 0 (Figures 7). Adding expert-engineered features produced slightly higher AUC across most conditions and minor Kappa changes; training time generally decreased when using both feature types (e.g., average training time across ten items: 308 s with sequential-only vs 267 s with expert+sequential).","Using PISA 2012 CBMA U.S. the study leveraged expert-engineered features alongside action-sequence inputs (while varying RNN/GRU/LSTM architecture and hyperparameters) to predict item-level correctness. It found that expert features yielded small or inconsistent gains in discrimination (AUC and Kappa) but generally improved computational efficiency by reducing training time while maintaining comparable performance. This indicates that for item-level scoring, simpler sequence models may suffice and that adding lightweight domain summaries can reduce compute without materially changing predictive quality, supporting more practical deployment in computer-based assessment pipelines.",Other / Unspecified,Other,Student: Attitudinal/Behavioral; Student: Demographic
10.3390/jintelligence14040070,"PISA 2012 Computer-Based Mathematics Assessment (CBMA), U.S. sample (item-level correctness; action/score variability analysis)",Relationship between action/score variability and item-level predictive accuracy,"Average actions per item, Unique actions count, Predominant action proportion, Predominant score proportion","No clear relationship between average number of actions and performance; however, an average of ~2 actions appeared as a threshold where AUC>0.5 and Kappa>0. For unique actions, models required >2 unique actions for meaningful predictive performance (AUC>0.5 and Kappa>0); items with only two unique actions (CM038Q05/CM038Q06) performed near chance (AUC≈0.5; Kappa≈0.15 or 0). No clear pattern between predominant action proportion and performance, and no clear pattern between predominant score category proportion and performance (Figures 17–24).","Using PISA 2012 CBMA U.S. the study leveraged item-level action and score variability measures (average actions, unique actions, predominant-action proportion, and predominant-score proportion) to explain differences in item-level predictive accuracy. It found that items with very limited behavioral diversity (e.g., only two unique actions) provide insufficient signal for learning, while having more than two unique actions supports above-chance prediction; other variability measures showed weaker or no clear monotonic relationships. This indicates that assessment designers should include interactive, multi-step behaviors that generate diverse action traces to enable reliable process-data-based competency prediction, especially when sample sizes are limited.",peer_reviewed_research,"No clear relationship between average number of actions and performance; however, an average of ~2 actions appeared as a threshold where AUC>0.5 and Kappa>0. For unique actions, models required >2 unique actions for meaningful predictive performance (AUC>0.5 and Kappa>0); items with only two unique actions (CM038Q05/CM038Q06) performed near chance (AUC≈0.5; Kappa≈0.15 or 0). No clear pattern between predominant action proportion and performance, and no clear pattern between predominant score category proportion and performance (Figures 17–24).","Using PISA 2012 CBMA U.S. the study leveraged item-level action and score variability measures (average actions, unique actions, predominant-action proportion, and predominant-score proportion) to explain differences in item-level predictive accuracy. It found that items with very limited behavioral diversity (e.g., only two unique actions) provide insufficient signal for learning, while having more than two unique actions supports above-chance prediction; other variability measures showed weaker or no clear monotonic relationships. This indicates that assessment designers should include interactive, multi-step behaviors that generate diverse action traces to enable reliable process-data-based competency prediction, especially when sample sizes are limited.",Composite / Multi-Domain,Cognitive Achievement,Student: Demographic; Student: Attitudinal/Behavioral; Student: Prior Achievement
10.3390/educsci16040605,PISA 2022 (15-year-olds) Mathematics resilience classification (PV1MATH; country-relative ESCS quartiles),Academic resilience (binary: ESCS bottom quartile & PV1MATH top quartile),"Immigration status (IMMIG), Socioeconomic status (ESCS), Grade repetition (REPEAT), Science achievement (PV1SCIE), Reading achievement (PV1READ)","Model comparison (hold-out 80/20 + 5-fold CV for best model): CatBoost AUC=0.941, F1=0.275, PR-AUC=0.332; XGBoost AUC=0.941, F1=0.276, PR-AUC=0.332; LightGBM AUC=0.941, F1=0.278, PR-AUC=0.334; Gradient Boosting AUC=0.940, F1=0.270, PR-AUC=0.321; Random Forest AUC=0.931, F1=0.310, PR-AUC=0.249; Logistic Regression AUC=0.930, F1=0.239, PR-AUC=0.253. Best model (CatBoost) 5-fold CV average ROC-AUC=0.949.","Using PISA 2022 the study leveraged immigration status, socioeconomic status (ESCS), grade repetition, and reading/science achievement (PV1READ/PV1SCIE) to predict academic resilience defined by ESCS bottom-quartile and PV1MATH top-quartile, finding that ensemble boosting models (especially CatBoost) achieved the highest discrimination (AUC≈0.941; CV AUC≈0.949). This indicates that non-linear ensemble models can effectively identify resilient students under socioeconomic disadvantage, but the reliance on PV1MATH (single plausible value), median imputation, and omission of PISA sampling weights means results should be treated as predictive associations rather than population-representative estimates.",peer_reviewed_research,"Model comparison (hold-out 80/20 + 5-fold CV for best model): CatBoost AUC=0.941, F1=0.275, PR-AUC=0.332; XGBoost AUC=0.941, F1=0.276, PR-AUC=0.332; LightGBM AUC=0.941, F1=0.278, PR-AUC=0.334; Gradient Boosting AUC=0.940, F1=0.270, PR-AUC=0.321; Random Forest AUC=0.931, F1=0.310, PR-AUC=0.249; Logistic Regression AUC=0.930, F1=0.239, PR-AUC=0.253. Best model (CatBoost) 5-fold CV average ROC-AUC=0.949.","Using PISA 2022 the study leveraged immigration status, socioeconomic status (ESCS), grade repetition, and reading/science achievement (PV1READ/PV1SCIE) to predict academic resilience defined by ESCS bottom-quartile and PV1MATH top-quartile, finding that ensemble boosting models (especially CatBoost) achieved the highest discrimination (AUC≈0.941; CV AUC≈0.949). This indicates that non-linear ensemble models can effectively identify resilient students under socioeconomic disadvantage, but the reliance on PV1MATH (single plausible value), median imputation, and omission of PISA sampling weights means results should be treated as predictive associations rather than population-representative estimates.",Mathematics,Cognitive Achievement,Student: Demographic; Student: SES; Student: Prior Achievement
10.3390/educsci16040605,PISA 2022 (gender-disaggregated fairness diagnostics for resilience classification; CatBoost),Academic resilience positive prediction rate disparity by gender,"Gender (FEMALE), Immigration status (IMMIG), Socioeconomic status (ESCS), Grade repetition (REPEAT)","CatBoost fairness metrics by gender: Male—Precision=0.128, TPR=0.850, FPR=0.138, AUC=0.938, Positive Rate=0.155 (N=61,389); Female—Precision=0.216, TPR=0.797, FPR=0.089, AUC=0.949, Positive Rate=0.110 (N=61,360). Demographic parity ratio=1.40; equality of opportunity gap (TPR difference)=0.053.","Using PISA 2022 the study evaluated gender-group differences in CatBoost predictions for academic resilience, finding that positive prediction rates were higher for males (positive rate 0.155 vs 0.110; demographic parity ratio≈1.40) alongside higher male false positive rates (FPR 0.138 vs 0.089) and a TPR gap of 0.053. This indicates that even when overall discrimination is high (AUC≈0.94), predictive systems may produce measurable equity-relevant disparities, implying that governance should require routine fairness diagnostics and threshold/operational decisions aligned to equity goals, while avoiding causal interpretations.",peer_reviewed_research,"CatBoost fairness metrics by gender: Male—Precision=0.128, TPR=0.850, FPR=0.138, AUC=0.938, Positive Rate=0.155 (N=61,389); Female—Precision=0.216, TPR=0.797, FPR=0.089, AUC=0.949, Positive Rate=0.110 (N=61,360). Demographic parity ratio=1.40; equality of opportunity gap (TPR difference)=0.053.","Using PISA 2022 the study evaluated gender-group differences in CatBoost predictions for academic resilience, finding that positive prediction rates were higher for males (positive rate 0.155 vs 0.110; demographic parity ratio≈1.40) alongside higher male false positive rates (FPR 0.138 vs 0.089) and a TPR gap of 0.053. This indicates that even when overall discrimination is high (AUC≈0.94), predictive systems may produce measurable equity-relevant disparities, implying that governance should require routine fairness diagnostics and threshold/operational decisions aligned to equity goals, while avoiding causal interpretations.",Non-Cognitive / Process Output,Policy / System Outcome,Student: Demographic; Student: SES
10.3389/fpsyg.2026.1840049,"PISA 2022 Mathematics (15-year-olds), six systems (KOR, SGP, JPN, TWN, HKG, MAC)",Mathematics performance (mean of PV1MATH–PV10MATH),"Mathematics self-efficacy, Extracurricular activities before school, Math hours per week, Math instruction quality, ESCS home possessions","XGBoost (best): R2 = 0.5703, RMSE = 65.06, MAE = 51.59, Explained variance = 0.5703, AUC-regression = 0.8104 (test set). Random Forest baseline: R2 ≈ 0.5152. LightGBM: R2 = 0.5700; AdaBoost: R2 = 0.5220; Elastic Net/Linear regression: R2 ≈ 0.129.","Using PISA 2022 Mathematics data for 15-year-olds in six East Asian education systems, the study leveraged mathematics self-efficacy, extracurricular activities before school, math hours per week, math instruction quality, and ESCS home possessions to predict mathematics performance (averaged PV1MATH–PV10MATH), finding that XGBoost achieved the highest out-of-sample fit (R2 = 0.5703) and substantially outperformed linear and elastic-net baselines. This indicates that competence-related beliefs and learning-time/engagement factors are high-leverage correlates for identifying students at risk of lower mathematics achievement, though the cross-sectional, non-causal design and SHAP-based interpretability should not be interpreted as causal effects.",peer_reviewed_research,"XGBoost (best): R2 = 0.5703, RMSE = 65.06, MAE = 51.59, Explained variance = 0.5703, AUC-regression = 0.8104 (test set). Random Forest baseline: R2 ≈ 0.5152. LightGBM: R2 = 0.5700; AdaBoost: R2 = 0.5220; Elastic Net/Linear regression: R2 ≈ 0.129.","Using PISA 2022 Mathematics data for 15-year-olds in six East Asian education systems, the study leveraged mathematics self-efficacy, extracurricular activities before school, math hours per week, math instruction quality, and ESCS home possessions to predict mathematics performance (averaged PV1MATH–PV10MATH), finding that XGBoost achieved the highest out-of-sample fit (R2 = 0.5703) and substantially outperformed linear and elastic-net baselines. This indicates that competence-related beliefs and learning-time/engagement factors are high-leverage correlates for identifying students at risk of lower mathematics achievement, though the cross-sectional, non-causal design and SHAP-based interpretability should not be interpreted as causal effects.",Mathematics,Cognitive Achievement,Student: Attitudinal/Behavioral; School/Teacher: Context; School/Teacher: Practice; Student: SES
10.3390/info17040377,"PISA 2022 Teacher Questionnaire (Morocco, lower-secondary) — SATJOB",SATJOB_class (low/medium/high job satisfaction),"TCWKLOAD, TC253Q07JA, TC241Q01JA, TC260Q05JA, TC238Q01JA","Best model: XGBoost — Accuracy: 0.61, Macro F1: 0.61, Precision: 0.62, Recall: 0.61 (AUC: 0.63/0.60/0.61 for Low/Med/High). Random Forest: Accuracy 0.59, Macro F1 0.59. Logistic Regression: Accuracy 0.59. AdaBoost: Accuracy 0.59. ANN: Accuracy 0.56. SVM: Accuracy 0.36 (Macro F1 0.22).","Using PISA 2022 Teacher Questionnaire data for Morocco (lower-secondary) and leveraging workload (TCWKLOAD), school leadership support (TC253Q07JA, TC241Q01JA), and psychological perceptions (TC260Q05JA, TC238Q01JA) to predict SATJOB_class, the study found that XGBoost achieved the highest multiclass performance (Accuracy ≈ 0.61; Macro F1 ≈ 0.61). This indicates that combining workload-management and leadership-support interventions with attention to teachers’ perceived meaningfulness and emotional well-being may improve job satisfaction classification in Morocco, though the results are correlational and not causal due to the cross-sectional design and the use of predictive feature importance/SHAP rather than causal identification.",peer_reviewed_research,"Best model: XGBoost — Accuracy: 0.61, Macro F1: 0.61, Precision: 0.62, Recall: 0.61 (AUC: 0.63/0.60/0.61 for Low/Med/High). Random Forest: Accuracy 0.59, Macro F1 0.59. Logistic Regression: Accuracy 0.59. AdaBoost: Accuracy 0.59. ANN: Accuracy 0.56. SVM: Accuracy 0.36 (Macro F1 0.22).","Using PISA 2022 Teacher Questionnaire data for Morocco (lower-secondary) and leveraging workload (TCWKLOAD), school leadership support (TC253Q07JA, TC241Q01JA), and psychological perceptions (TC260Q05JA, TC238Q01JA) to predict SATJOB_class, the study found that XGBoost achieved the highest multiclass performance (Accuracy ≈ 0.61; Macro F1 ≈ 0.61). This indicates that combining workload-management and leadership-support interventions with attention to teachers’ perceived meaningfulness and emotional well-being may improve job satisfaction classification in Morocco, though the results are correlational and not causal due to the cross-sectional design and the use of predictive feature importance/SHAP rather than causal identification.",Other / Unspecified,Other,Student: Attitudinal/Behavioral
10.3390/info17040377,"PISA 2022 Teacher Questionnaire (Morocco, lower-secondary) — SATTEACH",SATTEACH_class (low/medium/high satisfaction with teaching profession),"TC251Q04JA, TCWKLOAD, TC253Q07JA, TC241Q01JA, TC198Q08HA","Best model: Random Forest — Accuracy: 0.59, Macro F1: 0.59, Precision: 0.59, Recall: 0.59 (AUC: 0.61/0.58/0.59 for Low/Med/High). XGBoost: Accuracy 0.58 (Macro F1 0.58). ANN: Accuracy 0.57. AdaBoost: Accuracy 0.56. Logistic Regression: Accuracy 0.55. Chance level in three classes ≈ 0.33.","Using PISA 2022 Teacher Questionnaire data for Morocco (lower-secondary) and leveraging retention-related intentions (TC251Q04JA), workload (TCWKLOAD), school leadership support (TC253Q07JA, TC241Q01JA), and perceived societal valuation (TC198Q08HA) to predict SATTEACH_class, the study found that Random Forest achieved the highest performance (Accuracy ≈ 0.59; Macro F1 ≈ 0.59). This indicates that policy efforts targeting workload conditions and strengthening trustworthy, supportive school leadership—alongside recognition of teaching’s societal value—may help identify teachers at risk of low satisfaction, though causality cannot be inferred from cross-sectional predictive modelling.",peer_reviewed_research,"Best model: Random Forest — Accuracy: 0.59, Macro F1: 0.59, Precision: 0.59, Recall: 0.59 (AUC: 0.61/0.58/0.59 for Low/Med/High). XGBoost: Accuracy 0.58 (Macro F1 0.58). ANN: Accuracy 0.57. AdaBoost: Accuracy 0.56. Logistic Regression: Accuracy 0.55. Chance level in three classes ≈ 0.33.","Using PISA 2022 Teacher Questionnaire data for Morocco (lower-secondary) and leveraging retention-related intentions (TC251Q04JA), workload (TCWKLOAD), school leadership support (TC253Q07JA, TC241Q01JA), and perceived societal valuation (TC198Q08HA) to predict SATTEACH_class, the study found that Random Forest achieved the highest performance (Accuracy ≈ 0.59; Macro F1 ≈ 0.59). This indicates that policy efforts targeting workload conditions and strengthening trustworthy, supportive school leadership—alongside recognition of teaching’s societal value—may help identify teachers at risk of low satisfaction, though causality cannot be inferred from cross-sectional predictive modelling.",Other / Unspecified,Other,Student: Attitudinal/Behavioral
10.1186/s40536-025-00254-x,TALIS 2018 (KOR) Teachers’ team innovativeness scale (T3TEAM),Teachers’ team innovativeness (T3TEAM),"Joint activities across classes, Work with other teachers, Attend team conferences, Motivate low-interest students, Shared beliefs about teaching","Empirical Study I: RMSE distributions for glmmLasso, LASSO, and elastic net had overlapping 95% confidence intervals (exact RMSE values not reported in the abstract; Table 2 reports RMSE mean ~1.775–1.792 with overlapping CIs). glmmLasso selected fewer variables with lower variability (mean selected ~30.48, SD=9.98) versus LASSO (~92.41, SD=133.82) and elastic net (~111.01, SD=190.61).","Using TALIS 2018 (KOR) the study leveraged joint activities across classes, work with other teachers, team conferences, teacher self-efficacy for motivating low-interest students, and shared beliefs about teaching to predict teachers’ team innovativeness (T3TEAM), finding that most selected predictors showed positive associations while shared responsibility for school issues (TT3G48D) showed a negative association. This indicates that school policies should prioritize structured teacher collaboration and supportive, innovation-friendly school cultures, while carefully considering how “shared responsibility” is implemented so it does not undermine teachers’ perceived ownership of innovation.",peer_reviewed_research,"Empirical Study I: RMSE distributions for glmmLasso, LASSO, and elastic net had overlapping 95% confidence intervals (exact RMSE values not reported in the abstract; Table 2 reports RMSE mean ~1.775–1.792 with overlapping CIs). glmmLasso selected fewer variables with lower variability (mean selected ~30.48, SD=9.98) versus LASSO (~92.41, SD=133.82) and elastic net (~111.01, SD=190.61).","Using TALIS 2018 (KOR) the study leveraged joint activities across classes, work with other teachers, team conferences, teacher self-efficacy for motivating low-interest students, and shared beliefs about teaching to predict teachers’ team innovativeness (T3TEAM), finding that most selected predictors showed positive associations while shared responsibility for school issues (TT3G48D) showed a negative association. This indicates that school policies should prioritize structured teacher collaboration and supportive, innovation-friendly school cultures, while carefully considering how “shared responsibility” is implemented so it does not undermine teachers’ perceived ownership of innovation.",Other / Unspecified,Other,Student: SES; School/Teacher: Practice; Student: Attitudinal/Behavioral
10.1186/s40536-025-00254-x,TALIS 2018 simulation (multilevel structure with ICC≈0.09),Predictive accuracy and variable selection for teachers’ team innovativeness,"Level-1 true predictors, Level-2 true predictors, Multilevel (school) random effects structure","Simulation Study II: RMSE means were very similar across methods (glmmLasso mean ~2.154; LASSO ~2.135; elastic net ~2.136) with overlapping 95% CIs (Table 7). glmmLasso selected substantially fewer variables (mean ~11.92, SD=1.08) than LASSO (~42.24, SD=13.01) and elastic net (~44.59, SD=12.31) (Table 8). Variable-selection quality: at the 75% threshold, glmmLasso had IC1=0 for true predictors and IC2=1 false positive at level-2; LASSO/elastic net had larger IC2 at level-2 (IC2=6 and 7, respectively).","Using a TALIS 2018–structured simulation with nested teachers within schools (ICC≈0.09), the study leveraged level-1 and level-2 predictor signals under a multilevel random-effects data-generating process to evaluate predictive accuracy and variable selection, finding that glmmLasso achieved comparable RMSE to LASSO/elastic net while selecting a smaller, more accurate set of true predictors (especially at the school level). This indicates that penalized multilevel modeling can improve interpretability and reduce false-positive policy targets when analyzing nested large-scale education data, even when predictive accuracy differences are modest.",peer_reviewed_research,"Simulation Study II: RMSE means were very similar across methods (glmmLasso mean ~2.154; LASSO ~2.135; elastic net ~2.136) with overlapping 95% CIs (Table 7). glmmLasso selected substantially fewer variables (mean ~11.92, SD=1.08) than LASSO (~42.24, SD=13.01) and elastic net (~44.59, SD=12.31) (Table 8). Variable-selection quality: at the 75% threshold, glmmLasso had IC1=0 for true predictors and IC2=1 false positive at level-2; LASSO/elastic net had larger IC2 at level-2 (IC2=6 and 7, respectively).","Using a TALIS 2018–structured simulation with nested teachers within schools (ICC≈0.09), the study leveraged level-1 and level-2 predictor signals under a multilevel random-effects data-generating process to evaluate predictive accuracy and variable selection, finding that glmmLasso achieved comparable RMSE to LASSO/elastic net while selecting a smaller, more accurate set of true predictors (especially at the school level). This indicates that penalized multilevel modeling can improve interpretability and reduce false-positive policy targets when analyzing nested large-scale education data, even when predictive accuracy differences are modest.",Other / Unspecified,Other,Student: Attitudinal/Behavioral; School/Teacher: Context
10.3390/jintelligence14040070,"PISA 2012 Computer-Based Mathematics Assessment (CBMA) — U.S. sample (item-level correctness; 10 CBMA items across CM015, CM020, CM038)",Item-level correctness (AUC; binary/categorical per item),"Total response time, Time before first attempt, Total number of events, Average number of actions, Number of unique actions",AUC: average >0.6 for most items; exception CM038Q06 ~0.5. Cohen’s Kappa: average >0.25 for most items; exception CM038Q06 ~0.0. Expert-engineered features: slightly higher AUC across most conditions; minor Kappa changes; training time generally reduced when adding expert-engineered features.,"Using PISA 2012 CBMA U.S. process-the study leveraged expert-engineered process summaries (e.g., total response time, time before first attempt, total number of events) together with action-sequence inputs to predict item-level correctness, finding that adding expert-engineered features produced only small AUC/Kappa gains but generally reduced training time. This indicates that for item-level prediction in CBMA tasks, simpler sequence-only neural models may be sufficient for accuracy, while expert features mainly help computational efficiency and interpretability rather than substantially improving discrimination.",peer_reviewed_research,AUC: average >0.6 for most items; exception CM038Q06 ~0.5. Cohen’s Kappa: average >0.25 for most items; exception CM038Q06 ~0.0. Expert-engineered features: slightly higher AUC across most conditions; minor Kappa changes; training time generally reduced when adding expert-engineered features.,"Using PISA 2012 CBMA U.S. process-the study leveraged expert-engineered process summaries (e.g., total response time, time before first attempt, total number of events) together with action-sequence inputs to predict item-level correctness, finding that adding expert-engineered features produced only small AUC/Kappa gains but generally reduced training time. This indicates that for item-level prediction in CBMA tasks, simpler sequence-only neural models may be sufficient for accuracy, while expert features mainly help computational efficiency and interpretability rather than substantially improving discrimination.",Other / Unspecified,Other,Student: Attitudinal/Behavioral; Student: Demographic
10.3390/jintelligence14040070,PISA 2012 Computer-Based Mathematics Assessment (CBMA) — U.S. sample (assessment-level latent proficiency; PV1 from 30-item mathematics assessment; predicted from 10 CBMA items),Assessment-level latent proficiency (PISA plausible value PV1; correlation and RMSE),"Total response time, Time on each event, Rapid response indicator, Average number of actions, Predominant action proportion","Correlation (Pearson r) between predicted latent proficiency and PV1: 0.28–0.62 depending on architecture and feature set. Largest improvement with expert-engineered features: two-layer LSTM with 100 nodes correlation increased from 0.36 to 0.62. RMSE: expert-engineered features generally lowered RMSE (e.g., one-layer RNN with 100 nodes 1.16→0.93) with some GRU exceptions. Training time increased when adding expert-engineered features (e.g., one-layer RNN 50 nodes 46.77s→130.09s; one-layer LSTM 50 nodes 94.34s→1189.32s).","Using PISA 2012 CBMA U.S. process-the study leveraged action sequences and expert-engineered process features to predict assessment-level latent proficiency (PV1), finding that adding expert-engineered features improved predictive accuracy (correlation up to r=0.62) and reduced RMSE across most architectures, while increasing training time. This indicates that combining sequential behavior with domain-informed process summaries can strengthen early proficiency estimation from a limited item subset, supporting adaptive testing designs that trade some computational cost for better measurement precision.",peer_reviewed_research,"Correlation (Pearson r) between predicted latent proficiency and PV1: 0.28–0.62 depending on architecture and feature set. Largest improvement with expert-engineered features: two-layer LSTM with 100 nodes correlation increased from 0.36 to 0.62. RMSE: expert-engineered features generally lowered RMSE (e.g., one-layer RNN with 100 nodes 1.16→0.93) with some GRU exceptions. Training time increased when adding expert-engineered features (e.g., one-layer RNN 50 nodes 46.77s→130.09s; one-layer LSTM 50 nodes 94.34s→1189.32s).","Using PISA 2012 CBMA U.S. process-the study leveraged action sequences and expert-engineered process features to predict assessment-level latent proficiency (PV1), finding that adding expert-engineered features improved predictive accuracy (correlation up to r=0.62) and reduced RMSE across most architectures, while increasing training time. This indicates that combining sequential behavior with domain-informed process summaries can strengthen early proficiency estimation from a limited item subset, supporting adaptive testing designs that trade some computational cost for better measurement precision.",Composite / Multi-Domain,Cognitive Achievement,Student: Attitudinal/Behavioral; Student: Demographic
10.3390/jintelligence14060105,PIAAC 2012 Cycle 1 (U.S.) Numeracy “Map” interactive item (spatial navigation process data),Numeracy performance category (IL/IH/CL/CH),"Total response time, Time to first action, Time to last action, Redundancy ratio, Final-response actions count","Random Forest (time-embedded n-grams): Accuracy 0.718 (0.028), Precision 0.774 (0.045), Recall 0.612 (0.048), F1 0.682 (0.034). XGBoost (time-embedded n-grams): Accuracy 0.708 (0.042), Precision 0.720 (0.059), Recall 0.683 (0.046), F1 0.699 (0.037). Validation: 10-fold cross-validation; mean (SD) reported across folds.","Using PIAAC 2012 Cycle 1 (U.S.) Numeracy “Map” interactive item process data, the study leveraged total response time, time to first action, time to last action, redundancy ratio, and final-response actions count to classify respondents into incorrect–low/high and correct–low/high numeracy categories, finding that time-related and direction-related sequential features were the most predictive. This indicates that incorporating temporal spacing and efficient navigation behaviors into digital numeracy assessment analytics may improve identification of adults who need targeted spatial-numeracy support, though the study is predictive (not causal) and does not document survey-weight or missing-data handling for the ML pipeline.",peer_reviewed_research,"Random Forest (time-embedded n-grams): Accuracy 0.718 (0.028), Precision 0.774 (0.045), Recall 0.612 (0.048), F1 0.682 (0.034). XGBoost (time-embedded n-grams): Accuracy 0.708 (0.042), Precision 0.720 (0.059), Recall 0.683 (0.046), F1 0.699 (0.037). Validation: 10-fold cross-validation; mean (SD) reported across folds.","Using PIAAC 2012 Cycle 1 (U.S.) Numeracy “Map” interactive item process data, the study leveraged total response time, time to first action, time to last action, redundancy ratio, and final-response actions count to classify respondents into incorrect–low/high and correct–low/high numeracy categories, finding that time-related and direction-related sequential features were the most predictive. This indicates that incorporating temporal spacing and efficient navigation behaviors into digital numeracy assessment analytics may improve identification of adults who need targeted spatial-numeracy support, though the study is predictive (not causal) and does not document survey-weight or missing-data handling for the ML pipeline.",Mathematics,Cognitive Achievement,Student: Attitudinal/Behavioral
10.3389/fpsyg.2025.1655731,PISA 2022 Creative thinking (ICT questionnaire; 15-year-olds),Creative thinking level (3-class: low/medium/high; from CRT_AVG_10 PV average),"Online information-search self-efficacy (IC183Q01JA), Smartphone use outside school (IC171Q02JA), Share made-up info (IC180Q08JA), Digital writing frequency (Word/Docs) (IC174Q02JA), Programming self-efficacy (IC183Q14JA)","XGBoost (ADASYN-balanced training; external validation): Accuracy 0.6763; macro F1 not reported in table; per-class precision/recall/F1 reported (Low: Precision 0.3810, Recall 0.1798, F1 0.2443; Middle: Precision 0.6477, Recall 0.6959, F1 0.7231; High: Precision 0.6709, Recall 0.7256, F1 0.7243).","Using PISA 2022 creative thinking the study leveraged ICT interaction questionnaire items (notably online information-search self-efficacy, smartphone use outside school, and sharing made-up information) to predict students’ creative thinking level (low/medium/high), finding that XGBoost achieved the best overall multiclass performance and that SHAP-identified ICT behaviors differentiate all three creativity bands. This indicates that ICT policies and classroom practices should prioritize goal-aligned, information-literate, and production-oriented digital activities (rather than frequency alone) to support students at lower creative-thinking levels, though the SHAP-based evidence is predictive/associational rather than causal.",peer_reviewed_research,"XGBoost (ADASYN-balanced training; external validation): Accuracy 0.6763; macro F1 not reported in table; per-class precision/recall/F1 reported (Low: Precision 0.3810, Recall 0.1798, F1 0.2443; Middle: Precision 0.6477, Recall 0.6959, F1 0.7231; High: Precision 0.6709, Recall 0.7256, F1 0.7243).","Using PISA 2022 creative thinking the study leveraged ICT interaction questionnaire items (notably online information-search self-efficacy, smartphone use outside school, and sharing made-up information) to predict students’ creative thinking level (low/medium/high), finding that XGBoost achieved the best overall multiclass performance and that SHAP-identified ICT behaviors differentiate all three creativity bands. This indicates that ICT policies and classroom practices should prioritize goal-aligned, information-literate, and production-oriented digital activities (rather than frequency alone) to support students at lower creative-thinking levels, though the SHAP-based evidence is predictive/associational rather than causal.",Problem Solving,Cognitive Achievement,Student: Attitudinal/Behavioral; School/Teacher: Context
10.1111/bjep.12715,PISA 2022 Mathematics (79 countries/economies) — ESCS bottom-quarter within-country; top-quarter mathematics across countries,Academic resilience status (ARS=1 vs NRS=0),"Math self-efficacy, Math anxiety, Familiarity with math concepts, Truancy, Future aspirations","Random Forest (10-fold cross-validation): Accuracy=90.54%, ROC-AUC=96.79%, Precision=93.13%, Recall=87.58%, F-measure=90.26%; optimal feature subset size=35 (top 35 features).","Using PISA 2022 Mathematics the study leveraged math self-efficacy, math anxiety, familiarity with math concepts, truancy, and future aspirations to classify academic resilience status (ARS vs NRS), finding that the random-forest model achieved strong discrimination (ROC-AUC=96.79%) and that the top 35 features largely validated the prior resilience framework; SHAP was used to quantify feature contributions, but the paper is cross-sectional so SHAP-based importance should not be interpreted as causal effects. This indicates that these patterns have implications for educational policy and instructional practice, though cross-sectional ILSA designs cannot establish causality.",peer_reviewed_research,"Random Forest (10-fold cross-validation): Accuracy=90.54%, ROC-AUC=96.79%, Precision=93.13%, Recall=87.58%, F-measure=90.26%; optimal feature subset size=35 (top 35 features).","Using PISA 2022 Mathematics the study leveraged math self-efficacy, math anxiety, familiarity with math concepts, truancy, and future aspirations to classify academic resilience status (ARS vs NRS), finding that the random-forest model achieved strong discrimination (ROC-AUC=96.79%) and that the top 35 features largely validated the prior resilience framework; SHAP was used to quantify feature contributions, but the paper is cross-sectional so SHAP-based importance should not be interpreted as causal effects. This indicates that these patterns have implications for educational policy and instructional practice, though cross-sectional ILSA designs cannot establish causality.",Non-Cognitive / Process Output,Policy / System Outcome,Student: Attitudinal/Behavioral
10.3389/fspor.2025.1509959,PISA 2018 (15-year-olds) pre-exam anxiety by physical activity status — low physical activity group (country-level means),Pre-exam anxiety percentage (low physical activity students),,"Hierarchical clustering (Euclidean distance; dendrogram cut at 20% y-axis). Best silhouette score: 0.60 (5 clusters). WCSS: 309.27; average square distance: 5.52; percentual average square distance: 2.35%. BCSS: 1,367.33; 96% variability explained; BCSS/WCSS ratio: 22.10.","Using PISA 2018 the study applied hierarchical clustering to country-level pre-exam anxiety percentages for students with low physical activity, finding two high-anxiety clusters (H-1: 67%, H-2: 78%) and three lower-anxiety clusters (L-1: 41%, L-2: 52%, L-3: 60%), with Brazil and the Dominican Republic among the most anxious countries. This indicates that countries can be grouped into distinct anxiety-risk profiles among physically inactive adolescents, suggesting that mental-health and physical-activity promotion policies should be prioritized and tailored to the most anxious country clusters rather than applied uniformly.",peer_reviewed_research,"Hierarchical clustering (Euclidean distance; dendrogram cut at 20% y-axis). Best silhouette score: 0.60 (5 clusters). WCSS: 309.27; average square distance: 5.52; percentual average square distance: 2.35%. BCSS: 1,367.33; 96% variability explained; BCSS/WCSS ratio: 22.10.","Using PISA 2018 the study applied hierarchical clustering to country-level pre-exam anxiety percentages for students with low physical activity, finding two high-anxiety clusters (H-1: 67%, H-2: 78%) and three lower-anxiety clusters (L-1: 41%, L-2: 52%, L-3: 60%), with Brazil and the Dominican Republic among the most anxious countries. This indicates that countries can be grouped into distinct anxiety-risk profiles among physically inactive adolescents, suggesting that mental-health and physical-activity promotion policies should be prioritized and tailored to the most anxious country clusters rather than applied uniformly.",Non-Cognitive / Process Output,Attitudinal / Affective,
10.3389/fspor.2025.1509959,PISA 2018 (15-year-olds) pre-exam anxiety by physical activity status — high physical activity group (country-level means),Pre-exam anxiety percentage (high physical activity students),,"Hierarchical clustering (Euclidean distance; dendrogram cut at 20% y-axis). Best silhouette score: 0.56 (4 clusters). WCSS: 632.80; average square distance: 5.52; percentual average square distance: 11.3%. BCSS: 7,079.18; 92% variability explained; BCSS/WCSS ratio: 11.18.","Using PISA 2018 the study applied hierarchical clustering to country-level pre-exam anxiety percentages for students with high physical activity, finding two low-anxiety clusters (L-1: 53%, L-2: 43%) and two higher-anxiety clusters (H-1: 77%, H-2: 64%), with Malaysia, Brazil, and Costa Rica among the most anxious. This indicates that physical activity does not uniformly eliminate pre-exam anxiety across countries, implying that country-specific academic-stress contexts and support systems should be integrated with physical-activity interventions.",peer_reviewed_research,"Hierarchical clustering (Euclidean distance; dendrogram cut at 20% y-axis). Best silhouette score: 0.56 (4 clusters). WCSS: 632.80; average square distance: 5.52; percentual average square distance: 11.3%. BCSS: 7,079.18; 92% variability explained; BCSS/WCSS ratio: 11.18.","Using PISA 2018 the study applied hierarchical clustering to country-level pre-exam anxiety percentages for students with high physical activity, finding two low-anxiety clusters (L-1: 53%, L-2: 43%) and two higher-anxiety clusters (H-1: 77%, H-2: 64%), with Malaysia, Brazil, and Costa Rica among the most anxious. This indicates that physical activity does not uniformly eliminate pre-exam anxiety across countries, implying that country-specific academic-stress contexts and support systems should be integrated with physical-activity interventions.",Non-Cognitive / Process Output,Attitudinal / Affective,
10.3389/fspor.2025.1509959,PISA 2018 (15-year-olds) pre-exam anxiety by physical activity status — cross-group country differences,Difference in pre-exam anxiety percentage between low vs high physical activity groups,,"Country-level chi-square comparisons using a 95% CI threshold (Z ≥ 1.96). Statistically significant reductions (p < 0.05) for many countries (e.g., Austria −7, Belgium −8, Chile −8, France −5, Germany −2, Greece −7, Hungary −7, Israel −9, Korea −5, Mexico −7, Turkey −5, United States −9). Exceptions: Russia +11% and United Arab Emirates +4%. Overall mean change across countries: −3% (p < 0.01).","Using PISA 2018 the study compared country-level pre-exam anxiety percentages between low and high physical activity groups and found an overall average reduction of −3% (p < 0.01), with most countries showing statistically significant decreases. This indicates that promoting regular moderate-to-vigorous physical activity may reduce pre-exam anxiety for many adolescents, but the presence of exceptions (e.g., Russia and the UAE) suggests that interventions must account for local academic and cultural stressors, and causality cannot be inferred from this observational clustering approach.",peer_reviewed_research,"Country-level chi-square comparisons using a 95% CI threshold (Z ≥ 1.96). Statistically significant reductions (p < 0.05) for many countries (e.g., Austria −7, Belgium −8, Chile −8, France −5, Germany −2, Greece −7, Hungary −7, Israel −9, Korea −5, Mexico −7, Turkey −5, United States −9). Exceptions: Russia +11% and United Arab Emirates +4%. Overall mean change across countries: −3% (p < 0.01).","Using PISA 2018 the study compared country-level pre-exam anxiety percentages between low and high physical activity groups and found an overall average reduction of −3% (p < 0.01), with most countries showing statistically significant decreases. This indicates that promoting regular moderate-to-vigorous physical activity may reduce pre-exam anxiety for many adolescents, but the presence of exceptions (e.g., Russia and the UAE) suggests that interventions must account for local academic and cultural stressors, and causality cannot be inferred from this observational clustering approach.",Non-Cognitive / Process Output,Attitudinal / Affective,
10.1007/s10763-022-10262-w,"TIMSS 2019 Grade 8 Mathematics (five East Asian economies: TWN, HKG, JPN, KOR, SGP)",Mathematics achievement (TIMSS scale; modeled via five plausible values),"Students confident in mathematics, Student SES, School emphasis on academic success, Teaching limited by student needs, Students value mathematics",Random forest regression with 22 predictors; tenfold cross-validation with five repeats. Whole East Asian sample: top 11 variables explained 49% of variance (R2=0.49) with RMSE=0.71; candidate sets: mean decreased MSE (Top 1: 0.78; Top 3: 0.66; Top 6: 0.59; Top 11: 0.53; Top 22: 0.52). Variable importance via mean decrease in accuracy (MDA).,"Using TIMSS 2019 Grade 8 Mathematics the study leveraged students’ confidence in mathematics, student SES, and school emphasis on academic success (plus teaching limitation by student needs and students’ value of mathematics) to predict mathematics achievement, finding that the top three predictors were students’ confidence in mathematics, socioeconomic status, and school emphasis on academic success. This indicates that mathematics improvement strategies in East Asian contexts may yield the largest returns by combining expectancy/engagement supports with SES-sensitive learning supports and school-level goal/expectation reforms, though the study is cross-sectional and does not establish causal effects.",peer_reviewed_research,Random forest regression with 22 predictors; tenfold cross-validation with five repeats. Whole East Asian sample: top 11 variables explained 49% of variance (R2=0.49) with RMSE=0.71; candidate sets: mean decreased MSE (Top 1: 0.78; Top 3: 0.66; Top 6: 0.59; Top 11: 0.53; Top 22: 0.52). Variable importance via mean decrease in accuracy (MDA).,"Using TIMSS 2019 Grade 8 Mathematics the study leveraged students’ confidence in mathematics, student SES, and school emphasis on academic success (plus teaching limitation by student needs and students’ value of mathematics) to predict mathematics achievement, finding that the top three predictors were students’ confidence in mathematics, socioeconomic status, and school emphasis on academic success. This indicates that mathematics improvement strategies in East Asian contexts may yield the largest returns by combining expectancy/engagement supports with SES-sensitive learning supports and school-level goal/expectation reforms, though the study is cross-sectional and does not establish causal effects.",Mathematics,Cognitive Achievement,Student: Attitudinal/Behavioral; Student: SES; School/Teacher: Context
10.1007/s40593-025-00495-5,"PISA 2015 Germany Reading literacy (constructed-response items), 37 dichotomous items",Automatic scoring correctness (correct/incorrect) fairness vs human scoring,"Gender, Language spoken at home","Best model (RoBERTa sentence embeddings + SVM): Cohen’s κ = 0.82; Accuracy (ACC) = 0.93; TPR = 0.96; FPR = 0.16. Fairness (demographic disparity DD): for gender DD = −0.000 (no discernible gender disparity); for language spoken at home DD = −0.011 (minor significant bias). Automatic scoring bias D (machine minus human prevalence of correct): D = 0.02 for native speakers and D = 0.03 for foreign-language speakers, implying ~1% more false-positive correct scores for foreign-language speakers.","Using PISA 2015 Germany Reading literacy the study leveraged Gender and Language spoken at home to evaluate fairness of automatic short-answer scoring (correct/incorrect) against human ratings, finding that the RoBERTa+SVM classifier showed no discernible gender differences but a minor significant bias for language background. This indicates that deploying automatic scoring may be broadly equitable across gender, while requiring additional bias checks and mitigation for students whose home language differs from the assessment language, especially because the bias manifests as a higher false-positive rate for foreign-language speakers.",peer_reviewed_research,"Best model (RoBERTa sentence embeddings + SVM): Cohen’s κ = 0.82; Accuracy (ACC) = 0.93; TPR = 0.96; FPR = 0.16. Fairness (demographic disparity DD): for gender DD = −0.000 (no discernible gender disparity); for language spoken at home DD = −0.011 (minor significant bias). Automatic scoring bias D (machine minus human prevalence of correct): D = 0.02 for native speakers and D = 0.03 for foreign-language speakers, implying ~1% more false-positive correct scores for foreign-language speakers.","Using PISA 2015 Germany Reading literacy the study leveraged Gender and Language spoken at home to evaluate fairness of automatic short-answer scoring (correct/incorrect) against human ratings, finding that the RoBERTa+SVM classifier showed no discernible gender differences but a minor significant bias for language background. This indicates that deploying automatic scoring may be broadly equitable across gender, while requiring additional bias checks and mitigation for students whose home language differs from the assessment language, especially because the bias manifests as a higher false-positive rate for foreign-language speakers.",Other / Unspecified,Other,Student: Demographic
10.7866/HPE-RPE.25.1.4,PISA 2018 Science (Spain; all regions; ages 15-16),Inequality of opportunity in science achievement (IOpE; variance share explained by circumstances),"Number of books at home, Mother occupation, Father occupation, Cultural possessions index, Household wealth index","Conditional Inference Forest (CIF, parameter tuning: alpha=0.80, M=5, N=150) — average IOpE about 43% vs 20% from traditional OLS-linear approach (Sicilia et al., 2022); region range (preferred ML, science): 40.5% to 48.7% with Murcia, Extremadura, and Cataluña highest; Castilla-La Mancha and País Vasco lowest. Confidence intervals obtained via bootstrapping (200 bootstraps).","Using PISA 2018 Science data for Spain’s regions, the study leveraged home cultural environment (Number of books at home) and parental socioeconomic circumstances (Mother occupation and Father occupation), along with Cultural possessions index and Household wealth index, to estimate the IOpE distribution via conditional inference forests, finding that CIF-based IOpE is more than twice the traditional OLS-linear estimates on average (43% vs 20%). This indicates that conventional regression-based approaches likely understate inequality of opportunity in Spanish regions, implying that regional equity diagnostics and targeted support policies should be informed by ML-based, bias-robust IOpE measurement rather than relying solely on parametric R²-style estimates.",peer_reviewed_research,"Conditional Inference Forest (CIF, parameter tuning: alpha=0.80, M=5, N=150) — average IOpE about 43% vs 20% from traditional OLS-linear approach (Sicilia et al., 2022); region range (preferred ML, science): 40.5% to 48.7% with Murcia, Extremadura, and Cataluña highest; Castilla-La Mancha and País Vasco lowest. Confidence intervals obtained via bootstrapping (200 bootstraps).","Using PISA 2018 Science data for Spain’s regions, the study leveraged home cultural environment (Number of books at home) and parental socioeconomic circumstances (Mother occupation and Father occupation), along with Cultural possessions index and Household wealth index, to estimate the IOpE distribution via conditional inference forests, finding that CIF-based IOpE is more than twice the traditional OLS-linear estimates on average (43% vs 20%). This indicates that conventional regression-based approaches likely understate inequality of opportunity in Spanish regions, implying that regional equity diagnostics and targeted support policies should be informed by ML-based, bias-robust IOpE measurement rather than relying solely on parametric R²-style estimates.",Science,Cognitive Achievement,Student: SES; Student: Attitudinal/Behavioral
10.1038/s41598-025-00769-x,"PISA 2018 ICT familiarity (Hong Kong, China) — student-level digital sports participation",Digital Sports participation (binary),"Academic performance (grade PVs), Weekly number of PE days, ICT available at home, ICT available at school, ICT social perception","Test set AUC: GNB 0.700, GBDT 0.641, KNN 0.707, LR 0.717; stacking (LR+GNB+KNN) AUC 0.723 with F1 0.166 (accuracy 0.809, precision 0.538, recall 0.098).","Using PISA 2018 ICT familiarity data for Hong Kong, China, the study leveraged academic performance, weekly PE days, household ICT resources, school ICT resources, and ICT social perception to predict students’ digital sports participation, finding that weekly PE days and ICT resources were positively associated with participation while academic performance showed a negative association. This indicates that digital sports promotion may benefit from combining PE scheduling (at least two PE sessions per week) with improving household and school ICT access, while recognizing that high-achieving students may need targeted engagement strategies; however, the evidence is predictive (SHAP-based explanations) and the paper does not report survey-weighted estimation.",peer_reviewed_research,"Test set AUC: GNB 0.700, GBDT 0.641, KNN 0.707, LR 0.717; stacking (LR+GNB+KNN) AUC 0.723 with F1 0.166 (accuracy 0.809, precision 0.538, recall 0.098).","Using PISA 2018 ICT familiarity data for Hong Kong, China, the study leveraged academic performance, weekly PE days, household ICT resources, school ICT resources, and ICT social perception to predict students’ digital sports participation, finding that weekly PE days and ICT resources were positively associated with participation while academic performance showed a negative association. This indicates that digital sports promotion may benefit from combining PE scheduling (at least two PE sessions per week) with improving household and school ICT access, while recognizing that high-achieving students may need targeted engagement strategies; however, the evidence is predictive (SHAP-based explanations) and the paper does not report survey-weighted estimation.",Other / Unspecified,Other,Student: Demographic; Student: Attitudinal/Behavioral; School/Teacher: Context
10.1186/s40536-024-00199-7,TIMSS 2019 Grade 4 Science (constructed-response items C1–C8; six short CR items),Automated item scoring agreement (human vs machine),"Machine translation engine, Response language (original), Constructed-response item, Country context",ANN with Bag-of-Words features: average F1=0.88 and average kappa=0.80 for human-machine agreement; average exact match agreement comparable with slight strictness (average SMD=-0.04). Item-level variability: Item 5 F1 ranged 0.40–0.68 and kappa 0.36–0.62; Item 6 in C6 had kappa=0.53 and SMD=-0.32 with exact match ratio 0.77.,"Using TIMSS 2019 Grade 4 Science constructed-response the study leveraged machine translation engine choice, original response language, item identity, and country context to predict dichotomous correctness, finding that automated scoring with ANN classifiers achieved comparable human-machine agreement (average F1=0.88, kappa=0.80) with only marginal mean score differences (average SMD=-0.04), though performance was weaker for specific items/countries (notably Item 5 and Item 6 in C6). This indicates that these patterns have implications for educational policy and instructional practice, though cross-sectional ILSA designs cannot establish causality.",peer_reviewed_research,ANN with Bag-of-Words features: average F1=0.88 and average kappa=0.80 for human-machine agreement; average exact match agreement comparable with slight strictness (average SMD=-0.04). Item-level variability: Item 5 F1 ranged 0.40–0.68 and kappa 0.36–0.62; Item 6 in C6 had kappa=0.53 and SMD=-0.32 with exact match ratio 0.77.,"Using TIMSS 2019 Grade 4 Science constructed-response the study leveraged machine translation engine choice, original response language, item identity, and country context to predict dichotomous correctness, finding that automated scoring with ANN classifiers achieved comparable human-machine agreement (average F1=0.88, kappa=0.80) with only marginal mean score differences (average SMD=-0.04), though performance was weaker for specific items/countries (notably Item 5 and Item 6 in C6). This indicates that these patterns have implications for educational policy and instructional practice, though cross-sectional ILSA designs cannot establish causality.",Other / Unspecified,Other,Student: Attitudinal/Behavioral; Student: Demographic; System: Policy/Context
10.1186/s40536-024-00199-7,TIMSS 2019 Grade 4 Science (constructed-response items; psychometric checks),Psychometric similarity of machine scores (AITC and item difficulty),"Machine translation engine, Constructed-response item, Country context, Response language (original)","Adjusted item-total correlation (AITC): average AITC human=0.35 vs machine=0.33 (r_human=0.35, r_machine=0.33). Item-total correlations by item and country remained generally consistent; discrepancies included Item 6 in C6 with moderate exact match (0.77) but high AITC consistency (r_human=0.44, r_machine=0.44) and large SMD (-0.32). Country-by-item difficulty patterns were largely preserved across scoring methods.","Using TIMSS 2019 Grade 4 Science constructed-response the study leveraged machine translation engine choice, item identity, country context, and original response language to evaluate whether machine scores preserve psychometric properties, finding that machine-derived AITC and item difficulty patterns were generally similar to human scoring (average AITC 0.33 vs 0.35) despite some item/country-specific misalignment (e.g., Item 6 in C6). This indicates that these patterns have implications for educational policy and instructional practice, though cross-sectional ILSA designs cannot establish causality.",peer_reviewed_research,"Adjusted item-total correlation (AITC): average AITC human=0.35 vs machine=0.33 (r_human=0.35, r_machine=0.33). Item-total correlations by item and country remained generally consistent; discrepancies included Item 6 in C6 with moderate exact match (0.77) but high AITC consistency (r_human=0.44, r_machine=0.44) and large SMD (-0.32). Country-by-item difficulty patterns were largely preserved across scoring methods.","Using TIMSS 2019 Grade 4 Science constructed-response the study leveraged machine translation engine choice, item identity, country context, and original response language to evaluate whether machine scores preserve psychometric properties, finding that machine-derived AITC and item difficulty patterns were generally similar to human scoring (average AITC 0.33 vs 0.35) despite some item/country-specific misalignment (e.g., Item 6 in C6). This indicates that these patterns have implications for educational policy and instructional practice, though cross-sectional ILSA designs cannot establish causality.",Composite / Multi-Domain,Cognitive Achievement,Student: Attitudinal/Behavioral; System: Policy/Context; Student: Demographic
10.3390/jintelligence12100093,"PISA 2022 Mathematics literacy (PV1MATH), six East Asian education systems (Hong Kong, Macao, Taipei, Singapore, Japan, Korea)",Mathematics literacy (PV1MATH),"Math self-efficacy, Expected occupational status, ESCS index, ICT weekend leisure frequency, Math anxiety","XGBoost (best): MSE=4344.98, RMSE=65.92, MAE=51.72, MAPE=10.21%, R²=0.60, PCC=0.77 (validation set). Other models: MLR MAPE=11.57%, SVR MAPE=10.51%, DT MAPE=13.50%, RF MAPE=11.08%.","Using PISA 2022 Mathematics literacy (PV1MATH) data for six East Asian education systems, the study leveraged Math self-efficacy, Expected occupational status, ESCS index, ICT weekend leisure frequency, and Math anxiety to predict mathematics literacy, finding that XGBoost achieved the best validation performance (R²=0.60; PCC=0.77) and that the most influential factors were dominated by student-level variables. This indicates that strengthening students’ mathematics self-efficacy and managing anxiety—alongside targeted guidance on ICT use patterns—may be a practical route for improving mathematics literacy, though the SHAP-based importance is predictive rather than causal and the ML models do not incorporate complex survey weights.",peer_reviewed_research,"XGBoost (best): MSE=4344.98, RMSE=65.92, MAE=51.72, MAPE=10.21%, R²=0.60, PCC=0.77 (validation set). Other models: MLR MAPE=11.57%, SVR MAPE=10.51%, DT MAPE=13.50%, RF MAPE=11.08%.","Using PISA 2022 Mathematics literacy (PV1MATH) data for six East Asian education systems, the study leveraged Math self-efficacy, Expected occupational status, ESCS index, ICT weekend leisure frequency, and Math anxiety to predict mathematics literacy, finding that XGBoost achieved the best validation performance (R²=0.60; PCC=0.77) and that the most influential factors were dominated by student-level variables. This indicates that strengthening students’ mathematics self-efficacy and managing anxiety—alongside targeted guidance on ICT use patterns—may be a practical route for improving mathematics literacy, though the SHAP-based importance is predictive rather than causal and the ML models do not incorporate complex survey weights.",Mathematics,Cognitive Achievement,Student: Attitudinal/Behavioral; Student: SES
10.1016/j.heliyon.2024.e35945,PISA 2012 Problem Solving process data (Climate control CP02501),Correct response (binary 0/1),"VOTAT navigation behavior, Sequence length, Reset frequency, 0_0_0 zero-state behavior, Start behavior","Supervised models with 5-fold cross-validation and grid search. Best model: Random Forest with TF-IDF — F1: 0.8419, Accuracy: 0.8231, Precision: 0.8271, Recall: 0.8572. Word2vec features: SVM — second-best overall (reported as better than TF-IDF in F1/Accuracy/Recall except precision). Logistic regression baseline (feature extraction comparison) reported via F1/Accuracy/Recall comparisons; KNN models were worse than the logistic baseline. Additional analysis (Cluster membership / differentiated behavior patterns (k-means, K=3)): Unsupervised k-means clustering (elbow rule K=3) on TF-IDF vs Word2vec sequence representations. TF-IDF k-means: Cluster A correct rate 81% (n=5833), Cluster B 42% (n=8411), Cluster C 36% (n=2519); TF-IDF clustering accuracy comparison reported as 27% vs 26% for low-accuracy clusters. Word2vec k-means: Cluster A correct rate 78% (n=9245), Cluster B 27% (n=2115), Cluster C 26% (n=5403); Word2vec clustering accuracy comparison reported as 78% vs 27% vs 26%. Z tests of proportions: Cluster A significantly higher correct rate than B and C (p<0.001).","Using PISA 2012 Problem Solving process data (Climate control CP02501), the study leveraged VOTAT navigation behavior, sequence length, reset frequency, 0_0_0 zero-state behavior, and start behavior to predict correct response (binary 0/1), finding that Random Forest with TF-IDF achieved the highest F1 (0.8419) and accuracy (0.8231) with strong recall (0.8572). This indicates that extracting discriminative procedural actions (especially VOTAT-related behaviors) from log sequences can improve automated identification of students who will answer correctly, supporting process-informed assessment and targeted feedback design, though the paper does not report survey-weighted estimation and causality cannot be inferred from predictive feature importance.",peer_reviewed_research,"Supervised models with 5-fold cross-validation and grid search. Best model: Random Forest with TF-IDF — F1: 0.8419, Accuracy: 0.8231, Precision: 0.8271, Recall: 0.8572. Word2vec features: SVM — second-best overall (reported as better than TF-IDF in F1/Accuracy/Recall except precision). Logistic regression baseline (feature extraction comparison) reported via F1/Accuracy/Recall comparisons; KNN models were worse than the logistic baseline. Additional analysis (Cluster membership / differentiated behavior patterns (k-means, K=3)): Unsupervised k-means clustering (elbow rule K=3) on TF-IDF vs Word2vec sequence representations. TF-IDF k-means: Cluster A correct rate 81% (n=5833), Cluster B 42% (n=8411), Cluster C 36% (n=2519); TF-IDF clustering accuracy comparison reported as 27% vs 26% for low-accuracy clusters. Word2vec k-means: Cluster A correct rate 78% (n=9245), Cluster B 27% (n=2115), Cluster C 26% (n=5403); Word2vec clustering accuracy comparison reported as 78% vs 27% vs 26%. Z tests of proportions: Cluster A significantly higher correct rate than B and C (p<0.001).","Using PISA 2012 Problem Solving process data (Climate control CP02501), the study leveraged VOTAT navigation behavior, sequence length, reset frequency, 0_0_0 zero-state behavior, and start behavior to predict correct response (binary 0/1), finding that Random Forest with TF-IDF achieved the highest F1 (0.8419) and accuracy (0.8231) with strong recall (0.8572). This indicates that extracting discriminative procedural actions (especially VOTAT-related behaviors) from log sequences can improve automated identification of students who will answer correctly, supporting process-informed assessment and targeted feedback design, though the paper does not report survey-weighted estimation and causality cannot be inferred from predictive feature importance.",Other / Unspecified,Other,Student: Process Data; Student: Attitudinal/Behavioral
10.1007/s11482-023-10232-6,PISA 2018 Hong Kong (China) questionnaire well-being (student-level),Positive affect (subjective well-being),"Sense of belonging to school, Resilience, Perception of cooperation at school, Teacher support in test language, Parents emotional support",Random Forest regression with 10-fold cross-validation (5 repeats). Full 29 predictors explained 22.35% variance (MSE=0.78); final 7 predictors selected after cross-validation. Final model: school belonging contributed 84.97% mean decrease in %IncMSE; resilience contributed 48.74%IncMSE. HLM (top 7 predictors) RMSE=0.878; total variance explained=0.231; ICC=0.014.,"Using PISA 2018 Hong Kong (China) the study leveraged sense of belonging to school and resilience (plus additional school/teacher factors) to predict positive affect, finding that school belonging was the most salient predictor and resilience was the second most influential. This indicates that interventions strengthening students’ school connectedness and resilience may be effective levers for improving students’ day-to-day positive emotions, though the cross-sectional design prevents causal claims.",peer_reviewed_research,Random Forest regression with 10-fold cross-validation (5 repeats). Full 29 predictors explained 22.35% variance (MSE=0.78); final 7 predictors selected after cross-validation. Final model: school belonging contributed 84.97% mean decrease in %IncMSE; resilience contributed 48.74%IncMSE. HLM (top 7 predictors) RMSE=0.878; total variance explained=0.231; ICC=0.014.,"Using PISA 2018 Hong Kong (China) the study leveraged sense of belonging to school and resilience (plus additional school/teacher factors) to predict positive affect, finding that school belonging was the most salient predictor and resilience was the second most influential. This indicates that interventions strengthening students’ school connectedness and resilience may be effective levers for improving students’ day-to-day positive emotions, though the cross-sectional design prevents causal claims.",Non-Cognitive / Process Output,Attitudinal / Affective,School/Teacher: Context; Student: Attitudinal/Behavioral; Student: Demographic
10.1007/s11482-023-10232-6,PISA 2018 Hong Kong (China) questionnaire well-being (student-level),Negative affect (subjective well-being),"General fear of failure, Sense of belonging to school, Resilience, Being bullied, Perception of competitiveness at school",Random Forest regression with 10-fold cross-validation (5 repeats). Full 29 predictors explained 17.64% variance (MSE=0.82); final 7 predictors selected. Final model: general fear of failure contributed 57.13%IncMSE; school belonging contributed 31.38%IncMSE; other top variables contributed 5.42% to 21.33%. HLM (top 7 predictors) RMSE=0.893; total variance explained=0.205; ICC=0.025.,"Using PISA 2018 Hong Kong (China) the study leveraged general fear of failure and school belonging (along with resilience and school climate/bullying factors) to predict negative affect, finding that fear of failure was the top predictor and bullying-related and school-competition perceptions also mattered. This indicates that reducing evaluative pressure and fear of failure—while also addressing bullying and improving belonging—may help mitigate students’ negative emotions, though causality cannot be inferred from cross-sectional associations.",peer_reviewed_research,Random Forest regression with 10-fold cross-validation (5 repeats). Full 29 predictors explained 17.64% variance (MSE=0.82); final 7 predictors selected. Final model: general fear of failure contributed 57.13%IncMSE; school belonging contributed 31.38%IncMSE; other top variables contributed 5.42% to 21.33%. HLM (top 7 predictors) RMSE=0.893; total variance explained=0.205; ICC=0.025.,"Using PISA 2018 Hong Kong (China) the study leveraged general fear of failure and school belonging (along with resilience and school climate/bullying factors) to predict negative affect, finding that fear of failure was the top predictor and bullying-related and school-competition perceptions also mattered. This indicates that reducing evaluative pressure and fear of failure—while also addressing bullying and improving belonging—may help mitigate students’ negative emotions, though causality cannot be inferred from cross-sectional associations.",Non-Cognitive / Process Output,Attitudinal / Affective,Student: Attitudinal/Behavioral; School/Teacher: Context
10.1007/s11482-023-10232-6,PISA 2018 Hong Kong (China) questionnaire well-being (student-level),Life satisfaction (subjective well-being),"Sense of belonging to school, Parents emotional support, Resilience, Teacher support in test language, Perceived teacher interest","Random Forest regression with 10-fold cross-validation (5 repeats). Full 29 predictors explained 22.96% variance (MSE=0.77); final 7 predictors selected. HLM (top 7 predictors) RMSE=0.884; total variance explained=0.219; ICC=0.013. The paper reports that school belonging, parental support, resilience, teachers’ support, and interest were five salient predictors with %IncMSE ranging from 34.19 to 54.35; overall life satisfaction model R2=19.83% (RMSE=0.80) in the cross-validation step.","Using PISA 2018 Hong Kong (China) the study leveraged school belonging, parental emotional support, and resilience (plus teacher support and teacher interest) to predict life satisfaction, finding that these family–school–individual factors jointly explained a substantial share of variance and that belonging and parental support were among the strongest contributors. This indicates that policies and school programs that enhance supportive parent–student relationships and students’ sense of belonging may improve global life satisfaction, while recognizing that the study’s cross-sectional design limits causal interpretation.",peer_reviewed_research,"Random Forest regression with 10-fold cross-validation (5 repeats). Full 29 predictors explained 22.96% variance (MSE=0.77); final 7 predictors selected. HLM (top 7 predictors) RMSE=0.884; total variance explained=0.219; ICC=0.013. The paper reports that school belonging, parental support, resilience, teachers’ support, and interest were five salient predictors with %IncMSE ranging from 34.19 to 54.35; overall life satisfaction model R2=19.83% (RMSE=0.80) in the cross-validation step.","Using PISA 2018 Hong Kong (China) the study leveraged school belonging, parental emotional support, and resilience (plus teacher support and teacher interest) to predict life satisfaction, finding that these family–school–individual factors jointly explained a substantial share of variance and that belonging and parental support were among the strongest contributors. This indicates that policies and school programs that enhance supportive parent–student relationships and students’ sense of belonging may improve global life satisfaction, while recognizing that the study’s cross-sectional design limits causal interpretation.",Non-Cognitive / Process Output,Attitudinal / Affective,School/Teacher: Context; Student: Attitudinal/Behavioral; Student: Demographic; School/Teacher: Practice
10.1007/s11482-023-10232-6,PISA 2018 Hong Kong (China) questionnaire well-being (student-level),Eudaimonic well-being (meaning in life),"Resilience, Mastery goal orientation, Work mastery, Sense of belonging to school, Perception of cooperation at school","Random Forest regression with 10-fold cross-validation (5 repeats). Full 29 predictors explained 27.05% variance (MSE=0.73); final 7 predictors selected. For eudaimonic well-being, top influential factors included resilience (ranked 1st) and work mastery (ranked 2nd) in the RF importance results; the paper reports %IncMSE ranges from 36.30 to 92.42 for selected factors. HLM (top 7 predictors) RMSE=0.846; total variance explained=0.287; ICC=0.012.","Using PISA 2018 Hong Kong (China) the study leveraged resilience and mastery-related motivational factors (mastery goal orientation and work mastery) together with school belonging to predict meaning in life, finding that resilience was the most influential predictor and that mastery-oriented motivation strongly supported eudaimonic well-being. This indicates that educational interventions fostering adaptive coping and mastery goals—alongside strengthening belonging—may promote students’ sense of purpose, though the analysis cannot establish causal effects.",peer_reviewed_research,"Random Forest regression with 10-fold cross-validation (5 repeats). Full 29 predictors explained 27.05% variance (MSE=0.73); final 7 predictors selected. For eudaimonic well-being, top influential factors included resilience (ranked 1st) and work mastery (ranked 2nd) in the RF importance results; the paper reports %IncMSE ranges from 36.30 to 92.42 for selected factors. HLM (top 7 predictors) RMSE=0.846; total variance explained=0.287; ICC=0.012.","Using PISA 2018 Hong Kong (China) the study leveraged resilience and mastery-related motivational factors (mastery goal orientation and work mastery) together with school belonging to predict meaning in life, finding that resilience was the most influential predictor and that mastery-oriented motivation strongly supported eudaimonic well-being. This indicates that educational interventions fostering adaptive coping and mastery goals—alongside strengthening belonging—may promote students’ sense of purpose, though the analysis cannot establish causal effects.",Non-Cognitive / Process Output,Attitudinal / Affective,Student: Attitudinal/Behavioral; School/Teacher: Context
10.1016/j.stueduc.2024.101412,"PISA 2022 Mathematics literacy (PVs), resilient students in Eastern cultures (Triandis grouping)",Mathematics literacy (Plausible Values 1–10),"MATHEF21, MATHEFF, ANXMAT, MATHPERS, WORKHOME","Random Forest (Eastern): Validation RMSE avg 47.06, Test RMSE avg 44.47; Validation R² avg 0.01, Test R² avg 0.01; Validation MAE avg 36.26, Test MAE avg 35.40. Lasso (Eastern): Validation RMSE avg 45.96, Test RMSE avg 45.96; Validation R² avg 0.00, Test R² avg 0.00; Validation MAE avg 36.44, Test MAE avg 36.44. Cross-model comparison (Kruskal-Wallis across four models): RMSE H(3)=61.54, p<.001; R² H(3)=41.25, p<.001; MAE H(3)=59.32, p<.001.","Using PISA 2022 mathematics literacy PVs for resilient students in Eastern cultures, the study leveraged MATHEF21, MATHEFF, ANXMAT, MATHPERS, and WORKHOME to predict mathematics literacy, finding that both Random Forest and Lasso achieved lower predictive performance in Eastern cultures than in Western cultures (e.g., higher RMSE and lower R² in Eastern). This indicates that culturally tailored supports—especially those targeting mathematics self-efficacy and anxiety management—may be more important for improving resilient students’ mathematics literacy in Eastern contexts, though the results are predictive rather than causal.",peer_reviewed_research,"Random Forest (Eastern): Validation RMSE avg 47.06, Test RMSE avg 44.47; Validation R² avg 0.01, Test R² avg 0.01; Validation MAE avg 36.26, Test MAE avg 35.40. Lasso (Eastern): Validation RMSE avg 45.96, Test RMSE avg 45.96; Validation R² avg 0.00, Test R² avg 0.00; Validation MAE avg 36.44, Test MAE avg 36.44. Cross-model comparison (Kruskal-Wallis across four models): RMSE H(3)=61.54, p<.001; R² H(3)=41.25, p<.001; MAE H(3)=59.32, p<.001.","Using PISA 2022 mathematics literacy PVs for resilient students in Eastern cultures, the study leveraged MATHEF21, MATHEFF, ANXMAT, MATHPERS, and WORKHOME to predict mathematics literacy, finding that both Random Forest and Lasso achieved lower predictive performance in Eastern cultures than in Western cultures (e.g., higher RMSE and lower R² in Eastern). This indicates that culturally tailored supports—especially those targeting mathematics self-efficacy and anxiety management—may be more important for improving resilient students’ mathematics literacy in Eastern contexts, though the results are predictive rather than causal.",Mathematics,Cognitive Achievement,Student: Attitudinal/Behavioral
10.1016/j.stueduc.2024.101412,"PISA 2022 Mathematics literacy (PVs), resilient students in Western cultures (Triandis grouping)",Mathematics literacy (Plausible Values 1–10),"MATHEFF, FAMSUP, HOMEPOS, COGACMCO, ANXMAT","Random Forest (Western): Validation RMSE avg 41.95, Test RMSE avg 42.27; Validation R² avg 0.06, Test R² avg 0.06; Validation MAE avg 33.21, Test MAE avg 32.65. Lasso (Western): Validation RMSE avg 41.76, Test RMSE avg 40.25; Validation R² avg 0.08, Test R² avg 0.11; Validation MAE avg 33.19, Test MAE avg 31.76. Cross-model comparison (Kruskal-Wallis across four models): RMSE H(3)=61.54, p<.001; R² H(3)=41.25, p<.001; MAE H(3)=59.32, p<.001.","Using PISA 2022 mathematics literacy PVs for resilient students in Western cultures, the study leveraged MATHEFF, FAMSUP, HOMEPOS, COGACMCO, and ANXMAT to predict mathematics literacy, finding that both Random Forest and Lasso performed better in Western cultures than in Eastern cultures (lower RMSE and higher R²/MAE advantage). This indicates that strengthening mathematics self-efficacy and leveraging supportive home resources and classroom cognitive activation may improve resilient students’ mathematics literacy in Western contexts, though causality cannot be inferred from the predictive ML models.",peer_reviewed_research,"Random Forest (Western): Validation RMSE avg 41.95, Test RMSE avg 42.27; Validation R² avg 0.06, Test R² avg 0.06; Validation MAE avg 33.21, Test MAE avg 32.65. Lasso (Western): Validation RMSE avg 41.76, Test RMSE avg 40.25; Validation R² avg 0.08, Test R² avg 0.11; Validation MAE avg 33.19, Test MAE avg 31.76. Cross-model comparison (Kruskal-Wallis across four models): RMSE H(3)=61.54, p<.001; R² H(3)=41.25, p<.001; MAE H(3)=59.32, p<.001.","Using PISA 2022 mathematics literacy PVs for resilient students in Western cultures, the study leveraged MATHEFF, FAMSUP, HOMEPOS, COGACMCO, and ANXMAT to predict mathematics literacy, finding that both Random Forest and Lasso performed better in Western cultures than in Eastern cultures (lower RMSE and higher R²/MAE advantage). This indicates that strengthening mathematics self-efficacy and leveraging supportive home resources and classroom cognitive activation may improve resilient students’ mathematics literacy in Western contexts, though causality cannot be inferred from the predictive ML models.",Mathematics,Cognitive Achievement,Student: Attitudinal/Behavioral; Student: SES
10.1016/j.stueduc.2024.101412,"PISA 2022 Mathematics literacy (PVs), resilient students across Eastern vs Western cultures",Key-feature importance for predicting mathematics literacy (Random Forest feature importance),"MATHEF21, MATHEFF, ANXMAT, WORKHOME, COGACMCO","Eastern RF feature importance (avg across 10 RF models): MATHEF21 91.03, MATHEFF 90.85, ANXMAT 83.18, MATHPERS 78.07, WORKHOME 77.99. Western RF feature importance (avg across 10 RF models): MATHEFF 100, MATHEFF21 63.84, FAMSUP 58.88, ANXMAT 56.61, HOMEPOS 56.39. Cultural difference tests: Kruskal-Wallis across model performance metrics showed significant differences across the four model/culture combinations (RMSE, R², MAE all p<.001).","Using PISA 2022 mathematics literacy PVs, the study compared Random Forest feature importance across Eastern and Western culture groups and found that the most important predictors differed by culture (e.g., mathematics anxiety and 21st-century self-efficacy were top in Eastern cultures, while mathematics self-efficacy was predominant in Western cultures). This indicates that interventions for resilient students should be culturally differentiated—prioritizing anxiety reduction and 21st-century self-efficacy supports in Eastern contexts, and boosting mathematics self-efficacy alongside supportive home/classroom practices in Western contexts—while recognizing that feature importance reflects prediction utility, not causal effects.",peer_reviewed_research,"Eastern RF feature importance (avg across 10 RF models): MATHEF21 91.03, MATHEFF 90.85, ANXMAT 83.18, MATHPERS 78.07, WORKHOME 77.99. Western RF feature importance (avg across 10 RF models): MATHEFF 100, MATHEFF21 63.84, FAMSUP 58.88, ANXMAT 56.61, HOMEPOS 56.39. Cultural difference tests: Kruskal-Wallis across model performance metrics showed significant differences across the four model/culture combinations (RMSE, R², MAE all p<.001).","Using PISA 2022 mathematics literacy PVs, the study compared Random Forest feature importance across Eastern and Western culture groups and found that the most important predictors differed by culture (e.g., mathematics anxiety and 21st-century self-efficacy were top in Eastern cultures, while mathematics self-efficacy was predominant in Western cultures). This indicates that interventions for resilient students should be culturally differentiated—prioritizing anxiety reduction and 21st-century self-efficacy supports in Eastern contexts, and boosting mathematics self-efficacy alongside supportive home/classroom practices in Western contexts—while recognizing that feature importance reflects prediction utility, not causal effects.",Mathematics,Cognitive Achievement,Student: Attitudinal/Behavioral
10.1080/01443410.2024.2359104,"PISA 2018 Mathematics (Spain, ages 15–16; mathematical literacy; plausible values)",Mathematical literacy performance (Plausible Value 8 selected),"Talk to mother’s partner, Talk to father’s partner, Friends days after school, Moderate physical activity, Satisfaction with possessions",Decision Tree (regression tree): selected PV8 with RMSE = 82.985 (max depth = 3; min obs/node = 25; min obs/terminal = 100). Random Forest: selected PV8 with RMSE = 75.579 (401 trees; max depth = 25; 10 variables).,"Using PISA 2018 Mathematics data for Spain, the study leveraged well-being questionnaire domains—especially social well-being indicators such as communication with parents’ partners and time with friends—along with physical and material well-being variables to predict mathematical literacy, finding that social well-being variables were the most influential and that Random Forest achieved lower prediction error than regression trees (RMSE 75.579 vs 82.985). This indicates that strengthening students’ supportive social relationships (with teachers, peers, and family contexts) may be a practical lever for improving mathematics outcomes, though the study’s cross-sectional design and PV-based modeling limit causal interpretation.",peer_reviewed_research,Decision Tree (regression tree): selected PV8 with RMSE = 82.985 (max depth = 3; min obs/node = 25; min obs/terminal = 100). Random Forest: selected PV8 with RMSE = 75.579 (401 trees; max depth = 25; 10 variables).,"Using PISA 2018 Mathematics data for Spain, the study leveraged well-being questionnaire domains—especially social well-being indicators such as communication with parents’ partners and time with friends—along with physical and material well-being variables to predict mathematical literacy, finding that social well-being variables were the most influential and that Random Forest achieved lower prediction error than regression trees (RMSE 75.579 vs 82.985). This indicates that strengthening students’ supportive social relationships (with teachers, peers, and family contexts) may be a practical lever for improving mathematics outcomes, though the study’s cross-sectional design and PV-based modeling limit causal interpretation.",Mathematics,Cognitive Achievement,Student: Attitudinal/Behavioral; School/Teacher: Context; Student: SES
10.1080/01443410.2024.2359104,PISA 2018 Mathematics (Spain; multilevel random-intercept models with PV-based outcome),Mathematical literacy performance (multilevel regression; Model 2 with 15 well-being predictors),"Student ESCS, Average ESCS (school), Talk to mother’s partner, Talk to teacher, Physical education class days",Multilevel models: Model 1 (with ESCS controls) explained 61.004% of variance; Model 2 (adds 15 well-being variables) increased explained variance to 66.912% and reduced deviance from 204589.486 to 202344.578 (X² = 2668.188; gl = 17; p = .000). ICC decreased from 12.675% (Model 1) to 5.656% (Model 2). Significant coefficients included: ESCS +23.101; average ESCS +25.122; talk to mother’s partner −16.102; talk to teacher +20.757; friends days after school −20.494; physical education class days (0 or 3+ days) −31.573.,"Using PISA 2018 Mathematics data for Spain, the study leveraged socioeconomic context controls (student and school ESCS) and the top well-being predictors from the ML step within multilevel random-intercept models to explain mathematical literacy, finding that adding student well-being variables increased explained variance from 61.004% to 66.912% and reduced between-school variance (ICC from 12.675% to 5.656%). This indicates that well-being—particularly social well-being and supportive communication with teachers—may meaningfully co-vary with mathematics performance beyond socioeconomic status, suggesting that school climate and relational supports could be prioritized in interventions, while causality cannot be inferred from non-experimental data.",peer_reviewed_research,Multilevel models: Model 1 (with ESCS controls) explained 61.004% of variance; Model 2 (adds 15 well-being variables) increased explained variance to 66.912% and reduced deviance from 204589.486 to 202344.578 (X² = 2668.188; gl = 17; p = .000). ICC decreased from 12.675% (Model 1) to 5.656% (Model 2). Significant coefficients included: ESCS +23.101; average ESCS +25.122; talk to mother’s partner −16.102; talk to teacher +20.757; friends days after school −20.494; physical education class days (0 or 3+ days) −31.573.,"Using PISA 2018 Mathematics data for Spain, the study leveraged socioeconomic context controls (student and school ESCS) and the top well-being predictors from the ML step within multilevel random-intercept models to explain mathematical literacy, finding that adding student well-being variables increased explained variance from 61.004% to 66.912% and reduced between-school variance (ICC from 12.675% to 5.656%). This indicates that well-being—particularly social well-being and supportive communication with teachers—may meaningfully co-vary with mathematics performance beyond socioeconomic status, suggesting that school climate and relational supports could be prioritized in interventions, while causality cannot be inferred from non-experimental data.",Mathematics,Cognitive Achievement,Student: SES; Student: Attitudinal/Behavioral; School/Teacher: Practice
10.1016/j.learninstruc.2024.101968,TIMSS 2019 Grade 8 Mathematics (Ireland),Mathematics achievement (PVs),"Total instructional time, School emphasis on success, Motivation and confidence, Parents education level, Books at home","Average treatment effects (ATEs) with 95% credible intervals; scaled effects reported as standard-deviation units. Key ATEs: Frequency every day vs up to once/twice per week: 7.51 points (1.63, 16.57), scaled 0.10 (0.02, 0.23). Frequency three/four times per week vs up to once/twice per week: 2.88 points (-3.61, 10.88), scaled 0.04 (-0.05, 0.15). Duration 16–30 min vs up to 15 min: -0.98 points (-3.85, 1.94), scaled -0.01 (-0.05, 0.03). Duration >30 min vs up to 15 min: 0.12 points (-3.37, 3.72), scaled 0.00 (-0.05, 0.05).","Using TIMSS 2019 Grade 8 Mathematics (Ireland) the study leveraged total instructional time, school emphasis on success, motivation and confidence, parents education level, and books at home to estimate causal effects of homework frequency and duration on mathematics achievement, finding that increasing homework frequency to every day produced a positive ATE of 7.51 points (95% credible interval 1.63–16.57) relative to up to once/twice per week. This indicates that policy and classroom practice should prioritize frequent (daily) short homework routines to improve mathematics achievement, while longer-duration homework beyond 15 minutes shows no clear causal benefit.",peer_reviewed_research,"Average treatment effects (ATEs) with 95% credible intervals; scaled effects reported as standard-deviation units. Key ATEs: Frequency every day vs up to once/twice per week: 7.51 points (1.63, 16.57), scaled 0.10 (0.02, 0.23). Frequency three/four times per week vs up to once/twice per week: 2.88 points (-3.61, 10.88), scaled 0.04 (-0.05, 0.15). Duration 16–30 min vs up to 15 min: -0.98 points (-3.85, 1.94), scaled -0.01 (-0.05, 0.03). Duration >30 min vs up to 15 min: 0.12 points (-3.37, 3.72), scaled 0.00 (-0.05, 0.05).","Using TIMSS 2019 Grade 8 Mathematics (Ireland) the study leveraged total instructional time, school emphasis on success, motivation and confidence, parents education level, and books at home to estimate causal effects of homework frequency and duration on mathematics achievement, finding that increasing homework frequency to every day produced a positive ATE of 7.51 points (95% credible interval 1.63–16.57) relative to up to once/twice per week. This indicates that policy and classroom practice should prioritize frequent (daily) short homework routines to improve mathematics achievement, while longer-duration homework beyond 15 minutes shows no clear causal benefit.",Mathematics,Cognitive Achievement,School/Teacher: Practice; School/Teacher: Context; Student: Attitudinal/Behavioral; Student: SES
10.1016/j.learninstruc.2024.101968,TIMSS 2019 Grade 8 Science (Ireland),Science achievement (PVs),"Total instructional time, School emphasis on success, Motivation and confidence, Parents education level, Books at home","Average treatment effects (ATEs) with 95% credible intervals; scaled effects reported as standard-deviation units. Key ATEs: Frequency three/four times per week vs up to once/twice per week: 5.31 points (2.35, 8.25), scaled 0.07 (0.03, 0.10). Frequency every day vs up to once/twice per week: -1.94 points (-5.96, 2.28), scaled -0.02 (-0.07, 0.03). Duration 16–30 min vs up to 15 min: 1.80 points (-1.37, 5.32), scaled 0.02 (-0.02, 0.06). Duration >30 min vs up to 15 min: 3.27 points (-2.20, 9.30), scaled 0.04 (-0.03, 0.11).","Using TIMSS 2019 Grade 8 Science (Ireland) the study leveraged total instructional time, school emphasis on success, motivation and confidence, parents education level, and books at home to estimate causal effects of homework frequency and duration on science achievement, finding that the optimal homework frequency was three to four times per week with an ATE of 5.31 points (95% credible interval 2.35–8.25) relative to up to once/twice per week. This indicates that homework policy should be subject-specific—encouraging moderately frequent homework in science rather than daily homework—while evidence does not support longer-duration homework beyond 15 minutes as reliably beneficial.",peer_reviewed_research,"Average treatment effects (ATEs) with 95% credible intervals; scaled effects reported as standard-deviation units. Key ATEs: Frequency three/four times per week vs up to once/twice per week: 5.31 points (2.35, 8.25), scaled 0.07 (0.03, 0.10). Frequency every day vs up to once/twice per week: -1.94 points (-5.96, 2.28), scaled -0.02 (-0.07, 0.03). Duration 16–30 min vs up to 15 min: 1.80 points (-1.37, 5.32), scaled 0.02 (-0.02, 0.06). Duration >30 min vs up to 15 min: 3.27 points (-2.20, 9.30), scaled 0.04 (-0.03, 0.11).","Using TIMSS 2019 Grade 8 Science (Ireland) the study leveraged total instructional time, school emphasis on success, motivation and confidence, parents education level, and books at home to estimate causal effects of homework frequency and duration on science achievement, finding that the optimal homework frequency was three to four times per week with an ATE of 5.31 points (95% credible interval 2.35–8.25) relative to up to once/twice per week. This indicates that homework policy should be subject-specific—encouraging moderately frequent homework in science rather than daily homework—while evidence does not support longer-duration homework beyond 15 minutes as reliably beneficial.",Science,Cognitive Achievement,School/Teacher: Practice; School/Teacher: Context; Student: Attitudinal/Behavioral; Student: SES
10.1016/j.learninstruc.2024.101968,TIMSS 2019 Grade 8 Mathematics & Science (Ireland),Socioeconomic moderation of homework effects,"Books at home, Parents education level, School average SES, Motivation and confidence, Total instructional time",Moderation results are presented visually (Fig. 4) as individual treatment effect variation by home resources and parental education; the paper reports no clear trend indicating similar predicted benefits across socioeconomic levels.,"Using TIMSS 2019 Grade 8 Mathematics and Science (Ireland) the study leveraged books at home, parents education level, school average SES, motivation and confidence, and total instructional time to assess whether socioeconomic advantage moderates the causal effect of homework frequency/duration. It found no clear trend that advantaged students benefit more than peers, indicating approximately similar predicted homework gains across socioeconomic groups. This indicates that, at least for Irish eighth graders in mathematics and science, well-designed homework frequency policies may improve achievement without widening socioeconomic achievement gaps, though unmeasured confounding and model assumptions remain limitations.",peer_reviewed_research,Moderation results are presented visually (Fig. 4) as individual treatment effect variation by home resources and parental education; the paper reports no clear trend indicating similar predicted benefits across socioeconomic levels.,"Using TIMSS 2019 Grade 8 Mathematics and Science (Ireland) the study leveraged books at home, parents education level, school average SES, motivation and confidence, and total instructional time to assess whether socioeconomic advantage moderates the causal effect of homework frequency/duration. It found no clear trend that advantaged students benefit more than peers, indicating approximately similar predicted homework gains across socioeconomic groups. This indicates that, at least for Irish eighth graders in mathematics and science, well-designed homework frequency policies may improve achievement without widening socioeconomic achievement gaps, though unmeasured confounding and model assumptions remain limitations.",Other / Unspecified,Other,Student: SES; Student: Attitudinal/Behavioral; School/Teacher: Practice
10.3390/bs16071062,TALIS 2024 School Administrator (4th cycle) — pooled administrators,Participatory school climate (T4POPPART),"School administrator leadership, School administrator job satisfaction, Diversity beliefs, Country context, School administrator well-being","XGBoost (with country): R²=0.218, MAE=1.417, RMSE=1.794. XGBoost (without country): R²=0.123, MAE=1.492, RMSE=1.900. ElasticNet (with country): R²=0.210, MAE=1.438, RMSE=1.803. Random Forest (with country): R²=0.178, MAE=1.440, RMSE=1.840.","Using TALIS 2024 School Administrator the study leveraged school administrator leadership, job satisfaction, diversity beliefs, country context, and well-being to predict participatory school climate, finding that the XGBoost model achieved the highest test performance (R²=0.218 with country; R²=0.123 without country). This indicates that participatory school climate is strongly associated with leadership and job satisfaction while also being context-sensitive across countries, though the authors caution that results are associations because TALIS survey weights and the full complex sampling design were not incorporated.",peer_reviewed_research,"XGBoost (with country): R²=0.218, MAE=1.417, RMSE=1.794. XGBoost (without country): R²=0.123, MAE=1.492, RMSE=1.900. ElasticNet (with country): R²=0.210, MAE=1.438, RMSE=1.803. Random Forest (with country): R²=0.178, MAE=1.440, RMSE=1.840.","Using TALIS 2024 School Administrator the study leveraged school administrator leadership, job satisfaction, diversity beliefs, country context, and well-being to predict participatory school climate, finding that the XGBoost model achieved the highest test performance (R²=0.218 with country; R²=0.123 without country). This indicates that participatory school climate is strongly associated with leadership and job satisfaction while also being context-sensitive across countries, though the authors caution that results are associations because TALIS survey weights and the full complex sampling design were not incorporated.",Non-Cognitive / Process Output,Attitudinal / Affective,School/Teacher: Context; Student: Attitudinal/Behavioral; System: Policy/Context
10.1109/CSCI62032.2023.00037,TIMSS 2019 Grade 8 Science (Singapore),Science achievement class (5 categories),"Socioeconomic status of parents, Confidence in science, Valuing science","Model comparison on evaluation partition (confusion matrices; metrics reported in Table II): XGBoost Accuracy 57.47%, Precision 29%, Recall 27%, F1 27%; Decision tree Accuracy 50.88%, Precision 28%, Recall 27%, F1 27%; Logistic regression Accuracy 50.57%, Precision 29%, Recall 33%, F1 30%; SVM Accuracy 47.99%, Precision 28%, Recall 30%, F1 27%; Naive Bayes Accuracy 46.14%, Precision 29%, Recall 32%, F1 28%. MAE in class prediction (Figure 6): XGBoost MAE 0.99 (lowest), Naive Bayes MAE 1.25 (highest).","Using TIMSS 2019 Grade 8 Science (Singapore) the study leveraged socioeconomic status of parents, confidence in science, and valuing science to predict science achievement class (excellent to unsatisfactory), finding that XGBoost achieved the highest accuracy (57.47%) and precision among the compared classifiers and the lowest MAE (0.99). This indicates that targeting these non-cognitive factors—especially family socioeconomic resources and students’ science confidence/values—may improve the likelihood of students reaching higher science achievement bands, though the results are predictive and do not establish causal effects.",peer_reviewed_research,"Model comparison on evaluation partition (confusion matrices; metrics reported in Table II): XGBoost Accuracy 57.47%, Precision 29%, Recall 27%, F1 27%; Decision tree Accuracy 50.88%, Precision 28%, Recall 27%, F1 27%; Logistic regression Accuracy 50.57%, Precision 29%, Recall 33%, F1 30%; SVM Accuracy 47.99%, Precision 28%, Recall 30%, F1 27%; Naive Bayes Accuracy 46.14%, Precision 29%, Recall 32%, F1 28%. MAE in class prediction (Figure 6): XGBoost MAE 0.99 (lowest), Naive Bayes MAE 1.25 (highest).","Using TIMSS 2019 Grade 8 Science (Singapore) the study leveraged socioeconomic status of parents, confidence in science, and valuing science to predict science achievement class (excellent to unsatisfactory), finding that XGBoost achieved the highest accuracy (57.47%) and precision among the compared classifiers and the lowest MAE (0.99). This indicates that targeting these non-cognitive factors—especially family socioeconomic resources and students’ science confidence/values—may improve the likelihood of students reaching higher science achievement bands, though the results are predictive and do not establish causal effects.",Science,Cognitive Achievement,Student: Attitudinal/Behavioral
10.1016/j.compedu.2024.105166,"PISA 2022 Spain (15-year-old students), student contextual profiles",Student cluster membership (profile labels),"Socioeconomic status (ESCS), ICT availability and usage at home, ICT availability and usage at school, Gender","k-means clustering (optimal k=7); best supervised classification model reported as global accuracy = 0.8643 (test set), precision = 0.8401–0.9321, recall = 0.8055–0.9406; interpretability via global and local SHAP; SHAP indicates ESCS and ICT-use variables as highest predictive-power features.","Using PISA 2022 Spain the study leveraged socioeconomic status (ESCS), ICT use at home and school, and gender to form and then classify student profile clusters, finding that ESCS and ICT-use variables had the highest predictive power for categorizing students. This indicates that strengthening equitable access to and regulation of ICT use—alongside targeted socioeconomic supports—may improve the identification and design of differentiated educational interventions for distinct student profiles, though the study’s clustering-to-classification pipeline is not causal and survey-weight handling is not reported.",peer_reviewed_research,"k-means clustering (optimal k=7); best supervised classification model reported as global accuracy = 0.8643 (test set), precision = 0.8401–0.9321, recall = 0.8055–0.9406; interpretability via global and local SHAP; SHAP indicates ESCS and ICT-use variables as highest predictive-power features.","Using PISA 2022 Spain the study leveraged socioeconomic status (ESCS), ICT use at home and school, and gender to form and then classify student profile clusters, finding that ESCS and ICT-use variables had the highest predictive power for categorizing students. This indicates that strengthening equitable access to and regulation of ICT use—alongside targeted socioeconomic supports—may improve the identification and design of differentiated educational interventions for distinct student profiles, though the study’s clustering-to-classification pipeline is not causal and survey-weight handling is not reported.",Other / Unspecified,Other,Student: SES; Student: Demographic
10.18608/jla.2024.8007,NAEP 2017 Grade 8 Mathematics (digital-based assessment; released booklet with item blocks 8M9 and 8M3),Process profile label (11 profiles),"Item response correctness sequence, Discretized response time sequence, Discretized tool-use sequence, Early vs middle vs late items, Performance level (score quartiles)","Not reported (proof-of-concept process-profile creation; clustering and active learning used, but no predictive accuracy/AUC/RMSE reported for the final profile labels).","Using NAEP 2017 Grade 8 Mathematics released digital assessment the study leveraged item response correctness, discretized response-time patterns, and discretized tool-use sequences (preserving early/middle/late context) to create and annotate 11 student process profiles, finding that profile labels largely align with raw score levels (from very low/disengaged to highest-performing) while providing additional context on engagement, rapid responding, speededness, and tool regulation. This indicates that these patterns have implications for educational policy and instructional practice, though cross-sectional ILSA designs cannot establish causality.",peer_reviewed_research,"Not reported (proof-of-concept process-profile creation; clustering and active learning used, but no predictive accuracy/AUC/RMSE reported for the final profile labels).","Using NAEP 2017 Grade 8 Mathematics released digital assessment the study leveraged item response correctness, discretized response-time patterns, and discretized tool-use sequences (preserving early/middle/late context) to create and annotate 11 student process profiles, finding that profile labels largely align with raw score levels (from very low/disengaged to highest-performing) while providing additional context on engagement, rapid responding, speededness, and tool regulation. This indicates that these patterns have implications for educational policy and instructional practice, though cross-sectional ILSA designs cannot establish causality.",Other / Unspecified,Other,Student: Attitudinal/Behavioral; Student: Prior Achievement
10.3390/educsci15020133,PISA 2022 Creative Thinking (country/economy means; 15-year-olds),Creative thinking score (PISA 2022 mean score),"Var 1 (writing/critical activities), Var 2 (art/music activities), Programming activity frequency","Pearson correlations: art −0.154 (p=0.266), music −0.094 (p=0.499), programming −0.578 (p<0.001), creative writing −0.700 (p<0.001), science club −0.810 (p<0.001), drama/theatre −0.802 (p<0.001), debate −0.841 (p<0.001), publications −0.868 (p<0.001). Regression: Model 1 (Var 1 only) R=0.852, adjusted R²=0.721; Model 2 (Var 1 + Var 2) R=0.881, adjusted R²=0.768. Coefficients (Model 2): Var 1 Beta=−0.949 (t=−13.180, p<0.001), Var 2 Beta=0.245 (t=3.409, p=0.001); programming excluded as non-significant.","Using PISA 2022 Creative Thinking the study leveraged Var 1 (writing/critical activities), Var 2 (art/music activities), and programming activity frequency to explain the PISA 2022 mean creative thinking score, finding that Var 1 had a strong negative association while Var 2 had a smaller positive association; programming was not statistically significant. This indicates that, in the way these school activities are implemented and measured in PISA 2022, activities clustered around verbal/critical-thinking contexts may not translate into higher creative-thinking performance, suggesting a need to redesign pedagogies and align activity goals with divergent/creative processes rather than assuming that participation alone improves creativity.",peer_reviewed_research,"Pearson correlations: art −0.154 (p=0.266), music −0.094 (p=0.499), programming −0.578 (p<0.001), creative writing −0.700 (p<0.001), science club −0.810 (p<0.001), drama/theatre −0.802 (p<0.001), debate −0.841 (p<0.001), publications −0.868 (p<0.001). Regression: Model 1 (Var 1 only) R=0.852, adjusted R²=0.721; Model 2 (Var 1 + Var 2) R=0.881, adjusted R²=0.768. Coefficients (Model 2): Var 1 Beta=−0.949 (t=−13.180, p<0.001), Var 2 Beta=0.245 (t=3.409, p=0.001); programming excluded as non-significant.","Using PISA 2022 Creative Thinking the study leveraged Var 1 (writing/critical activities), Var 2 (art/music activities), and programming activity frequency to explain the PISA 2022 mean creative thinking score, finding that Var 1 had a strong negative association while Var 2 had a smaller positive association; programming was not statistically significant. This indicates that, in the way these school activities are implemented and measured in PISA 2022, activities clustered around verbal/critical-thinking contexts may not translate into higher creative-thinking performance, suggesting a need to redesign pedagogies and align activity goals with divergent/creative processes rather than assuming that participation alone improves creativity.",Problem Solving,Cognitive Achievement,Student: Attitudinal/Behavioral
10.3390/educsci15020133,PISA 2022 Creative Thinking (Scientific Problem Solving domain; country/economy means),Scientific problem-solving domain score (PISA 2022),"Science club activity frequency, Programming activity frequency, Var 1 (writing/critical activities), Var 2 (art/music activities)","Pearson correlations with scientific problem-solving: science club −0.666 (p<0.001), programming −0.438 (p=0.001). Domain correlations with Var 1: scientific problem solving −0.708 (p<0.001); with Var 2: −0.010 (p=0.943). Regression summaries are referenced as linear models in supplementary tables (Tables S4–S8), with the paper stating programming remains insignificant once included in domain models.","Using PISA 2022 Creative Thinking data for the scientific problem-solving domain, the study leveraged science club participation and programming activity frequency (and the PCA-derived Var 1/Var 2 composites) to explain domain scores, finding significant negative correlations for both science clubs and programming and a strong negative association for Var 1 with the scientific domain. This indicates that participation in these activities, as currently practiced in many systems, may be misaligned with the specific creative-scientific processes assessed by PISA, implying that policy should focus on pedagogical quality and task design (e.g., open-ended ideation and iterative improvement) rather than increasing activity frequency alone.",peer_reviewed_research,"Pearson correlations with scientific problem-solving: science club −0.666 (p<0.001), programming −0.438 (p=0.001). Domain correlations with Var 1: scientific problem solving −0.708 (p<0.001); with Var 2: −0.010 (p=0.943). Regression summaries are referenced as linear models in supplementary tables (Tables S4–S8), with the paper stating programming remains insignificant once included in domain models.","Using PISA 2022 Creative Thinking data for the scientific problem-solving domain, the study leveraged science club participation and programming activity frequency (and the PCA-derived Var 1/Var 2 composites) to explain domain scores, finding significant negative correlations for both science clubs and programming and a strong negative association for Var 1 with the scientific domain. This indicates that participation in these activities, as currently practiced in many systems, may be misaligned with the specific creative-scientific processes assessed by PISA, implying that policy should focus on pedagogical quality and task design (e.g., open-ended ideation and iterative improvement) rather than increasing activity frequency alone.",Problem Solving,Cognitive Achievement,Student: Attitudinal/Behavioral
10.3390/educsci15020133,PISA 2022 Creative Thinking (country/economy means linked to PISA 2018/2022 reading and other domains),Creative thinking score (PISA 2022 mean score) predicted from PISA 2018/2022 reading and activity variables,"Reading score (PISA 2018), Reading score (PISA 2022), Var 1 (writing/critical activities), Programming activity frequency","Regression (PISA 2018 predictors): Model 1 (Reading 2018 only) R=0.912, adjusted R²=0.829; Model 2 (Reading 2018 + Var 1) R=0.929, adjusted R²=0.857. Regression (PISA 2022 predictors): Model 1 (Reading 2022 only) R=0.941, adjusted R²=0.883; Model 2 (Reading 2022 + Programming) R=0.950, adjusted R²=0.898. The paper reports mathematics and science scores were statistically insignificant and excluded in the final models.","Using PISA 2018 and PISA 2022 linked the study leveraged reading scores (and in some models Var 1 or programming) to predict the PISA 2022 creative thinking mean score, finding that reading was the strongest and most consistent positive predictor while mathematics and science scores were not significant. This indicates that strengthening reading comprehension and interpretive literacy may be a more reliable pathway for improving creative thinking outcomes than simply expanding participation in STEM-related activities, though the study’s correlational design and country-level aggregation limit causal interpretation.",peer_reviewed_research,"Regression (PISA 2018 predictors): Model 1 (Reading 2018 only) R=0.912, adjusted R²=0.829; Model 2 (Reading 2018 + Var 1) R=0.929, adjusted R²=0.857. Regression (PISA 2022 predictors): Model 1 (Reading 2022 only) R=0.941, adjusted R²=0.883; Model 2 (Reading 2022 + Programming) R=0.950, adjusted R²=0.898. The paper reports mathematics and science scores were statistically insignificant and excluded in the final models.","Using PISA 2018 and PISA 2022 linked the study leveraged reading scores (and in some models Var 1 or programming) to predict the PISA 2022 creative thinking mean score, finding that reading was the strongest and most consistent positive predictor while mathematics and science scores were not significant. This indicates that strengthening reading comprehension and interpretive literacy may be a more reliable pathway for improving creative thinking outcomes than simply expanding participation in STEM-related activities, though the study’s correlational design and country-level aggregation limit causal interpretation.",Problem Solving,Cognitive Achievement,Student: Prior Achievement; Student: Attitudinal/Behavioral
10.1016/j.ijer.2025.102607,PISA 2018 (ICT familiarity questionnaire; 53 countries/economies),Resilience in ICT engagement (IRS vs NRS),"ENTUSE, ICTRES, RESILIENCE, EMOSUPS, ST004D01T","SVM (best by F-measure): AUC=95.10%, Accuracy=86.45%, Recall=97.09%, Precision=80.27%, F-measure=87.78% (10-fold cross-validation). RF: AUC=94.81%, Accuracy=86.86%, Recall=84.67%, Precision=88.18%, F-measure=84.70%. DT: AUC=84.84%, Accuracy=76.57%, Recall=75.19%, Precision=76.67%, F-measure=75.07%. LR: AUC=74.05%, Accuracy=68.13%, Recall=72.29%, Precision=67.14%, F-measure=69.51%.","Using PISA 2018 ICT familiarity questionnaire the study leveraged ENTUSE, ICTRES, RESILIENCE, EMOSUPS, and ST004D01T to classify resilience in ICT engagement (IRS vs NRS), finding that SVM achieved the highest overall discrimination (F-measure=87.78%) while LR was weakest (F-measure=69.51%). This indicates that strengthening students’ out-of-school ICT engagement for entertainment alongside self-efficacy and emotional parental support may help identify and support ESCS-disadvantaged students who can adapt and remain highly engaged in ICT, though the cross-sectional design and lack of reported survey-weighted estimation limit causal interpretation.",peer_reviewed_research,"SVM (best by F-measure): AUC=95.10%, Accuracy=86.45%, Recall=97.09%, Precision=80.27%, F-measure=87.78% (10-fold cross-validation). RF: AUC=94.81%, Accuracy=86.86%, Recall=84.67%, Precision=88.18%, F-measure=84.70%. DT: AUC=84.84%, Accuracy=76.57%, Recall=75.19%, Precision=76.67%, F-measure=75.07%. LR: AUC=74.05%, Accuracy=68.13%, Recall=72.29%, Precision=67.14%, F-measure=69.51%.","Using PISA 2018 ICT familiarity questionnaire the study leveraged ENTUSE, ICTRES, RESILIENCE, EMOSUPS, and ST004D01T to classify resilience in ICT engagement (IRS vs NRS), finding that SVM achieved the highest overall discrimination (F-measure=87.78%) while LR was weakest (F-measure=69.51%). This indicates that strengthening students’ out-of-school ICT engagement for entertainment alongside self-efficacy and emotional parental support may help identify and support ESCS-disadvantaged students who can adapt and remain highly engaged in ICT, though the cross-sectional design and lack of reported survey-weighted estimation limit causal interpretation.",Non-Cognitive / Process Output,Policy / System Outcome,Student: Attitudinal/Behavioral
10.1007/s10639-023-11908-0,"PISA 2018 Digital Reading (15-year-olds), seven East Asian economies",Academic resilience classification (ARS vs NRS; binary),"Assess credibility metacognition, Summarizing metacognition, Reading enjoyment, ICT resources at home, Teacher feedback","SVM (linear kernel) with SVM-RFE and ten-fold cross-validation: Accuracy=87.51%, AUC=94.86%, Recall=95.98%, Precision=83.11%, F-measure=88.63%. Using the optimal top-20 feature subset: Accuracy=84.35%, AUC=92.34%, Recall=91.51%, Precision=80.69%, F-measure=85.42%.","Using PISA 2018 Digital Reading data for ESCS-disadvantaged students across seven East Asian economies, the study leveraged metacognitive strategies (assessing credibility, summarizing, understanding/remembering) and reading enjoyment, alongside ICT resources and teacher feedback, to classify academically resilient (ARS) versus non-academically resilient (NRS) students, finding that a small set of 20 contextual features achieved high discrimination (Accuracy≈84–88%, AUC≈92–95%). This indicates that strengthening digital reading metacognition and sustaining reading enjoyment—while also improving supportive classroom practices and clarifying how students use ICT—may help identify and support resilient learners, though the cross-sectional design and PV1-based labeling prevent causal claims.",peer_reviewed_research,"SVM (linear kernel) with SVM-RFE and ten-fold cross-validation: Accuracy=87.51%, AUC=94.86%, Recall=95.98%, Precision=83.11%, F-measure=88.63%. Using the optimal top-20 feature subset: Accuracy=84.35%, AUC=92.34%, Recall=91.51%, Precision=80.69%, F-measure=85.42%.","Using PISA 2018 Digital Reading data for ESCS-disadvantaged students across seven East Asian economies, the study leveraged metacognitive strategies (assessing credibility, summarizing, understanding/remembering) and reading enjoyment, alongside ICT resources and teacher feedback, to classify academically resilient (ARS) versus non-academically resilient (NRS) students, finding that a small set of 20 contextual features achieved high discrimination (Accuracy≈84–88%, AUC≈92–95%). This indicates that strengthening digital reading metacognition and sustaining reading enjoyment—while also improving supportive classroom practices and clarifying how students use ICT—may help identify and support resilient learners, though the cross-sectional design and PV1-based labeling prevent causal claims.",Non-Cognitive / Process Output,Policy / System Outcome,Student: SES; Student: Attitudinal/Behavioral; School/Teacher: Practice
10.1177/21582440241284915,"PISA 2015 Science (15-year-olds), five countries (SGP, JPN, EST, FIN, KOR)",Science self-efficacy (WLE index),"Environmental awareness, Science activities index, Epistemological beliefs, Interest in broad science topics, Test anxiety","Student level (ML regression comparison): Light Gradient Boosting — RMSE: 0.960, R²: 0.356; Gradient Boosting regressor — RMSE: 0.964, R²: 0.351; Extra Trees regressor — RMSE: 0.969, R²: 0.344; Random Forest regressor — RMSE: 0.974, R²: 0.338; Bayesian Ridge — RMSE: 0.985, R²: 0.322. Teacher/school level (ML regression comparison): Gradient Boosting regressor — RMSE: 1.172, R²: 0.041; AdaBoost regressor — RMSE: 1.178, R²: 0.031; Bayesian Ridge — RMSE: 1.178, R²: 0.030; Ridge regression — RMSE: 1.180, R²: 0.028. Additional analysis (Science self-efficacy latent profile membership (student-level: low/moderate/high)): MLPA optimal profiles: three student-level classes (low/moderate/high) and two teacher/school-level classes (mid-low/mid-high). Group-difference tests (Wald): low vs moderate, low vs high, and moderate vs high comparisons reported for multiple covariates (e.g., environmental awareness, science activities, epistemological beliefs, interest, enjoyment, instrumental motivation, test anxiety, achieving motivation, perceived ICT autonomy), with most p-values < .001 except where noted (e.g., epistemological beliefs low vs moderate p=.350; enjoyment low vs moderate p=.230; instrumental motivation low vs high p=.150; inquiry-based practices low vs moderate p=.094). Additional analysis (Science self-efficacy latent profile membership (teacher/school-level: mid-low/mid-high)): MLPA optimal profiles: two teacher/school-level classes (mid-low/mid-high). Teacher/school-level group-difference tests (Wald): science-specific resources (SCIERES) estimate 196.633, p<.001; instructional leadership (LEADINST) estimate 99.824, p<.001; student-teacher ratio (STRATIO) estimate 265.871, p<.001; class size (CLSIZE) estimate 206.838, p<.001; total number of science teachers (TOTST) estimate 833.558, p<.001.","Using PISA 2015 Science data from five high-performing countries (SGP, JPN, EST, FIN, KOR), the study leveraged environmental awareness, science activities, epistemological beliefs, interest in broad science topics, and test anxiety to predict students’ science self-efficacy (WLE index), finding that Light Gradient Boosting achieved the smallest student-level RMSE (0.960) among compared regression models. This indicates that students’ affective and motivational science experiences (along with lower test anxiety) are the most predictive correlates of science self-efficacy, suggesting that science self-efficacy interventions should prioritize classroom and learning-experience design that strengthens interest, enjoyment, and mastery-related motivation, while recognizing that the teacher/school-level predictive fit is comparatively weak (low R²).",peer_reviewed_research,"Student level (ML regression comparison): Light Gradient Boosting — RMSE: 0.960, R²: 0.356; Gradient Boosting regressor — RMSE: 0.964, R²: 0.351; Extra Trees regressor — RMSE: 0.969, R²: 0.344; Random Forest regressor — RMSE: 0.974, R²: 0.338; Bayesian Ridge — RMSE: 0.985, R²: 0.322. Teacher/school level (ML regression comparison): Gradient Boosting regressor — RMSE: 1.172, R²: 0.041; AdaBoost regressor — RMSE: 1.178, R²: 0.031; Bayesian Ridge — RMSE: 1.178, R²: 0.030; Ridge regression — RMSE: 1.180, R²: 0.028. Additional analysis (Science self-efficacy latent profile membership (student-level: low/moderate/high)): MLPA optimal profiles: three student-level classes (low/moderate/high) and two teacher/school-level classes (mid-low/mid-high). Group-difference tests (Wald): low vs moderate, low vs high, and moderate vs high comparisons reported for multiple covariates (e.g., environmental awareness, science activities, epistemological beliefs, interest, enjoyment, instrumental motivation, test anxiety, achieving motivation, perceived ICT autonomy), with most p-values < .001 except where noted (e.g., epistemological beliefs low vs moderate p=.350; enjoyment low vs moderate p=.230; instrumental motivation low vs high p=.150; inquiry-based practices low vs moderate p=.094). Additional analysis (Science self-efficacy latent profile membership (teacher/school-level: mid-low/mid-high)): MLPA optimal profiles: two teacher/school-level classes (mid-low/mid-high). Teacher/school-level group-difference tests (Wald): science-specific resources (SCIERES) estimate 196.633, p<.001; instructional leadership (LEADINST) estimate 99.824, p<.001; student-teacher ratio (STRATIO) estimate 265.871, p<.001; class size (CLSIZE) estimate 206.838, p<.001; total number of science teachers (TOTST) estimate 833.558, p<.001.","Using PISA 2015 Science data from five high-performing countries (SGP, JPN, EST, FIN, KOR), the study leveraged environmental awareness, science activities, epistemological beliefs, interest in broad science topics, and test anxiety to predict students’ science self-efficacy (WLE index), finding that Light Gradient Boosting achieved the smallest student-level RMSE (0.960) among compared regression models. This indicates that students’ affective and motivational science experiences (along with lower test anxiety) are the most predictive correlates of science self-efficacy, suggesting that science self-efficacy interventions should prioritize classroom and learning-experience design that strengthens interest, enjoyment, and mastery-related motivation, while recognizing that the teacher/school-level predictive fit is comparatively weak (low R²).",Non-Cognitive / Process Output,Attitudinal / Affective,Student: Attitudinal/Behavioral; Student: Process Data
10.1186/s40536-022-00150-8,PISA 2015 Grade 10 (US) Schoolwork-related anxiety (ANXTEST),Schoolwork-related anxiety (ANXTEST),"Gender, Want top grades (courses), Feeling like an outsider, Mathematics achievement (PV1), Reading achievement (PV1)","RMSE (100 iterations): LASSO mean=0.866 (SD=0.014), Enet mean=0.866 (SD=0.014), Random Forest mean=0.881 (SD=0.014). Selection counts across 100 iterations: LASSO selected 27 variables in all 100 iterations; Enet selected 27 variables in all 100 iterations; 187/188 variables selected at least once.","Using PISA 2015 Grade 10 (US) the study leveraged gender, achievement goals/belonging indicators, and mathematics/reading achievement (PV1) to predict schoolwork-related anxiety (ANXTEST), finding that LASSO and elastic net outperformed random forest in RMSE while producing comparable variable-selection patterns across 100 split-iterations. This indicates that penalized linear models can provide stable, interpretable predictor sets for schoolwork-related anxiety in large-scale assessments, supporting policy/practice efforts to target achievement-goal and belonging-related supports rather than relying on less stable nonlinear selection from random forests, though the results are predictive (not causal) and depend on kNN imputation and the specific PISA anxiety operationalization.",peer_reviewed_research,"RMSE (100 iterations): LASSO mean=0.866 (SD=0.014), Enet mean=0.866 (SD=0.014), Random Forest mean=0.881 (SD=0.014). Selection counts across 100 iterations: LASSO selected 27 variables in all 100 iterations; Enet selected 27 variables in all 100 iterations; 187/188 variables selected at least once.","Using PISA 2015 Grade 10 (US) the study leveraged gender, achievement goals/belonging indicators, and mathematics/reading achievement (PV1) to predict schoolwork-related anxiety (ANXTEST), finding that LASSO and elastic net outperformed random forest in RMSE while producing comparable variable-selection patterns across 100 split-iterations. This indicates that penalized linear models can provide stable, interpretable predictor sets for schoolwork-related anxiety in large-scale assessments, supporting policy/practice efforts to target achievement-goal and belonging-related supports rather than relying on less stable nonlinear selection from random forests, though the results are predictive (not causal) and depend on kNN imputation and the specific PISA anxiety operationalization.",Non-Cognitive / Process Output,Attitudinal / Affective,Student: Demographic; Student: SES; Student: Attitudinal/Behavioral; Student: Prior Achievement
10.1111/ssm.18363,"PISA 2018 Grade 10 Mathematics (Spain, age 15)",Mathematical competence achievement (PISA-derived criterion),"ICT availability and use, Well-being, Supportive school context, Household possessions and home indices, Metacognition","R² (reported as prediction percentage) via 10-fold cross-validation: Ridge 56.10% (±0.01%), SVR 55.92% (±0.01%), Random Forest 54.84% (±0.02%) when 100 variables were introduced.","Using PISA 2018 Grade 10 Mathematics data for Spanish students, the study leveraged ICT availability and use, well-being, supportive school context, household possessions/home indices, and metacognition to predict mathematical competence achievement, finding that the Ridge model achieved the highest prediction percentage (56.10%) among the three data-mining methods. This indicates that strengthening ICT-related learning opportunities alongside student well-being and supportive school conditions may be a high-leverage strategy for improving mathematics performance, though the study is cross-sectional and does not establish causal effects.",peer_reviewed_research,"R² (reported as prediction percentage) via 10-fold cross-validation: Ridge 56.10% (±0.01%), SVR 55.92% (±0.01%), Random Forest 54.84% (±0.02%) when 100 variables were introduced.","Using PISA 2018 Grade 10 Mathematics data for Spanish students, the study leveraged ICT availability and use, well-being, supportive school context, household possessions/home indices, and metacognition to predict mathematical competence achievement, finding that the Ridge model achieved the highest prediction percentage (56.10%) among the three data-mining methods. This indicates that strengthening ICT-related learning opportunities alongside student well-being and supportive school conditions may be a high-leverage strategy for improving mathematics performance, though the study is cross-sectional and does not establish causal effects.",Mathematics,Cognitive Achievement,Student: Attitudinal/Behavioral; School/Teacher: Context; Student: SES
10.1111/ssm.18363,"PISA 2018 Grade 10 Science (Spain, age 15)",Scientific competence achievement (PISA-derived criterion),"Well-being, Supportive school context, Metacognition, Mother tongue and reading, Economic and cultural parent level","R² (reported as prediction percentage) via 10-fold cross-validation: Ridge 62.27% (±0.02%), SVR 62.12% (±0.01%), Random Forest 55.22% (±0.01%) when 100 variables were introduced.","Using PISA 2018 Grade 10 Science data for Spanish students, the study leveraged well-being, supportive school context, metacognition, mother tongue/reading-related variables, and economic/cultural parent level to predict scientific competence achievement, finding that the Ridge model achieved the highest prediction percentage (62.27%) among the three data-mining methods. This indicates that science improvement efforts should pair emotional and contextual supports with metacognitive strategy development and reading/language supports, while recognizing that the analysis cannot infer causality from predictive associations.",peer_reviewed_research,"R² (reported as prediction percentage) via 10-fold cross-validation: Ridge 62.27% (±0.02%), SVR 62.12% (±0.01%), Random Forest 55.22% (±0.01%) when 100 variables were introduced.","Using PISA 2018 Grade 10 Science data for Spanish students, the study leveraged well-being, supportive school context, metacognition, mother tongue/reading-related variables, and economic/cultural parent level to predict scientific competence achievement, finding that the Ridge model achieved the highest prediction percentage (62.27%) among the three data-mining methods. This indicates that science improvement efforts should pair emotional and contextual supports with metacognitive strategy development and reading/language supports, while recognizing that the analysis cannot infer causality from predictive associations.",Composite / Multi-Domain,Cognitive Achievement,Student: Attitudinal/Behavioral; School/Teacher: Context
10.1016/j.jenvman.2025.126398,PISA 2018 (15-year-olds) — private-sphere environmental actions,Private-sphere environmental actions (classification),"Environmental attitude, Critical thinking, Climate-change explanatory capacity, Sense of life meaning, School belonging","LightGBM (validation): Accuracy 0.699, F1 0.698, Recall 0.699, AUC 0.762. LightGBM (test): Accuracy 0.700, F1 0.702, Recall 0.702, AUC 0.767. XGBoost selected for private-sphere actions (test): Accuracy/Recall 0.833, AUC 0.718; Random Forest highest F1 (0.781 vs 0.772 for LightGBM).","Using PISA 2018 the study leveraged environmental attitude, critical thinking, climate-change explanatory capacity, sense of life meaning, and school belonging to predict private-sphere environmental actions, finding that individual and school factors were the most influential and that model performance was stronger for private-sphere than public-sphere actions. This indicates that strengthening adolescents’ climate-related knowledge and personal attitudes—supported by school environments that build belonging and supportive discussion—may be an effective pathway for promoting household environmental behaviors, though the cross-sectional design prevents causal claims.",peer_reviewed_research,"LightGBM (validation): Accuracy 0.699, F1 0.698, Recall 0.699, AUC 0.762. LightGBM (test): Accuracy 0.700, F1 0.702, Recall 0.702, AUC 0.767. XGBoost selected for private-sphere actions (test): Accuracy/Recall 0.833, AUC 0.718; Random Forest highest F1 (0.781 vs 0.772 for LightGBM).","Using PISA 2018 the study leveraged environmental attitude, critical thinking, climate-change explanatory capacity, sense of life meaning, and school belonging to predict private-sphere environmental actions, finding that individual and school factors were the most influential and that model performance was stronger for private-sphere than public-sphere actions. This indicates that strengthening adolescents’ climate-related knowledge and personal attitudes—supported by school environments that build belonging and supportive discussion—may be an effective pathway for promoting household environmental behaviors, though the cross-sectional design prevents causal claims.",Other / Unspecified,Other,Student: Attitudinal/Behavioral; School/Teacher: Context
10.1016/j.jenvman.2025.126398,PISA 2018 (15-year-olds) — public-sphere environmental actions,Public-sphere environmental actions (classification),"Environmental attitude, International event discussion, School belonging, Mean Sustainable Development Score, Environmental Performance Index (EPI)","LightGBM (validation): Accuracy 0.699, F1 0.698, Recall 0.699, AUC 0.762. LightGBM (test): Accuracy 0.700, F1 0.702, Recall 0.702, AUC 0.767. XGBoost (validation): Accuracy 0.830, Recall 0.830, AUC 0.709; Random Forest highest F1 0.780. XGBoost (test): Accuracy/Recall 0.833, AUC 0.718; Random Forest slightly higher F1 (0.781 vs 0.772).","Using PISA 2018 the study leveraged environmental attitude, international event discussion, school belonging, mean sustainable development score, and environmental performance index to predict public-sphere environmental actions, finding that public actions were jointly shaped by individual, school, and national factors and that national context variables ranked highly in SHAP importance. This indicates that education policy should pair school-level civic/participation supports with national sustainability commitments and governance signals to better enable adolescents’ collective environmental engagement, while recognizing that SHAP-based importance reflects prediction contribution rather than causal effects.",peer_reviewed_research,"LightGBM (validation): Accuracy 0.699, F1 0.698, Recall 0.699, AUC 0.762. LightGBM (test): Accuracy 0.700, F1 0.702, Recall 0.702, AUC 0.767. XGBoost (validation): Accuracy 0.830, Recall 0.830, AUC 0.709; Random Forest highest F1 0.780. XGBoost (test): Accuracy/Recall 0.833, AUC 0.718; Random Forest slightly higher F1 (0.781 vs 0.772).","Using PISA 2018 the study leveraged environmental attitude, international event discussion, school belonging, mean sustainable development score, and environmental performance index to predict public-sphere environmental actions, finding that public actions were jointly shaped by individual, school, and national factors and that national context variables ranked highly in SHAP importance. This indicates that education policy should pair school-level civic/participation supports with national sustainability commitments and governance signals to better enable adolescents’ collective environmental engagement, while recognizing that SHAP-based importance reflects prediction contribution rather than causal effects.",Other / Unspecified,Other,Student: Attitudinal/Behavioral; School/Teacher: Context; Student: Prior Achievement
10.1080/1743727X.2021.1963226,"PISA 2015 Mathematics proficiency (Levels 1b–6; below Level 2 / Levels 2–4 / Level 5+), Germany",Mathematics proficiency level (categorical),"ICT autonomy, Socioeconomic status (ESCS), Gender, ICT interest, ICT competence",Random Forest classification — multiclass AUC: 67.44% on the 2015 test set (20% hold-out). Class imbalance addressed by oversampling the training set; AUC computed with pROC; variable importance via mean decrease in accuracy (permutation importance).,"Using PISA 2015 Germany the study leveraged ICT autonomy, socioeconomic status (ESCS), gender, ICT interest, and ICT competence to predict mathematics proficiency level categories, finding that ICT autonomy was among the most important predictors and that higher autonomy increased the probability of Level 5+ while lower autonomy increased the probability of below Level 2. This indicates that these patterns have implications for educational policy and instructional practice, though cross-sectional ILSA designs cannot establish causality.",peer_reviewed_research,Random Forest classification — multiclass AUC: 67.44% on the 2015 test set (20% hold-out). Class imbalance addressed by oversampling the training set; AUC computed with pROC; variable importance via mean decrease in accuracy (permutation importance).,"Using PISA 2015 Germany the study leveraged ICT autonomy, socioeconomic status (ESCS), gender, ICT interest, and ICT competence to predict mathematics proficiency level categories, finding that ICT autonomy was among the most important predictors and that higher autonomy increased the probability of Level 5+ while lower autonomy increased the probability of below Level 2. This indicates that these patterns have implications for educational policy and instructional practice, though cross-sectional ILSA designs cannot establish causality.",Mathematics,Cognitive Achievement,Student: Attitudinal/Behavioral; Student: SES; Student: Demographic
10.1080/1743727X.2021.1963226,"PISA 2015 Science proficiency (Levels 1b–6; below Level 2 / Levels 2–4 / Level 5+), Germany",Science proficiency level (categorical),"ICT autonomy, Socioeconomic status (ESCS), Gender, ICT interest, ICT competence",Random Forest classification — multiclass AUC: 71.66% on the 2015 test set (20% hold-out). Variable importance via permutation mean decrease in accuracy; partial dependence used to interpret direction and nonlinearity.,"Using PISA 2015 Germany the study leveraged ICT autonomy, socioeconomic status (ESCS), gender, ICT interest, and ICT competence to predict science proficiency level categories, finding that ICT autonomy was more important than other ICT attitudes and that higher autonomy increased the probability of Level 5+ while higher ICT in social interaction increased the probability of below Level 2. This indicates that these patterns have implications for educational policy and instructional practice, though cross-sectional ILSA designs cannot establish causality.",peer_reviewed_research,Random Forest classification — multiclass AUC: 71.66% on the 2015 test set (20% hold-out). Variable importance via permutation mean decrease in accuracy; partial dependence used to interpret direction and nonlinearity.,"Using PISA 2015 Germany the study leveraged ICT autonomy, socioeconomic status (ESCS), gender, ICT interest, and ICT competence to predict science proficiency level categories, finding that ICT autonomy was more important than other ICT attitudes and that higher autonomy increased the probability of Level 5+ while higher ICT in social interaction increased the probability of below Level 2. This indicates that these patterns have implications for educational policy and instructional practice, though cross-sectional ILSA designs cannot establish causality.",Composite / Multi-Domain,Cognitive Achievement,Student: Attitudinal/Behavioral; Student: SES; Student: Demographic
10.1080/1743727X.2021.1963226,"PISA 2015 Mathematics literacy (10 plausible values), Germany",Mathematical literacy (continuous; PV-based),"Gender, Socioeconomic status (ESCS), ICT competence, ICT interest, ICT in social interaction",HLM (random intercepts; lme4; REML; grand-mean centered/standardized predictors; Fay’s method with 80 replicates; estimates averaged across 10 plausible values) — ICT autonomy positive and significant; ICT in social interaction negative and significant. Nakagawa R²: marginal .055 and conditional .444 (2015).,"Using PISA 2015 Germany the study leveraged gender, ESCS, and the four ICT attitude indices (ICT competence, ICT interest, ICT in social interaction, ICT autonomy) to predict mathematical literacy (PV-based), finding that ICT autonomy was significantly and positively associated with literacy while ICT in social interaction was significantly and negatively associated; ICT competence and ICT interest were not significant at the stated testing threshold. This indicates that these patterns have implications for educational policy and instructional practice, though cross-sectional ILSA designs cannot establish causality.",peer_reviewed_research,HLM (random intercepts; lme4; REML; grand-mean centered/standardized predictors; Fay’s method with 80 replicates; estimates averaged across 10 plausible values) — ICT autonomy positive and significant; ICT in social interaction negative and significant. Nakagawa R²: marginal .055 and conditional .444 (2015).,"Using PISA 2015 Germany the study leveraged gender, ESCS, and the four ICT attitude indices (ICT competence, ICT interest, ICT in social interaction, ICT autonomy) to predict mathematical literacy (PV-based), finding that ICT autonomy was significantly and positively associated with literacy while ICT in social interaction was significantly and negatively associated; ICT competence and ICT interest were not significant at the stated testing threshold. This indicates that these patterns have implications for educational policy and instructional practice, though cross-sectional ILSA designs cannot establish causality.",Mathematics,Cognitive Achievement,Student: Demographic; Student: SES; Student: Attitudinal/Behavioral
10.1080/1743727X.2021.1963226,"PISA 2015 Science literacy (10 plausible values), Germany",Scientific literacy (continuous; PV-based),"Gender, Socioeconomic status (ESCS), ICT competence, ICT interest, ICT in social interaction",HLM (random intercepts; REML; Fay’s method with 80 replicates; averaged across 10 plausible values) — ICT autonomy positive and significant; ICT in social interaction negative and significant. Nakagawa R²: marginal .066 and conditional .444 (2015). Reported coefficient magnitude: ICT autonomy β=38.29 (strongest among predictors in 2015).,"Using PISA 2015 Germany the study leveraged gender, ESCS, and the four ICT attitude indices to predict scientific literacy (PV-based), finding that ICT autonomy had the strongest positive association (β=38.29) and that ICT in social interaction had a significant negative association, while ICT competence and ICT interest were not significant under the .001 Wald testing approach. This indicates that these patterns have implications for educational policy and instructional practice, though cross-sectional ILSA designs cannot establish causality.",peer_reviewed_research,HLM (random intercepts; REML; Fay’s method with 80 replicates; averaged across 10 plausible values) — ICT autonomy positive and significant; ICT in social interaction negative and significant. Nakagawa R²: marginal .066 and conditional .444 (2015). Reported coefficient magnitude: ICT autonomy β=38.29 (strongest among predictors in 2015).,"Using PISA 2015 Germany the study leveraged gender, ESCS, and the four ICT attitude indices to predict scientific literacy (PV-based), finding that ICT autonomy had the strongest positive association (β=38.29) and that ICT in social interaction had a significant negative association, while ICT competence and ICT interest were not significant under the .001 Wald testing approach. This indicates that these patterns have implications for educational policy and instructional practice, though cross-sectional ILSA designs cannot establish causality.",Science,Cognitive Achievement,Student: Demographic; Student: SES; Student: Attitudinal/Behavioral
10.1080/1743727X.2021.1963226,"PISA 2018 Mathematics literacy (10 plausible values), Germany",Mathematical literacy (continuous; PV-based),"Gender, Socioeconomic status (ESCS), ICT competence, ICT interest, ICT in social interaction",HLM (random intercepts; REML; Fay’s method with 80 replicates; averaged across 10 plausible values) — ICT autonomy positive and significant; ICT in social interaction negative and significant. Nakagawa R²: marginal .055 and conditional .408 (2018). Reported coefficient magnitude: ICT autonomy β=25.99 (second strongest after ESCS in 2018).,"Using PISA 2018 Germany the study leveraged gender, ESCS, and the four ICT attitude indices to predict mathematical literacy (PV-based), finding that ICT autonomy remained significantly and positively associated with literacy and that ICT in social interaction remained significantly negative; the overall fixed-effect patterns were similar to 2015. This indicates that these patterns have implications for educational policy and instructional practice, though cross-sectional ILSA designs cannot establish causality.",peer_reviewed_research,HLM (random intercepts; REML; Fay’s method with 80 replicates; averaged across 10 plausible values) — ICT autonomy positive and significant; ICT in social interaction negative and significant. Nakagawa R²: marginal .055 and conditional .408 (2018). Reported coefficient magnitude: ICT autonomy β=25.99 (second strongest after ESCS in 2018).,"Using PISA 2018 Germany the study leveraged gender, ESCS, and the four ICT attitude indices to predict mathematical literacy (PV-based), finding that ICT autonomy remained significantly and positively associated with literacy and that ICT in social interaction remained significantly negative; the overall fixed-effect patterns were similar to 2015. This indicates that these patterns have implications for educational policy and instructional practice, though cross-sectional ILSA designs cannot establish causality.",Mathematics,Cognitive Achievement,Student: Demographic; Student: SES; Student: Attitudinal/Behavioral
10.1080/1743727X.2021.1963226,"PISA 2018 Science literacy (10 plausible values), Germany",Scientific literacy (continuous; PV-based),"Gender, Socioeconomic status (ESCS), ICT competence, ICT interest, ICT in social interaction",HLM (random intercepts; REML; Fay’s method with 80 replicates; averaged across 10 plausible values) — ICT autonomy positive and significant; ICT in social interaction negative and significant. Nakagawa R²: marginal .057 and conditional .411 (2018).,"Using PISA 2018 Germany the study leveraged gender, ESCS, and the four ICT attitude indices to predict scientific literacy (PV-based), finding that ICT autonomy was significantly and positively associated with literacy and that ICT in social interaction was significantly negative, with effect sizes and significance patterns broadly consistent with PISA 2015. This indicates that these patterns have implications for educational policy and instructional practice, though cross-sectional ILSA designs cannot establish causality.",peer_reviewed_research,HLM (random intercepts; REML; Fay’s method with 80 replicates; averaged across 10 plausible values) — ICT autonomy positive and significant; ICT in social interaction negative and significant. Nakagawa R²: marginal .057 and conditional .411 (2018).,"Using PISA 2018 Germany the study leveraged gender, ESCS, and the four ICT attitude indices to predict scientific literacy (PV-based), finding that ICT autonomy was significantly and positively associated with literacy and that ICT in social interaction was significantly negative, with effect sizes and significance patterns broadly consistent with PISA 2015. This indicates that these patterns have implications for educational policy and instructional practice, though cross-sectional ILSA designs cannot establish causality.",Science,Cognitive Achievement,Student: Demographic; Student: SES; Student: Attitudinal/Behavioral
10.1007/s10639-024-13110-2,PISA 2022 Mathematics (Plausible Values),Mathematics achievement (PVs) predicted via regression,,"Stacking lowest mean error across countries: lowest mean MAPE for 72/80 countries (90.00%), lowest mean MAE for 74/80 (92.50%), lowest mean MSE for 75/80 (93.75%). Robust linear mixed-effects models: stacking reference; other algorithms significantly increased MAPE/MAE/MSE vs stacking (e.g., MAPE mathematics intercept β=0.10; XGBoost/HGB/LightGBM/Blending effects significant).","Using PISA 2022 mathematics data (with ten plausible values per student), the study leveraged an ensemble stacking meta-model (level-1 ridge regression) to predict mathematics achievement, finding that stacking produced the lowest mean MAPE, MAE, and MSE for the vast majority of countries compared with XGBoost, HGB, LightGBM, and blending. This indicates that stacking-based ensemble learning may improve the accuracy and stability of cross-country achievement prediction for identifying where students are underperforming, though the paper does not document a fully transparent missing-data mechanism and does not apply survey-weighted estimation.",peer_reviewed_research,"Stacking lowest mean error across countries: lowest mean MAPE for 72/80 countries (90.00%), lowest mean MAE for 74/80 (92.50%), lowest mean MSE for 75/80 (93.75%). Robust linear mixed-effects models: stacking reference; other algorithms significantly increased MAPE/MAE/MSE vs stacking (e.g., MAPE mathematics intercept β=0.10; XGBoost/HGB/LightGBM/Blending effects significant).","Using PISA 2022 mathematics data (with ten plausible values per student), the study leveraged an ensemble stacking meta-model (level-1 ridge regression) to predict mathematics achievement, finding that stacking produced the lowest mean MAPE, MAE, and MSE for the vast majority of countries compared with XGBoost, HGB, LightGBM, and blending. This indicates that stacking-based ensemble learning may improve the accuracy and stability of cross-country achievement prediction for identifying where students are underperforming, though the paper does not document a fully transparent missing-data mechanism and does not apply survey-weighted estimation.",Mathematics,Cognitive Achievement,
10.1007/s10639-024-13110-2,PISA 2022 Reading (Plausible Values),Reading achievement (PVs) predicted via regression,,"Stacking lowest mean error across countries: lowest mean MAPE for 64/80 countries (80.00%), lowest mean MAE for 69/80 (86.25%), lowest mean MSE for 70/80 (87.50%). Robust linear mixed-effects models: other algorithms significantly increased MAPE/MAE/MSE vs stacking (e.g., MAPE reading intercept β=0.12; XGBoost/HGB/LightGBM/Blending effects significant).","Using PISA 2022 reading data (with ten plausible values per student), the study leveraged an ensemble stacking meta-model (level-1 ridge regression) to predict reading achievement, finding that stacking achieved the lowest mean MAPE, MAE, and MSE for most countries relative to boosting and blending alternatives. This indicates that stacking may be a strong default modeling choice for producing more accurate reading-performance predictions across diverse education systems, while cautioning that the missing-data handling details and the lack of explicit survey-weighted ML estimation limit direct policy generalization.",peer_reviewed_research,"Stacking lowest mean error across countries: lowest mean MAPE for 64/80 countries (80.00%), lowest mean MAE for 69/80 (86.25%), lowest mean MSE for 70/80 (87.50%). Robust linear mixed-effects models: other algorithms significantly increased MAPE/MAE/MSE vs stacking (e.g., MAPE reading intercept β=0.12; XGBoost/HGB/LightGBM/Blending effects significant).","Using PISA 2022 reading data (with ten plausible values per student), the study leveraged an ensemble stacking meta-model (level-1 ridge regression) to predict reading achievement, finding that stacking achieved the lowest mean MAPE, MAE, and MSE for most countries relative to boosting and blending alternatives. This indicates that stacking may be a strong default modeling choice for producing more accurate reading-performance predictions across diverse education systems, while cautioning that the missing-data handling details and the lack of explicit survey-weighted ML estimation limit direct policy generalization.",Reading,Cognitive Achievement,
10.1007/s10639-024-13110-2,PISA 2022 Science (Plausible Values),Science achievement (PVs) predicted via regression,,"Stacking lowest mean error across countries: lowest mean MAPE for 65/80 countries (81.25%), lowest mean MAE for 71/80 (88.75%), lowest mean MSE for 71/80 (88.75%). Robust linear mixed-effects models: other algorithms significantly increased MAPE/MAE/MSE vs stacking (e.g., MAPE science intercept β=0.11; XGBoost/HGB/LightGBM/Blending effects significant).","Using PISA 2022 science data (with ten plausible values per student), the study leveraged stacking (level-1 ridge regression) to predict science achievement, finding that stacking delivered the lowest mean MAPE, MAE, and MSE for the majority of countries compared with XGBoost, HGB, LightGBM, and blending. This indicates that stacking-based ensembles can enhance predictive accuracy for science performance mapping across countries, supporting more reliable targeting of instructional improvement efforts, though causality cannot be inferred and the paper’s missing-data strategy is not fully specified.",peer_reviewed_research,"Stacking lowest mean error across countries: lowest mean MAPE for 65/80 countries (81.25%), lowest mean MAE for 71/80 (88.75%), lowest mean MSE for 71/80 (88.75%). Robust linear mixed-effects models: other algorithms significantly increased MAPE/MAE/MSE vs stacking (e.g., MAPE science intercept β=0.11; XGBoost/HGB/LightGBM/Blending effects significant).","Using PISA 2022 science data (with ten plausible values per student), the study leveraged stacking (level-1 ridge regression) to predict science achievement, finding that stacking delivered the lowest mean MAPE, MAE, and MSE for the majority of countries compared with XGBoost, HGB, LightGBM, and blending. This indicates that stacking-based ensembles can enhance predictive accuracy for science performance mapping across countries, supporting more reliable targeting of instructional improvement efforts, though causality cannot be inferred and the paper’s missing-data strategy is not fully specified.",Science,Cognitive Achievement,
10.1016/j.compedu.2023.104846,"PISA 2018 Reading (15-year-olds, 32 OECD countries; blended test language classes; PV_1–PV_10)",Reading performance (PISA 2018 plausible values),"Socioeconomic status (ESCS), ICT use at school, Interest in ICT, ICT use outside for schoolwork, ICT use outside for entertainment","Random Forest (10-fold cross-validation): MSE=6319.33, MAE=63.19, R²=0.38; optimal feature set retained 27 ICT-related factors; feature importance via Gini; HLM used f² effect sizes (small/medium/large thresholds).","Using PISA 2018 Reading data for 15-year-olds in blended test language classes, the study leveraged ESCS, ICT use at school, interest in ICT, ICT use outside for schoolwork, and ICT use outside for entertainment to predict reading performance, finding that the combined ICT-related feature set collectively predicted reading outcomes with moderate explanatory power (RF R²=0.38) and that student-level ICT factors were most important in the feature ranking. This indicates that blended-reading improvement strategies should prioritize student ICT attitudes and appropriate ICT use patterns (not only access), while also accounting for socioeconomic differences, though the cross-sectional design limits causal interpretation.",peer_reviewed_research,"Random Forest (10-fold cross-validation): MSE=6319.33, MAE=63.19, R²=0.38; optimal feature set retained 27 ICT-related factors; feature importance via Gini; HLM used f² effect sizes (small/medium/large thresholds).","Using PISA 2018 Reading data for 15-year-olds in blended test language classes, the study leveraged ESCS, ICT use at school, interest in ICT, ICT use outside for schoolwork, and ICT use outside for entertainment to predict reading performance, finding that the combined ICT-related feature set collectively predicted reading outcomes with moderate explanatory power (RF R²=0.38) and that student-level ICT factors were most important in the feature ranking. This indicates that blended-reading improvement strategies should prioritize student ICT attitudes and appropriate ICT use patterns (not only access), while also accounting for socioeconomic differences, though the cross-sectional design limits causal interpretation.",Composite / Multi-Domain,Cognitive Achievement,Student: SES; Student: Process Data; Student: Attitudinal/Behavioral
10.1007/s11218-023-09773-3,"PISA 2018 Reading (Philippines, 15-year-olds)","Reading achievement (Plausible Values, PVREAD1–PVREAD10)","Self-concept of reading difficulty (SCREADDIFF), Socioeconomic status (ESCS), Grade repetition (REPEAT), School belongingness (BELONG), Fixed mindset (ST184Q01HA)","Random Forest (Model 1): R²=0.66, RMSE=47.19; Random Forest (Model 2, top 26 predictors): R²=0.64, RMSE=47.50 (aggregated across 10 plausible values). HLM (using the 26 RF predictors): R²=0.53; effect sizes small-to-moderate; grade repetition largest by effect size in HLM.","Using PISA 2018 Reading (Philippines, 15-year-olds) the study leveraged self-concept of reading difficulty, socioeconomic status, grade repetition, school belongingness, and fixed mindset to predict reading achievement (PVREAD1–PVREAD10), finding that these variables were among the most important predictors and that self-concept of reading difficulty showed the highest impact in the RF model. This indicates that Philippine reading interventions may need to combine socioeconomic/school-environment supports with proximal learning experiences that build positive reading self-beliefs and metacognitive engagement, though the cross-sectional design prevents causal claims.",peer_reviewed_research,"Random Forest (Model 1): R²=0.66, RMSE=47.19; Random Forest (Model 2, top 26 predictors): R²=0.64, RMSE=47.50 (aggregated across 10 plausible values). HLM (using the 26 RF predictors): R²=0.53; effect sizes small-to-moderate; grade repetition largest by effect size in HLM.","Using PISA 2018 Reading (Philippines, 15-year-olds) the study leveraged self-concept of reading difficulty, socioeconomic status, grade repetition, school belongingness, and fixed mindset to predict reading achievement (PVREAD1–PVREAD10), finding that these variables were among the most important predictors and that self-concept of reading difficulty showed the highest impact in the RF model. This indicates that Philippine reading interventions may need to combine socioeconomic/school-environment supports with proximal learning experiences that build positive reading self-beliefs and metacognitive engagement, though the cross-sectional design prevents causal claims.",Reading,Cognitive Achievement,Student: Attitudinal/Behavioral; Student: SES; Student: Demographic; School/Teacher: Context
10.1111/bjep.12657,"PISA 2018 (UK, secondary students) life satisfaction (ST016Q01NA)",Life satisfaction (continuous 0–10),"Meaning in life (EUDMO), Motivation to master tasks (WORKMAST), Student competition (PERCOMP), ICT resources at home and school (ICTRES), Exposure to bullying (BEINGBULLIED)","Random Forest regression (nested CV, 5 outer folds): Test R² ≈ 0.187 (mean), RMSE ≈ 0.451 (mean). KNN regression (nested CV, 5 outer folds): Test R² ≈ 0.103 (mean), RMSE ≈ 0.474 (mean).","Using PISA 2018 UK the study leveraged meaning in life, motivation to master tasks, student competition, ICT resources, and exposure to bullying to predict students' life satisfaction, finding that Random Forest outperformed KNN on both validation and test performance (higher R² and lower RMSE). This indicates that combining multiple psychosocial and school-experience variables in non-linear models may better identify students at risk of lower life satisfaction, though the study reports predictive associations rather than causal effects and does not apply survey weights.",peer_reviewed_research,"Random Forest regression (nested CV, 5 outer folds): Test R² ≈ 0.187 (mean), RMSE ≈ 0.451 (mean). KNN regression (nested CV, 5 outer folds): Test R² ≈ 0.103 (mean), RMSE ≈ 0.474 (mean).","Using PISA 2018 UK the study leveraged meaning in life, motivation to master tasks, student competition, ICT resources, and exposure to bullying to predict students' life satisfaction, finding that Random Forest outperformed KNN on both validation and test performance (higher R² and lower RMSE). This indicates that combining multiple psychosocial and school-experience variables in non-linear models may better identify students at risk of lower life satisfaction, though the study reports predictive associations rather than causal effects and does not apply survey weights.",Other / Unspecified,Other,Student: Attitudinal/Behavioral; School/Teacher: Context
10.1111/bjep.12657,"PISA 2018 (Japan, secondary students) life satisfaction (ST016Q01NA)",Life satisfaction (continuous 0–10),"Meaning in life (EUDMO), Self-efficacy (RESILIENCE), Student competition (PERCOMP), Teacher support (TEACHSUP), ICT resources at home and school (ICTRES)","Random Forest regression (nested CV, 5 outer folds): Test R² ≈ 0.138 (mean), RMSE ≈ 0.464 (mean). KNN regression (nested CV, 5 outer folds): Test R² ≈ 0.055 (mean), RMSE ≈ 0.486 (mean).","Using PISA 2018 Japan the study leveraged meaning in life, self-efficacy, student competition, teacher support, and ICT resources to predict students' life satisfaction, finding that Random Forest again outperformed KNN (substantially higher R² and lower RMSE). This indicates that school climate and individual psychological resources jointly relate to life satisfaction in Japan, but the cross-sectional, questionnaire-based design and unweighted ML approach limit population generalization and causal interpretation.",peer_reviewed_research,"Random Forest regression (nested CV, 5 outer folds): Test R² ≈ 0.138 (mean), RMSE ≈ 0.464 (mean). KNN regression (nested CV, 5 outer folds): Test R² ≈ 0.055 (mean), RMSE ≈ 0.486 (mean).","Using PISA 2018 Japan the study leveraged meaning in life, self-efficacy, student competition, teacher support, and ICT resources to predict students' life satisfaction, finding that Random Forest again outperformed KNN (substantially higher R² and lower RMSE). This indicates that school climate and individual psychological resources jointly relate to life satisfaction in Japan, but the cross-sectional, questionnaire-based design and unweighted ML approach limit population generalization and causal interpretation.",Other / Unspecified,Other,Student: Attitudinal/Behavioral; School/Teacher: Practice; School/Teacher: Context
10.3390/jintelligence10030061,"PISA 2018 Mathematics (Philippines) — private schools (SCHLTYPE=1/2), PV1MATH-based Level 1 threshold",Poor mathematics performance (PVMATH1 < 357.7 vs ≥ 357.7),"ST012Q05NA, ST225Q05HA, ST166Q02HA, HISEI, BSMJ","Random Forest (best): Precision=0.69, Recall=0.61, F1=0.65, Accuracy=0.79; ROC-AUC reported in Figure 2 (exact AUC value not provided in text).","Using PISA 2018 Mathematics data for the Philippines private-school students, the study leveraged internet mobile-phone access (ST012Q05NA), expectations of completing a vocational degree (ST225Q05HA), metacognitive-like email-safety judgment (ST166Q02HA), parents’ occupational status (HISEI), and expected job at age 30 (BSMJ) to classify poor versus better mathematics performers based on PV1MATH. It found that the Random Forest achieved the highest validation accuracy (0.79) and that lower values on these resource/aspiration-related variables were associated with identifying poor performers (with SHAP indicating inverse relationships for the shared top features). This indicates that interventions for low-performing private-school students should prioritize reducing digital access and strengthening realistic postsecondary/occupational expectations, while also addressing students’ ability to handle misinformation in online contexts, though the results are predictive and not causal.",peer_reviewed_research,"Random Forest (best): Precision=0.69, Recall=0.61, F1=0.65, Accuracy=0.79; ROC-AUC reported in Figure 2 (exact AUC value not provided in text).","Using PISA 2018 Mathematics data for the Philippines private-school students, the study leveraged internet mobile-phone access (ST012Q05NA), expectations of completing a vocational degree (ST225Q05HA), metacognitive-like email-safety judgment (ST166Q02HA), parents’ occupational status (HISEI), and expected job at age 30 (BSMJ) to classify poor versus better mathematics performers based on PV1MATH. It found that the Random Forest achieved the highest validation accuracy (0.79) and that lower values on these resource/aspiration-related variables were associated with identifying poor performers (with SHAP indicating inverse relationships for the shared top features). This indicates that interventions for low-performing private-school students should prioritize reducing digital access and strengthening realistic postsecondary/occupational expectations, while also addressing students’ ability to handle misinformation in online contexts, though the results are predictive and not causal.",Mathematics,Cognitive Achievement,Student: Attitudinal/Behavioral; Student: SES
10.3390/jintelligence10030061,"PISA 2018 Mathematics (Philippines) — public schools (SCHLTYPE=3), PV1MATH-based Level 1 threshold",Poor mathematics performance (PVMATH1 < 357.7 vs ≥ 357.7),"ST012Q05NA, ST225Q05HA, ST166Q02HA, HISEI, WORKMAST","Random Forest (best): Precision=0.81, Recall=0.78, F1=0.79, Accuracy=0.79; ROC-AUC reported in Figure 2 (exact AUC value not provided in text).","Using PISA 2018 Mathematics data for the Philippines public-school students, the study leveraged internet mobile-phone access (ST012Q05NA), expectations of completing a vocational degree (ST225Q05HA), email-safety judgment (ST166Q02HA), parents’ occupational status (HISEI), and mastery motivation (WORKMAST) to classify poor versus better mathematics performers based on PV1MATH. It found that the Random Forest achieved the highest validation accuracy (0.79) and that lower values on shared resource/aspiration/metacognitive-related variables were associated with identifying poor performers, alongside public-school-specific motivational and engagement indicators (e.g., WORKMAST and ATTLNACT). This indicates that public-school mathematics support should target motivational persistence and value of schooling, alongside addressing socioeconomic constraints and students’ vulnerability to misinformation, while recognizing that SHAP-based importance reflects prediction rather than causal effects.",peer_reviewed_research,"Random Forest (best): Precision=0.81, Recall=0.78, F1=0.79, Accuracy=0.79; ROC-AUC reported in Figure 2 (exact AUC value not provided in text).","Using PISA 2018 Mathematics data for the Philippines public-school students, the study leveraged internet mobile-phone access (ST012Q05NA), expectations of completing a vocational degree (ST225Q05HA), email-safety judgment (ST166Q02HA), parents’ occupational status (HISEI), and mastery motivation (WORKMAST) to classify poor versus better mathematics performers based on PV1MATH. It found that the Random Forest achieved the highest validation accuracy (0.79) and that lower values on shared resource/aspiration/metacognitive-related variables were associated with identifying poor performers, alongside public-school-specific motivational and engagement indicators (e.g., WORKMAST and ATTLNACT). This indicates that public-school mathematics support should target motivational persistence and value of schooling, alongside addressing socioeconomic constraints and students’ vulnerability to misinformation, while recognizing that SHAP-based importance reflects prediction rather than causal effects.",Mathematics,Cognitive Achievement,Student: Attitudinal/Behavioral; Student: SES
10.1080/09500693.2024.2359099,TIMSS 2019 Grade 8 Science (44 countries) — science achievement (BSSSCI01–BSSSCI05),Science achievement (Plausible Values BSSSCI01–BSSSCI05),"Socio-economic background (BSBGHER), Confidence about science (BSBGSCS), Instructional time (principals/teachers) (BTBS14), Science experiment frequency (BSBS21), Curriculum type (integrated vs separated) (ITCOURSE)","Model comparison using RMSE and R² on train/test splits (70%/30%) averaged across PVs. Random Forest: Testing R²=0.51, RMSE=74.92; Linear regression: Testing R²=0.21, RMSE=94.43; Lasso: Testing R²=0.22, RMSE=94.24; Decision tree: Testing R²=0.29, RMSE=89.88; Neural networks: Testing R²=0.22, RMSE=94.34. Feature importance (RF) indicates curriculum type has the smallest average coefficient (0.010) relative to SES (0.215) and confidence (0.094).","Using TIMSS 2019 Grade 8 Science the study leveraged socio-economic background, students’ confidence about science, instructional time, and science experiment frequency (with curriculum type as a covariate) to predict science achievement plausible values, finding that Random Forest outperformed linear regression, lasso, decision trees, and neural networks and that curriculum type was a weak direct predictor compared with SES and instructional/process variables. This indicates that curriculum structure may influence science literacy indirectly through instructional conditions and student attitudes, so policy should prioritize implementation quality (e.g., instructional time and experiment practices) rather than assuming integrated curricula automatically yield large achievement gains, though causality cannot be inferred from predictive feature importance alone.",peer_reviewed_research,"Model comparison using RMSE and R² on train/test splits (70%/30%) averaged across PVs. Random Forest: Testing R²=0.51, RMSE=74.92; Linear regression: Testing R²=0.21, RMSE=94.43; Lasso: Testing R²=0.22, RMSE=94.24; Decision tree: Testing R²=0.29, RMSE=89.88; Neural networks: Testing R²=0.22, RMSE=94.34. Feature importance (RF) indicates curriculum type has the smallest average coefficient (0.010) relative to SES (0.215) and confidence (0.094).","Using TIMSS 2019 Grade 8 Science the study leveraged socio-economic background, students’ confidence about science, instructional time, and science experiment frequency (with curriculum type as a covariate) to predict science achievement plausible values, finding that Random Forest outperformed linear regression, lasso, decision trees, and neural networks and that curriculum type was a weak direct predictor compared with SES and instructional/process variables. This indicates that curriculum structure may influence science literacy indirectly through instructional conditions and student attitudes, so policy should prioritize implementation quality (e.g., instructional time and experiment practices) rather than assuming integrated curricula automatically yield large achievement gains, though causality cannot be inferred from predictive feature importance alone.",Science,Cognitive Achievement,Student: Attitudinal/Behavioral; School/Teacher: Practice
10.1080/09500693.2024.2359099,TIMSS 2019 Grade 8 Science (44 countries) — science achievement (Plausible Values BSSSCI01–BSSSCI05),Curriculum effect on science achievement (Average Treatment Effect via propensity score matching),"Curriculum type (integrated vs separated) (ITCOURSE), Socio-economic background (BSBGHER), Like to learn science (BSBGSLS), Confidence about science (BSBGSCS), Instructional clarity (BSBGICS)","Propensity score estimation via stacked ensemble (base learners: k-NN, Random Forest, Naive Bayes; meta-learner: logistic regression) with KNN matching. Propensity score prediction accuracy on test set: 0.9998. After matching, Mann–Whitney U tests with Bonferroni correction show integrated curricula have significantly higher science achievement than separated curricula for each PV (Cohen’s d around 0.2; e.g., PV1 d=0.22 with integrated mean 546.62 vs separated mean 515.68; PV2 d=0.20; PV3 d=0.24; PV4 d=0.23; PV5 d=0.20).","Using TIMSS 2019 Grade 8 Science the study leveraged propensity score matching based on socio-economic background, student attitudes, and instructional clarity to estimate the average treatment effect of integrated versus separated science curricula on science achievement plausible values, finding that integrated curricula produced a statistically significant but small advantage (Cohen’s d ≈0.2 across PVs). This indicates that integrated curricula may be beneficial in practice, but the magnitude is modest, so education systems should treat curriculum integration as one component within a broader package that ensures instructional prerequisites and high-quality implementation, while recognizing that matching on observed covariates cannot fully eliminate unobserved confounding.",peer_reviewed_research,"Propensity score estimation via stacked ensemble (base learners: k-NN, Random Forest, Naive Bayes; meta-learner: logistic regression) with KNN matching. Propensity score prediction accuracy on test set: 0.9998. After matching, Mann–Whitney U tests with Bonferroni correction show integrated curricula have significantly higher science achievement than separated curricula for each PV (Cohen’s d around 0.2; e.g., PV1 d=0.22 with integrated mean 546.62 vs separated mean 515.68; PV2 d=0.20; PV3 d=0.24; PV4 d=0.23; PV5 d=0.20).","Using TIMSS 2019 Grade 8 Science the study leveraged propensity score matching based on socio-economic background, student attitudes, and instructional clarity to estimate the average treatment effect of integrated versus separated science curricula on science achievement plausible values, finding that integrated curricula produced a statistically significant but small advantage (Cohen’s d ≈0.2 across PVs). This indicates that integrated curricula may be beneficial in practice, but the magnitude is modest, so education systems should treat curriculum integration as one component within a broader package that ensures instructional prerequisites and high-quality implementation, while recognizing that matching on observed covariates cannot fully eliminate unobserved confounding.",Science,Cognitive Achievement,Student: Attitudinal/Behavioral; School/Teacher: Practice
10.1016/j.heliyon.2024.e32637,PISA 2018 Spain (15-year-olds) Reading comprehension (PVREAD mean),Reading comprehension skills (PVREAD mean),"Playing online games, Daily internet use (weekdays), Perceived ICT competence, Perceived ICT autonomy, Mothers education level",Model selection via 10-fold cross-validation using RMSE; CatBoost selected as best algorithm. Exact RMSE values are not reported in the provided text; baseline comparisons are shown in figures but not numerically extracted.,"Using PISA 2018 Spain the study leveraged Playing online games, Daily internet use (weekdays), Perceived ICT competence, Perceived ICT autonomy, and Mothers education level to predict Reading comprehension skills (PVREAD mean), finding that online gaming frequency has the largest negative association while moderate weekday internet use and positive ICT perceptions are associated with higher reading scores. This indicates that education policy and school-family guidance should prioritize balanced, learning-oriented technology use and digital-literacy/autonomy support, while setting limits on frequent online gaming; however, the results are predictive associations and do not establish causality.",peer_reviewed_research,Model selection via 10-fold cross-validation using RMSE; CatBoost selected as best algorithm. Exact RMSE values are not reported in the provided text; baseline comparisons are shown in figures but not numerically extracted.,"Using PISA 2018 Spain the study leveraged Playing online games, Daily internet use (weekdays), Perceived ICT competence, Perceived ICT autonomy, and Mothers education level to predict Reading comprehension skills (PVREAD mean), finding that online gaming frequency has the largest negative association while moderate weekday internet use and positive ICT perceptions are associated with higher reading scores. This indicates that education policy and school-family guidance should prioritize balanced, learning-oriented technology use and digital-literacy/autonomy support, while setting limits on frequent online gaming; however, the results are predictive associations and do not establish causality.",Reading,Cognitive Achievement,Student: Attitudinal/Behavioral
10.1186/s40536-025-00266-7,Simulation study of IRT-latent regression with PVs (N=1000 test takers; 40 items; 2PL/3PL; PVs M=20),Population mean and distribution moments of latent proficiency (PV-based estimators),"Number of predictors (P), Items per test taker (J), Item missingness condition, IRT item model (2PL/3PL), Focal group membership","Bias patterns reported in Tables 1 and 3–6: as P increases, bias for population mean/skewness becomes increasingly negative in difficult 3PL; variance and kurtosis bias increases; extreme percentiles (10th/90th) show stronger outward bias than median. Example magnitude: in difficult 3PL with Missing and J=4, mean population variance estimate exceeds true variance by 52.7%; in moderate 2PL with No missing and J=4, variance overestimation is 2.4%.","Using simulation data for IRT-latent regression with PVs, the study leveraged number of predictors (P), items per test taker (J), item missingness condition, and IRT item model type to estimate population moments and percentiles of latent proficiency, finding that estimator bias grows with P particularly when measurement precision is low for a substantial share of test takers (e.g., difficult 3PL and Missing). This indicates that expanding the predictor set in large-scale assessments can undermine validity unless assessment designs ensure at least moderate measurement precision for all test takers, especially for low-proficiency groups.",peer_reviewed_research,"Bias patterns reported in Tables 1 and 3–6: as P increases, bias for population mean/skewness becomes increasingly negative in difficult 3PL; variance and kurtosis bias increases; extreme percentiles (10th/90th) show stronger outward bias than median. Example magnitude: in difficult 3PL with Missing and J=4, mean population variance estimate exceeds true variance by 52.7%; in moderate 2PL with No missing and J=4, variance overestimation is 2.4%.","Using simulation data for IRT-latent regression with PVs, the study leveraged number of predictors (P), items per test taker (J), item missingness condition, and IRT item model type to estimate population moments and percentiles of latent proficiency, finding that estimator bias grows with P particularly when measurement precision is low for a substantial share of test takers (e.g., difficult 3PL and Missing). This indicates that expanding the predictor set in large-scale assessments can undermine validity unless assessment designs ensure at least moderate measurement precision for all test takers, especially for low-proficiency groups.",Composite / Multi-Domain,Cognitive Achievement,Student: Attitudinal/Behavioral
10.1186/s40536-025-00266-7,Simulation study of IRT-latent regression with PVs (N=1000 test takers; 40 items; 3PL/2PL; PVs M=20),Group mean and group variance of latent proficiency (PV-based estimators),"Number of predictors (P), Items per test taker (J), Item missingness condition, IRT item model (2PL/3PL), Contextual PCA scores","Bias patterns reported in Tables 2 and 4–6: as P increases, group mean estimates become more outwardly biased (G1 more negative, G5 more positive), and group variance biases increase most for extreme groups (G1 and G5). The rate of bias increase is larger for fewer items per test taker (low J) and larger under Missing (where 30% of test takers have only 1–3 observed items).","Using simulation data for IRT-latent regression with PVs, the study leveraged number of predictors (P), items per test taker (J), item missingness condition, and IRT item model type to estimate group-level latent proficiency means and variances, finding that bias increases asymmetrically across ability groups as P grows, with the largest distortions for the lowest and highest proficiency groups under low-information designs. This indicates that policy-relevant subgroup reporting in large-scale assessments may become unstable when predictor dimensionality is increased without ensuring adequate test information across the full proficiency range.",peer_reviewed_research,"Bias patterns reported in Tables 2 and 4–6: as P increases, group mean estimates become more outwardly biased (G1 more negative, G5 more positive), and group variance biases increase most for extreme groups (G1 and G5). The rate of bias increase is larger for fewer items per test taker (low J) and larger under Missing (where 30% of test takers have only 1–3 observed items).","Using simulation data for IRT-latent regression with PVs, the study leveraged number of predictors (P), items per test taker (J), item missingness condition, and IRT item model type to estimate group-level latent proficiency means and variances, finding that bias increases asymmetrically across ability groups as P grows, with the largest distortions for the lowest and highest proficiency groups under low-information designs. This indicates that policy-relevant subgroup reporting in large-scale assessments may become unstable when predictor dimensionality is increased without ensuring adequate test information across the full proficiency range.",Composite / Multi-Domain,Cognitive Achievement,Student: Attitudinal/Behavioral; Student: Prior Achievement
10.1186/s40536-025-00266-7,Simulation study of IRT-latent regression with PVs (PVs M=20; PVs generated conditional on fixed ML regression parameters vs sampled regression parameters),Variance estimation consistency: PV-based vs plug-in estimators,"Number of predictors (P), Items per test taker (J), Item missingness condition, IRT item model (2PL/3PL)","Appendix C/D and Tables 7–11: plug-in and PV-based estimators are approximately equivalent for means and variances when PVs are generated conditional on fixed maximum-likelihood regression parameters; however, PV-based variance estimators using the operational procedure (PVs generated conditional on sampled regression parameters) produce additional positive bias relative to plug-in variance estimators, increasing with P.","Using simulation data for IRT-latent regression with PVs, the study leveraged number of predictors (P) and assessment design conditions (J and missingness) to compare PV-based and plug-in variance estimation, finding that PV-based variance estimates become more positively biased when PVs are generated conditional on sampled regression parameters rather than fixed ML estimates. This indicates that operational PV-generation procedures can systematically inflate uncertainty estimates when predictor dimensionality is high, so variance reporting should be interpreted with design-aware caution.",peer_reviewed_research,"Appendix C/D and Tables 7–11: plug-in and PV-based estimators are approximately equivalent for means and variances when PVs are generated conditional on fixed maximum-likelihood regression parameters; however, PV-based variance estimators using the operational procedure (PVs generated conditional on sampled regression parameters) produce additional positive bias relative to plug-in variance estimators, increasing with P.","Using simulation data for IRT-latent regression with PVs, the study leveraged number of predictors (P) and assessment design conditions (J and missingness) to compare PV-based and plug-in variance estimation, finding that PV-based variance estimates become more positively biased when PVs are generated conditional on sampled regression parameters rather than fixed ML estimates. This indicates that operational PV-generation procedures can systematically inflate uncertainty estimates when predictor dimensionality is high, so variance reporting should be interpreted with design-aware caution.",Other / Unspecified,Other,Student: Attitudinal/Behavioral
10.1109/TLT.2023.3281056,"PISA 2018 Digital Reading (15-year-olds), OECD countries (38 countries/regions)",High vs low digital reading performance (PV1READ; OECD cutoffs),"Socioeconomic status (ESCS), Enjoyment of reading (JOYREAD), Reading competence (SCREADCOPM), Reading difficulty (SCREADDIFF), ICT autonomy (AUTICT)",SVM (SVM-RFE feature selection) — ACC: 0.957 (highest among three pairwise models); other indicators reported as around 0.80 (precision/sensitivity/F1/AUC).,"Using PISA 2018 Digital Reading the study leveraged socioeconomic status (ESCS), enjoyment of reading (JOYREAD), reading competence (SCREADCOPM), reading difficulty (SCREADDIFF), and ICT autonomy (AUTICT) to classify students into high versus low digital reading performance, finding that the high–low (HL) model achieved the highest accuracy (ACC = 0.957) with an optimal feature set. This indicates that strengthening both home socioeconomic resources and student motivational/competence factors—along with ICT autonomy and effective digital literacy teaching—may improve the identification and support of low-performing digital readers, though the results are predictive and SHAP-based feature attributions do not establish causal effects.",peer_reviewed_research,SVM (SVM-RFE feature selection) — ACC: 0.957 (highest among three pairwise models); other indicators reported as around 0.80 (precision/sensitivity/F1/AUC).,"Using PISA 2018 Digital Reading the study leveraged socioeconomic status (ESCS), enjoyment of reading (JOYREAD), reading competence (SCREADCOPM), reading difficulty (SCREADDIFF), and ICT autonomy (AUTICT) to classify students into high versus low digital reading performance, finding that the high–low (HL) model achieved the highest accuracy (ACC = 0.957) with an optimal feature set. This indicates that strengthening both home socioeconomic resources and student motivational/competence factors—along with ICT autonomy and effective digital literacy teaching—may improve the identification and support of low-performing digital readers, though the results are predictive and SHAP-based feature attributions do not establish causal effects.",Reading,Cognitive Achievement,Student: SES; Student: Attitudinal/Behavioral
10.1109/TLT.2023.3281056,"PISA 2018 Digital Reading (15-year-olds), OECD countries (38 countries/regions)",High vs average digital reading performance (PV1READ; OECD cutoffs),"Socioeconomic status (ESCS), Enjoyment of reading (JOYREAD), Reading competence (SCREADCOPM), ICT social interaction use (SOIAICT), Email reading frequency (ST176Q01IA)",SVM (SVM-RFE feature selection) — ACC: 0.846; other indicators reported as around 0.80 (precision/sensitivity/F1/AUC).,"Using PISA 2018 Digital Reading the study leveraged socioeconomic status (ESCS), enjoyment of reading (JOYREAD), reading competence (SCREADCOPM), ICT social interaction use (SOIAICT), and email reading frequency (ST176Q01IA) to classify students into high versus average digital reading performance, finding that the high–average (HA) model reached ACC = 0.846 with a selected contextual feature set. This indicates that instructional and student ICT-use patterns (e.g., more email reading and higher-quality teaching incorporating digital literacy) are promising targets for raising average performers toward high performance, while the cross-sectional ML design limits causal interpretation.",peer_reviewed_research,SVM (SVM-RFE feature selection) — ACC: 0.846; other indicators reported as around 0.80 (precision/sensitivity/F1/AUC).,"Using PISA 2018 Digital Reading the study leveraged socioeconomic status (ESCS), enjoyment of reading (JOYREAD), reading competence (SCREADCOPM), ICT social interaction use (SOIAICT), and email reading frequency (ST176Q01IA) to classify students into high versus average digital reading performance, finding that the high–average (HA) model reached ACC = 0.846 with a selected contextual feature set. This indicates that instructional and student ICT-use patterns (e.g., more email reading and higher-quality teaching incorporating digital literacy) are promising targets for raising average performers toward high performance, while the cross-sectional ML design limits causal interpretation.",Reading,Cognitive Achievement,Student: SES; Student: Attitudinal/Behavioral
10.1109/TLT.2023.3281056,"PISA 2018 Digital Reading (15-year-olds), OECD countries (38 countries/regions)",Low vs average digital reading performance (PV1READ; OECD cutoffs),"Interest in ICT (INTICT), Reading difficulty (SCREADDIFF), Online group discussions (ST176Q06IA), Classroom disciplinary climate (DISCLIMA), Perceived discrimination (DISCRIM)",SVM (SVM-RFE feature selection) — ACC: 0.845; other indicators reported as around 0.80 (precision/sensitivity/F1/AUC).,"Using PISA 2018 Digital Reading the study leveraged interest in ICT (INTICT), reading difficulty (SCREADDIFF), online group discussions (ST176Q06IA), classroom disciplinary climate (DISCLIMA), and perceived discrimination (DISCRIM) to classify students into low versus average digital reading performance, finding that the low–average (LA) model achieved ACC = 0.845 with a contextual feature set. This indicates that interventions for low performers should prioritize ICT motivation and supportive, well-managed, non-discriminatory school/classroom environments alongside targeted teacher guidance for digital literacy, while acknowledging that SHAP explanations are predictive attributions rather than evidence of causal effects.",peer_reviewed_research,SVM (SVM-RFE feature selection) — ACC: 0.845; other indicators reported as around 0.80 (precision/sensitivity/F1/AUC).,"Using PISA 2018 Digital Reading the study leveraged interest in ICT (INTICT), reading difficulty (SCREADDIFF), online group discussions (ST176Q06IA), classroom disciplinary climate (DISCLIMA), and perceived discrimination (DISCRIM) to classify students into low versus average digital reading performance, finding that the low–average (LA) model achieved ACC = 0.845 with a contextual feature set. This indicates that interventions for low performers should prioritize ICT motivation and supportive, well-managed, non-discriminatory school/classroom environments alongside targeted teacher guidance for digital literacy, while acknowledging that SHAP explanations are predictive attributions rather than evidence of causal effects.",Reading,Cognitive Achievement,Student: Attitudinal/Behavioral; School/Teacher: Context
10.1007/s11165-019-9835-y,"PISA 2018 (15y3m–16y2m), Academic performance (derived from PVs: Mathematics, Reading, Science, Global Competence)",Academic performance (AP) classes A–D,"Reading skills and habits (e.g., ST013Q01TA, ST161Q06HA, ST154Q01HA), Learning environment at home (e.g., ST011Q04TA), Career goals and mindset (e.g., EC153Q02HA), Family background (e.g., MISCED, FISCED, parental support items), Mental health (e.g., ST186Q09HA, ST185Q01HA)","Gradient Boosted Trees (GBT): Accuracy 73.7%, Precision 72.8%, Recall 88.3% (26 attributes); with expanded attributes: Accuracy 74.17% (74 attributes). Decision Tree worst: Accuracy 65.7%, Recall 58.0%.","Using PISA 2018 the study leveraged reading skills and habits, home learning environment, career goals/mindset, family background, and mental health variables to predict academic performance classes (A–D) derived from PISA plausible values, finding that Gradient Boosted Trees outperformed the other tested classifiers with the highest accuracy (73.7%) and recall (88.3%). This indicates that higher-education institutions could use an interpretable, feature-driven ML screening model to target students for early academic support, while noting that the paper’s random train/test split and lack of reported survey-weight handling limit population-representativeness and causal interpretation.",peer_reviewed_research,"Gradient Boosted Trees (GBT): Accuracy 73.7%, Precision 72.8%, Recall 88.3% (26 attributes); with expanded attributes: Accuracy 74.17% (74 attributes). Decision Tree worst: Accuracy 65.7%, Recall 58.0%.","Using PISA 2018 the study leveraged reading skills and habits, home learning environment, career goals/mindset, family background, and mental health variables to predict academic performance classes (A–D) derived from PISA plausible values, finding that Gradient Boosted Trees outperformed the other tested classifiers with the highest accuracy (73.7%) and recall (88.3%). This indicates that higher-education institutions could use an interpretable, feature-driven ML screening model to target students for early academic support, while noting that the paper’s random train/test split and lack of reported survey-weight handling limit population-representativeness and causal interpretation.",Composite / Multi-Domain,Cognitive Achievement,Student: Attitudinal/Behavioral
10.1177/07342829241262861,"PISA 2018 Mathematics (Brazil, proficiency Level 2 threshold)",Mathematics proficiency (Low vs Proficient),"Annual household income, Metacognition: summarizing, Metacognition: assessing credibility, Parents’ occupational status, Metacognition: understanding & remembering","Random Forest (A1): out-of-bag accuracy = 87.2% (95% CI: 87.2%–87.3%); ntree = 10, mtry = 800. Multilevel logistic regression (A2): AUC-ROC = 92.5% (95% CI: 91.7%–93.3%).","Using PISA 2018 Mathematics data for Brazil, the study leveraged annual household income, metacognition (summarizing and assessing credibility), parents’ occupational status, and metacognition (understanding & remembering) to predict mathematics proficiency (Low vs Proficient). It found that higher household income and higher parental occupational status were positively associated with being proficient, while grade repetition and additional instruction were negatively associated with proficiency. This indicates that strengthening early childhood education and care and reducing grade repetition may improve baseline mathematics proficiency, though the cross-sectional design limits causal interpretation.",peer_reviewed_research,"Random Forest (A1): out-of-bag accuracy = 87.2% (95% CI: 87.2%–87.3%); ntree = 10, mtry = 800. Multilevel logistic regression (A2): AUC-ROC = 92.5% (95% CI: 91.7%–93.3%).","Using PISA 2018 Mathematics data for Brazil, the study leveraged annual household income, metacognition (summarizing and assessing credibility), parents’ occupational status, and metacognition (understanding & remembering) to predict mathematics proficiency (Low vs Proficient). It found that higher household income and higher parental occupational status were positively associated with being proficient, while grade repetition and additional instruction were negatively associated with proficiency. This indicates that strengthening early childhood education and care and reducing grade repetition may improve baseline mathematics proficiency, though the cross-sectional design limits causal interpretation.",Mathematics,Cognitive Achievement,Student: SES; Student: Attitudinal/Behavioral
10.1177/07342829241262861,"PISA 2018 Science (Brazil, proficiency Level 2 threshold)",Science proficiency (Low vs Proficient),"Metacognition: assessing credibility, Additional instruction, Metacognition: summarizing, Annual household income, Metacognition: understanding & remembering","Random Forest (A1): out-of-bag accuracy = 86.7% (95% CI: 86.6%–86.8%); ntree = 10, mtry = 200. Multilevel logistic regression (A2): AUC-ROC = 91.7% (95% CI: 90.9%–92.6%).","Using PISA 2018 Science data for Brazil, the study leveraged metacognition (assessing credibility and summarizing), additional instruction, annual household income, and metacognition (understanding & remembering) to predict science proficiency (Low vs Proficient). It found that higher household income and higher parental occupational status were positively associated with being proficient, while grade repetition and additional instruction were negatively associated with proficiency. This indicates that policies should prioritize early childhood education and care and interventions that prevent grade repetition, while also re-examining how “additional instruction” is implemented for students who may be receiving it because they are already struggling.",peer_reviewed_research,"Random Forest (A1): out-of-bag accuracy = 86.7% (95% CI: 86.6%–86.8%); ntree = 10, mtry = 200. Multilevel logistic regression (A2): AUC-ROC = 91.7% (95% CI: 90.9%–92.6%).","Using PISA 2018 Science data for Brazil, the study leveraged metacognition (assessing credibility and summarizing), additional instruction, annual household income, and metacognition (understanding & remembering) to predict science proficiency (Low vs Proficient). It found that higher household income and higher parental occupational status were positively associated with being proficient, while grade repetition and additional instruction were negatively associated with proficiency. This indicates that policies should prioritize early childhood education and care and interventions that prevent grade repetition, while also re-examining how “additional instruction” is implemented for students who may be receiving it because they are already struggling.",Composite / Multi-Domain,Cognitive Achievement,Student: SES; School/Teacher: Practice; Student: Attitudinal/Behavioral
10.1177/07342829241262861,"PISA 2018 Reading (Brazil, proficiency Level 2 threshold)",Reading proficiency (Low vs Proficient),"Metacognition: assessing credibility, Additional instruction, Metacognition: summarizing, Annual household income, Metacognition: understanding & remembering","Random Forest (A1): out-of-bag accuracy = 86.9% (95% CI: 86.8%–87.0%); ntree = 7, mtry = 800. Multilevel logistic regression (A2): AUC-ROC = 92.8% (95% CI: 92.1%–93.5%).","Using PISA 2018 Reading data for Brazil, the study leveraged metacognition (assessing credibility and summarizing), additional instruction, annual household income, and metacognition (understanding & remembering) to predict reading proficiency (Low vs Proficient). It found that higher household income and higher parental occupational status were positively associated with being proficient, while grade repetition and additional instruction were negatively associated with proficiency. This indicates that strengthening early childhood education and care and supporting students’ metacognitive reading strategies may raise the share of students reaching baseline reading proficiency, though causality cannot be inferred from cross-sectional associations.",peer_reviewed_research,"Random Forest (A1): out-of-bag accuracy = 86.9% (95% CI: 86.8%–87.0%); ntree = 7, mtry = 800. Multilevel logistic regression (A2): AUC-ROC = 92.8% (95% CI: 92.1%–93.5%).","Using PISA 2018 Reading data for Brazil, the study leveraged metacognition (assessing credibility and summarizing), additional instruction, annual household income, and metacognition (understanding & remembering) to predict reading proficiency (Low vs Proficient). It found that higher household income and higher parental occupational status were positively associated with being proficient, while grade repetition and additional instruction were negatively associated with proficiency. This indicates that strengthening early childhood education and care and supporting students’ metacognitive reading strategies may raise the share of students reaching baseline reading proficiency, though causality cannot be inferred from cross-sectional associations.",Composite / Multi-Domain,Cognitive Achievement,Student: SES; School/Teacher: Practice; Student: Attitudinal/Behavioral
10.1016/j.jsp.2023.101254,"PISA 2018 Reading (United States, student/teacher/school context)",Reading self-concept (questionnaire scale),"Reading habits, Perceived ICT competence, Work mastery, Teacher understanding, Availability and usage of ICT","Elastic Net variable selection (standardized coefficients); multilevel modeling parameter estimates (β, SE, p). No predictive accuracy metrics reported.","Using PISA 2018 Reading data for the United States, the study leveraged reading habits, perceived ICT competence, work mastery, teacher understanding, and availability/usage of ICT to predict students’ reading self-concept, finding that reading habits, ICT competence, work mastery, and teacher understanding were positive predictors while ICT availability/usage was a negative predictor. This indicates that strengthening students’ reading engagement and building perceived ICT competence through supportive instruction may improve emergent bilinguals’ reading self-concept, though the results are correlational and not causal.",peer_reviewed_research,"Elastic Net variable selection (standardized coefficients); multilevel modeling parameter estimates (β, SE, p). No predictive accuracy metrics reported.","Using PISA 2018 Reading data for the United States, the study leveraged reading habits, perceived ICT competence, work mastery, teacher understanding, and availability/usage of ICT to predict students’ reading self-concept, finding that reading habits, ICT competence, work mastery, and teacher understanding were positive predictors while ICT availability/usage was a negative predictor. This indicates that strengthening students’ reading engagement and building perceived ICT competence through supportive instruction may improve emergent bilinguals’ reading self-concept, though the results are correlational and not causal.",Other / Unspecified,Other,Student: Attitudinal/Behavioral; School/Teacher: Practice; Student: Demographic
10.1016/j.jsp.2023.101254,"PISA 2018 Reading (United States, emergent bilinguals subset)",Reading self-concept (questionnaire scale),"Work mastery, Reading habits, Perceived ICT competence, Teacher understanding, Physical education in teacher training","Multilevel modeling parameter estimates (β, SE, p); no predictive accuracy metrics reported.","Using PISA 2018 Reading data for the United States, the study leveraged work mastery, reading habits, perceived ICT competence, teacher understanding, and physical education in teacher training to predict emergent bilinguals’ reading self-concept, finding that work mastery, reading habits, perceived ICT competence, and teacher understanding were positive predictors while physical education in teacher training was a negative predictor. This indicates that teacher understanding and mastery-oriented supports, alongside ICT competence development, may be particularly important for improving emergent bilinguals’ reading self-concept, though causality cannot be inferred from the cross-sectional associations.",peer_reviewed_research,"Multilevel modeling parameter estimates (β, SE, p); no predictive accuracy metrics reported.","Using PISA 2018 Reading data for the United States, the study leveraged work mastery, reading habits, perceived ICT competence, teacher understanding, and physical education in teacher training to predict emergent bilinguals’ reading self-concept, finding that work mastery, reading habits, perceived ICT competence, and teacher understanding were positive predictors while physical education in teacher training was a negative predictor. This indicates that teacher understanding and mastery-oriented supports, alongside ICT competence development, may be particularly important for improving emergent bilinguals’ reading self-concept, though causality cannot be inferred from the cross-sectional associations.",Other / Unspecified,Other,Student: Attitudinal/Behavioral; School/Teacher: Practice
10.1016/j.jsp.2023.101254,"PISA 2018 Reading (United States, native English speakers subset)",Reading self-concept (questionnaire scale),"Reading habits, Perceived ICT competence, Work mastery, Teacher understanding, Government funding share","Multilevel modeling parameter estimates (β, SE, p); no predictive accuracy metrics reported.","Using PISA 2018 Reading data for the United States, the study leveraged reading habits, perceived ICT competence, work mastery, teacher understanding, and government funding share to predict native English speakers’ reading self-concept, finding that reading habits, ICT competence, work mastery, and teacher understanding were positive predictors while ICT availability/usage was negative and government funding and equity-oriented policies were positive at the school level. This indicates that school resource allocation and supportive instructional factors may align more strongly with native English speakers’ reading self-concept than with emergent bilinguals’, suggesting the need for subgroup-tailored supports.",peer_reviewed_research,"Multilevel modeling parameter estimates (β, SE, p); no predictive accuracy metrics reported.","Using PISA 2018 Reading data for the United States, the study leveraged reading habits, perceived ICT competence, work mastery, teacher understanding, and government funding share to predict native English speakers’ reading self-concept, finding that reading habits, ICT competence, work mastery, and teacher understanding were positive predictors while ICT availability/usage was negative and government funding and equity-oriented policies were positive at the school level. This indicates that school resource allocation and supportive instructional factors may align more strongly with native English speakers’ reading self-concept than with emergent bilinguals’, suggesting the need for subgroup-tailored supports.",Other / Unspecified,Other,Student: Attitudinal/Behavioral; School/Teacher: Practice
10.1080/02103702.2022.2149120,PISA 2018 Reading (Macau; Chinese test language subset),Reading achievement (aggregated reading plausible values),"Metacognition, Enjoyment of reading, Self-concept: reading competence, Grade repetition, Grade level","Random Forest regression (41 predictors): RMSE = 66.28, R² = 0.44; optimal model with top 20 predictors: RMSE = 66.17, R² = 0.43. 10-fold cross-validation with five repeats; incremental model with top 20 predictors yielded the lowest prediction error. Supplementary HLM confirmed statistically significant effects for top predictors.","Using PISA 2018 Reading data for Macau students who took the test in Chinese, the study leveraged metacognition, enjoyment of reading, reading self-concept, grade repetition, and grade level to predict reading achievement, finding that personal factors (especially metacognitive strategies and reading enjoyment) were the most important predictors while school/family contexts showed lower predictive power. This indicates that Macau’s reading improvement efforts may benefit most from interventions targeting students’ metacognitive reading strategies and intrinsic reading enjoyment, alongside targeted support for students at risk of grade repetition.",peer_reviewed_research,"Random Forest regression (41 predictors): RMSE = 66.28, R² = 0.44; optimal model with top 20 predictors: RMSE = 66.17, R² = 0.43. 10-fold cross-validation with five repeats; incremental model with top 20 predictors yielded the lowest prediction error. Supplementary HLM confirmed statistically significant effects for top predictors.","Using PISA 2018 Reading data for Macau students who took the test in Chinese, the study leveraged metacognition, enjoyment of reading, reading self-concept, grade repetition, and grade level to predict reading achievement, finding that personal factors (especially metacognitive strategies and reading enjoyment) were the most important predictors while school/family contexts showed lower predictive power. This indicates that Macau’s reading improvement efforts may benefit most from interventions targeting students’ metacognitive reading strategies and intrinsic reading enjoyment, alongside targeted support for students at risk of grade repetition.",Reading,Cognitive Achievement,Student: Attitudinal/Behavioral; Student: Demographic
10.1016/j.cities.2022.103609,"PISA 2018 (China) school-level average of mathematics, science, and reading",School academic performance (PISA average score),"Metacognition: assess credibility, Class size, Socioeconomic status (ESCS), Learning time per week, Grade repetition",Linear regression outperforms nonlinear models such as XGBoost; no numeric accuracy/R²/RMSE metrics reported.,"Using PISA 2018 (China) the study leveraged metacognition (assess credibility), class size, socioeconomic status (ESCS), learning time, and grade repetition to predict school academic performance (school-level average across mathematics, science, and reading), finding that intermediate learning outcomes and student characteristics are key drivers of the best-vs-worst school gaps in urban areas, with metacognition (assess credibility) showing a large positive contribution relative to a benchmark school. This indicates that urban education policy should prioritize interventions that strengthen students’ metacognitive learning processes and reduce grade repetition, alongside family-support measures tied to ESCS.",peer_reviewed_research,Linear regression outperforms nonlinear models such as XGBoost; no numeric accuracy/R²/RMSE metrics reported.,"Using PISA 2018 (China) the study leveraged metacognition (assess credibility), class size, socioeconomic status (ESCS), learning time, and grade repetition to predict school academic performance (school-level average across mathematics, science, and reading), finding that intermediate learning outcomes and student characteristics are key drivers of the best-vs-worst school gaps in urban areas, with metacognition (assess credibility) showing a large positive contribution relative to a benchmark school. This indicates that urban education policy should prioritize interventions that strengthen students’ metacognitive learning processes and reduce grade repetition, alongside family-support measures tied to ESCS.",Composite / Multi-Domain,Cognitive Achievement,Student: SES; School/Teacher: Context; Student: Attitudinal/Behavioral; Student: Demographic
10.1016/j.cities.2022.103609,"PISA 2018 (China) school-level average of mathematics, science, and reading",School academic performance (PISA average score) — worst vs benchmark (urban),"Learning time per week, Parental emotional support, Socioeconomic status (ESCS), Grade repetition, Expected occupational status","No numeric model-fit metrics reported; Shapley-value contributions reported as score differences vs benchmark (e.g., grade repetition lowers achievement by 23.02 points).","Using PISA 2018 (China) the study leveraged learning time, parental emotional support, ESCS, grade repetition, and expected occupational status to predict school academic performance for the worst schools in urban areas, finding that poorer intermediate learning outcomes and lower student characteristics reduce performance relative to the benchmark school, with grade repetition showing a substantial negative contribution (−23.02 points). This indicates that urban school improvement strategies should target underperforming students through extended learning opportunities, family emotional-support supports, and strong grade-repetition prevention, while also providing guidance that improves students’ occupational expectations.",peer_reviewed_research,"No numeric model-fit metrics reported; Shapley-value contributions reported as score differences vs benchmark (e.g., grade repetition lowers achievement by 23.02 points).","Using PISA 2018 (China) the study leveraged learning time, parental emotional support, ESCS, grade repetition, and expected occupational status to predict school academic performance for the worst schools in urban areas, finding that poorer intermediate learning outcomes and lower student characteristics reduce performance relative to the benchmark school, with grade repetition showing a substantial negative contribution (−23.02 points). This indicates that urban school improvement strategies should target underperforming students through extended learning opportunities, family emotional-support supports, and strong grade-repetition prevention, while also providing guidance that improves students’ occupational expectations.",Composite / Multi-Domain,Cognitive Achievement,Student: Attitudinal/Behavioral; Student: SES; Student: Demographic
10.1016/j.cities.2022.103609,"PISA 2018 (China) school-level average of mathematics, science, and reading",School academic performance (PISA average score) — best vs benchmark (rural),"ICT resources at home, Number of available computers per student at modal grade, Student behavior hindering learning, Student admission policy, Quality of the learning environment",No numeric model-fit metrics reported; Shapley-value rankings indicate ICT resources and school learning environment as more important in best rural schools than in the benchmark.,"Using PISA 2018 (China) the study leveraged ICT resources at home, school computer availability, student behavior hindering learning, student admission policy, and the learning environment quality to predict school academic performance for the best schools in rural areas, finding that school-level characteristics (e.g., computer availability and learning environment) are more important than in urban best schools and can compensate for losses from limited home ICT resources. This indicates that rural education policy should subsidize ICT access both at home and in schools and refine school admission and learning-environment practices to sustain high achievement.",peer_reviewed_research,No numeric model-fit metrics reported; Shapley-value rankings indicate ICT resources and school learning environment as more important in best rural schools than in the benchmark.,"Using PISA 2018 (China) the study leveraged ICT resources at home, school computer availability, student behavior hindering learning, student admission policy, and the learning environment quality to predict school academic performance for the best schools in rural areas, finding that school-level characteristics (e.g., computer availability and learning environment) are more important than in urban best schools and can compensate for losses from limited home ICT resources. This indicates that rural education policy should subsidize ICT access both at home and in schools and refine school admission and learning-environment practices to sustain high achievement.",Composite / Multi-Domain,Cognitive Achievement,Student: Attitudinal/Behavioral; Student: Demographic; System: Policy/Context
10.1016/j.cities.2022.103609,"PISA 2018 (China) school-level average of mathematics, science, and reading",School academic performance (PISA average score) — worst vs benchmark (rural),"Socioeconomic status (ESCS), Learning time per week, Parental emotional support, ICT resources at home, Number of available computers per student at modal grade","No numeric model-fit metrics reported; Shapley-value patterns show negative contributions from ESCS, learning time, and parental emotional support via intermediate learning outcomes, and ICT-related factors affecting performance.","Using PISA 2018 (China) the study leveraged ESCS, learning time, parental emotional support, home ICT resources, and school computer availability to predict school academic performance for the worst schools in rural areas, finding that these factors depress intermediate learning outcomes and directly lower achievement relative to the benchmark, with ICT constraints contributing to poorer performance. This indicates that rural policy should combine family-support and learning-time interventions with targeted ICT provision (subsidies or devices) for both homes and schools to reduce rural achievement disadvantages.",peer_reviewed_research,"No numeric model-fit metrics reported; Shapley-value patterns show negative contributions from ESCS, learning time, and parental emotional support via intermediate learning outcomes, and ICT-related factors affecting performance.","Using PISA 2018 (China) the study leveraged ESCS, learning time, parental emotional support, home ICT resources, and school computer availability to predict school academic performance for the worst schools in rural areas, finding that these factors depress intermediate learning outcomes and directly lower achievement relative to the benchmark, with ICT constraints contributing to poorer performance. This indicates that rural policy should combine family-support and learning-time interventions with targeted ICT provision (subsidies or devices) for both homes and schools to reduce rural achievement disadvantages.",Composite / Multi-Domain,Cognitive Achievement,Student: SES; Student: Attitudinal/Behavioral; Student: Demographic
10.1007/s40647-026-00459-6,"PISA 2022 Module 8 (Non-cognitive skills composite), ages 15, 10 countries",Non-cognitive skills composite score (NCS),"Mathematics proactive behavior (MATHPERS), 21st century mathematics efficacy (MATHEF21), Mathematics self-efficacy (MATHEFF), Sense of belonging (BELONG), Average score in science (AVGSCIE)","Nested cross-validation with GridSearchCV hyperparameter tuning. Gradient Boosting Machine (GBM) best: Test MSE=0.2399, RMSE=0.4897, MAE=0.3575, R²=0.3038 (mean across outer folds). Random Forest: Test MSE≈0.2447, RMSE≈0.4946, MAE≈0.3609, R²≈0.2898. LASSO: Test MSE≈0.2529, RMSE≈0.5031, MAE≈0.3689, R²≈0.2663. OLS: Test R²≈0.2664.","Using PISA 2022 Module 8 the study leveraged mathematics cognitive-motivational traits (e.g., MATHPERS, MATHEF21, MATHEFF) together with background (BELONG) and prior achievement (AVGSCIE) to predict the non-cognitive skills composite (NCS), finding that Gradient Boosting Machine outperformed OLS, LASSO, and Random Forest on test RMSE/MAE and achieved the highest explained variance (R²≈0.304). This indicates that strengthening domain-specific self-beliefs and proactive engagement in mathematics—alongside fostering students’ sense of belonging—may be a practical pathway for improving non-cognitive skills, though the cross-sectional design and lack of documented survey-weight handling limit causal interpretation.",peer_reviewed_research,"Nested cross-validation with GridSearchCV hyperparameter tuning. Gradient Boosting Machine (GBM) best: Test MSE=0.2399, RMSE=0.4897, MAE=0.3575, R²=0.3038 (mean across outer folds). Random Forest: Test MSE≈0.2447, RMSE≈0.4946, MAE≈0.3609, R²≈0.2898. LASSO: Test MSE≈0.2529, RMSE≈0.5031, MAE≈0.3689, R²≈0.2663. OLS: Test R²≈0.2664.","Using PISA 2022 Module 8 the study leveraged mathematics cognitive-motivational traits (e.g., MATHPERS, MATHEF21, MATHEFF) together with background (BELONG) and prior achievement (AVGSCIE) to predict the non-cognitive skills composite (NCS), finding that Gradient Boosting Machine outperformed OLS, LASSO, and Random Forest on test RMSE/MAE and achieved the highest explained variance (R²≈0.304). This indicates that strengthening domain-specific self-beliefs and proactive engagement in mathematics—alongside fostering students’ sense of belonging—may be a practical pathway for improving non-cognitive skills, though the cross-sectional design and lack of documented survey-weight handling limit causal interpretation.",Composite / Multi-Domain,Cognitive Achievement,Student: Attitudinal/Behavioral; Student: Demographic
10.1177/23328584251331453,PIRLS 2016 Germany Grade 4 (Reading domain context; academic track recommendation outcome),Academic track recommendation (Gymnasium vs not),"Rural region (vs urban), Metropolitan region (vs urban), Parental support behavior, Cognitive skills test, Reading activities in class","OLS baseline: rural +0.109 (p<.05), metropolitan +0.151 (p<.01). Post-LASSO (student-level): rural 0.007 (ns), metropolitan 0.065 (ns). Post-LASSO (all-in-one): rural 0.021 (ns), metropolitan 0.058 (ns). Post hoc policy categorization: nonpolicy variables reduced rural from 0.109 to 0.018 and metropolitan from 0.151 to 0.050; indirect policy variables left metropolitan significant in some models.","Using PIRLS 2016 Germany Grade 4 the study leveraged regional membership (rural vs urban; metropolitan vs urban) together with student and school principal components selected via LASSO to model academic track recommendation, finding that rural and metropolitan students were initially more likely to receive Gymnasium recommendations than urban students, but these regional coefficients became statistically insignificant after controlling for selected student-level characteristics. This indicates that observed regional disparities in early academic tracking are largely explained by compositional differences in student skills, learning behaviors, and family support rather than by region membership per se, suggesting that targeted student- and family-support interventions may be more effective than purely geographic resource reallocation.",peer_reviewed_research,"OLS baseline: rural +0.109 (p<.05), metropolitan +0.151 (p<.01). Post-LASSO (student-level): rural 0.007 (ns), metropolitan 0.065 (ns). Post-LASSO (all-in-one): rural 0.021 (ns), metropolitan 0.058 (ns). Post hoc policy categorization: nonpolicy variables reduced rural from 0.109 to 0.018 and metropolitan from 0.151 to 0.050; indirect policy variables left metropolitan significant in some models.","Using PIRLS 2016 Germany Grade 4 the study leveraged regional membership (rural vs urban; metropolitan vs urban) together with student and school principal components selected via LASSO to model academic track recommendation, finding that rural and metropolitan students were initially more likely to receive Gymnasium recommendations than urban students, but these regional coefficients became statistically insignificant after controlling for selected student-level characteristics. This indicates that observed regional disparities in early academic tracking are largely explained by compositional differences in student skills, learning behaviors, and family support rather than by region membership per se, suggesting that targeted student- and family-support interventions may be more effective than purely geographic resource reallocation.",Other / Unspecified,Other,School/Teacher: Context; Student: Attitudinal/Behavioral
10.1177/23328584251331453,PIRLS 2016 Germany Grade 4 (Reading domain context; enjoyment of school outcome),Enjoyment of school (latent well-being from Likert items),"Rural region (vs urban), Metropolitan region (vs urban), Perceived teacher support, Sense of safety at school, Computer and internet use","OLS baseline: rural +0.302 SD (p<.01), metropolitan +0.239 SD (p<.1). Post-LASSO (student-level): rural 0.066 (ns), metropolitan 0.056 (ns). Post-LASSO (all-in-one): rural 0.001 (ns), metropolitan 0.025 (ns). Policy categorization: direct policy variables most effective in reducing coefficients; indirect policy variables also reduced coefficients, especially in model 13.","Using PIRLS 2016 Germany Grade 4 the study leveraged regional membership and LASSO-selected principal components from student, parent, teacher, and school principal information to model enjoyment of school, finding a U-shaped baseline pattern (higher enjoyment in rural and metropolitan than urban) that largely attenuated and became statistically insignificant after controlling for selected student-level characteristics. This indicates that regional differences in elementary-school well-being are substantially mediated by student- and classroom-level conditions (e.g., perceived support and learning environment), implying that well-being-focused improvements should prioritize school practices and student supports in urban contexts rather than relying on region-level policies alone.",peer_reviewed_research,"OLS baseline: rural +0.302 SD (p<.01), metropolitan +0.239 SD (p<.1). Post-LASSO (student-level): rural 0.066 (ns), metropolitan 0.056 (ns). Post-LASSO (all-in-one): rural 0.001 (ns), metropolitan 0.025 (ns). Policy categorization: direct policy variables most effective in reducing coefficients; indirect policy variables also reduced coefficients, especially in model 13.","Using PIRLS 2016 Germany Grade 4 the study leveraged regional membership and LASSO-selected principal components from student, parent, teacher, and school principal information to model enjoyment of school, finding a U-shaped baseline pattern (higher enjoyment in rural and metropolitan than urban) that largely attenuated and became statistically insignificant after controlling for selected student-level characteristics. This indicates that regional differences in elementary-school well-being are substantially mediated by student- and classroom-level conditions (e.g., perceived support and learning environment), implying that well-being-focused improvements should prioritize school practices and student supports in urban contexts rather than relying on region-level policies alone.",Non-Cognitive / Process Output,Attitudinal / Affective,School/Teacher: Context; School/Teacher: Practice; Student: Attitudinal/Behavioral
10.1177/23328584251331453,PIRLS 2016 Germany Grade 4 (Reading domain context; reading interest outcome),Reading interest (Likert-based motivation scale),"Rural region (vs urban), Metropolitan region (vs urban), Parental support behavior, Computer and internet use, Cognitive skills test","OLS baseline: rural +0.210 (p<.001), metropolitan +0.253 (p<.001). Post-LASSO (student-level): rural -0.075 (ns), metropolitan 0.038 (ns). Post-LASSO (all-in-one): rural -0.051 (ns), metropolitan 0.048 (ns). Policy categorization: nonpolicy variables reduced regional differences substantially; indirect policy variables suggested a potential positive impact on reading interest in metropolitan areas in some models.","Using PIRLS 2016 Germany Grade 4 the study leveraged regional membership and LASSO-selected principal components to model reading interest, finding that rural and metropolitan students showed higher reading interest in baseline models but that these regional effects weakened and changed sign after controlling for selected student-level and school-level characteristics. This indicates that differences in reading motivation across regions are primarily driven by compositional and learning-environment factors (e.g., family support and classroom instructional conditions), suggesting that reading-motivation interventions should target modifiable school and home supports, especially where urban students may face motivational disadvantages.",peer_reviewed_research,"OLS baseline: rural +0.210 (p<.001), metropolitan +0.253 (p<.001). Post-LASSO (student-level): rural -0.075 (ns), metropolitan 0.038 (ns). Post-LASSO (all-in-one): rural -0.051 (ns), metropolitan 0.048 (ns). Policy categorization: nonpolicy variables reduced regional differences substantially; indirect policy variables suggested a potential positive impact on reading interest in metropolitan areas in some models.","Using PIRLS 2016 Germany Grade 4 the study leveraged regional membership and LASSO-selected principal components to model reading interest, finding that rural and metropolitan students showed higher reading interest in baseline models but that these regional effects weakened and changed sign after controlling for selected student-level and school-level characteristics. This indicates that differences in reading motivation across regions are primarily driven by compositional and learning-environment factors (e.g., family support and classroom instructional conditions), suggesting that reading-motivation interventions should target modifiable school and home supports, especially where urban students may face motivational disadvantages.",Non-Cognitive / Process Output,Attitudinal / Affective,School/Teacher: Context; Student: Attitudinal/Behavioral
10.3390/info16060480,TIMSS 2019 Grade 8 Mathematics (Morocco),Mathematics performance (binary from PV tiers),"Teachers ask for explanations, Link new knowledge to prior knowledge, Technology integration in math lessons, Availability of school library, Teacher professional development frequency","SVM (best): Accuracy=0.74, F1=0.73, AUC=0.79. XGBoost: Accuracy=0.73, F1=0.71, AUC=0.76. Random Forest: Accuracy=0.71, F1=0.69, AUC=0.75. Decision Tree: Accuracy=0.65, F1=0.64, AUC=0.68.","Using TIMSS 2019 Grade 8 Mathematics data for Morocco, the study leveraged teacher instructional practices, teacher professional development, and school resource indicators (e.g., explanations, linking to prior knowledge, PD, and library/computers) to predict students’ binary mathematics performance derived from PV tiers, finding that SVM achieved the highest discrimination (AUC=0.79) and balanced classification (F1=0.73). This indicates that strengthening interactive pedagogy and targeted teacher development—alongside improving access to learning resources—may improve the identification of at-risk students and guide more actionable classroom and school interventions, though causality cannot be inferred from predictive SHAP-based feature attribution.",peer_reviewed_research,"SVM (best): Accuracy=0.74, F1=0.73, AUC=0.79. XGBoost: Accuracy=0.73, F1=0.71, AUC=0.76. Random Forest: Accuracy=0.71, F1=0.69, AUC=0.75. Decision Tree: Accuracy=0.65, F1=0.64, AUC=0.68.","Using TIMSS 2019 Grade 8 Mathematics data for Morocco, the study leveraged teacher instructional practices, teacher professional development, and school resource indicators (e.g., explanations, linking to prior knowledge, PD, and library/computers) to predict students’ binary mathematics performance derived from PV tiers, finding that SVM achieved the highest discrimination (AUC=0.79) and balanced classification (F1=0.73). This indicates that strengthening interactive pedagogy and targeted teacher development—alongside improving access to learning resources—may improve the identification of at-risk students and guide more actionable classroom and school interventions, though causality cannot be inferred from predictive SHAP-based feature attribution.",Mathematics,Cognitive Achievement,School/Teacher: Practice; Student: Prior Achievement; Student: Process Data; School/Teacher: Context
10.19128/turje.1431545,PIRLS 2021 Grade 4 Reading (Türkiye),Reading performance (binary high vs low using ASRIBM01 first plausible value benchmark),"Emphasis on letter-sound relationships, Emphasis on alphabet letters, Borrow books from classroom library, Emphasis on reading words, Observing students as they work","SVM (linear kernel, L2-regularized) — Accuracy: 0.957 (95% CI: 0.943–0.968); Kappa: 0.914; P-value [Acc > NIR] < 0.001; Sensitivity: 0.956; Specificity: 0.958; PPV: ~0.956; NPV: ~0.958; Balanced Accuracy: 0.9572. Feature selection via RFE evaluated subsets of 4, 8, and 16 factors; best top-16 subset reported as improving performance relative to smaller subsets (full 405-variable model: RMSE 0.2618, R² 0.72766, MAE 0.2131; 16-variable subset: RMSE 0.4784, R² 0.08714, MAE 0.4546).","Using PIRLS 2021 Grade 4 Reading (Türkiye) the study leveraged school emphasis on foundational literacy (letter-sound and alphabet knowledge, reading words) together with teacher assessment and instructional practices (observing students, short written assessments, text-evidence prompts) to predict reading performance as a binary high-vs-low outcome, finding that the SVM achieved 0.957 accuracy with Kappa=0.914 and balanced accuracy=0.9572. This indicates that strengthening school-level instructional emphasis on early decoding/word reading and adopting interactive, evidence-based assessment and teaching practices—alongside supportive parental readiness engagement—may improve the proportion of students reaching higher reading performance benchmarks, though the results are predictive and not causal.",peer_reviewed_research,"SVM (linear kernel, L2-regularized) — Accuracy: 0.957 (95% CI: 0.943–0.968); Kappa: 0.914; P-value [Acc > NIR] < 0.001; Sensitivity: 0.956; Specificity: 0.958; PPV: ~0.956; NPV: ~0.958; Balanced Accuracy: 0.9572. Feature selection via RFE evaluated subsets of 4, 8, and 16 factors; best top-16 subset reported as improving performance relative to smaller subsets (full 405-variable model: RMSE 0.2618, R² 0.72766, MAE 0.2131; 16-variable subset: RMSE 0.4784, R² 0.08714, MAE 0.4546).","Using PIRLS 2021 Grade 4 Reading (Türkiye) the study leveraged school emphasis on foundational literacy (letter-sound and alphabet knowledge, reading words) together with teacher assessment and instructional practices (observing students, short written assessments, text-evidence prompts) to predict reading performance as a binary high-vs-low outcome, finding that the SVM achieved 0.957 accuracy with Kappa=0.914 and balanced accuracy=0.9572. This indicates that strengthening school-level instructional emphasis on early decoding/word reading and adopting interactive, evidence-based assessment and teaching practices—alongside supportive parental readiness engagement—may improve the proportion of students reaching higher reading performance benchmarks, though the results are predictive and not causal.",Composite / Multi-Domain,Cognitive Achievement,Student: Attitudinal/Behavioral; Student: SES
10.1007/s12187-022-09939-z,PISA 2018 Reading (Hong Kong; ESCS bottom quartile; resilience defined via top-25% reading achievement),Academic resilience (binary: resilient vs non-resilient),"Meta-cognition: assess credibility, Joy of reading, Teacher-directed instruction, Perception of difficulty (PISA test), Sense of belonging to school","Random Forest: AUC = 0.81; Accuracy = 0.83 (95% CI [0.79, 0.87]). Ten-fold cross-validation with five repeats; feature selection via mean decrease in accuracy (MDA) and marginal MSE reduction after the 8th variable. Logistic regression (supplementary): Accuracy = 0.68 (95% CI [0.64, 0.73]).","Using PISA 2018 Reading data for Hong Kong students restricted to the ESCS bottom quartile, the study leveraged meta-cognition (assess credibility), joy of reading, teacher-directed instruction, perceived difficulty of the PISA test, and sense of belonging to school (among other top factors) to classify students as resilient versus non-resilient, finding that the random forest achieved high discrimination (AUC = 0.81) and accuracy (0.83). This indicates that strengthening metacognitive reading strategies and intrinsic reading motivation, alongside more teacher-directed instruction and inclusive school belonging, may help socioeconomically disadvantaged students reach high reading achievement, though the cross-sectional design and unweighted ML estimation limit causal claims.",peer_reviewed_research,"Random Forest: AUC = 0.81; Accuracy = 0.83 (95% CI [0.79, 0.87]). Ten-fold cross-validation with five repeats; feature selection via mean decrease in accuracy (MDA) and marginal MSE reduction after the 8th variable. Logistic regression (supplementary): Accuracy = 0.68 (95% CI [0.64, 0.73]).","Using PISA 2018 Reading data for Hong Kong students restricted to the ESCS bottom quartile, the study leveraged meta-cognition (assess credibility), joy of reading, teacher-directed instruction, perceived difficulty of the PISA test, and sense of belonging to school (among other top factors) to classify students as resilient versus non-resilient, finding that the random forest achieved high discrimination (AUC = 0.81) and accuracy (0.83). This indicates that strengthening metacognitive reading strategies and intrinsic reading motivation, alongside more teacher-directed instruction and inclusive school belonging, may help socioeconomically disadvantaged students reach high reading achievement, though the cross-sectional design and unweighted ML estimation limit causal claims.",Non-Cognitive / Process Output,Policy / System Outcome,Student: SES; Student: Attitudinal/Behavioral; School/Teacher: Practice; School/Teacher: Context
10.1007/s12187-022-09997-3,PISA 2018 (China) 15-year-olds well-being questionnaire — Positive affect,Positive affect (subjective well-being),"Sense of school belonging, Resilience, Work mastery, Mastery goal orientation, Parents’ emotional support","Random Forest regression — R²: 21.41%, MSE: 0.79 (baseline with 35 predictors); optimal model with top 9 predictors R²: 21.41%, MSE: 0.79; importance via %IncMSE (higher = more important).","Using PISA 2018 (China) 15-year-olds well-being questionnaire the study leveraged sense of school belonging, resilience, work mastery, mastery goal orientation, and parents’ emotional support to predict positive affect, finding that school belonging and resilience were the most important predictors (top-ranked and second-ranked within the selected set). This indicates that strengthening school belonging and resilience-building supports may be effective targets for interventions aimed at improving students’ positive emotions, though the cross-sectional design prevents causal claims.",peer_reviewed_research,"Random Forest regression — R²: 21.41%, MSE: 0.79 (baseline with 35 predictors); optimal model with top 9 predictors R²: 21.41%, MSE: 0.79; importance via %IncMSE (higher = more important).","Using PISA 2018 (China) 15-year-olds well-being questionnaire the study leveraged sense of school belonging, resilience, work mastery, mastery goal orientation, and parents’ emotional support to predict positive affect, finding that school belonging and resilience were the most important predictors (top-ranked and second-ranked within the selected set). This indicates that strengthening school belonging and resilience-building supports may be effective targets for interventions aimed at improving students’ positive emotions, though the cross-sectional design prevents causal claims.",Non-Cognitive / Process Output,Attitudinal / Affective,School/Teacher: Context; Student: Attitudinal/Behavioral
10.1007/s12187-022-09997-3,PISA 2018 (China) 15-year-olds well-being questionnaire — Negative affect,Negative affect (subjective well-being),"Fear of failure (general fear of failure), Sense of school belonging, Resilience, Index of economic social cultural status (ESCS), Reading for enjoyment","Random Forest regression — R²: 19.21%, MSE: 0.81 (initial model with 35 predictors); optimal model with top 9 predictors R²: 18.13%, MSE: 0.82; importance via %IncMSE.","Using PISA 2018 (China) 15-year-olds well-being questionnaire the study leveraged general fear of failure, sense of school belonging, resilience, ESCS, and reading for enjoyment to predict negative affect, finding that fear of failure and school belonging were the most important predictors (fear of failure ranked first). This indicates that reducing students’ fear of failure through supportive assessment and feedback practices, alongside improving belonging, may help lower negative emotions, while causality cannot be inferred from predictive modeling.",peer_reviewed_research,"Random Forest regression — R²: 19.21%, MSE: 0.81 (initial model with 35 predictors); optimal model with top 9 predictors R²: 18.13%, MSE: 0.82; importance via %IncMSE.","Using PISA 2018 (China) 15-year-olds well-being questionnaire the study leveraged general fear of failure, sense of school belonging, resilience, ESCS, and reading for enjoyment to predict negative affect, finding that fear of failure and school belonging were the most important predictors (fear of failure ranked first). This indicates that reducing students’ fear of failure through supportive assessment and feedback practices, alongside improving belonging, may help lower negative emotions, while causality cannot be inferred from predictive modeling.",Non-Cognitive / Process Output,Attitudinal / Affective,Student: Attitudinal/Behavioral; School/Teacher: Context; Student: SES
10.1007/s12187-022-09997-3,PISA 2018 (China) 15-year-olds well-being questionnaire — Life satisfaction,Life satisfaction (subjective well-being),"Resilience, Sense of school belonging, Parents’ emotional support, Fear of failure (general fear of failure), Work mastery","Random Forest regression — R²: 26.44%, MSE: 0.74 (initial model with 35 predictors); optimal model with top 9 predictors R²: 24.14%, MSE: 0.76; importance via %IncMSE (resilience and belonging contributed large mean decreases in accuracy).","Using PISA 2018 (China) 15-year-olds well-being questionnaire the study leveraged resilience, sense of school belonging, parents’ emotional support, general fear of failure, and work mastery to predict life satisfaction, finding that school belonging and resilience were the leading predictors (ranked first and second in the selected set). This indicates that family emotional support and belonging-enhancing school environments, together with resilience development, may improve students’ life satisfaction, though the study’s cross-sectional ML approach does not establish causal effects.",peer_reviewed_research,"Random Forest regression — R²: 26.44%, MSE: 0.74 (initial model with 35 predictors); optimal model with top 9 predictors R²: 24.14%, MSE: 0.76; importance via %IncMSE (resilience and belonging contributed large mean decreases in accuracy).","Using PISA 2018 (China) 15-year-olds well-being questionnaire the study leveraged resilience, sense of school belonging, parents’ emotional support, general fear of failure, and work mastery to predict life satisfaction, finding that school belonging and resilience were the leading predictors (ranked first and second in the selected set). This indicates that family emotional support and belonging-enhancing school environments, together with resilience development, may improve students’ life satisfaction, though the study’s cross-sectional ML approach does not establish causal effects.",Non-Cognitive / Process Output,Attitudinal / Affective,Student: Attitudinal/Behavioral; School/Teacher: Context
10.1007/s12187-022-09997-3,PISA 2018 (China) 15-year-olds well-being questionnaire — Eudaimonic well-being,Eudaimonic well-being (meaning in life),"Resilience, Work mastery, Sense of school belonging, Parents’ emotional support, Cooperation at school","Random Forest regression — R²: 32.47%, MSE: 0.68 (initial model with 35 predictors); optimal model with top 9 predictors R²: 32.47%, MSE: 0.78; importance via %IncMSE (resilience and work mastery accounted for >62% decrease in accuracy).","Using PISA 2018 (China) 15-year-olds well-being questionnaire the study leveraged resilience, work mastery, sense of school belonging, parents’ emotional support, and perceived cooperation at school to predict eudaimonic well-being (meaning in life), finding that resilience and work mastery were the top predictors. This indicates that interventions promoting students’ mastery-oriented engagement and resilience may strengthen students’ sense of purpose, while the predictive nature of the evidence limits causal interpretation.",peer_reviewed_research,"Random Forest regression — R²: 32.47%, MSE: 0.68 (initial model with 35 predictors); optimal model with top 9 predictors R²: 32.47%, MSE: 0.78; importance via %IncMSE (resilience and work mastery accounted for >62% decrease in accuracy).","Using PISA 2018 (China) 15-year-olds well-being questionnaire the study leveraged resilience, work mastery, sense of school belonging, parents’ emotional support, and perceived cooperation at school to predict eudaimonic well-being (meaning in life), finding that resilience and work mastery were the top predictors. This indicates that interventions promoting students’ mastery-oriented engagement and resilience may strengthen students’ sense of purpose, while the predictive nature of the evidence limits causal interpretation.",Non-Cognitive / Process Output,Attitudinal / Affective,Student: Attitudinal/Behavioral; School/Teacher: Context
10.1007/s10763-025-10596-1,PISA 2015 Science (15-year-olds) — Singapore and Finland,Science performance (all 10 plausible values),"Science learning time (minutes/week), Justification in epistemological beliefs, Enjoyment of science, Science self-efficacy, ICT use or availability (ICTHOME/ICTSCH/USESCH)",Random Forest regression (500 trees) with 10-fold cross-validation (five repeats): explained variance R² = 0.538 (Singapore; RMSE = 27.710) and R² = 0.511 (Finland; RMSE = 25.902). Sparse RF with top-10 variables: R² = 0.482 (Singapore; RMSE = 32.268) and R² = 0.463 (Finland; RMSE = 29.604). Variable importance ranked by %IncMSE; cross-validation error stabilized when using the 10 most important factors.,"Using PISA 2015 Science data for Singapore and Finland, the study leveraged science learning time, justification in epistemological beliefs, enjoyment of science, science self-efficacy, and ICT use/availability to predict students’ science performance (all 10 plausible values), finding that these motivational and ICT-related factors were the shared top drivers in both countries. This indicates that strengthening science motivation (self-efficacy, enjoyment, and epistemic justification) alongside expanding effective ICT-supported learning opportunities may be a cross-cultural strategy for improving science achievement, though the study is correlational and does not establish causal effects.",peer_reviewed_research,Random Forest regression (500 trees) with 10-fold cross-validation (five repeats): explained variance R² = 0.538 (Singapore; RMSE = 27.710) and R² = 0.511 (Finland; RMSE = 25.902). Sparse RF with top-10 variables: R² = 0.482 (Singapore; RMSE = 32.268) and R² = 0.463 (Finland; RMSE = 29.604). Variable importance ranked by %IncMSE; cross-validation error stabilized when using the 10 most important factors.,"Using PISA 2015 Science data for Singapore and Finland, the study leveraged science learning time, justification in epistemological beliefs, enjoyment of science, science self-efficacy, and ICT use/availability to predict students’ science performance (all 10 plausible values), finding that these motivational and ICT-related factors were the shared top drivers in both countries. This indicates that strengthening science motivation (self-efficacy, enjoyment, and epistemic justification) alongside expanding effective ICT-supported learning opportunities may be a cross-cultural strategy for improving science achievement, though the study is correlational and does not establish causal effects.",Composite / Multi-Domain,Cognitive Achievement,Student: Attitudinal/Behavioral; Student: Process Data; Student: SES
10.1007/s10763-025-10596-1,PISA 2015 Science (15-year-olds) — Finland,Science performance (all 10 plausible values),"Expected occupational status, Test anxiety, Value cooperation, Science learning time (minutes/week), Justification in epistemological beliefs","Random Forest regression with 10-fold cross-validation (five repeats): explained variance R² = 0.511 (Finland; RMSE = 25.902). Top-10 factor selection based on %IncMSE and stabilized cross-validation error; minimum cross-validation error occurred with 26 factors, and the curve stabilized with the 10 most important factors.","Using PISA 2015 Science data for Finland, the study leveraged expected occupational status, test anxiety, value cooperation, science learning time, and justification in epistemological beliefs to predict science performance (all 10 plausible values), finding that additional individual factors beyond the shared motivational/ICT set were among the most important for Finnish students. This indicates that Finnish science improvement efforts may benefit from addressing career-related expectations and reducing test anxiety while supporting cooperative learning dispositions, though causality cannot be inferred from the correlational ML results.",peer_reviewed_research,"Random Forest regression with 10-fold cross-validation (five repeats): explained variance R² = 0.511 (Finland; RMSE = 25.902). Top-10 factor selection based on %IncMSE and stabilized cross-validation error; minimum cross-validation error occurred with 26 factors, and the curve stabilized with the 10 most important factors.","Using PISA 2015 Science data for Finland, the study leveraged expected occupational status, test anxiety, value cooperation, science learning time, and justification in epistemological beliefs to predict science performance (all 10 plausible values), finding that additional individual factors beyond the shared motivational/ICT set were among the most important for Finnish students. This indicates that Finnish science improvement efforts may benefit from addressing career-related expectations and reducing test anxiety while supporting cooperative learning dispositions, though causality cannot be inferred from the correlational ML results.",Composite / Multi-Domain,Cognitive Achievement,Student: Attitudinal/Behavioral; Student: Process Data
10.1007/s10763-025-10596-1,PISA 2015 Science (15-year-olds) — Singapore,Science performance (all 10 plausible values),"Family wealth, Highest parental occupational status, Home educational resources, Science learning time (minutes/week), Disciplinary climate in science classes","Random Forest regression with 10-fold cross-validation (five repeats): explained variance R² = 0.538 (Singapore; RMSE = 27.710). Top-10 factor selection based on %IncMSE and stabilized cross-validation error; minimum cross-validation error occurred with 26 factors, and the curve stabilized with the 10 most important factors.","Using PISA 2015 Science data for Singapore, the study leveraged family wealth, highest parental occupational status, home educational resources, science learning time, and disciplinary climate in science classes to predict science performance (all 10 plausible values), finding that family resources were prominent among the top drivers for Singaporean students and that disciplinary climate was the key school-level factor. This indicates that Singapore’s science policy and practice may need to pair motivational/ICT initiatives with measures that mitigate home-resource disparities and improve classroom discipline to sustain high achievement, while recognizing the study’s correlational design limits causal claims.",peer_reviewed_research,"Random Forest regression with 10-fold cross-validation (five repeats): explained variance R² = 0.538 (Singapore; RMSE = 27.710). Top-10 factor selection based on %IncMSE and stabilized cross-validation error; minimum cross-validation error occurred with 26 factors, and the curve stabilized with the 10 most important factors.","Using PISA 2015 Science data for Singapore, the study leveraged family wealth, highest parental occupational status, home educational resources, science learning time, and disciplinary climate in science classes to predict science performance (all 10 plausible values), finding that family resources were prominent among the top drivers for Singaporean students and that disciplinary climate was the key school-level factor. This indicates that Singapore’s science policy and practice may need to pair motivational/ICT initiatives with measures that mitigate home-resource disparities and improve classroom discipline to sustain high achievement, while recognizing the study’s correlational design limits causal claims.",Composite / Multi-Domain,Cognitive Achievement,Student: SES; Student: Attitudinal/Behavioral
10.22550/2174-0909.4014,PISA 2018 Spain (compulsory education) — primary grade repetition (self-report),Grade repetition in primary education (ever repeated),"Socioeconomic status (ESCS), Expected occupational status, Learning time for mathematics, Number of school changes, Teacher-directed instruction","Stochastic Gradient Boosting selected as most accurate (AUC on validation set; exact AUC values not reported). Multilevel logistic regression: Model 1 PEV=62.380%, Model 4 PEV=61% with best fit (lowest AIC/BIC; variance reduction vs null model reported as R2≈9% compared to model 1).","Using PISA 2018 Spain the study leveraged socioeconomic status (ESCS), expected occupational status, and learning time for mathematics (plus school-change and teacher-instruction variables) to predict whether students had repeated a grade in primary education, finding that social status and learning-time indicators were among the strongest correlates and that the full multilevel model explained about 61% of the variance (PEV). This indicates that equity-oriented supports in early primary schooling should prioritize compensatory resources and learning-time management, while also addressing classroom instructional practices and student expectations, though the results are correlational and do not establish causality.",peer_reviewed_research,"Stochastic Gradient Boosting selected as most accurate (AUC on validation set; exact AUC values not reported). Multilevel logistic regression: Model 1 PEV=62.380%, Model 4 PEV=61% with best fit (lowest AIC/BIC; variance reduction vs null model reported as R2≈9% compared to model 1).","Using PISA 2018 Spain the study leveraged socioeconomic status (ESCS), expected occupational status, and learning time for mathematics (plus school-change and teacher-instruction variables) to predict whether students had repeated a grade in primary education, finding that social status and learning-time indicators were among the strongest correlates and that the full multilevel model explained about 61% of the variance (PEV). This indicates that equity-oriented supports in early primary schooling should prioritize compensatory resources and learning-time management, while also addressing classroom instructional practices and student expectations, though the results are correlational and do not establish causality.",Other / Unspecified,Other,Student: SES; Student: Attitudinal/Behavioral; School/Teacher: Context; School/Teacher: Practice
10.22550/2174-0909.4014,PISA 2018 Spain (compulsory education) — secondary grade repetition (self-report),Grade repetition in secondary education (ever repeated),"Expected occupational status, Learning time for sciences, Socioeconomic status (ESCS), Student behaviour hindering learning, Perceived difficulty of PISA test",Stochastic Gradient Boosting selected as most accurate (AUC on validation set; exact AUC values not reported). Multilevel logistic regression: Model 4 PEV=55.69% with best fit (lowest AIC/BIC); variance reduction vs model 1 reported as R2≈10.298% and vs null model as 5% (models 2 and 3: 10% and 5% respectively).,"Using PISA 2018 Spain the study leveraged expected occupational status, learning time for sciences, and socioeconomic status (along with student behaviour hindering learning and perceived test difficulty) to predict whether students had repeated a grade in secondary education, finding that the strongest effects combined student background with school-related learning-time and classroom/behaviour factors and that the global multilevel model explained about 55.69% of the variance (PEV). This indicates that secondary-grade repetition prevention should combine learning-time and instructional/behaviour supports with interventions targeting students’ expectations and perceived academic difficulty, while recognizing that the study’s design is exploratory and does not imply causal effects.",peer_reviewed_research,Stochastic Gradient Boosting selected as most accurate (AUC on validation set; exact AUC values not reported). Multilevel logistic regression: Model 4 PEV=55.69% with best fit (lowest AIC/BIC); variance reduction vs model 1 reported as R2≈10.298% and vs null model as 5% (models 2 and 3: 10% and 5% respectively).,"Using PISA 2018 Spain the study leveraged expected occupational status, learning time for sciences, and socioeconomic status (along with student behaviour hindering learning and perceived test difficulty) to predict whether students had repeated a grade in secondary education, finding that the strongest effects combined student background with school-related learning-time and classroom/behaviour factors and that the global multilevel model explained about 55.69% of the variance (PEV). This indicates that secondary-grade repetition prevention should combine learning-time and instructional/behaviour supports with interventions targeting students’ expectations and perceived academic difficulty, while recognizing that the study’s design is exploratory and does not imply causal effects.",Other / Unspecified,Other,Student: Attitudinal/Behavioral; Student: SES
10.3390/educsci14121350,"PISA 2022 Mathematics (Australia, 15-year-olds)",Mathematics achievement (ACHIEVE),"Self-efficacy (math), Socioeconomic status (ESCS), Teacher–student interaction, Sense of belonging, Disciplinary climate","XGBoost: MSE=5227.0, RMSE=72.776, MAE=57.67, MAPE=0.125, R2=0.424 (adjusted R2 highest), correlation coefficient=0.6577; Friedman test: statistic=29.49, p=0.00004922; Nemenyi CD=1.39 indicating XGBoost outperforms others.","Using PISA 2022 Mathematics data for Australian 15-year-olds, the study leveraged self-efficacy (math), socioeconomic status (ESCS), teacher–student interaction, sense of belonging, and disciplinary climate to predict mathematics achievement, finding that XGBoost achieved the lowest prediction errors (MSE/RMSE/MAE/MAPE) and the highest explanatory fit (R2≈0.424) among five regression models. This indicates that strengthening students’ mathematics learning efficacy and addressing socioeconomic disadvantage may improve mathematics outcomes, while SHAP-based feature importance should be interpreted as predictive association rather than causal impact.",peer_reviewed_research,"XGBoost: MSE=5227.0, RMSE=72.776, MAE=57.67, MAPE=0.125, R2=0.424 (adjusted R2 highest), correlation coefficient=0.6577; Friedman test: statistic=29.49, p=0.00004922; Nemenyi CD=1.39 indicating XGBoost outperforms others.","Using PISA 2022 Mathematics data for Australian 15-year-olds, the study leveraged self-efficacy (math), socioeconomic status (ESCS), teacher–student interaction, sense of belonging, and disciplinary climate to predict mathematics achievement, finding that XGBoost achieved the lowest prediction errors (MSE/RMSE/MAE/MAPE) and the highest explanatory fit (R2≈0.424) among five regression models. This indicates that strengthening students’ mathematics learning efficacy and addressing socioeconomic disadvantage may improve mathematics outcomes, while SHAP-based feature importance should be interpreted as predictive association rather than causal impact.",Mathematics,Cognitive Achievement,Student: Attitudinal/Behavioral; Student: SES; School/Teacher: Practice; School/Teacher: Context
10.1007/s11336-022-09855-9,"PISA 2012 Problem Solving (TICKETS task 2, CP038Q01) — action-level process data",Diagnostic classification of problem-solving skills (latent attribute patterns / latent classes),,"Model fit: HO-GDINA test-level RMSEA2=0.032 (90% CI [0.025, 0.041]) and SRMSR=0.033; relative fit favored HO-DINA over HO-GDINA (AIC/BIC/CAIC/SABIC; likelihood ratio test p=0.180).","Using PISA 2012 Problem Solving (TICKETS task 2, CP038Q01) action-level process data, the study leveraged a GDINA-based diagnostic classification framework with phantom items derived from action sequences to estimate latent attribute patterns for five problem-solving skills, finding that the estimated latent classes provided more detailed diagnoses than the observed 0/1/2 outcome score categories. This indicates that process-data-informed diagnostic classification can support more fine-grained identification of which specific skills students have mastered or missed, beyond coarse score categories, though the study is limited to one item and relies on expert-driven Q-matrix construction.",peer_reviewed_research,"Model fit: HO-GDINA test-level RMSEA2=0.032 (90% CI [0.025, 0.041]) and SRMSR=0.033; relative fit favored HO-DINA over HO-GDINA (AIC/BIC/CAIC/SABIC; likelihood ratio test p=0.180).","Using PISA 2012 Problem Solving (TICKETS task 2, CP038Q01) action-level process data, the study leveraged a GDINA-based diagnostic classification framework with phantom items derived from action sequences to estimate latent attribute patterns for five problem-solving skills, finding that the estimated latent classes provided more detailed diagnoses than the observed 0/1/2 outcome score categories. This indicates that process-data-informed diagnostic classification can support more fine-grained identification of which specific skills students have mastered or missed, beyond coarse score categories, though the study is limited to one item and relies on expert-driven Q-matrix construction.",Problem Solving,Cognitive Achievement,
10.1007/s11336-022-09855-9,"PISA 2012 Problem Solving (TICKETS task 2, CP038Q01) — outcome vs process-based latent ability",Problem-solving ability estimates (higher-order latent ability from HO-DINA vs unidimensional ability from PCM),,"Correlation between θ1 (HO-DINA) and θ2 (PCM)=0.826 (p<0.001); average standard errors: θ1s significantly smaller than θ2s (one-tailed t(3759)=-115.58, p<0.001).","Using PISA 2012 Problem Solving (TICKETS task 2, CP038Q01) the study leveraged HO-DINA higher-order latent ability estimated from action-sequence phantom items and compared it to a PCM unidimensional latent ability estimated from the single item’s 0/1/2 outcome categories, finding that the higher-order latent ability reflected problem-solving ability more accurately and with smaller standard errors. This indicates that incorporating action-level process information can yield more precise estimates of students’ targeted problem-solving competence, suggesting that assessment programs could move toward process-informed scoring/diagnostics, while noting that the comparison is within a single-item demonstration.",peer_reviewed_research,"Correlation between θ1 (HO-DINA) and θ2 (PCM)=0.826 (p<0.001); average standard errors: θ1s significantly smaller than θ2s (one-tailed t(3759)=-115.58, p<0.001).","Using PISA 2012 Problem Solving (TICKETS task 2, CP038Q01) the study leveraged HO-DINA higher-order latent ability estimated from action-sequence phantom items and compared it to a PCM unidimensional latent ability estimated from the single item’s 0/1/2 outcome categories, finding that the higher-order latent ability reflected problem-solving ability more accurately and with smaller standard errors. This indicates that incorporating action-level process information can yield more precise estimates of students’ targeted problem-solving competence, suggesting that assessment programs could move toward process-informed scoring/diagnostics, while noting that the comparison is within a single-item demonstration.",Problem Solving,Cognitive Achievement,
10.1007/s11336-022-09855-9,"PISA 2012 Problem Solving (TICKETS task 2, CP038Q01) — skill interaction structure",Interaction structure among problem-solving skills (condensation rule),,Relative model fit favored HO-DINA (conjunctive condensation rule) over HO-DINO (disjunctive) and HO-ACDM (compensatory); HO-DINA vs HO-GDINA likelihood ratio test p=0.180.,"Using PISA 2012 Problem Solving (TICKETS task 2, CP038Q01) the study leveraged competing higher-order DCM condensation rules within the GDINA family and found that the interactions among problem-solving skills followed the conjunctive condensation rule (specific action sequences appeared only when all required skills were mastered). This indicates that diagnostic models for process data can capture theoretically meaningful “all-skills-required” dependencies, supporting instructional interventions that target missing skills jointly, while recognizing that the phantom-item set and Q-matrix were constructed with expert judgment.",peer_reviewed_research,Relative model fit favored HO-DINA (conjunctive condensation rule) over HO-DINO (disjunctive) and HO-ACDM (compensatory); HO-DINA vs HO-GDINA likelihood ratio test p=0.180.,"Using PISA 2012 Problem Solving (TICKETS task 2, CP038Q01) the study leveraged competing higher-order DCM condensation rules within the GDINA family and found that the interactions among problem-solving skills followed the conjunctive condensation rule (specific action sequences appeared only when all required skills were mastered). This indicates that diagnostic models for process data can capture theoretically meaningful “all-skills-required” dependencies, supporting instructional interventions that target missing skills jointly, while recognizing that the phantom-item set and Q-matrix were constructed with expert judgment.",Problem Solving,Cognitive Achievement,
10.1186/s40536-024-00202-1,PISA,problem-solving,,Not reported,"Using PISA the study leveraged the reported predictors to predict problem-solving, finding that This scoping review used structural topic modeling (STM) to identify recurring themes in 221 empirical studies that used process/log data in large-scale assessments. The review’s “inputs” were the abstracts of included papers (with citations/section headings removed and standard NLP preprocessing such as lowercasing, stopword removal, and stemming), and the “outputs” were topic assignments based on the highest posterior topic probability. The authors estimated STM models with 5–10 topics and selected a six-topic solution using semantic coherence and FREX, then manually coded subtopics and extracted theories/methods from full papers. The six recurring topics were response time models, response time-general, aberrant test-taking behavior, action sequences, complex problem-solving, and digital writing. The study does not report predictive performance metrics (e.g., accuracy/RMSE) because it is not training ML models on student outcomes; instead, it maps how process data are used and which theories are invoked, with limitations related to topic-model assignment ambiguity and the exclusion of papers without abstracts. This indicates that these patterns have implications for educational policy and instructional practice, though cross-sectional ILSA designs cannot establish causality.",review_article,Not reported,"Using PISA the study leveraged the reported predictors to predict problem-solving, finding that This scoping review used structural topic modeling (STM) to identify recurring themes in 221 empirical studies that used process/log data in large-scale assessments. The review’s “inputs” were the abstracts of included papers (with citations/section headings removed and standard NLP preprocessing such as lowercasing, stopword removal, and stemming), and the “outputs” were topic assignments based on the highest posterior topic probability. The authors estimated STM models with 5–10 topics and selected a six-topic solution using semantic coherence and FREX, then manually coded subtopics and extracted theories/methods from full papers. The six recurring topics were response time models, response time-general, aberrant test-taking behavior, action sequences, complex problem-solving, and digital writing. The study does not report predictive performance metrics (e.g., accuracy/RMSE) because it is not training ML models on student outcomes; instead, it maps how process data are used and which theories are invoked, with limitations related to topic-model assignment ambiguity and the exclusion of papers without abstracts. This indicates that these patterns have implications for educational policy and instructional practice, though cross-sectional ILSA designs cannot establish causality.",Problem Solving,Cognitive Achievement,
10.1186/s40536-021-00109-1,PISA,Literature synthesis outcome (not student-level prediction),,Not reported,"Using PISA the study leveraged the reported predictors to predict Literature synthesis outcome (not student-level prediction), finding that This paper is a bibliometric mapping study of modern international large-scale assessment (ILSA) research in education. Using Web of Science metadata, the authors retrieved 2,477 records across SCI-Expanded, SSCI, A&HCI, and ESCI, removed duplicates, and retained 2,233 items restricted to document types 'articles' and 'reviews' (no language or year filters). They then applied descriptive bibliometric indicators (e.g., publication/citation trajectories, Standard Competition Ranking) and social-network mapping (co-authorship, co-citation, and keyword co-occurrence) with Bibliometrix and VOSviewer to address five research questions about growth, impact, collaboration structure, intellectual foundations, and thematic evolution. The results show an emerging field with exponential growth (1997–2020), strong concentration around PISA, and identifiable clusters of disciplines and research themes (e.g., measurement/testing, policy/reform, equity, interpersonal relationships, motivation). Because the unit of analysis is publications rather than student responses, the findings describe research patterns rather than causal or predictive effects on achievement. This indicates that quity, interpersonal relationships, motivation). Because the unit of analysis is publications rather than student responses, the findings describe research patterns rather than causal or predictive effects on achievement.",review_article,Not reported,"Using PISA the study leveraged the reported predictors to predict Literature synthesis outcome (not student-level prediction), finding that This paper is a bibliometric mapping study of modern international large-scale assessment (ILSA) research in education. Using Web of Science metadata, the authors retrieved 2,477 records across SCI-Expanded, SSCI, A&HCI, and ESCI, removed duplicates, and retained 2,233 items restricted to document types 'articles' and 'reviews' (no language or year filters). They then applied descriptive bibliometric indicators (e.g., publication/citation trajectories, Standard Competition Ranking) and social-network mapping (co-authorship, co-citation, and keyword co-occurrence) with Bibliometrix and VOSviewer to address five research questions about growth, impact, collaboration structure, intellectual foundations, and thematic evolution. The results show an emerging field with exponential growth (1997–2020), strong concentration around PISA, and identifiable clusters of disciplines and research themes (e.g., measurement/testing, policy/reform, equity, interpersonal relationships, motivation). Because the unit of analysis is publications rather than student responses, the findings describe research patterns rather than causal or predictive effects on achievement. This indicates that quity, interpersonal relationships, motivation). Because the unit of analysis is publications rather than student responses, the findings describe research patterns rather than causal or predictive effects on achievement.",Other / Unspecified,Other,
10.3390/su16177806,PISA 2018 (country-level) Mathematics and Reading; Singapore & Hong Kong,Language skills (PISA-based output used in ANN Model 1),"Listening outcomes (curriculum), Speaking outcomes (curriculum), Reading outcomes (curriculum), Writing outcomes (curriculum)",ANN Model 1: RMSE = 17.6385; R² = 0.353954,"Using PISA 2018 country-level mathematics/reading scores together with curriculum-derived language-skill outcome frequencies for Singapore and Hong Kong, the study leveraged listening, speaking, reading, and writing outcomes to predict language skills in the ANN Model 1, finding that the relationship was insufficient (R² ≈ 0.35 with RMSE ≈ 17.64). This indicates that curriculum-theme frequencies alone may not strongly explain cross-country variation in language-related achievement signals, so curriculum integration efforts should be complemented with broader instructional and learner-context factors, while noting that the study is not a weighted student-level PV analysis.",peer_reviewed_research,ANN Model 1: RMSE = 17.6385; R² = 0.353954,"Using PISA 2018 country-level mathematics/reading scores together with curriculum-derived language-skill outcome frequencies for Singapore and Hong Kong, the study leveraged listening, speaking, reading, and writing outcomes to predict language skills in the ANN Model 1, finding that the relationship was insufficient (R² ≈ 0.35 with RMSE ≈ 17.64). This indicates that curriculum-theme frequencies alone may not strongly explain cross-country variation in language-related achievement signals, so curriculum integration efforts should be complemented with broader instructional and learner-context factors, while noting that the study is not a weighted student-level PV analysis.",Other / Unspecified,Other,Student: Attitudinal/Behavioral
10.3390/su16177806,PISA 2018 (country-level) Mathematics and Reading; Singapore & Hong Kong,Language skills (PISA-based output used in ANFIS Model 2),"Listening outcomes (curriculum), Speaking outcomes (curriculum), Reading outcomes (curriculum), Writing outcomes (curriculum)",ANFIS Model 2: RMSE = 12.42771; R² = 0.397867,"Using PISA 2018 country-level mathematics/reading scores together with curriculum-derived language-skill outcome frequencies for Singapore and Hong Kong, the study leveraged listening, speaking, reading, and writing outcomes to predict language skills in the ANFIS Model 2, finding that the relationship remained insufficient but improved slightly (R² ≈ 0.40 with RMSE ≈ 12.43). This indicates that hybrid fuzzy-logic modeling can capture some non-linear curriculum–achievement associations, but the explanatory power is still limited, suggesting that policy should not rely on curriculum content mapping alone and should incorporate implementation quality and student/teacher factors.",peer_reviewed_research,ANFIS Model 2: RMSE = 12.42771; R² = 0.397867,"Using PISA 2018 country-level mathematics/reading scores together with curriculum-derived language-skill outcome frequencies for Singapore and Hong Kong, the study leveraged listening, speaking, reading, and writing outcomes to predict language skills in the ANFIS Model 2, finding that the relationship remained insufficient but improved slightly (R² ≈ 0.40 with RMSE ≈ 12.43). This indicates that hybrid fuzzy-logic modeling can capture some non-linear curriculum–achievement associations, but the explanatory power is still limited, suggesting that policy should not rely on curriculum content mapping alone and should incorporate implementation quality and student/teacher factors.",Other / Unspecified,Other,Student: Attitudinal/Behavioral
10.3390/world4020019,PISA,predicting or classifying basic-education performance (primary/secondary/high sc,,Not reported,"Using PISA the study leveraged the reported predictors to predict predicting or classifying basic-education performance (primary/secondary/high sc, finding that This PRISMA-based systematic review (World 2023, 4:288–313) searched multiple databases (ERIC, IEEE, Scopus, ScienceDirect, Web of Science) using PICO-defined criteria focused on AI models predicting or classifying basic-education performance (primary/secondary/high school) from 2000 to September 2021. From 19,114 initial references, duplicates were removed (13,847 screened by title/abstract), 182 were read in full, and 70 studies met inclusion criteria. The review reports descriptive synthesis rather than a single predictive model: publication trends peaked in 2020 (27 studies), Portugal had the most dataset-origin-related articles (14), and the most common study goals were model comparison (N=34) and education performance forecasting (N=36). Across included studies, decision trees and neural networks were frequently used, and only 31.4% (N=22) explicitly discussed translating results into public policy. Limitations include the absence of a unified dataset, no re-estimation of performance metrics across studies, and no standardized treatment of weighting or missing data at the review level. This indicates that ing results into public policy. Limitations include the absence of a unified dataset, no re-estimation of performance metrics across studies, and no standardized treatment of weighting or missing data at the review level.",review_article,Not reported,"Using PISA the study leveraged the reported predictors to predict predicting or classifying basic-education performance (primary/secondary/high sc, finding that This PRISMA-based systematic review (World 2023, 4:288–313) searched multiple databases (ERIC, IEEE, Scopus, ScienceDirect, Web of Science) using PICO-defined criteria focused on AI models predicting or classifying basic-education performance (primary/secondary/high school) from 2000 to September 2021. From 19,114 initial references, duplicates were removed (13,847 screened by title/abstract), 182 were read in full, and 70 studies met inclusion criteria. The review reports descriptive synthesis rather than a single predictive model: publication trends peaked in 2020 (27 studies), Portugal had the most dataset-origin-related articles (14), and the most common study goals were model comparison (N=34) and education performance forecasting (N=36). Across included studies, decision trees and neural networks were frequently used, and only 31.4% (N=22) explicitly discussed translating results into public policy. Limitations include the absence of a unified dataset, no re-estimation of performance metrics across studies, and no standardized treatment of weighting or missing data at the review level. This indicates that ing results into public policy. Limitations include the absence of a unified dataset, no re-estimation of performance metrics across studies, and no standardized treatment of weighting or missing data at the review level.",Composite / Multi-Domain,Cognitive Achievement,
10.1007/s11165-023-10134-5,PISA 2015 Field Trial (Norway) Grade 10 Science — Task 1 (Running in Hot Weather),Inquiry task performance profile indicators (correct/partial/incorrect) via process-mining sequences,"VOTAT navigation behavior, Number of actions, Number of trials, Time before first action, Time-on-task","Not reported (process-mining visualization; descriptive means and proportions). Key proportions: 63.7% used VOTAT; only 40.7% of VOTAT users solved correctly. Group sizes: correct N=33, partially correct N=30, incorrect N=17.","Using PISA 2015 Field Trial (Norway) Grade 10 Science data for Task 1, the study leveraged VOTAT navigation behavior, number of actions/trials, and response-time indicators to characterize how students’ log-derived sequences relate to correct, partially correct, and incorrect inquiry performance, finding that many students used VOTAT but only 40.7% of those achieved full correctness. This indicates that instruction should not only encourage VOTAT use but also support students in planning and executing the univariable-to-evidence coordination needed to complete the task successfully, while recognizing that process patterns alone do not guarantee correct scientific reasoning.",peer_reviewed_research,"Not reported (process-mining visualization; descriptive means and proportions). Key proportions: 63.7% used VOTAT; only 40.7% of VOTAT users solved correctly. Group sizes: correct N=33, partially correct N=30, incorrect N=17.","Using PISA 2015 Field Trial (Norway) Grade 10 Science data for Task 1, the study leveraged VOTAT navigation behavior, number of actions/trials, and response-time indicators to characterize how students’ log-derived sequences relate to correct, partially correct, and incorrect inquiry performance, finding that many students used VOTAT but only 40.7% of those achieved full correctness. This indicates that instruction should not only encourage VOTAT use but also support students in planning and executing the univariable-to-evidence coordination needed to complete the task successfully, while recognizing that process patterns alone do not guarantee correct scientific reasoning.",Composite / Multi-Domain,Cognitive Achievement,Student: Process Data; Student: Attitudinal/Behavioral
10.1007/s11165-023-10134-5,PISA 2015 (Norway) Grade 9/10 Science — Task 2 (modified Running in Hot Weather field-trial item),Inquiry performance latent profiles (strategic vs emergent vs disengaged) from process-log indicators,"Interactive strategy (multivariable), Number of actions, Number of trials, Time before first action, Time-on-task","Latent profile analysis: three-profile solution with significant VLMR and LMR-LRT tests; high entropy and distinct class separation/homogeneity (exact values not reported). Descriptive profile means: Strategic Maction=14.99, Mtrial=4.58, Mtime-before-first-action=31.69s, Mtime-on-task=186.58s; Emergent Mtime-on-task=102.59s; Disengaged Mtime-on-task=43.97s. Transfer to multivariable VOTAT: 38.7% showed high probability of adapting VOTAT into multivariable context. Additional analysis (Association between inquiry-teaching practices and inquiry performance profiles (MANOVA profile mean differences)): MANOVA with Bonferroni post hoc comparisons (Table 3): Debate differentiated all three profiles (F=17.53, p<.01; pairwise: 1>3, 1>2, 2>3). Several items showed strategic>disengaged and/or emergent>disengaged differences: Lab (F=5.18, p<.01; 1>3), Draw (F=9.42, p<.01; 1>3, 2>3), Idea (F=5.56, p<.01; 1>3), Design (F=4.72, p<.01; 1>3), Test (F=3.17, p<.01; 1>3). No significant differences for Explain, Argue, and Concept across profiles (per text).","Using PISA 2015 (Norway) Grade 9/10 Science data for Task 2, the study leveraged interactive strategy use and log-derived exploration and timing indicators to identify three latent inquiry-performance profiles, finding that the strategic profile showed the highest likelihood of using the interactive strategy and the highest time-on-task and exploration, while emergent students took longer but still had low probabilities of explaining claim–evidence relationships. This indicates that classroom support should target both multivariable coordination and the explicit claim–evidence linking process, not merely increasing exploration time or strategy attempts.",peer_reviewed_research,"Latent profile analysis: three-profile solution with significant VLMR and LMR-LRT tests; high entropy and distinct class separation/homogeneity (exact values not reported). Descriptive profile means: Strategic Maction=14.99, Mtrial=4.58, Mtime-before-first-action=31.69s, Mtime-on-task=186.58s; Emergent Mtime-on-task=102.59s; Disengaged Mtime-on-task=43.97s. Transfer to multivariable VOTAT: 38.7% showed high probability of adapting VOTAT into multivariable context. Additional analysis (Association between inquiry-teaching practices and inquiry performance profiles (MANOVA profile mean differences)): MANOVA with Bonferroni post hoc comparisons (Table 3): Debate differentiated all three profiles (F=17.53, p<.01; pairwise: 1>3, 1>2, 2>3). Several items showed strategic>disengaged and/or emergent>disengaged differences: Lab (F=5.18, p<.01; 1>3), Draw (F=9.42, p<.01; 1>3, 2>3), Idea (F=5.56, p<.01; 1>3), Design (F=4.72, p<.01; 1>3), Test (F=3.17, p<.01; 1>3). No significant differences for Explain, Argue, and Concept across profiles (per text).","Using PISA 2015 (Norway) Grade 9/10 Science data for Task 2, the study leveraged interactive strategy use and log-derived exploration and timing indicators to identify three latent inquiry-performance profiles, finding that the strategic profile showed the highest likelihood of using the interactive strategy and the highest time-on-task and exploration, while emergent students took longer but still had low probabilities of explaining claim–evidence relationships. This indicates that classroom support should target both multivariable coordination and the explicit claim–evidence linking process, not merely increasing exploration time or strategy attempts.",Composite / Multi-Domain,Cognitive Achievement,Student: Attitudinal/Behavioral
10.1038/s41598-025-14802-6,PIAAC 2012 Problem Solving (Party Invitation log actions),Party Invitation performance group (score0 vs score3),"Performance level (score group), Problem set type, Age group, Gender",Doc2Vec + Neural Network: F1 0.850–0.962 and accuracy 0.850–0.946 across cases; best case2 (mail-moving actions only) accuracy 94.6% with silhouette 0.491. Doc2Vec + Random Forest: F1 0.893–0.951 and accuracy 0.852–0.930 across cases; best case2 accuracy 92.3% with similar silhouette improvement.,"Using PIAAC 2012 Problem Solving data from the “Party Invitation” problem set, the study leveraged embedded action-sequence representations (Word2Vec/Doc2Vec) and focused on mail-moving actions to predict the performance group (score0 vs score3), finding that restricting to the meaningful mail-moving actions (case2) produced the highest clustering coherence (silhouette 0.491) and the strongest classification performance (NN accuracy 94.6%, F1 up to 0.962). This indicates that identifying and validating a small set of high-impact actions can improve automated detection of low vs high problem-solving performance from log data, supporting adaptive feedback systems that target the specific action steps learners miss, though the results are based on log-derived group labels and do not establish causal effects.",peer_reviewed_research,Doc2Vec + Neural Network: F1 0.850–0.962 and accuracy 0.850–0.946 across cases; best case2 (mail-moving actions only) accuracy 94.6% with silhouette 0.491. Doc2Vec + Random Forest: F1 0.893–0.951 and accuracy 0.852–0.930 across cases; best case2 accuracy 92.3% with similar silhouette improvement.,"Using PIAAC 2012 Problem Solving data from the “Party Invitation” problem set, the study leveraged embedded action-sequence representations (Word2Vec/Doc2Vec) and focused on mail-moving actions to predict the performance group (score0 vs score3), finding that restricting to the meaningful mail-moving actions (case2) produced the highest clustering coherence (silhouette 0.491) and the strongest classification performance (NN accuracy 94.6%, F1 up to 0.962). This indicates that identifying and validating a small set of high-impact actions can improve automated detection of low vs high problem-solving performance from log data, supporting adaptive feedback systems that target the specific action steps learners miss, though the results are based on log-derived group labels and do not establish causal effects.",Composite / Multi-Domain,Cognitive Achievement,Student: Prior Achievement; Student: Attitudinal/Behavioral; Student: Demographic
10.1038/s41598-025-14802-6,PIAAC 2012 Problem Solving (Club Membership log actions),Club Membership performance group (correct vs incorrect),"Performance level (score group), Problem set type, Age group, Gender",Doc2Vec + Neural Network: F1 0.862–0.917 and accuracy 0.862–0.876 across cases; best case2 (mail-sending + environment actions) F1 0.917 and accuracy 0.876 with silhouette 0.333. Doc2Vec + Random Forest: F1 0.761–0.923 and accuracy 0.652–0.930 across cases; best case2 accuracy 0.880 and F1 0.923.,"Using PIAAC 2012 Problem Solving data from the “Club Membership” problem set, the study leveraged embedded action-sequence representations and selected mail-sending plus environment actions as meaningful steps to predict the performance group (correct vs incorrect), finding that case2 increased separation (silhouette 0.333) and improved classification (NN F1 up to 0.917, accuracy 0.876; RF accuracy up to 0.880). This indicates that log-based action-step identification can yield compact, interpretable behavioral signals for distinguishing correct from incorrect task completion, informing targeted instructional or system feedback that emphasizes the critical action steps, while generalization may be limited by the single-dataset context and the absence of explicit survey-weighted inference.",peer_reviewed_research,Doc2Vec + Neural Network: F1 0.862–0.917 and accuracy 0.862–0.876 across cases; best case2 (mail-sending + environment actions) F1 0.917 and accuracy 0.876 with silhouette 0.333. Doc2Vec + Random Forest: F1 0.761–0.923 and accuracy 0.652–0.930 across cases; best case2 accuracy 0.880 and F1 0.923.,"Using PIAAC 2012 Problem Solving data from the “Club Membership” problem set, the study leveraged embedded action-sequence representations and selected mail-sending plus environment actions as meaningful steps to predict the performance group (correct vs incorrect), finding that case2 increased separation (silhouette 0.333) and improved classification (NN F1 up to 0.917, accuracy 0.876; RF accuracy up to 0.880). This indicates that log-based action-step identification can yield compact, interpretable behavioral signals for distinguishing correct from incorrect task completion, informing targeted instructional or system feedback that emphasizes the critical action steps, while generalization may be limited by the single-dataset context and the absence of explicit survey-weighted inference.",Composite / Multi-Domain,Cognitive Achievement,Student: Prior Achievement; Student: Attitudinal/Behavioral; Student: Demographic
10.1016/j.actpsy.2025.105525,"PISA 2018 Science (clusters S01 & S02), process data",Science academic performance (PISA science PV; first plausible score),"Behavioral effort, Self-reported effort, Response time effort (RTE), Socioeconomic status (SES), Gender","Multilevel regression (MLM) with sampling weights. Behavioral effort: Est.=87.338, p<0.001, d=1.083; Self-reported effort: Est.=17.604, p<0.001, d=0.448; Response time effort: Est.=32.449, p<0.001, d=0.773. Additional analysis (Behavioral effort group membership (low vs high)): K-means clustering with Yeo-Johnson transformation; number of clusters selected using elbow rule and silhouette coefficient (final solution: 2 groups). Group sizes: low effort n=1013 (35.5%), high effort n=1840 (64.5%).","Using PISA 2018 Science (clusters S01 & S02) the study leveraged behavioral effort, self-reported effort, and response time effort (RTE) alongside SES and gender in multilevel regression to predict science academic performance (first PV), finding that behavioral effort had the largest positive association (d=1.083). This indicates that process-derived behavioral effort may be a more sensitive indicator of motivation-related performance differences than self-report or response-time effort alone, supporting motivation-aware feedback and interpretation in low-stakes testing.",peer_reviewed_research,"Multilevel regression (MLM) with sampling weights. Behavioral effort: Est.=87.338, p<0.001, d=1.083; Self-reported effort: Est.=17.604, p<0.001, d=0.448; Response time effort: Est.=32.449, p<0.001, d=0.773. Additional analysis (Behavioral effort group membership (low vs high)): K-means clustering with Yeo-Johnson transformation; number of clusters selected using elbow rule and silhouette coefficient (final solution: 2 groups). Group sizes: low effort n=1013 (35.5%), high effort n=1840 (64.5%).","Using PISA 2018 Science (clusters S01 & S02) the study leveraged behavioral effort, self-reported effort, and response time effort (RTE) alongside SES and gender in multilevel regression to predict science academic performance (first PV), finding that behavioral effort had the largest positive association (d=1.083). This indicates that process-derived behavioral effort may be a more sensitive indicator of motivation-related performance differences than self-report or response-time effort alone, supporting motivation-aware feedback and interpretation in low-stakes testing.",Composite / Multi-Domain,Cognitive Achievement,Student: Attitudinal/Behavioral; Student: SES; Student: Demographic
10.1016/j.actpsy.2025.105525,"PISA 2018 Science (clusters S01 & S02), process data",Science academic performance moderation by culture (Western vs Confucian),"Behavioral effort, Self-reported effort, Response time effort (RTE), Culture (Western vs Confucian)","Culture interaction moderation in multilevel models: Est.(Behavioral effort×Culture)=-31.565, p<0.05; Est.(Self-reported effort×Culture)=-14.768, p<0.05; Est.(RTE×Culture)=-10.775, p=0.083 (not significant).","Using PISA 2018 Science (clusters S01 & S02) the study leveraged behavioral effort, self-reported effort, and RTE with a culture moderator (Western vs Confucian) in multilevel regression to predict science academic performance, finding that the motivation–performance link was stronger for Western students than for Confucian students for behavioral effort and self-reported effort. This indicates that motivation-based interpretation and interventions may need cultural tailoring, while response-time-effort effects may be less robust to cultural context.",peer_reviewed_research,"Culture interaction moderation in multilevel models: Est.(Behavioral effort×Culture)=-31.565, p<0.05; Est.(Self-reported effort×Culture)=-14.768, p<0.05; Est.(RTE×Culture)=-10.775, p=0.083 (not significant).","Using PISA 2018 Science (clusters S01 & S02) the study leveraged behavioral effort, self-reported effort, and RTE with a culture moderator (Western vs Confucian) in multilevel regression to predict science academic performance, finding that the motivation–performance link was stronger for Western students than for Confucian students for behavioral effort and self-reported effort. This indicates that motivation-based interpretation and interventions may need cultural tailoring, while response-time-effort effects may be less robust to cultural context.",Composite / Multi-Domain,Cognitive Achievement,Student: Attitudinal/Behavioral
10.3390/jintelligence13030029,PISA 2012 Türkiye CPS (climate control unit item CP025Q01) — process data only,"CPS score (scaled ability; EAP, IRT-based)","VOTAT strategy score, Total time on task, Number of reset events, Non-intervention observation, Number of bottom VOTAT","Conditional gradient boosting (mboost/blackboost) — MAE: 50.369, MAPE: 0.103, BIAS: 1.250, MSE: 3808.385, RMSE: 61.712, R: 0.742, R2: 0.551","Using PISA 2012 Türkiye CPS data (climate control unit item CP025Q01) with process data only, the study leveraged VOTAT strategy score, total time on task, number of reset events, non-intervention observation, and bottom VOTAT applications to predict CPS score, finding moderate predictive performance (R2 = 0.551) with higher CPS associated with greater VOTAT use and a negative nonlinear relationship with total time. This indicates that embedding strategy indicators (e.g., VOTAT-like behaviors) and time-effort signals into CPS scoring or formative feedback could improve the interpretability and responsiveness of complex-problem assessments, though the study is predictive rather than causal.",peer_reviewed_research,"Conditional gradient boosting (mboost/blackboost) — MAE: 50.369, MAPE: 0.103, BIAS: 1.250, MSE: 3808.385, RMSE: 61.712, R: 0.742, R2: 0.551","Using PISA 2012 Türkiye CPS data (climate control unit item CP025Q01) with process data only, the study leveraged VOTAT strategy score, total time on task, number of reset events, non-intervention observation, and bottom VOTAT applications to predict CPS score, finding moderate predictive performance (R2 = 0.551) with higher CPS associated with greater VOTAT use and a negative nonlinear relationship with total time. This indicates that embedding strategy indicators (e.g., VOTAT-like behaviors) and time-effort signals into CPS scoring or formative feedback could improve the interpretability and responsiveness of complex-problem assessments, though the study is predictive rather than causal.",Composite / Multi-Domain,Cognitive Achievement,Student: Prior Achievement; Student: Process Data; Student: Attitudinal/Behavioral
10.3390/jintelligence13030029,PISA 2012 Türkiye CPS (climate control unit item CP025Q01) — result data only,"CPS score (scaled ability; EAP, IRT-based)","Mathematical literacy (PV1), Reading literacy (PV1), Science literacy (PV1), Perseverance, Openness to problem solving","Conditional gradient boosting (mboost/blackboost) — MAE: 45.845, MAPE: 0.095, BIAS: -0.614, MSE: 3076.156, RMSE: 55.463, R: 0.774, R2: 0.599","Using PISA 2012 Türkiye CPS data (climate control unit item CP025Q01) with result data only, the study leveraged mathematical literacy (PV1), reading literacy (PV1), science literacy (PV1), perseverance, and openness to problem solving to predict CPS score, finding moderate-to-good predictive performance (R2 = 0.599) with strong positive relationships between mathematical/reading literacy and CPS. This indicates that CPS performance is meaningfully aligned with prior cognitive achievement and relevant affective dispositions, supporting the use of CPS instruction and support that targets both academic foundations and persistence-related engagement, while causality cannot be inferred from predictive importance.",peer_reviewed_research,"Conditional gradient boosting (mboost/blackboost) — MAE: 45.845, MAPE: 0.095, BIAS: -0.614, MSE: 3076.156, RMSE: 55.463, R: 0.774, R2: 0.599","Using PISA 2012 Türkiye CPS data (climate control unit item CP025Q01) with result data only, the study leveraged mathematical literacy (PV1), reading literacy (PV1), science literacy (PV1), perseverance, and openness to problem solving to predict CPS score, finding moderate-to-good predictive performance (R2 = 0.599) with strong positive relationships between mathematical/reading literacy and CPS. This indicates that CPS performance is meaningfully aligned with prior cognitive achievement and relevant affective dispositions, supporting the use of CPS instruction and support that targets both academic foundations and persistence-related engagement, while causality cannot be inferred from predictive importance.",Composite / Multi-Domain,Cognitive Achievement,Student: Prior Achievement; Student: Attitudinal/Behavioral
10.3390/jintelligence13030029,PISA 2012 Türkiye CPS (climate control unit item CP025Q01) — process + result data combined,"CPS score (scaled ability; EAP, IRT-based)","Mathematical literacy (PV1), VOTAT strategy score, Reading literacy (PV1), Total time on task, Perseverance","Conditional gradient boosting (mboost/blackboost) — MAE: 39.501, MAPE: 0.082, BIAS: -0.758, MSE: 2278.564, RMSE: 47.734, R: 0.840, R2: 0.705","Using PISA 2012 Türkiye CPS data (climate control unit item CP025Q01) with both process and result the study leveraged mathematical literacy (PV1) and VOTAT strategy score (along with other top-ranked process/result variables) to predict CPS score, finding good predictive performance (R2 = 0.705) with positive relationships for both mathematical literacy and VOTAT use. This indicates that combining behavioral process signals with prior achievement and dispositions can substantially improve CPS score prediction and thus can inform more valid formative feedback and test-development decisions, though the model’s predictive gains do not establish causal effects.",peer_reviewed_research,"Conditional gradient boosting (mboost/blackboost) — MAE: 39.501, MAPE: 0.082, BIAS: -0.758, MSE: 2278.564, RMSE: 47.734, R: 0.840, R2: 0.705","Using PISA 2012 Türkiye CPS data (climate control unit item CP025Q01) with both process and result the study leveraged mathematical literacy (PV1) and VOTAT strategy score (along with other top-ranked process/result variables) to predict CPS score, finding good predictive performance (R2 = 0.705) with positive relationships for both mathematical literacy and VOTAT use. This indicates that combining behavioral process signals with prior achievement and dispositions can substantially improve CPS score prediction and thus can inform more valid formative feedback and test-development decisions, though the model’s predictive gains do not establish causal effects.",Composite / Multi-Domain,Cognitive Achievement,Student: Prior Achievement; Student: Process Data; Student: Attitudinal/Behavioral
10.21031/epod.1532846,NAEP 2022 Grade 8 Mathematics (digital) — one released item block (14 items),Engagement profile membership (10 preliminary profiles),"Total score (block), Total response time, Total number of visits, Item response time category, Item navigation sequence",Not reported (profile frequencies reported; model accuracy/confidence thresholds described but no numeric accuracy metrics provided). Additional analysis (Engagement profile membership (fully labeled profiles after active learning)): Not reported (stopping rule based on inability to improve model accuracy; pseudo-label confidence threshold >0.75 used).,"Using NAEP 2022 Grade 8 Mathematics digital item-block the study leveraged total score, total response time, total number of visits, item response-time categories, and item navigation sequences to create engagement profiles, finding ten differentiable profiles with more than half associated with low-performing students. This indicates that combining process/log-derived timing and navigation context with performance information can produce actionable, human-interpretable engagement typologies for low-achieving learners, though the paper does not report predictive accuracy metrics for the profile classifier.",peer_reviewed_research,Not reported (profile frequencies reported; model accuracy/confidence thresholds described but no numeric accuracy metrics provided). Additional analysis (Engagement profile membership (fully labeled profiles after active learning)): Not reported (stopping rule based on inability to improve model accuracy; pseudo-label confidence threshold >0.75 used).,"Using NAEP 2022 Grade 8 Mathematics digital item-block the study leveraged total score, total response time, total number of visits, item response-time categories, and item navigation sequences to create engagement profiles, finding ten differentiable profiles with more than half associated with low-performing students. This indicates that combining process/log-derived timing and navigation context with performance information can produce actionable, human-interpretable engagement typologies for low-achieving learners, though the paper does not report predictive accuracy metrics for the profile classifier.",Other / Unspecified,Other,Student: Prior Achievement; Student: Attitudinal/Behavioral
10.1186/s40536-024-00194-y,PIAAC 2012 PS-TRE (Booklet PS1) process data,Problem-solving performance (task/category scores),"Network centralization, Network density, Flow hierarchy, Shortest path, Total number of nodes","Effort-Aware Attention-LSTM vs Attention-LSTM (3 countries; 3-fold CV averages). Overall performance: US ACC 0.802 vs 0.779, AUC 0.821 vs 0.751, F1 0.875 vs 0.824; SK ACC 0.859 vs 0.751, AUC 0.824 vs 0.700, F1 0.886 vs 0.828; GB ACC 0.883 vs 0.778, AUC 0.835 vs 0.771, F1 0.900 vs 0.816. Task-level: largest F1 improvement reported for Task 5 (+0.21 to +0.28) and accuracy improvement (+0.20 to +0.23).","Using PIAAC 2012 PS-TRE (Booklet PS1) process-log the study leveraged directed-graph network statistics (centralization, density, flow hierarchy, shortest path, total nodes) to predict problem-solving performance categories, finding that the Effort-Aware Attention-LSTM improved performance across all three countries and metrics relative to Attention-LSTM. This indicates that explicitly modeling test-taking engagement alongside sequential process information can yield more accurate estimates of adult problem-solving performance in low-stakes digital assessments, though the paper does not report survey-weight use or a missing-data strategy.",peer_reviewed_research,"Effort-Aware Attention-LSTM vs Attention-LSTM (3 countries; 3-fold CV averages). Overall performance: US ACC 0.802 vs 0.779, AUC 0.821 vs 0.751, F1 0.875 vs 0.824; SK ACC 0.859 vs 0.751, AUC 0.824 vs 0.700, F1 0.886 vs 0.828; GB ACC 0.883 vs 0.778, AUC 0.835 vs 0.771, F1 0.900 vs 0.816. Task-level: largest F1 improvement reported for Task 5 (+0.21 to +0.28) and accuracy improvement (+0.20 to +0.23).","Using PIAAC 2012 PS-TRE (Booklet PS1) process-log the study leveraged directed-graph network statistics (centralization, density, flow hierarchy, shortest path, total nodes) to predict problem-solving performance categories, finding that the Effort-Aware Attention-LSTM improved performance across all three countries and metrics relative to Attention-LSTM. This indicates that explicitly modeling test-taking engagement alongside sequential process information can yield more accurate estimates of adult problem-solving performance in low-stakes digital assessments, though the paper does not report survey-weight use or a missing-data strategy.",Problem Solving,Cognitive Achievement,Student: Attitudinal/Behavioral
10.1186/s40536-024-00194-y,PIAAC 2012 PS-TRE (Booklet PS1) process data,Task engagement status (engaged vs disengaged),"Response time, Total time on task, Action sequence length, Network centralization, Network density","Overall engagement prediction (Effort-Aware Attention-LSTM): F1 0.92–0.94, AUC 0.86–0.88, ACC 0.84–0.87 across US/SK/GB. Task-level engagement prediction shows high accuracy across Tasks 1–5 in each country (e.g., US Task 5 ACC 0.949, F1 0.938; UK Task 4 ACC 0.879, F1 0.998).","Using PIAAC 2012 PS-TRE (Booklet PS1) process-log the study leveraged response-time-based engagement labeling (T-disengagement) together with sequence-derived graph/network statistics to predict task engagement status, finding that the engagement-aware model achieved high classification performance (F1 about 0.92–0.94; AUC about 0.86–0.88). This indicates that engagement can be reliably detected from process traces in adult digital problem-solving tasks, supporting validity-focused score interpretation and enabling engagement-aware feedback or adaptive assessment designs, while causality cannot be inferred from predictive accuracy.",peer_reviewed_research,"Overall engagement prediction (Effort-Aware Attention-LSTM): F1 0.92–0.94, AUC 0.86–0.88, ACC 0.84–0.87 across US/SK/GB. Task-level engagement prediction shows high accuracy across Tasks 1–5 in each country (e.g., US Task 5 ACC 0.949, F1 0.938; UK Task 4 ACC 0.879, F1 0.998).","Using PIAAC 2012 PS-TRE (Booklet PS1) process-log the study leveraged response-time-based engagement labeling (T-disengagement) together with sequence-derived graph/network statistics to predict task engagement status, finding that the engagement-aware model achieved high classification performance (F1 about 0.92–0.94; AUC about 0.86–0.88). This indicates that engagement can be reliably detected from process traces in adult digital problem-solving tasks, supporting validity-focused score interpretation and enabling engagement-aware feedback or adaptive assessment designs, while causality cannot be inferred from predictive accuracy.",Other / Unspecified,Other,Student: Attitudinal/Behavioral; Student: Process Data
10.1186/s40536-020-00085-y,CEDRE 2017 pilot (France) Grade 9 Mathematics — “Tree growth” interactive item (technology-enhanced process data),Item success (correct boolean),"Month list length, Std dev of month values, Distance from first input, Distance from second input, Number of alternations",Random Forest — ROC AUC: 0.78,"Using CEDRE 2017 pilot Grade 9 Mathematics “Tree growth” process-the study leveraged month-list length, dispersion (standard deviation), and distances from the target (plus alternation behavior) to predict item success (correct boolean), finding that the Random Forest achieved ROC AUC = 0.78. This indicates that didactically grounded interaction features (how students search and refine inputs) can support actionable identification of likely success/failure on technology-enhanced mathematics tasks, though the paper does not establish causal effects and does not report missing-data handling or survey-weighted representativeness.",peer_reviewed_research,Random Forest — ROC AUC: 0.78,"Using CEDRE 2017 pilot Grade 9 Mathematics “Tree growth” process-the study leveraged month-list length, dispersion (standard deviation), and distances from the target (plus alternation behavior) to predict item success (correct boolean), finding that the Random Forest achieved ROC AUC = 0.78. This indicates that didactically grounded interaction features (how students search and refine inputs) can support actionable identification of likely success/failure on technology-enhanced mathematics tasks, though the paper does not establish causal effects and does not report missing-data handling or survey-weighted representativeness.",Other / Unspecified,Other,Student: Attitudinal/Behavioral
10.1080/09243453.2016.1235591,"PISA 2012 CBA Problem Solving (Climate Control CP025Q01, first unit item)",Climate Control task success (TRUE/FALSE),"VOTAT strategy usage ratios, Time spent on task phases","Deep learning (VOTAT-based features) — Accuracy: 93.9%, AUC: 0.947, Recall: 99.7%, F-measure: 94.3%; Deep learning (time-based features) — Accuracy: 77.1%, AUC: 0.847, Recall: 77.1%, F-measure: 77.1%. Best overall by F-measure: deep learning with VOTAT-based features (F-measure 94.3%); random forest and gradient boosted trees also reached 94.5% F-measure with VOTAT-based features but were lower with time-based features (F-measure 69.7% and 75.6%). Optimized deep learning via genetic algorithm — F-measure: 94.9% (VOTAT-based) and 77.9% (time-based).","Using PISA 2012 CBA Problem Solving (Climate Control CP025Q01) the study leveraged VOTAT strategy usage ratios and time spent on task phases to predict Climate Control task success (TRUE/FALSE), finding that deep learning achieved the highest F-measure with VOTAT-based features (94.3%, optimized 94.9%), while time-based features yielded substantially lower performance (F-measure 77.1%, optimized 77.9%). The paper reports strong predictive accuracy but does not document survey-weight usage or missing-data handling, and the nested sampling structure is not explicitly addressed in the ML pipeline. This indicates that these patterns have implications for educational policy and instructional practice, though cross-sectional ILSA designs cannot establish causality.",peer_reviewed_research,"Deep learning (VOTAT-based features) — Accuracy: 93.9%, AUC: 0.947, Recall: 99.7%, F-measure: 94.3%; Deep learning (time-based features) — Accuracy: 77.1%, AUC: 0.847, Recall: 77.1%, F-measure: 77.1%. Best overall by F-measure: deep learning with VOTAT-based features (F-measure 94.3%); random forest and gradient boosted trees also reached 94.5% F-measure with VOTAT-based features but were lower with time-based features (F-measure 69.7% and 75.6%). Optimized deep learning via genetic algorithm — F-measure: 94.9% (VOTAT-based) and 77.9% (time-based).","Using PISA 2012 CBA Problem Solving (Climate Control CP025Q01) the study leveraged VOTAT strategy usage ratios and time spent on task phases to predict Climate Control task success (TRUE/FALSE), finding that deep learning achieved the highest F-measure with VOTAT-based features (94.3%, optimized 94.9%), while time-based features yielded substantially lower performance (F-measure 77.1%, optimized 77.9%). The paper reports strong predictive accuracy but does not document survey-weight usage or missing-data handling, and the nested sampling structure is not explicitly addressed in the ML pipeline. This indicates that these patterns have implications for educational policy and instructional practice, though cross-sectional ILSA designs cannot establish causality.",Non-Cognitive / Process Output,Attitudinal / Affective,Student: Demographic; Student: SES
10.1007/s00521-023-08901-6,PISA 2015 Science (PV2SCIE) → PISA 2018 Science (13-country subset),Science achievement (PISA 2018 PV2SCIE),"Science learning time (weekly) (SMINS), Socioeconomic status (ESCS), Home possessions (HOMEPOS), Total learning time (weekly) (TMINS), Sense of belonging to school (BELONG)","Best model: XGBoost. Country-level testing performance (r): highest Luxembourg r=0.600 (RMSE=75.06, MAE=59.97) and lowest Finland r=0.467 (RMSE=79.38, MAE=63.24). Overall reported correlation range: moderate correlations (0.40 < r < 0.69).","Using PISA 2015 Science data (PV2SCIE) from 13 countries to train XGBoost and predict PISA 2018 Science achievement (PV2SCIE), the study leveraged SMINS, ESCS, HOMEPOS, and TMINS (with BELONG also appearing among high-importance variables in some countries) to estimate student science outcomes. It found that XGBoost outperformed MLR, SVR, and Random Forest across all researched countries, with moderate predictive correlations and lowest errors for countries like Luxembourg. This indicates that strengthening science learning time and addressing socioeconomic disparities may improve future science achievement, though the study’s predictive (not causal) design and the lack of explicit survey-weight handling limit policy causal claims.",peer_reviewed_research,"Best model: XGBoost. Country-level testing performance (r): highest Luxembourg r=0.600 (RMSE=75.06, MAE=59.97) and lowest Finland r=0.467 (RMSE=79.38, MAE=63.24). Overall reported correlation range: moderate correlations (0.40 < r < 0.69).","Using PISA 2015 Science data (PV2SCIE) from 13 countries to train XGBoost and predict PISA 2018 Science achievement (PV2SCIE), the study leveraged SMINS, ESCS, HOMEPOS, and TMINS (with BELONG also appearing among high-importance variables in some countries) to estimate student science outcomes. It found that XGBoost outperformed MLR, SVR, and Random Forest across all researched countries, with moderate predictive correlations and lowest errors for countries like Luxembourg. This indicates that strengthening science learning time and addressing socioeconomic disparities may improve future science achievement, though the study’s predictive (not causal) design and the lack of explicit survey-weight handling limit policy causal claims.",Science,Cognitive Achievement,Student: Attitudinal/Behavioral; Student: SES; School/Teacher: Context
10.1007/s00521-023-08901-6,PISA 2015 Science (PV2SCIE) → PISA 2018 Science (country averages),Country average science achievement (PISA 2018 PV2SCIE mean),"Science learning time (weekly) (SMINS), Socioeconomic status (ESCS), Home possessions (HOMEPOS), Total learning time (weekly) (TMINS)","Reported as very high accuracy for estimating country-average science scores; direction of change in mean scores (increase/decrease) captured with high accuracy. No single aggregate metric (e.g., RMSE across countries) is reported in the text beyond country-level r/RMSE/MAE for individual predictions.","Using PISA 2015 Science data from the same 13-country subset, the study trained XGBoost to estimate PISA 2018 country-average science achievement (PV2SCIE mean) and found that the predicted averages matched observed averages with very high accuracy. The most consistently important predictors across countries included SMINS, TMINS, and ESCS, while parental education variables (e.g., MISCED/FISCED/HISCED) and parental support (e.g., ST123Q02NA/EMOSUPS) were generally low-importance. This indicates that policy attention may be better directed toward modifiable learning-time and socioeconomic-context factors when forecasting science performance, while recognizing that the results are predictive and not causal.",peer_reviewed_research,"Reported as very high accuracy for estimating country-average science scores; direction of change in mean scores (increase/decrease) captured with high accuracy. No single aggregate metric (e.g., RMSE across countries) is reported in the text beyond country-level r/RMSE/MAE for individual predictions.","Using PISA 2015 Science data from the same 13-country subset, the study trained XGBoost to estimate PISA 2018 country-average science achievement (PV2SCIE mean) and found that the predicted averages matched observed averages with very high accuracy. The most consistently important predictors across countries included SMINS, TMINS, and ESCS, while parental education variables (e.g., MISCED/FISCED/HISCED) and parental support (e.g., ST123Q02NA/EMOSUPS) were generally low-importance. This indicates that policy attention may be better directed toward modifiable learning-time and socioeconomic-context factors when forecasting science performance, while recognizing that the results are predictive and not causal.",Science,Cognitive Achievement,Student: Attitudinal/Behavioral; Student: SES
10.1186/s40536-025-00259-6,CEDRE 2019 Grade 9 Mathematics (France) — digital item 'Product Equation' (log data),Solution strategy (latent classes from log behavior),Latent solution-strategy class,Not reported (exploratory finite mixture model; model fit via BIC/AIC across 2–6 classes; selected 5-class model).,"Using CEDRE 2019 Grade 9 Mathematics data for the digital 'Product Equation' item, the study leveraged log-derived behavioral indicators (e.g., interaction timing and specific input/answer behaviors) to identify latent solution-strategy classes, finding five distinct groups with different in-assessment behavior patterns. This indicates that process-log data can support didactically interpretable student-strategy profiling beyond correctness alone, enabling more targeted feedback and instruction.",peer_reviewed_research,Not reported (exploratory finite mixture model; model fit via BIC/AIC across 2–6 classes; selected 5-class model).,"Using CEDRE 2019 Grade 9 Mathematics data for the digital 'Product Equation' item, the study leveraged log-derived behavioral indicators (e.g., interaction timing and specific input/answer behaviors) to identify latent solution-strategy classes, finding five distinct groups with different in-assessment behavior patterns. This indicates that process-log data can support didactically interpretable student-strategy profiling beyond correctness alone, enabling more targeted feedback and instruction.",Other / Unspecified,Other,Student: Attitudinal/Behavioral
10.1186/s40536-025-00259-6,CEDRE 2019 Grade 9 Mathematics (France) — entire assessment ability linked to item strategy classes,Mathematical ability (estimated theta) by strategy class,Latent solution-strategy class,"Mean ability differences: class 5 vs classes 1–4 all significant after Bonferroni (p<0.001 for vs 1–4; effect sizes d = −0.86, −1.11, −1.00, −1.08). Class 1 vs class 2: p = 0.014, d = −0.28. Other pairwise differences not significant.","Using CEDRE 2019 Grade 9 Mathematics the study leveraged latent solution-strategy classes derived from item log behavior to compare estimated mathematical ability (theta) across groups, finding that the 'disengaged' class (class 5) had a significantly lower mean ability than the other four classes (all p<0.001 after Bonferroni; large effects, d around −1). This indicates that strategy-based profiling from log data can help identify low-ability students who may need additional instructional support, while also cautioning that the strategy–ability link is correlational rather than causal.",peer_reviewed_research,"Mean ability differences: class 5 vs classes 1–4 all significant after Bonferroni (p<0.001 for vs 1–4; effect sizes d = −0.86, −1.11, −1.00, −1.08). Class 1 vs class 2: p = 0.014, d = −0.28. Other pairwise differences not significant.","Using CEDRE 2019 Grade 9 Mathematics the study leveraged latent solution-strategy classes derived from item log behavior to compare estimated mathematical ability (theta) across groups, finding that the 'disengaged' class (class 5) had a significantly lower mean ability than the other four classes (all p<0.001 after Bonferroni; large effects, d around −1). This indicates that strategy-based profiling from log data can help identify low-ability students who may need additional instructional support, while also cautioning that the strategy–ability link is correlational rather than causal.",Mathematics,Cognitive Achievement,Student: Attitudinal/Behavioral
10.1186/s40536-023-00155-x,"PISA 2012 CBAM mathematics (Grade 15) — items CM015Q01, CM015Q02D, CM015Q03D (Denmark, Sweden, Norway)",Measurement invariance level for the three-factor process model,"Economic, social, cultural status, ICT resources and use (latent), Experience with pure math, Gender","Measurement invariance comparison: weak invariance preferred over configural (CFI=0.968, RMSEA=0.075, SRMR=0.042; Δχ2 p=0.18) and strong invariance (CFI=0.958, RMSEA=0.078, SRMR=0.049; Δχ2 p=0.000). Additional analysis (Latent math proficiency (response accuracy factor)): Latent regression (multi-group) — model fit: CFI=0.926, TLI=0.904, RMSEA=0.048, SRMR=0.058. Factor loadings in CFA: Accuracy 1 loading=0.507; Accuracy 2 loading=0.444; Accuracy 3 loading=0.751 (all positive and significant). Additional analysis (Latent speed (response time factor)): Latent regression (multi-group) — model fit: CFI=0.926, TLI=0.904, RMSEA=0.048, SRMR=0.058. CFA factor loadings for speed (log response time): Tm1 loading=0.513; Tm2 loading=0.787; Tm3 loading=0.773 (all positive and significant). Additional analysis (Latent exploration behaviour (frequency of actions factor)): Latent regression (multi-group) — model fit: CFI=0.926, TLI=0.904, RMSEA=0.048, SRMR=0.058. CFA factor loadings for exploration behaviour (log frequency of actions): Fq1 loading=0.697; Fq2 loading=0.656; Fq3 loading=0.881 (all positive and significant).","Using PISA 2012 CBAM mathematics the study leveraged contextual variables conceptually to interpret cross-country comparisons while evaluating measurement invariance for the latent process model, finding that weak measurement invariance best fit the data across Denmark, Sweden, and Norway. This indicates that factor loadings were consistent across countries, enabling meaningful comparisons of factor covariances and subsequent contextual regression effects, which supports the use of standardized latent process modeling for cross-national CBAM research.",peer_reviewed_research,"Measurement invariance comparison: weak invariance preferred over configural (CFI=0.968, RMSEA=0.075, SRMR=0.042; Δχ2 p=0.18) and strong invariance (CFI=0.958, RMSEA=0.078, SRMR=0.049; Δχ2 p=0.000). Additional analysis (Latent math proficiency (response accuracy factor)): Latent regression (multi-group) — model fit: CFI=0.926, TLI=0.904, RMSEA=0.048, SRMR=0.058. Factor loadings in CFA: Accuracy 1 loading=0.507; Accuracy 2 loading=0.444; Accuracy 3 loading=0.751 (all positive and significant). Additional analysis (Latent speed (response time factor)): Latent regression (multi-group) — model fit: CFI=0.926, TLI=0.904, RMSEA=0.048, SRMR=0.058. CFA factor loadings for speed (log response time): Tm1 loading=0.513; Tm2 loading=0.787; Tm3 loading=0.773 (all positive and significant). Additional analysis (Latent exploration behaviour (frequency of actions factor)): Latent regression (multi-group) — model fit: CFI=0.926, TLI=0.904, RMSEA=0.048, SRMR=0.058. CFA factor loadings for exploration behaviour (log frequency of actions): Fq1 loading=0.697; Fq2 loading=0.656; Fq3 loading=0.881 (all positive and significant).","Using PISA 2012 CBAM mathematics the study leveraged contextual variables conceptually to interpret cross-country comparisons while evaluating measurement invariance for the latent process model, finding that weak measurement invariance best fit the data across Denmark, Sweden, and Norway. This indicates that factor loadings were consistent across countries, enabling meaningful comparisons of factor covariances and subsequent contextual regression effects, which supports the use of standardized latent process modeling for cross-national CBAM research.",Other / Unspecified,Other,Student: Attitudinal/Behavioral; Student: Demographic
10.1186/s40536-021-00115-3,ILSA literature synthesis (systematic review; no single student-level analytic micro-dataset),Literature synthesis outcome (not student-level prediction),,Not reported,"Using ILSA literature synthesis (systematic review; no single student-level analytic micro-dataset) the study leveraged the reported predictors to predict Literature synthesis outcome (not student-level prediction), finding that This paper is a systematic literature review (not an empirical ML study) examining how ethical, privacy, and regulatory considerations are reflected in research that uses process/log data in educational assessment. The authors searched multiple databases and hand-searched journals for 2010–2018, initially finding 1349 records after deduplication and screening down to 66 full-text candidates, then to 22 eligible studies after applying first- and second-order eligibility criteria. They coded each included study using a modified Sclater (2016) code of practice with eight categories (e.g., Responsibility, Transparency & consent, Privacy, Validity, Access, Stewardship of data, Enabling positive interventions, Minimising adverse impact) on a 0–3 ordinal scale, then summarized medians/ranges and subgroup differences. Across the 22 studies, ethics-related issues were found to feature minimally overall, with comparatively higher attention to Privacy and Transparency & consent, while responsibility and stewardship of data were rarely addressed. The review concludes that assessment standards and ethical guidance have not kept pace with the use of process data, motivating a bespoke code of ethics for educational assessment contexts. This indicates that  of data were rarely addressed. The review concludes that assessment standards and ethical guidance have not kept pace with the use of process data, motivating a bespoke code of ethics for educational assessment contexts.",review_article,Not reported,"Using ILSA literature synthesis (systematic review; no single student-level analytic micro-dataset) the study leveraged the reported predictors to predict Literature synthesis outcome (not student-level prediction), finding that This paper is a systematic literature review (not an empirical ML study) examining how ethical, privacy, and regulatory considerations are reflected in research that uses process/log data in educational assessment. The authors searched multiple databases and hand-searched journals for 2010–2018, initially finding 1349 records after deduplication and screening down to 66 full-text candidates, then to 22 eligible studies after applying first- and second-order eligibility criteria. They coded each included study using a modified Sclater (2016) code of practice with eight categories (e.g., Responsibility, Transparency & consent, Privacy, Validity, Access, Stewardship of data, Enabling positive interventions, Minimising adverse impact) on a 0–3 ordinal scale, then summarized medians/ranges and subgroup differences. Across the 22 studies, ethics-related issues were found to feature minimally overall, with comparatively higher attention to Privacy and Transparency & consent, while responsibility and stewardship of data were rarely addressed. The review concludes that assessment standards and ethical guidance have not kept pace with the use of process data, motivating a bespoke code of ethics for educational assessment contexts. This indicates that  of data were rarely addressed. The review concludes that assessment standards and ethical guidance have not kept pace with the use of process data, motivating a bespoke code of ethics for educational assessment contexts.",Other / Unspecified,Other,
10.3389/fpsyg.2023.1131019,"NAEP 2018 science pilot TEIs (Fair test 1, Grade 8, Earth/space science)",Item score (fair test 1; rubric score 1-3),"Preparation time (PT), Execution time (ET), Mean execution time (MET)","Kruskal–Wallis: PT χ2=12.2, df=2, p<0.005; ET χ2=89.916, df=2, p<0.001; MET χ2=64.776, df=2, p<0.001. Omnibus ANOVA: PT F(2,1604)=5.943, p<0.005; ET F(2,1604)=51.7, p<0.001; MET F(2,1604)=38.93, p<0.001. Wilcoxon signed-rank: higher-score group had shorter ET; full-score group had shorter PT and MET than lowest-score group, but differences were not statistically significant when the partial-score group was included.","Using NAEP 2018 science pilot TEIs (Fair test 1, Grade 8, Earth/space science) the study leveraged preparation time (PT), execution time (ET), and mean execution time (MET) to relate process features to rubric-based item score (1–3), finding that score groups differed significantly on all three temporal features (all Kruskal–Wallis p<0.005 and omnibus ANOVA p<0.005). This indicates that students’ planning and action-execution efficiency—captured by PT, ET, and MET—are strongly associated with successful control-of-variables performance, suggesting that process-informed scoring rubrics or feedback could target inefficient planning and hesitant execution stages.",peer_reviewed_research,"Kruskal–Wallis: PT χ2=12.2, df=2, p<0.005; ET χ2=89.916, df=2, p<0.001; MET χ2=64.776, df=2, p<0.001. Omnibus ANOVA: PT F(2,1604)=5.943, p<0.005; ET F(2,1604)=51.7, p<0.001; MET F(2,1604)=38.93, p<0.001. Wilcoxon signed-rank: higher-score group had shorter ET; full-score group had shorter PT and MET than lowest-score group, but differences were not statistically significant when the partial-score group was included.","Using NAEP 2018 science pilot TEIs (Fair test 1, Grade 8, Earth/space science) the study leveraged preparation time (PT), execution time (ET), and mean execution time (MET) to relate process features to rubric-based item score (1–3), finding that score groups differed significantly on all three temporal features (all Kruskal–Wallis p<0.005 and omnibus ANOVA p<0.005). This indicates that students’ planning and action-execution efficiency—captured by PT, ET, and MET—are strongly associated with successful control-of-variables performance, suggesting that process-informed scoring rubrics or feedback could target inefficient planning and hesitant execution stages.",Composite / Multi-Domain,Cognitive Achievement,Student: Attitudinal/Behavioral
10.3389/fpsyg.2023.1131019,"NAEP 2018 science pilot TEIs (Fair test 2, Grade 4, Physical science)",Item score (fair test 2; rubric score 1-3),"Preparation time (PT), Execution time (ET), Mean execution time (MET)","Kruskal–Wallis: PT χ2=7.824, df=2, p=0.02; ET χ2=78.111, df=2, p<0.001; MET χ2=6.600, df=2, p=0.037. Omnibus ANOVA: PT F(2,1987)=2.744, p=0.065 (non-significant); ET F(2,1987)=37.53, p<0.001; MET F(2,1987)=3.451, p=0.032. Wilcoxon signed-rank: higher-score group had shorter ET; full-score group had shorter PT and MET than lowest-score group, but differences were not statistically significant when the partial-score group was involved.","Using NAEP 2018 science pilot TEIs (Fair test 2, Grade 4, Physical science) the study leveraged preparation time (PT), execution time (ET), and mean execution time (MET) to relate process features to rubric-based item score (1–3), finding significant group differences for ET and MET and marginal/non-significant evidence for PT depending on the test (Kruskal–Wallis p=0.02 for PT; ANOVA p=0.065). This indicates that execution efficiency (ET) and per-action efficiency (MET) are more consistently linked to correct control-of-variables reasoning than planning duration alone, suggesting instructional emphasis on reducing hesitation during action execution and improving efficient experimental setup.",peer_reviewed_research,"Kruskal–Wallis: PT χ2=7.824, df=2, p=0.02; ET χ2=78.111, df=2, p<0.001; MET χ2=6.600, df=2, p=0.037. Omnibus ANOVA: PT F(2,1987)=2.744, p=0.065 (non-significant); ET F(2,1987)=37.53, p<0.001; MET F(2,1987)=3.451, p=0.032. Wilcoxon signed-rank: higher-score group had shorter ET; full-score group had shorter PT and MET than lowest-score group, but differences were not statistically significant when the partial-score group was involved.","Using NAEP 2018 science pilot TEIs (Fair test 2, Grade 4, Physical science) the study leveraged preparation time (PT), execution time (ET), and mean execution time (MET) to relate process features to rubric-based item score (1–3), finding significant group differences for ET and MET and marginal/non-significant evidence for PT depending on the test (Kruskal–Wallis p=0.02 for PT; ANOVA p=0.065). This indicates that execution efficiency (ET) and per-action efficiency (MET) are more consistently linked to correct control-of-variables reasoning than planning duration alone, suggesting instructional emphasis on reducing hesitation during action execution and improving efficient experimental setup.",Composite / Multi-Domain,Cognitive Achievement,Student: Attitudinal/Behavioral
10.3389/fpsyg.2023.1131019,"NAEP 2018 science pilot TEIs (Exhaustive test 1, Grade 12, Life science)",Item score (exhaustive test 1; rubric score 1-4),"Preparation time (PT), Execution time (ET), Mean execution time (MET)","Kruskal–Wallis: PT χ2=133.57, df=3, p<0.001; ET χ2=498.49, df=3, p<0.001; MET χ2=258.97, df=3, p<0.001. Omnibus ANOVA: PT F(3,2721)=65.4, p<0.001; ET F(3,2721)=224.5, p<0.001; MET F(3,2721)=78.4, p<0.001. Wilcoxon signed-rank: full-score students had shorter PT and MET than lowest-score students; ET patterns differed such that full-score students were not uniformly shorter ET than all other groups (noted as a contrast with fair tests).","Using NAEP 2018 science pilot TEIs (Exhaustive test 1, Grade 12, Life science) the study leveraged preparation time (PT), execution time (ET), and mean execution time (MET) to relate process features to rubric-based item score (1–4), finding significant differences across all score groups for PT, ET, and MET (all Kruskal–Wallis and omnibus ANOVA p<0.001). This indicates that exhaustive control-of-variables success is associated with both planning and execution efficiency, but with a task-dependent interpretation of total execution time, suggesting that process-aware feedback should distinguish between productive persistence (needed for exhaustive coverage) and inefficient execution.",peer_reviewed_research,"Kruskal–Wallis: PT χ2=133.57, df=3, p<0.001; ET χ2=498.49, df=3, p<0.001; MET χ2=258.97, df=3, p<0.001. Omnibus ANOVA: PT F(3,2721)=65.4, p<0.001; ET F(3,2721)=224.5, p<0.001; MET F(3,2721)=78.4, p<0.001. Wilcoxon signed-rank: full-score students had shorter PT and MET than lowest-score students; ET patterns differed such that full-score students were not uniformly shorter ET than all other groups (noted as a contrast with fair tests).","Using NAEP 2018 science pilot TEIs (Exhaustive test 1, Grade 12, Life science) the study leveraged preparation time (PT), execution time (ET), and mean execution time (MET) to relate process features to rubric-based item score (1–4), finding significant differences across all score groups for PT, ET, and MET (all Kruskal–Wallis and omnibus ANOVA p<0.001). This indicates that exhaustive control-of-variables success is associated with both planning and execution efficiency, but with a task-dependent interpretation of total execution time, suggesting that process-aware feedback should distinguish between productive persistence (needed for exhaustive coverage) and inefficient execution.",Composite / Multi-Domain,Cognitive Achievement,Student: Attitudinal/Behavioral
10.3389/fpsyg.2023.1131019,"NAEP 2018 science pilot TEIs (Exhaustive test 2, Grade 12, Earth/space science)",Item score (exhaustive test 2; rubric score 1-4),"Preparation time (PT), Execution time (ET), Mean execution time (MET)","Kruskal–Wallis: PT χ2=10.317, df=3, p<0.017 (marginal); ET χ2=440.33, df=3, p<0.001; MET χ2=158.79, df=3, p<0.001. Omnibus ANOVA: PT F(3,2942)=3.094, p=0.026 (marginal); ET F(3,2942)=185.7, p<0.001; MET F(3,2942)=45.58, p<0.001. Wilcoxon signed-rank: full-score students had shorter PT and MET than other low-score students, but full-score students had longer ET than most other score students.","Using NAEP 2018 science pilot TEIs (Exhaustive test 2, Grade 12, Earth/space science) the study leveraged preparation time (PT), execution time (ET), and mean execution time (MET) to relate process features to rubric-based item score (1–4), finding significant differences for ET and MET and weaker/marginal evidence for PT depending on the test (Kruskal–Wallis p<0.017; ANOVA p=0.026). This indicates that high performance in exhaustive testing reflects efficient per-action execution (MET) even when total execution time is longer, suggesting that scoring and feedback should reward sustained, goal-oriented exhaustive coverage rather than simply minimizing total time.",peer_reviewed_research,"Kruskal–Wallis: PT χ2=10.317, df=3, p<0.017 (marginal); ET χ2=440.33, df=3, p<0.001; MET χ2=158.79, df=3, p<0.001. Omnibus ANOVA: PT F(3,2942)=3.094, p=0.026 (marginal); ET F(3,2942)=185.7, p<0.001; MET F(3,2942)=45.58, p<0.001. Wilcoxon signed-rank: full-score students had shorter PT and MET than other low-score students, but full-score students had longer ET than most other score students.","Using NAEP 2018 science pilot TEIs (Exhaustive test 2, Grade 12, Earth/space science) the study leveraged preparation time (PT), execution time (ET), and mean execution time (MET) to relate process features to rubric-based item score (1–4), finding significant differences for ET and MET and weaker/marginal evidence for PT depending on the test (Kruskal–Wallis p<0.017; ANOVA p=0.026). This indicates that high performance in exhaustive testing reflects efficient per-action execution (MET) even when total execution time is longer, suggesting that scoring and feedback should reward sustained, goal-oriented exhaustive coverage rather than simply minimizing total time.",Composite / Multi-Domain,Cognitive Achievement,Student: Attitudinal/Behavioral
10.1016/j.compedu.2024.105093,Luca office simulation (VET) — early process data (first 5 minutes),Problem-solving success (binary class; more vs less successful),"time_window_minutes, problem_solving_success_score, gender, age_years","Random forest (M1, <5 min): accuracy = 0.53; F1 (less successful) = 0.53; F1 (more successful) = 0.53; ROC AUC = 0.61. Feature selection (robust features only) improved AUC from 0.61 to 0.65.","Using Luca office simulation data (VET) with early process information from the first 5 minutes, the study leveraged early-window behavioral indicators (n-gram features) to predict binary problem-solving success, finding that predictive discrimination was limited (ROC AUC = 0.61; accuracy = 0.53). This indicates that very early behavioral traces contain insufficient information for reliable success prediction, so adaptive scaffolding should be delayed until more diagnostic evidence accumulates, while still using feature selection to improve robustness.",peer_reviewed_research,"Random forest (M1, <5 min): accuracy = 0.53; F1 (less successful) = 0.53; F1 (more successful) = 0.53; ROC AUC = 0.61. Feature selection (robust features only) improved AUC from 0.61 to 0.65.","Using Luca office simulation data (VET) with early process information from the first 5 minutes, the study leveraged early-window behavioral indicators (n-gram features) to predict binary problem-solving success, finding that predictive discrimination was limited (ROC AUC = 0.61; accuracy = 0.53). This indicates that very early behavioral traces contain insufficient information for reliable success prediction, so adaptive scaffolding should be delayed until more diagnostic evidence accumulates, while still using feature selection to improve robustness.",Problem Solving,Cognitive Achievement,Student: Attitudinal/Behavioral; Student: Prior Achievement; Student: Demographic
10.1016/j.compedu.2024.105093,Luca office simulation (VET) — early process data (first 10 minutes),Problem-solving success (binary class; more vs less successful),"time_window_minutes, problem_solving_success_score, gender, age_years","Random forest (M2, <10 min): accuracy = 0.60; F1 (less successful) = 0.64; F1 (more successful) = 0.56; ROC AUC = 0.63. With feature selection (M2 robust): AUC improved from 0.63 to 0.66.","Using Luca office simulation data (VET) with early process information from the first 10 minutes, the study leveraged early-window behavioral indicators (n-gram features) to predict binary problem-solving success, finding improved but still moderate performance (ROC AUC = 0.63; accuracy = 0.60). This indicates that extending the observation window to around 10 minutes can support earlier identification of at-risk learners, enabling timely prompts while recognizing that prediction remains imperfect.",peer_reviewed_research,"Random forest (M2, <10 min): accuracy = 0.60; F1 (less successful) = 0.64; F1 (more successful) = 0.56; ROC AUC = 0.63. With feature selection (M2 robust): AUC improved from 0.63 to 0.66.","Using Luca office simulation data (VET) with early process information from the first 10 minutes, the study leveraged early-window behavioral indicators (n-gram features) to predict binary problem-solving success, finding improved but still moderate performance (ROC AUC = 0.63; accuracy = 0.60). This indicates that extending the observation window to around 10 minutes can support earlier identification of at-risk learners, enabling timely prompts while recognizing that prediction remains imperfect.",Problem Solving,Cognitive Achievement,Student: Attitudinal/Behavioral; Student: Prior Achievement; Student: Demographic
10.1016/j.compedu.2024.105093,Luca office simulation (VET) — early process data (first 20 minutes),Problem-solving success (binary class; more vs less successful),"time_window_minutes, problem_solving_success_score, gender, age_years","Random forest (M3, <20 min): accuracy = 0.60; F1 (less successful) = 0.63; F1 (more successful) = 0.57; ROC AUC = 0.67. With feature selection (M3 robust): AUC increased to almost 0.70.","Using Luca office simulation data (VET) with early process information from the first 20 minutes, the study leveraged early-window behavioral indicators (n-gram features) to predict binary problem-solving success, finding the best discrimination among the tested windows (ROC AUC = 0.67; accuracy = 0.60; AUC ≈ 0.70 with robust feature selection). This indicates that adaptive support in office-simulation learning can be triggered by around the 20-minute mark to more effectively target learners likely to struggle, though the study’s exploratory design and lack of survey-weight handling limit generalization.",peer_reviewed_research,"Random forest (M3, <20 min): accuracy = 0.60; F1 (less successful) = 0.63; F1 (more successful) = 0.57; ROC AUC = 0.67. With feature selection (M3 robust): AUC increased to almost 0.70.","Using Luca office simulation data (VET) with early process information from the first 20 minutes, the study leveraged early-window behavioral indicators (n-gram features) to predict binary problem-solving success, finding the best discrimination among the tested windows (ROC AUC = 0.67; accuracy = 0.60; AUC ≈ 0.70 with robust feature selection). This indicates that adaptive support in office-simulation learning can be triggered by around the 20-minute mark to more effectively target learners likely to struggle, though the study’s exploratory design and lack of survey-weight handling limit generalization.",Problem Solving,Cognitive Achievement,Student: Attitudinal/Behavioral; Student: Prior Achievement; Student: Demographic
10.1109/SISY56759.2022.10036295,"PISA 2012 computer-based assessment (overall mathematics), 3-class proficiency (low/medium/high)",Math proficiency class (low/medium/high),"Student math attitudes, Books at home, Mathematics efficacy, Guided homework study time, Personal tutor study time","Neural Network (baseline): weighted Precision 62.99%, weighted Recall 64.79%, weighted F1 63.83%, Cohen kappa 0.31, G-mean 0.58. Best minority-class trade-off: Neural Network with CTGAN (size 32) achieved minority-class recall 66.67% (in augmented-class evaluation) and highest inverted KS distance 0.92; overall best G-mean reported as 0.63 for CTGAN (size 32). Best overall weighted precision/recall/F1 reported for VAE (latent dim=3/5 variants), with highest weighted recall/precision and highest F1 among VAE variants.","Using PISA 2012 computer-based assessment the study leveraged student math attitudes, books at home, mathematics efficacy, and out-of-school study time variables to predict three math proficiency classes, finding that training with synthetic data (especially CTGAN for minority-class recall and G-mean) improved minority-class prediction while majority-class performance deteriorated. This indicates that these patterns have implications for educational policy and instructional practice, though cross-sectional ILSA designs cannot establish causality.",peer_reviewed_research,"Neural Network (baseline): weighted Precision 62.99%, weighted Recall 64.79%, weighted F1 63.83%, Cohen kappa 0.31, G-mean 0.58. Best minority-class trade-off: Neural Network with CTGAN (size 32) achieved minority-class recall 66.67% (in augmented-class evaluation) and highest inverted KS distance 0.92; overall best G-mean reported as 0.63 for CTGAN (size 32). Best overall weighted precision/recall/F1 reported for VAE (latent dim=3/5 variants), with highest weighted recall/precision and highest F1 among VAE variants.","Using PISA 2012 computer-based assessment the study leveraged student math attitudes, books at home, mathematics efficacy, and out-of-school study time variables to predict three math proficiency classes, finding that training with synthetic data (especially CTGAN for minority-class recall and G-mean) improved minority-class prediction while majority-class performance deteriorated. This indicates that these patterns have implications for educational policy and instructional practice, though cross-sectional ILSA designs cannot establish causality.",Composite / Multi-Domain,Cognitive Achievement,Student: Attitudinal/Behavioral; Student: SES
10.26822/iejee.2025.380,PISA 2022 Mathematics (Turkey) process data,Engagement profile membership (LPA profiles),"Response time (RT), Number of actions (NA), Self-reported effort (SRE)","LPA fit: optimal 3-profile solution; AIC 51750.54, BIC 51845.58, aBIC 51801.09; entropy 0.883; LMR test p < .05. Profile sizes: Profile 1 (Moderately-Engaged) 5431; Profile 2 (Highly-Engaged) 472; Profile 3 (Disengaged) 657. Profile differences: ANOVA p < .05; Tukey post-hoc p < .05 for RT, NA, and SRE across all profiles. Additional analysis (Mathematics achievement differences across engagement profiles): Profile-specific mean mathematics achievement: Profile 2 (Highly-Engaged) 536.453; Profile 3 (Disengaged) 421.74; Profile 1 (Moderately-Engaged) 452.689. Differences reported as statistically significant for each group (exact test statistic not provided).","Using PISA 2022 Mathematics (Turkey) process data, the study leveraged response time (RT), number of actions (NA), and self-reported effort (SRE) to classify students into engagement profiles, finding that a three-profile structure best captured engagement heterogeneity (Moderately-Engaged, Highly-Engaged, Disengaged). This indicates that disengagement is not uniform but forms a distinct subgroup that can be identified from combined behavioral and self-report indicators, supporting assessment practices that flag low-effort responding when interpreting achievement results.",peer_reviewed_research,"LPA fit: optimal 3-profile solution; AIC 51750.54, BIC 51845.58, aBIC 51801.09; entropy 0.883; LMR test p < .05. Profile sizes: Profile 1 (Moderately-Engaged) 5431; Profile 2 (Highly-Engaged) 472; Profile 3 (Disengaged) 657. Profile differences: ANOVA p < .05; Tukey post-hoc p < .05 for RT, NA, and SRE across all profiles. Additional analysis (Mathematics achievement differences across engagement profiles): Profile-specific mean mathematics achievement: Profile 2 (Highly-Engaged) 536.453; Profile 3 (Disengaged) 421.74; Profile 1 (Moderately-Engaged) 452.689. Differences reported as statistically significant for each group (exact test statistic not provided).","Using PISA 2022 Mathematics (Turkey) process data, the study leveraged response time (RT), number of actions (NA), and self-reported effort (SRE) to classify students into engagement profiles, finding that a three-profile structure best captured engagement heterogeneity (Moderately-Engaged, Highly-Engaged, Disengaged). This indicates that disengagement is not uniform but forms a distinct subgroup that can be identified from combined behavioral and self-report indicators, supporting assessment practices that flag low-effort responding when interpreting achievement results.",Other / Unspecified,Other,Student: Attitudinal/Behavioral
10.3389/fpsyg.2022.1050435,"PISA 2012 CPS (Problem Solving) Ticket item CP038q1 (Vending Machine), correct-answer subset",Overall problem-solving ability (PISA scale-score ratio) for students with correct answers,"Time on b1 decision, Time on b3 exploring, Time to first action, Time on irrelevant sequences, Average time between clicks","Elastic Net variable selection (10-fold CV on training set; repeated 100 times). Test-set RMSE: 0.18. Selected 5 variables (non-zero coefficients under one-standard-error rule). Additional analysis (Problem-solving pattern membership (4 clusters) among students with correct answers): k-medoids clustering using the 5 Elastic Net-selected variables; optimal k determined by elbow method (k=4). Cluster sizes: 823 (curious), 2,412 (speedy), 2,285 (repetitive), 1,671 (strategic). No predictive accuracy metric reported for clustering.","Using PISA 2012 CPS Ticket item CP038q1 data for students with correct answers, the study leveraged time_start, time_b1, time_b3, time_irrelevant, and time_avg_btw_events to predict overall problem-solving ability (PISA scale-score ratio). It found that these time-related process variables were the most consistently selected predictors under Elastic Net regularization, with a test-set RMSE of 0.18. This indicates that item-level timing patterns (including irrelevant exploration and decision/exploration timing) can be used to characterize high-performing students’ problem-solving approaches for more targeted feedback, though the study is pattern-identification rather than causal inference and does not report survey-weighted estimation.",peer_reviewed_research,"Elastic Net variable selection (10-fold CV on training set; repeated 100 times). Test-set RMSE: 0.18. Selected 5 variables (non-zero coefficients under one-standard-error rule). Additional analysis (Problem-solving pattern membership (4 clusters) among students with correct answers): k-medoids clustering using the 5 Elastic Net-selected variables; optimal k determined by elbow method (k=4). Cluster sizes: 823 (curious), 2,412 (speedy), 2,285 (repetitive), 1,671 (strategic). No predictive accuracy metric reported for clustering.","Using PISA 2012 CPS Ticket item CP038q1 data for students with correct answers, the study leveraged time_start, time_b1, time_b3, time_irrelevant, and time_avg_btw_events to predict overall problem-solving ability (PISA scale-score ratio). It found that these time-related process variables were the most consistently selected predictors under Elastic Net regularization, with a test-set RMSE of 0.18. This indicates that item-level timing patterns (including irrelevant exploration and decision/exploration timing) can be used to characterize high-performing students’ problem-solving approaches for more targeted feedback, though the study is pattern-identification rather than causal inference and does not report survey-weighted estimation.",Problem Solving,Cognitive Achievement,Student: Attitudinal/Behavioral; Student: Demographic
10.3389/fpsyg.2022.1050435,"PISA 2012 CPS (Problem Solving) Ticket item CP038q1 (Vending Machine), incorrect-answer subset",Overall problem-solving ability (PISA scale-score ratio) for students with incorrect answers,"Time on b1 decision, Time on b4 exploring, Time to first action, Time on irrelevant sequences, Average time between clicks","Elastic Net variable selection (10-fold CV on training set; repeated 100 times). Test-set RMSE: 0.21. Selected 7 variables for clustering (time_b1, time_b4, time_start, time_irrelevant, time_avg_btw_events, length, events_num). Additional analysis (Problem-solving pattern membership (8 clusters) among students with incorrect answers): k-medoids clustering using the 7 Elastic Net-selected variables; optimal k determined by elbow method (k=8). Cluster sizes reported for A–H: 2,194; 2,616; 4,661; 3,779; 3,345; 3,392; 1,918; 1,344. No predictive accuracy metric reported for clustering.","Using PISA 2012 CPS Ticket item CP038q1 data for students with incorrect answers, the study leveraged time_b1, time_b4, time_start, time_irrelevant, time_avg_btw_events, length, and events_num to predict overall problem-solving ability (PISA scale-score ratio). It found that these process-timing and action-count variables were the most consistently selected predictors under Elastic Net, with a test-set RMSE of 0.21. This indicates that even among incorrect responders, timing and exploration behaviors provide actionable signals for diagnosing likely strategy breakdowns and designing remedial feedback, while causality cannot be inferred and missing-data handling beyond START_ITEM/END_ITEM exclusions is not fully documented.",peer_reviewed_research,"Elastic Net variable selection (10-fold CV on training set; repeated 100 times). Test-set RMSE: 0.21. Selected 7 variables for clustering (time_b1, time_b4, time_start, time_irrelevant, time_avg_btw_events, length, events_num). Additional analysis (Problem-solving pattern membership (8 clusters) among students with incorrect answers): k-medoids clustering using the 7 Elastic Net-selected variables; optimal k determined by elbow method (k=8). Cluster sizes reported for A–H: 2,194; 2,616; 4,661; 3,779; 3,345; 3,392; 1,918; 1,344. No predictive accuracy metric reported for clustering.","Using PISA 2012 CPS Ticket item CP038q1 data for students with incorrect answers, the study leveraged time_b1, time_b4, time_start, time_irrelevant, time_avg_btw_events, length, and events_num to predict overall problem-solving ability (PISA scale-score ratio). It found that these process-timing and action-count variables were the most consistently selected predictors under Elastic Net, with a test-set RMSE of 0.21. This indicates that even among incorrect responders, timing and exploration behaviors provide actionable signals for diagnosing likely strategy breakdowns and designing remedial feedback, while causality cannot be inferred and missing-data handling beyond START_ITEM/END_ITEM exclusions is not fully documented.",Problem Solving,Cognitive Achievement,Student: Attitudinal/Behavioral; Student: Demographic
10.1371/journal.pone.0326121,PISA 2018 (37 OECD countries) Reading,Reading success classification (high vs low vs OECD average),"ICT access (ICTRES), Foreign language lessons per week, Total weekly teaching load, Metacognition (credibility), Economic social cultural status",Random Forest with Boruta feature selection; most important variables identified (no explicit accuracy/AUC reported). Highest mean importance coefficient: CPERWEEK (7.266618); highest coefficient estimate: CPERWEEK (0.844).,"Using PISA 2018 reading data for 37 OECD countries, the study leveraged ICT access (ICTRES), foreign language lessons per week, total weekly teaching load, metacognition (credibility), and economic social cultural status to predict whether countries were above the OECD-average reading threshold. It found that ICT access and instructional time variables (especially CPERWEEK) were consistently among the most influential predictors, with CPERWEEK showing the highest importance and coefficient estimate. This indicates that strengthening students’ access to information technology and increasing/optimizing subject-specific instructional time may be associated with higher reading performance, though the Random Forest results are predictive and do not establish causal effects.",peer_reviewed_research,Random Forest with Boruta feature selection; most important variables identified (no explicit accuracy/AUC reported). Highest mean importance coefficient: CPERWEEK (7.266618); highest coefficient estimate: CPERWEEK (0.844).,"Using PISA 2018 reading data for 37 OECD countries, the study leveraged ICT access (ICTRES), foreign language lessons per week, total weekly teaching load, metacognition (credibility), and economic social cultural status to predict whether countries were above the OECD-average reading threshold. It found that ICT access and instructional time variables (especially CPERWEEK) were consistently among the most influential predictors, with CPERWEEK showing the highest importance and coefficient estimate. This indicates that strengthening students’ access to information technology and increasing/optimizing subject-specific instructional time may be associated with higher reading performance, though the Random Forest results are predictive and do not establish causal effects.",Other / Unspecified,Other,Student: Attitudinal/Behavioral; Student: Demographic
10.1371/journal.pone.0326121,PISA 2018 (37 OECD countries) Mathematics,Mathematics success classification (high vs low vs OECD average),"Academic competition (COMPETE), Highest parental occupational status, Metacognition (credibility), Economic social cultural status, ICT access (ICTRES)",Random Forest with Boruta feature selection; most important variables identified (no explicit accuracy/AUC reported). Highest mean importance coefficient: COMPETE (7.060205); highest coefficient estimate: COMPETE (0.628).,"Using PISA 2018 mathematics data for 37 OECD countries, the study leveraged academic competition (COMPETE), highest parental occupational status, metacognition (credibility), economic social cultural status, and ICT access (ICTRES) to predict whether countries were above the OECD-average mathematics threshold. It found that COMPETE and parental occupational status were among the strongest contributors, with COMPETE having the highest importance and coefficient estimate in the mathematics model. This indicates that policies that foster constructive competitive or performance-oriented learning environments in mathematics may align with higher mathematics outcomes, while causality cannot be inferred from the predictive model.",peer_reviewed_research,Random Forest with Boruta feature selection; most important variables identified (no explicit accuracy/AUC reported). Highest mean importance coefficient: COMPETE (7.060205); highest coefficient estimate: COMPETE (0.628).,"Using PISA 2018 mathematics data for 37 OECD countries, the study leveraged academic competition (COMPETE), highest parental occupational status, metacognition (credibility), economic social cultural status, and ICT access (ICTRES) to predict whether countries were above the OECD-average mathematics threshold. It found that COMPETE and parental occupational status were among the strongest contributors, with COMPETE having the highest importance and coefficient estimate in the mathematics model. This indicates that policies that foster constructive competitive or performance-oriented learning environments in mathematics may align with higher mathematics outcomes, while causality cannot be inferred from the predictive model.",Mathematics,Cognitive Achievement,Student: Attitudinal/Behavioral
10.1371/journal.pone.0326121,PISA 2018 (37 OECD countries) Science,Science success classification (high vs low vs OECD average),"ICT access (ICTRES), Total weekly teaching load, Perceived PISA test difficulty, Metacognition (credibility), Academic competition (COMPETE)",Random Forest with Boruta feature selection; most important variables identified (no explicit accuracy/AUC reported). Highest mean importance coefficient: METASPAM (8.875383); highest coefficient estimate: METASPAM (0.550).,"Using PISA 2018 science data for 37 OECD countries, the study leveraged ICT access (ICTRES), total weekly teaching load, perceived PISA test difficulty, metacognition (credibility), and academic competition (COMPETE) to predict whether countries were above the OECD-average science threshold. It found that metacognition (METASPAM) was the strongest science-related predictor, while ICT access and instructional time also ranked highly across domains. This indicates that embedding metacognitive skill development and improving students’ learning conditions (including ICT access and adequate instructional time) may support science performance improvements, though the model remains non-causal and the paper does not report predictive validation metrics.",peer_reviewed_research,Random Forest with Boruta feature selection; most important variables identified (no explicit accuracy/AUC reported). Highest mean importance coefficient: METASPAM (8.875383); highest coefficient estimate: METASPAM (0.550).,"Using PISA 2018 science data for 37 OECD countries, the study leveraged ICT access (ICTRES), total weekly teaching load, perceived PISA test difficulty, metacognition (credibility), and academic competition (COMPETE) to predict whether countries were above the OECD-average science threshold. It found that metacognition (METASPAM) was the strongest science-related predictor, while ICT access and instructional time also ranked highly across domains. This indicates that embedding metacognitive skill development and improving students’ learning conditions (including ICT access and adequate instructional time) may support science performance improvements, though the model remains non-causal and the paper does not report predictive validation metrics.",Other / Unspecified,Other,Student: Attitudinal/Behavioral
10.1186/s40536-023-00185-5,"PISA 2015 Collaborative problem solving (ColPS) process data, Xandar unit (Parts 1–4)",Latent profile membership (Profile 1 vs Profile 2),"Response time (Part 1), Actions (Part 1), Response time (Part 2), Actions (Part 3)","LPA model selection: two-profile solution retained; entropy=0.98; smallest profile size=5% (N=125); average classification probability=0.96; significant mean differences across indicators (Wald tests) except response time in Part 4 (p=0.51). Additional analysis (Overall ColPS performance (PVCLPS, across 10 plausible values)): Mean performance gap: 129.41 (S.E.=21.66, p<0.01); Profile 1 mean PVCLPS=519.11 vs Profile 2 mean PVCLPS=389.70.","Using PISA 2015 ColPS Xandar unit process data, the study leveraged response time and action-count indicators across Parts 1–4 to identify latent profiles, finding two distinct behavioral profiles (Profile 1=95% vs Profile 2=5%) with significantly different patterns, especially in Part 1. This indicates that early-stage coordination behaviors in human-to-agent collaboration can be empirically distinguished at scale, supporting the use of process-informed profiling to target interventions toward students who rely on trial-and-error rather than organized strategy use.",peer_reviewed_research,"LPA model selection: two-profile solution retained; entropy=0.98; smallest profile size=5% (N=125); average classification probability=0.96; significant mean differences across indicators (Wald tests) except response time in Part 4 (p=0.51). Additional analysis (Overall ColPS performance (PVCLPS, across 10 plausible values)): Mean performance gap: 129.41 (S.E.=21.66, p<0.01); Profile 1 mean PVCLPS=519.11 vs Profile 2 mean PVCLPS=389.70.","Using PISA 2015 ColPS Xandar unit process data, the study leveraged response time and action-count indicators across Parts 1–4 to identify latent profiles, finding two distinct behavioral profiles (Profile 1=95% vs Profile 2=5%) with significantly different patterns, especially in Part 1. This indicates that early-stage coordination behaviors in human-to-agent collaboration can be empirically distinguished at scale, supporting the use of process-informed profiling to target interventions toward students who rely on trial-and-error rather than organized strategy use.",Other / Unspecified,Other,Student: Attitudinal/Behavioral
10.1109/SISY52375.2021.9582522,PISA 2012 Computer-Based Assessment (CBA) Mathematics,Math proficiency class (low/mediocre/high),"Math attitudes, Mathematics efficacy, Books at home, Out-of-school study time guided, Math concepts familiarity","Random Forest + Recursive Feature Elimination: Accuracy 78.39%, micro F1 0.72, micro recall 0.72, ROC-AUC (best class C) 0.88, Cohen's Kappa 0.46. Neural Network generally slightly higher accuracy than Random Forest across feature-selection settings, but best Kappa and best micro-F1/recall reported for Random Forest with Recursive Feature Elimination.","Using PISA 2012 CBA mathematics the study leveraged questionnaire background variables (e.g., math attitudes, mathematics efficacy, books at home, and out-of-school study time) together with students’ administered-item performance to predict a three-class math proficiency label (low/mediocre/high), finding that the Random Forest model with recursive feature elimination achieved the best overall agreement (Cohen’s Kappa = 0.46) and the best micro-averaged F1/recall (0.72/0.72). This indicates that a multi-class ML classifier using readily collected student and home-study indicators could support adaptive computer-based assessment decisions, though the paper does not report survey-weighted estimation or a missing-data handling strategy.",peer_reviewed_research,"Random Forest + Recursive Feature Elimination: Accuracy 78.39%, micro F1 0.72, micro recall 0.72, ROC-AUC (best class C) 0.88, Cohen's Kappa 0.46. Neural Network generally slightly higher accuracy than Random Forest across feature-selection settings, but best Kappa and best micro-F1/recall reported for Random Forest with Recursive Feature Elimination.","Using PISA 2012 CBA mathematics the study leveraged questionnaire background variables (e.g., math attitudes, mathematics efficacy, books at home, and out-of-school study time) together with students’ administered-item performance to predict a three-class math proficiency label (low/mediocre/high), finding that the Random Forest model with recursive feature elimination achieved the best overall agreement (Cohen’s Kappa = 0.46) and the best micro-averaged F1/recall (0.72/0.72). This indicates that a multi-class ML classifier using readily collected student and home-study indicators could support adaptive computer-based assessment decisions, though the paper does not report survey-weighted estimation or a missing-data handling strategy.",Composite / Multi-Domain,Cognitive Achievement,Student: Attitudinal/Behavioral; Student: SES; School/Teacher: Context
10.1111/emip.12640,"PISA 2018 Reading (United States, 15-year-olds)",Differential item functioning (DIF) for scored responses (RMSD/MD),Home language (ML vs non-ML),"DIF prevalence: 13.66% of overall items (50/366) for ML; 12.81% of computer-scored items (36/281) and 16.47% of human-coded items (14/85). DIF thresholding used RMSD = 0.12 for cognitive domains; MD indicated 50% of all items had negative MD for ML. Among DIF items, 22/50 (44%) had negative MD for ML.","Using PISA 2018 Reading data for the United States, the study leveraged home language (ML vs non-ML) to evaluate differential item functioning for scored responses, finding that a non-trivial share of reading items showed DIF for ML students (13.66% overall; more DIF among computer-scored and human-coded items). This indicates that reading items in PISA 2018 are not fully measurement-equivalent across home-language groups, suggesting test developers and educators should review and potentially adapt construct-irrelevant linguistic demands in reading tasks for multilingual learners.",peer_reviewed_research,"DIF prevalence: 13.66% of overall items (50/366) for ML; 12.81% of computer-scored items (36/281) and 16.47% of human-coded items (14/85). DIF thresholding used RMSD = 0.12 for cognitive domains; MD indicated 50% of all items had negative MD for ML. Among DIF items, 22/50 (44%) had negative MD for ML.","Using PISA 2018 Reading data for the United States, the study leveraged home language (ML vs non-ML) to evaluate differential item functioning for scored responses, finding that a non-trivial share of reading items showed DIF for ML students (13.66% overall; more DIF among computer-scored and human-coded items). This indicates that reading items in PISA 2018 are not fully measurement-equivalent across home-language groups, suggesting test developers and educators should review and potentially adapt construct-irrelevant linguistic demands in reading tasks for multilingual learners.",Composite / Multi-Domain,Cognitive Achievement,Student: Demographic
10.1111/emip.12640,"PISA 2018 Reading (United States, 15-year-olds)",Latent ability differences after releasing DIF constraints (WLE-based θ),Home language (ML vs non-ML),"WLE latent ability comparison: non-ML > ML in reading, t(4,778) = 6.51, p < .001, d = 0.26 (small effect).","Using PISA 2018 Reading data for the United States, the study leveraged home language (ML vs non-ML) to compare WLE-based latent ability estimates after releasing DIF-identified item-parameter constraints, finding that non-ML students had significantly higher latent reading ability than ML students (d = 0.26). This indicates that even when DIF items are accounted for, multilingual learners still show lower estimated reading proficiency, implying that equity-oriented supports (e.g., language scaffolding and time/resources) may be needed alongside item fairness checks.",peer_reviewed_research,"WLE latent ability comparison: non-ML > ML in reading, t(4,778) = 6.51, p < .001, d = 0.26 (small effect).","Using PISA 2018 Reading data for the United States, the study leveraged home language (ML vs non-ML) to compare WLE-based latent ability estimates after releasing DIF-identified item-parameter constraints, finding that non-ML students had significantly higher latent reading ability than ML students (d = 0.26). This indicates that even when DIF items are accounted for, multilingual learners still show lower estimated reading proficiency, implying that equity-oriented supports (e.g., language scaffolding and time/resources) may be needed alongside item fairness checks.",Other / Unspecified,Other,Student: Demographic
10.1111/emip.12640,"PISA 2018 Reading (United States, 15-year-olds)",Differential response time (DRT) functioning,Home language (ML vs non-ML),"DRT critical exceedances: 18 items (8%) in reading exceeded the critical value of 1.96. DRT effect size range: (−8.36, 42.59). Positive DRT indicates MLs spent more time than non-MLs; overall direction was skewed against ML students.","Using PISA 2018 Reading data for the United States, the study leveraged home language (ML vs non-ML) to test differential response time functioning, finding that a subset of reading items showed significant DRT effects (8% exceeding 1.96) with effect sizes indicating ML students generally spent more time on items matched on ability. This indicates that time-on-task differences may reflect language-related processing demands, suggesting that providing additional time or language supports could improve fairness without necessarily changing the underlying construct.",peer_reviewed_research,"DRT critical exceedances: 18 items (8%) in reading exceeded the critical value of 1.96. DRT effect size range: (−8.36, 42.59). Positive DRT indicates MLs spent more time than non-MLs; overall direction was skewed against ML students.","Using PISA 2018 Reading data for the United States, the study leveraged home language (ML vs non-ML) to test differential response time functioning, finding that a subset of reading items showed significant DRT effects (8% exceeding 1.96) with effect sizes indicating ML students generally spent more time on items matched on ability. This indicates that time-on-task differences may reflect language-related processing demands, suggesting that providing additional time or language supports could improve fairness without necessarily changing the underlying construct.",Non-Cognitive / Process Output,Process Data / Log Metrics,Student: Demographic
10.1111/emip.12640,"PISA 2018 Mathematics (United States, 15-year-olds)",Differential item functioning (DIF) for scored responses (RMSD/MD),Home language (ML vs non-ML),"DIF prevalence: 7.14% of total items (5/70) for ML; 5.77% of computer-scored items (3/52) and 11.11% of human-coded response items (2/18). DIF thresholding used RMSD = 0.12 for cognitive domains; MD indicated 49% of all items had negative MD for ML. Among DIF items, 1/5 (20%) had negative MD for ML. Additional analysis (Latent ability differences after releasing DIF constraints (WLE-based θ)): WLE latent ability comparison: non-ML > ML in mathematics, t(2,594) = 4.19, p < .001, d = 0.23 (small effect). ANCOVA controlling for reading: group difference in math becomes non-significant after controlling for reading scores.","Using PISA 2018 Mathematics data for the United States, the study leveraged home language (ML vs non-ML) to evaluate differential item functioning for scored responses, finding that mathematics showed the lowest DIF proportion among the three domains (7.14% overall) and that DIF items were concentrated with higher RMSD values for ML students. This indicates that mathematics items are comparatively more measurement-equivalent than reading and science, but still contain a subset where multilingual learners experience different item characteristics, motivating targeted item review rather than wholesale test redesign.",peer_reviewed_research,"DIF prevalence: 7.14% of total items (5/70) for ML; 5.77% of computer-scored items (3/52) and 11.11% of human-coded response items (2/18). DIF thresholding used RMSD = 0.12 for cognitive domains; MD indicated 49% of all items had negative MD for ML. Among DIF items, 1/5 (20%) had negative MD for ML. Additional analysis (Latent ability differences after releasing DIF constraints (WLE-based θ)): WLE latent ability comparison: non-ML > ML in mathematics, t(2,594) = 4.19, p < .001, d = 0.23 (small effect). ANCOVA controlling for reading: group difference in math becomes non-significant after controlling for reading scores.","Using PISA 2018 Mathematics data for the United States, the study leveraged home language (ML vs non-ML) to evaluate differential item functioning for scored responses, finding that mathematics showed the lowest DIF proportion among the three domains (7.14% overall) and that DIF items were concentrated with higher RMSD values for ML students. This indicates that mathematics items are comparatively more measurement-equivalent than reading and science, but still contain a subset where multilingual learners experience different item characteristics, motivating targeted item review rather than wholesale test redesign.",Composite / Multi-Domain,Cognitive Achievement,Student: Demographic
10.1111/emip.12640,"PISA 2018 Mathematics (United States, 15-year-olds)",Differential response time (DRT) functioning,Home language (ML vs non-ML),"DRT critical exceedances: 7 items (10%) in mathematics exceeded the critical value of 1.96. DRT effect size range: (−12.61, 42.68). Positive DRT values were most prevalent in mathematics (89% of items with positive DRT).","Using PISA 2018 Mathematics data for the United States, the study leveraged home language (ML vs non-ML) to test differential response time functioning, finding that mathematics had a relatively high proportion of significant DRT items (10%) and that most positive DRT effects indicated ML students were slower than non-ML students at matched ability. This indicates that even where mathematics score differences may be explained by reading, response-time bias can still disadvantage multilingual learners, supporting time/resource accommodations and item-format review.",peer_reviewed_research,"DRT critical exceedances: 7 items (10%) in mathematics exceeded the critical value of 1.96. DRT effect size range: (−12.61, 42.68). Positive DRT values were most prevalent in mathematics (89% of items with positive DRT).","Using PISA 2018 Mathematics data for the United States, the study leveraged home language (ML vs non-ML) to test differential response time functioning, finding that mathematics had a relatively high proportion of significant DRT items (10%) and that most positive DRT effects indicated ML students were slower than non-ML students at matched ability. This indicates that even where mathematics score differences may be explained by reading, response-time bias can still disadvantage multilingual learners, supporting time/resource accommodations and item-format review.",Non-Cognitive / Process Output,Process Data / Log Metrics,Student: Demographic
10.1111/emip.12640,"PISA 2018 Science (United States, 15-year-olds)",Differential item functioning (DIF) for scored responses (RMSD/MD),Home language (ML vs non-ML),"DIF prevalence: 11% of items (13/115) for ML; 13.25% of computer-scored items (11/83) and 6.25% of human-coded response items (2/32). DIF thresholding used RMSD = 0.12 for cognitive domains; MD indicated 49% of all items had negative MD for ML. Among DIF items, 9/13 (69%) had negative MD for ML. Additional analysis (Latent ability differences after releasing DIF constraints (WLE-based θ)): WLE latent ability comparison: non-ML > ML in science, t(2,588) = 7.18, p < .001, d = 0.39 (small effect). ANCOVA controlling for reading: science group difference remains significant, F(1, 2,578) = 18.53, p < .001.","Using PISA 2018 Science data for the United States, the study leveraged home language (ML vs non-ML) to evaluate differential item functioning for scored responses, finding that science had a moderate DIF proportion (11%) with DIF items more often showing negative MD for ML (69%), consistent with ML items being comparatively easier for ML students. This indicates that science assessment validity for multilingual learners may be affected by item-level linguistic/cultural features, supporting item-level diagnostics and potential language-sensitive revisions.",peer_reviewed_research,"DIF prevalence: 11% of items (13/115) for ML; 13.25% of computer-scored items (11/83) and 6.25% of human-coded response items (2/32). DIF thresholding used RMSD = 0.12 for cognitive domains; MD indicated 49% of all items had negative MD for ML. Among DIF items, 9/13 (69%) had negative MD for ML. Additional analysis (Latent ability differences after releasing DIF constraints (WLE-based θ)): WLE latent ability comparison: non-ML > ML in science, t(2,588) = 7.18, p < .001, d = 0.39 (small effect). ANCOVA controlling for reading: science group difference remains significant, F(1, 2,578) = 18.53, p < .001.","Using PISA 2018 Science data for the United States, the study leveraged home language (ML vs non-ML) to evaluate differential item functioning for scored responses, finding that science had a moderate DIF proportion (11%) with DIF items more often showing negative MD for ML (69%), consistent with ML items being comparatively easier for ML students. This indicates that science assessment validity for multilingual learners may be affected by item-level linguistic/cultural features, supporting item-level diagnostics and potential language-sensitive revisions.",Composite / Multi-Domain,Cognitive Achievement,Student: Demographic
10.1111/emip.12640,"PISA 2018 Science (United States, 15-year-olds)",Differential response time (DRT) functioning,Home language (ML vs non-ML),"DRT critical exceedances: 8 items (7%) in science exceeded the critical value of 1.96. DRT effect size range: (−6.82, 41.52). Positive DRT values were prevalent in science (85% of items with positive DRT).","Using PISA 2018 Science data for the United States, the study leveraged home language (ML vs non-ML) to test differential response time functioning, finding significant DRT effects for a subset of items (7% exceeding 1.96) with positive DRT effects indicating ML students generally spent more time than non-ML students at matched ability. This indicates that science assessment fairness for multilingual learners is also affected by processing-time demands, implying that assessment accommodations and language-sensitive item development may be necessary.",peer_reviewed_research,"DRT critical exceedances: 8 items (7%) in science exceeded the critical value of 1.96. DRT effect size range: (−6.82, 41.52). Positive DRT values were prevalent in science (85% of items with positive DRT).","Using PISA 2018 Science data for the United States, the study leveraged home language (ML vs non-ML) to test differential response time functioning, finding significant DRT effects for a subset of items (7% exceeding 1.96) with positive DRT effects indicating ML students generally spent more time than non-ML students at matched ability. This indicates that science assessment fairness for multilingual learners is also affected by processing-time demands, implying that assessment accommodations and language-sensitive item development may be necessary.",Non-Cognitive / Process Output,Process Data / Log Metrics,Student: Demographic
10.1080/00273171.2022.2157788,PISA 2018 Computer-based Reading (12 items; 79 countries),Attribute classification reliability (tetrachoric reliability),"Item response accuracy, Response time (RT), Number of actions (trace)","Average attribute reliabilities: MHO-RDINA = 0.437, JRT-DINA = 0.454, JCDM-RRT = 0.494. PPMC: JCDM-RRT PPMC_RA = 0.551; PPMC_RT = 0.551 (MHO-RDINA: 0.584/0.567; JRT-DINA: 0.569/0.567).","Using PISA 2018 Computer-based Reading the study leveraged item response accuracy together with response time (RT) and number of actions (mouse click/drag trace) to estimate a joint cognitive diagnosis model (JCDM-RRT) for attribute classification, finding that attribute classification reliability was higher for JCDM-RRT (0.494) than for models using no process data (MHO-RDINA: 0.437) or only RTs (JRT-DINA: 0.454). This indicates that incorporating readily available interaction traces and speed information can improve diagnostic measurement reliability beyond accuracy-only CDMs, though the paper does not document survey-weight handling or missing-data rules.",peer_reviewed_research,"Average attribute reliabilities: MHO-RDINA = 0.437, JRT-DINA = 0.454, JCDM-RRT = 0.494. PPMC: JCDM-RRT PPMC_RA = 0.551; PPMC_RT = 0.551 (MHO-RDINA: 0.584/0.567; JRT-DINA: 0.569/0.567).","Using PISA 2018 Computer-based Reading the study leveraged item response accuracy together with response time (RT) and number of actions (mouse click/drag trace) to estimate a joint cognitive diagnosis model (JCDM-RRT) for attribute classification, finding that attribute classification reliability was higher for JCDM-RRT (0.494) than for models using no process data (MHO-RDINA: 0.437) or only RTs (JRT-DINA: 0.454). This indicates that incorporating readily available interaction traces and speed information can improve diagnostic measurement reliability beyond accuracy-only CDMs, though the paper does not document survey-weight handling or missing-data rules.",Other / Unspecified,Other,Student: Attitudinal/Behavioral
10.1080/00273171.2022.2157788,PISA 2018 Computer-based Reading (12 items; 79 countries),"Person classification accuracy (pattern correct classification rate, PCCR)","Item response accuracy, Response time (RT), Number of actions (trace)",Empirical-data-based simulation: PCCR JCDM-RRT = 0.5193 vs JRT-DINA = 0.4977 vs MHO-RDINA = 0.4860. Attribute correct classification rate (ACCR) mean: JCDM-RRT = 0.8335 vs JRT-DINA = 0.8230 vs MHO-RDINA = 0.8179.,"Using PISA 2018 Computer-based Reading the study leveraged item response accuracy plus RT and mouse-action traces within a Bayesian joint CDM to classify examinees’ attribute profiles, finding higher pattern-level and attribute-level correct classification for JCDM-RRT (PCCR 0.5193; ACCR mean 0.8335) than for accuracy-only (MHO-RDINA) and RT-only (JRT-DINA) baselines. This indicates that process data integration can improve individual diagnostic classification accuracy in computer-based reading assessments, though the reported gains are based on simulation using empirical parameter estimates and the manuscript does not report complex-survey weighting or missing-data handling.",peer_reviewed_research,Empirical-data-based simulation: PCCR JCDM-RRT = 0.5193 vs JRT-DINA = 0.4977 vs MHO-RDINA = 0.4860. Attribute correct classification rate (ACCR) mean: JCDM-RRT = 0.8335 vs JRT-DINA = 0.8230 vs MHO-RDINA = 0.8179.,"Using PISA 2018 Computer-based Reading the study leveraged item response accuracy plus RT and mouse-action traces within a Bayesian joint CDM to classify examinees’ attribute profiles, finding higher pattern-level and attribute-level correct classification for JCDM-RRT (PCCR 0.5193; ACCR mean 0.8335) than for accuracy-only (MHO-RDINA) and RT-only (JRT-DINA) baselines. This indicates that process data integration can improve individual diagnostic classification accuracy in computer-based reading assessments, though the reported gains are based on simulation using empirical parameter estimates and the manuscript does not report complex-survey weighting or missing-data handling.",Other / Unspecified,Other,Student: Attitudinal/Behavioral
10.1080/00273171.2022.2157788,PISA 2018 Computer-based Reading (12 items; 79 countries),Item parameter recovery (RMSE/BIAS) and model-fit,"Response time (RT), Number of actions (trace), Item response accuracy","Posterior predictive model checking: JCDM-RRT closer to 0.5 than other models (PPMC_RA 0.551; PPMC_RT 0.551). Simulation (empirical-data-based): item-parameter recovery best for JCDM-RRT in terms of RMSE and BIAS (Table 8 shows lower RMSE/BIAS across b, d, c, k, f, re, w compared with baselines).","Using PISA 2018 Computer-based Reading the study leveraged RT and mouse-action traces alongside item responses to improve a joint cognitive diagnosis model’s parameter estimation, finding better posterior predictive fit and superior item-parameter recovery (lower RMSE/BIAS) for JCDM-RRT than for MHO-RDINA and JRT-DINA. This indicates that process data can strengthen both measurement model calibration and diagnostic inference, supporting the use of interaction logs for more accurate CDM item/person estimation, while also increasing estimation time (reported as ~6.5 hours for JCDM-RRT vs 1.91 and 3.58 hours for the baselines).",peer_reviewed_research,"Posterior predictive model checking: JCDM-RRT closer to 0.5 than other models (PPMC_RA 0.551; PPMC_RT 0.551). Simulation (empirical-data-based): item-parameter recovery best for JCDM-RRT in terms of RMSE and BIAS (Table 8 shows lower RMSE/BIAS across b, d, c, k, f, re, w compared with baselines).","Using PISA 2018 Computer-based Reading the study leveraged RT and mouse-action traces alongside item responses to improve a joint cognitive diagnosis model’s parameter estimation, finding better posterior predictive fit and superior item-parameter recovery (lower RMSE/BIAS) for JCDM-RRT than for MHO-RDINA and JRT-DINA. This indicates that process data can strengthen both measurement model calibration and diagnostic inference, supporting the use of interaction logs for more accurate CDM item/person estimation, while also increasing estimation time (reported as ~6.5 hours for JCDM-RRT vs 1.91 and 3.58 hours for the baselines).",Other / Unspecified,Other,Student: Attitudinal/Behavioral
10.1186/s42409-022-00039-w,PISA 2012,Literature synthesis outcome (not student-level prediction),,Not reported,"Using PISA 2012 the study leveraged the reported predictors to predict Literature synthesis outcome (not student-level prediction), finding that This article is a methodological contribution that argues for a design-based perspective in official reporting of international large-scale assessment (LSA) results, while clarifying how model-based components (IRT measurement models and latent background models) are used to generate plausible values. It discusses five analytical choices that can change the meaning of proficiency estimates: (1) the functional form of item response functions (e.g., 1PL vs 2PL vs 3PL/4PL), (2) handling local dependence and multidimensionality (e.g., testlets), (3) whether and how test-taking behavior (omission, speed, response times) is modeled, (4) treatment of country differential item functioning (DIF) and partial invariance for cross-country comparisons, and (5) approaches to trend estimation (original vs marginal trends; linking errors). The paper emphasizes that model misspecification can affect reliability and uncertainty, and that resampling-based standard error estimation can support design-based inference even under misspecified likelihoods. It also highlights fairness/validity concerns when scoring rules depend on test-taking behavior or when DIF handling effectively changes the set of items contributing to comparisons. This indicates that these patterns have implications for educational policy and instructional practice, though cross-sectional ILSA designs cannot establish causality.",methodology_paper,Not reported,"Using PISA 2012 the study leveraged the reported predictors to predict Literature synthesis outcome (not student-level prediction), finding that This article is a methodological contribution that argues for a design-based perspective in official reporting of international large-scale assessment (LSA) results, while clarifying how model-based components (IRT measurement models and latent background models) are used to generate plausible values. It discusses five analytical choices that can change the meaning of proficiency estimates: (1) the functional form of item response functions (e.g., 1PL vs 2PL vs 3PL/4PL), (2) handling local dependence and multidimensionality (e.g., testlets), (3) whether and how test-taking behavior (omission, speed, response times) is modeled, (4) treatment of country differential item functioning (DIF) and partial invariance for cross-country comparisons, and (5) approaches to trend estimation (original vs marginal trends; linking errors). The paper emphasizes that model misspecification can affect reliability and uncertainty, and that resampling-based standard error estimation can support design-based inference even under misspecified likelihoods. It also highlights fairness/validity concerns when scoring rules depend on test-taking behavior or when DIF handling effectively changes the set of items contributing to comparisons. This indicates that these patterns have implications for educational policy and instructional practice, though cross-sectional ILSA designs cannot establish causality.",Other / Unspecified,Other,
10.17583/ijep.8924,"PISA 2018 Reading literacy (10 plausible values), U.S. and South Korea (15-year-olds)",Reading literacy (Plausible Values),"Index of ESCS, Grade repetition, Metacognition: understanding, Interest in ICT, Text length in test lessons",Random Forest variable selection (MSE and purity); multilevel modeling reports fixed-effect coefficients and standard errors (no predictive accuracy metrics reported).,"Using PISA 2018 Reading literacy data (10 plausible values) for U.S. and South Korean 15-year-olds, the study leveraged socioeconomic status (ESCS), grade repetition, metacognitive strategies, ICT interest, and classroom text-length exposure to predict reading literacy, finding that ESCS and multiple metacognitive/self-concept variables were positively associated with reading literacy in both countries while the effect of long-text use differed by country (positive in the U.S., negative in Korea). This indicates that reading-literacy improvement strategies should combine support for students’ metacognitive reading processes with careful attention to how long-text instruction is implemented across education systems, rather than assuming uniform benefits.",peer_reviewed_research,Random Forest variable selection (MSE and purity); multilevel modeling reports fixed-effect coefficients and standard errors (no predictive accuracy metrics reported).,"Using PISA 2018 Reading literacy data (10 plausible values) for U.S. and South Korean 15-year-olds, the study leveraged socioeconomic status (ESCS), grade repetition, metacognitive strategies, ICT interest, and classroom text-length exposure to predict reading literacy, finding that ESCS and multiple metacognitive/self-concept variables were positively associated with reading literacy in both countries while the effect of long-text use differed by country (positive in the U.S., negative in Korea). This indicates that reading-literacy improvement strategies should combine support for students’ metacognitive reading processes with careful attention to how long-text instruction is implemented across education systems, rather than assuming uniform benefits.",Reading,Cognitive Achievement,Student: SES; Student: Demographic; Student: Attitudinal/Behavioral
10.17583/ijep.8924,"PISA 2018 Life satisfaction scale (0–10), U.S. and South Korea (15-year-olds)",Life satisfaction (0–10 scale),"Student gender, Index of ESCS, General fear of failure, Parents' emotional support, Perception of cooperation at school",Random Forest variable selection (MSE and purity); multilevel modeling reports fixed-effect coefficients and standard errors (no predictive accuracy metrics reported).,"Using PISA 2018 life satisfaction data (0–10) for U.S. and South Korean 15-year-olds, the study leveraged gender, ESCS, general fear of failure, parents’ emotional support, and school cooperation perceptions to predict life satisfaction, finding that fear of failure was negatively associated with life satisfaction in both countries while emotional/psychological feelings (e.g., afraid/scared) showed stronger negative associations for Korean students and school belonging/cooperation patterns differed by country. This indicates that well-being interventions should be culturally and contextually tailored—addressing students’ fear-of-failure and emotional experiences while also strengthening family emotional support and the specific school climate mechanisms that relate to life satisfaction in each country.",peer_reviewed_research,Random Forest variable selection (MSE and purity); multilevel modeling reports fixed-effect coefficients and standard errors (no predictive accuracy metrics reported).,"Using PISA 2018 life satisfaction data (0–10) for U.S. and South Korean 15-year-olds, the study leveraged gender, ESCS, general fear of failure, parents’ emotional support, and school cooperation perceptions to predict life satisfaction, finding that fear of failure was negatively associated with life satisfaction in both countries while emotional/psychological feelings (e.g., afraid/scared) showed stronger negative associations for Korean students and school belonging/cooperation patterns differed by country. This indicates that well-being interventions should be culturally and contextually tailored—addressing students’ fear-of-failure and emotional experiences while also strengthening family emotional support and the specific school climate mechanisms that relate to life satisfaction in each country.",Other / Unspecified,Other,Student: Demographic; Student: SES; Student: Attitudinal/Behavioral; School/Teacher: Context
10.1177/00131644241298975,"PIAAC 2012 Numeracy (United States, open-ended items; gender DIF via MH)",Gender DIF item label (DIF vs DIF-free),"betweenness_centrality, FIRST_TIMING, RT, density, item_response_scores","Random Forest: Accuracy=0.761, AUC=0.860, Precision=0.621, Recall=0.651, F1=0.636. Ridge logistic regression: Accuracy=0.731, AUC=0.849, Precision=0.554, Recall=0.817, F1=0.660. RF–LR differences: Accuracy +0.030, AUC +0.011, Precision +0.067, Recall −0.166, F1 −0.024.","Using PIAAC 2012 Numeracy (United States, open-ended items) the study leveraged betweenness centrality, initial action timing (FIRST_TIMING), item response time (RT), action-sequence density, and item response scores to predict the gender DIF item label (DIF vs DIF-free), finding that timing features combined with action-sequence features were most informative and that RF and ridge logistic regression achieved comparable overall discrimination (AUC≈0.85–0.86). This indicates that response-process evidence can improve DIF item interpretability beyond DIF statistics alone, supporting test designers in identifying subgroup-specific response strategies (e.g., efficiency/exploration) that may underlie measurement inequities, though the study reports correlational associations rather than causal explanations.",peer_reviewed_research,"Random Forest: Accuracy=0.761, AUC=0.860, Precision=0.621, Recall=0.651, F1=0.636. Ridge logistic regression: Accuracy=0.731, AUC=0.849, Precision=0.554, Recall=0.817, F1=0.660. RF–LR differences: Accuracy +0.030, AUC +0.011, Precision +0.067, Recall −0.166, F1 −0.024.","Using PIAAC 2012 Numeracy (United States, open-ended items) the study leveraged betweenness centrality, initial action timing (FIRST_TIMING), item response time (RT), action-sequence density, and item response scores to predict the gender DIF item label (DIF vs DIF-free), finding that timing features combined with action-sequence features were most informative and that RF and ridge logistic regression achieved comparable overall discrimination (AUC≈0.85–0.86). This indicates that response-process evidence can improve DIF item interpretability beyond DIF statistics alone, supporting test designers in identifying subgroup-specific response strategies (e.g., efficiency/exploration) that may underlie measurement inequities, though the study reports correlational associations rather than causal explanations.",Other / Unspecified,Other,Student: Attitudinal/Behavioral; Student: Prior Achievement
10.1007/s10639-023-12389-x,PSLC DataShop Lab study 2012 (cleanedLogs) — fraction tutoring (KC latent skill model),Next-step item response correctness (binary),"Problem-solving action sequence, Time durations in actions, Learner identity embedding, Item identity embedding, Latent skill model (KC)","Full model vs DKT and variants (Table 1). Training ratio 0.7: ACC 0.7225, AUC 0.7400, MAE 0.3580, RMSE 0.4254. Training ratio 0.5: ACC 0.7160, AUC 0.7323, MAE 0.3578, RMSE 0.4300. Training ratio 0.3: ACC 0.7126, AUC 0.7259, MAE 0.3616, RMSE 0.4330. Attention variant slightly outperforms LSTM variant; model without process-data learning is consistently worse than full model.","Using PSLC DataShop Lab study 2012 (cleanedLogs) fraction tutoring the study leveraged problem-solving action sequences, action time durations, learner/item embeddings, and the KC latent skill model to predict next-step item response correctness, finding that the full deep learning model achieved higher ACC/AUC and lower MAE/RMSE than DKT and a variant without process-data learning (e.g., at training ratio 0.7: ACC 0.7225 vs 0.7037 for DKT; AUC 0.7400 vs 0.7157). This indicates that these patterns have implications for educational policy and instructional practice, though cross-sectional ILSA designs cannot establish causality.",peer_reviewed_research,"Full model vs DKT and variants (Table 1). Training ratio 0.7: ACC 0.7225, AUC 0.7400, MAE 0.3580, RMSE 0.4254. Training ratio 0.5: ACC 0.7160, AUC 0.7323, MAE 0.3578, RMSE 0.4300. Training ratio 0.3: ACC 0.7126, AUC 0.7259, MAE 0.3616, RMSE 0.4330. Attention variant slightly outperforms LSTM variant; model without process-data learning is consistently worse than full model.","Using PSLC DataShop Lab study 2012 (cleanedLogs) fraction tutoring the study leveraged problem-solving action sequences, action time durations, learner/item embeddings, and the KC latent skill model to predict next-step item response correctness, finding that the full deep learning model achieved higher ACC/AUC and lower MAE/RMSE than DKT and a variant without process-data learning (e.g., at training ratio 0.7: ACC 0.7225 vs 0.7037 for DKT; AUC 0.7400 vs 0.7157). This indicates that these patterns have implications for educational policy and instructional practice, though cross-sectional ILSA designs cannot establish causality.",Other / Unspecified,Other,Student: Attitudinal/Behavioral
10.1177/00131644221117193,"Large-scale licensure test (two forms), operational items (170), cheating detection dataset (Cizek & Wollack 2017)",Cheating detection (cheater vs non-cheater classification),"Item response scores, Other effective features (OEF), Resampling method, Non-cheater:cheater ratio, Item response time","Best stacking meta-model: Discriminant Analysis as meta-model on top two base models (Gradient Boosting and Random Forest) using item responses + augmented summary statistics with under-sampling ratio 10:1; Recall=0.638, Precision=0.551, F1=0.586, FP rate=0.014. Level-1 base model comparison (dual resampling 10:1, item responses + summary statistics): Gradient Boosting highest F1=0.573; Random Forest highest Precision=0.838; Naive Bayes highest Recall=0.525.","Using the large-scale licensure test dataset with cheating flags, the study leveraged item response scores, augmented summary statistics (OEF), and response-time information together with class rebalancing via under-sampling to predict cheating status. It found that stacking with a Discriminant Analysis meta-model (trained on the top two base models, Gradient Boosting and Random Forest) generally performed best when item responses and augmented summary statistics were used with an under-sampling ratio of 10:1, achieving Recall=0.638, Precision=0.551, F1=0.586, and FP rate=0.014. This indicates that combining product-level item information with test-level aggregated timing/attempt summaries—while explicitly addressing extreme class imbalance—can improve the practical trade-off between detecting cheaters and limiting false flags in high-stakes assessment security, though the results are based on resampled training and cross-validation rather than causal identification.",peer_reviewed_research,"Best stacking meta-model: Discriminant Analysis as meta-model on top two base models (Gradient Boosting and Random Forest) using item responses + augmented summary statistics with under-sampling ratio 10:1; Recall=0.638, Precision=0.551, F1=0.586, FP rate=0.014. Level-1 base model comparison (dual resampling 10:1, item responses + summary statistics): Gradient Boosting highest F1=0.573; Random Forest highest Precision=0.838; Naive Bayes highest Recall=0.525.","Using the large-scale licensure test dataset with cheating flags, the study leveraged item response scores, augmented summary statistics (OEF), and response-time information together with class rebalancing via under-sampling to predict cheating status. It found that stacking with a Discriminant Analysis meta-model (trained on the top two base models, Gradient Boosting and Random Forest) generally performed best when item responses and augmented summary statistics were used with an under-sampling ratio of 10:1, achieving Recall=0.638, Precision=0.551, F1=0.586, and FP rate=0.014. This indicates that combining product-level item information with test-level aggregated timing/attempt summaries—while explicitly addressing extreme class imbalance—can improve the practical trade-off between detecting cheaters and limiting false flags in high-stakes assessment security, though the results are based on resampled training and cross-validation rather than causal identification.",Other / Unspecified,Other,Student: Prior Achievement; Student: Attitudinal/Behavioral
