csv_no,json_file,json_source,field,status,score,csv_value,json_value
1,1. Lee & Lee. (2025). An Extended Dataset of Educational Quality Across.json,json,year,agree,1.0,2025,2025
1,1. Lee & Lee. (2025). An Extended Dataset of Educational Quality Across.json,json,title,agree,1.0,An Extended Dataset of Educational Quality Across Countries (1970–2023),An Extended Dataset of Educational Quality Across Countries (1970–2023)
1,1. Lee & Lee. (2025). An Extended Dataset of Educational Quality Across.json,json,authors,agree,1.0,lee,lee
1,1. Lee & Lee. (2025). An Extended Dataset of Educational Quality Across.json,json,ilsa_assessment,agree,1.0,"iea,pisa,timss","iea,pisa,timss"
1,1. Lee & Lee. (2025). An Extended Dataset of Educational Quality Across.json,json,ml_methods,agree,0.85,"lasso,neural network",lasso
1,1. Lee & Lee. (2025). An Extended Dataset of Educational Quality Across.json,json,software,missing,,NA,r
1,1. Lee & Lee. (2025). An Extended Dataset of Educational Quality Across.json,json,countries,partial,0.5,101 countries,usa
1,1. Lee & Lee. (2025). An Extended Dataset of Educational Quality Across.json,json,dependent_outcome,partial,0.28,Educational test scores (harmonized achievement) — Tscore values predicted by interpolation and LASSO models. Explicitly stating this would improve clarity.,Literature synthesis outcome (not student-level prediction)
1,1. Lee & Lee. (2025). An Extended Dataset of Educational Quality Across.json,json,journal_venue,agree,1.0,Data,Data
2,2. Zhu et al. (2025). Predictive insights into U.S. students’ mathematics.json,json,year,agree,1.0,2025,2025
2,2. Zhu et al. (2025). Predictive insights into U.S. students’ mathematics.json,json,title,agree,0.996,Predictive insights into U.S. students’ mathematics performance on PISA 2022 using ensemble tree-based machine learning model,Predictive insights into U.S. students’ mathematics performance on PISA 2022 using ensemble tree-based machine learning models
2,2. Zhu et al. (2025). Predictive insights into U.S. students’ mathematics.json,json,authors,partial,0.6,"fang,hongc,you,zhu","fang,hong,you,zhu"
2,2. Zhu et al. (2025). Predictive insights into U.S. students’ mathematics.json,json,ilsa_assessment,agree,1.0,pisa,pisa
2,2. Zhu et al. (2025). Predictive insights into U.S. students’ mathematics.json,json,ml_methods,agree,0.85,"gradient boosting,lightgbm,neural network,random forest,xgboost","gradient boosting,lightgbm,random forest,xgboost"
2,2. Zhu et al. (2025). Predictive insights into U.S. students’ mathematics.json,json,software,disagree,0.25,"R (randomForest, xgboost, and lightgbm)",r
2,2. Zhu et al. (2025). Predictive insights into U.S. students’ mathematics.json,json,countries,agree,1.0,US,usa
2,2. Zhu et al. (2025). Predictive insights into U.S. students’ mathematics.json,json,dependent_outcome,partial,0.355,Mathematics performance (10 plausible values PV1MATH–PV10MATH averaged as outcome),Mathematics achievement (PVs)
2,2. Zhu et al. (2025). Predictive insights into U.S. students’ mathematics.json,json,journal_venue,agree,1.0,International Journal of Educational Research,International Journal of Educational Research
3,3. Zhou et al. (2024). Investigating response behavior through TF-IDF and.json,json,year,agree,1.0,2024,2024
3,3. Zhou et al. (2024). Investigating response behavior through TF-IDF and.json,json,title,agree,1.0,Investigating response behavior through TF-IDF and Word2vec text analysis: A case study of PISA 2012 problem-solving process data,Investigating response behavior through TF-IDF and Word2vec text analysis: A case study of PISA 2012 problem-solving process data
3,3. Zhou et al. (2024). Investigating response behavior through TF-IDF and.json,json,authors,agree,1.0,"geng,han,yang,ye,zhang,zhou","geng,han,yang,ye,zhang,zhou"
3,3. Zhou et al. (2024). Investigating response behavior through TF-IDF and.json,json,ilsa_assessment,agree,1.0,pisa,pisa
3,3. Zhou et al. (2024). Investigating response behavior through TF-IDF and.json,json,ml_methods,agree,1.0,"clustering,k nn,knn,logistic regression,neural network,random forest,svm","clustering,k nn,knn,logistic regression,neural network,random forest,svm"
3,3. Zhou et al. (2024). Investigating response behavior through TF-IDF and.json,json,software,disagree,0.125,All methods were implemented in Python’s Sklearn library.,"r,scikit"
3,3. Zhou et al. (2024). Investigating response behavior through TF-IDF and.json,json,countries,missing,,None,
3,3. Zhou et al. (2024). Investigating response behavior through TF-IDF and.json,json,dependent_outcome,partial,0.274,The binary correctness of the PISA 2012 problem-solving item (‘correct’ or ‘incorrect’ response).,Correct response (binary 0/1)
3,3. Zhou et al. (2024). Investigating response behavior through TF-IDF and.json,json,journal_venue,agree,1.0,Heliyon,Heliyon
4,4. Zheng et al. (2023). Identifying key features of resilient students in.json,json,year,agree,1.0,2023,2023
4,4. Zheng et al. (2023). Identifying key features of resilient students in.json,json,title,agree,1.0,Identifying key features of resilient students in digital reading: Insights from a machine learning approach,Identifying key features of resilient students in digital reading: Insights from a machine learning approach
4,4. Zheng et al. (2023). Identifying key features of resilient students in.json,json,authors,agree,1.0,"cheung,sit,zheng","cheung,sit,zheng"
4,4. Zheng et al. (2023). Identifying key features of resilient students in.json,json,ilsa_assessment,agree,1.0,pisa,pisa
4,4. Zheng et al. (2023). Identifying key features of resilient students in.json,json,ml_methods,agree,0.85,"random forest,svm","k nn,knn,neural network,random forest,svm"
4,4. Zheng et al. (2023). Identifying key features of resilient students in.json,json,software,disagree,0.125,Python 3.9.13 program was utilized to implement all data analysis procedures.,r
4,4. Zheng et al. (2023). Identifying key features of resilient students in.json,json,countries,agree,0.8,"Asia (Beijing-Shanghai-Jiangsu-Zhejiang (B-S-J-Z), Hong Kong, Macao, Taiwan, Japan, Korea, and Singapore)","chn,hkg,jpn,kor,mac,sgp,twn"
4,4. Zheng et al. (2023). Identifying key features of resilient students in.json,json,dependent_outcome,agree,0.477,ARS (academically resilient students) vs NRS (non-academically resilient students),Academic resilience classification (ARS vs NRS; binary)
4,4. Zheng et al. (2023). Identifying key features of resilient students in.json,json,journal_venue,agree,1.0,Education and Information Technologies,Education and Information Technologies
5,5. Song & Cutumisu. (2024). Using machine learning to predict student science.json,json,year,agree,1.0,2024,2024
5,5. Song & Cutumisu. (2024). Using machine learning to predict student science.json,json,title,agree,1.0,Using machine learning to predict student science achievement based on science curriculum type in TIMSS 2019,Using machine learning to predict student science achievement based on science curriculum type in TIMSS 2019
5,5. Song & Cutumisu. (2024). Using machine learning to predict student science.json,json,authors,agree,1.0,"cutumisu,song","cutumisu,song"
5,5. Song & Cutumisu. (2024). Using machine learning to predict student science.json,json,ilsa_assessment,agree,1.0,timss,"iea,timss"
5,5. Song & Cutumisu. (2024). Using machine learning to predict student science.json,json,ml_methods,agree,1.0,"decision tree,k nn,knn,lasso,logistic regression,neural network,random forest","decision tree,k nn,knn,lasso,logistic regression,neural network,random forest"
5,5. Song & Cutumisu. (2024). Using machine learning to predict student science.json,json,software,partial,0.4,IEA IDB Analyzer and SPSS,"r,spss"
5,5. Song & Cutumisu. (2024). Using machine learning to predict student science.json,json,countries,missing,,44 countries,
5,5. Song & Cutumisu. (2024). Using machine learning to predict student science.json,json,dependent_outcome,agree,0.482,"Science achievement, measured using five plausible values (BSSSCI01–BSSSCI05).",Science achievement (Plausible Values BSSSCI01–BSSSCI05) Curriculum effect on science achievement (Average Treatment Effect via propensity score matching)
5,5. Song & Cutumisu. (2024). Using machine learning to predict student science.json,json,journal_venue,agree,1.0,International Journal of Science Education,International Journal of Science Education
6,6. Elouafi et al. (2025). Uncovering Key Factors of Student Performance in Math.json,json,year,agree,1.0,2025,2025
6,6. Elouafi et al. (2025). Uncovering Key Factors of Student Performance in Math.json,json,title,agree,1.0,Uncovering Key Factors of Student Performance in Math: An Explainable Deep Learning Approach Using TIMSS 2019 Data,Uncovering Key Factors of Student Performance in Math: An Explainable Deep Learning Approach Using TIMSS 2019 Data
6,6. Elouafi et al. (2025). Uncovering Key Factors of Student Performance in Math.json,json,authors,disagree,0.143,"eddarouich,elouafi,tammouch,touahni","a e,elouafi,i t,r t"
6,6. Elouafi et al. (2025). Uncovering Key Factors of Student Performance in Math.json,json,ilsa_assessment,agree,1.0,timss,timss
6,6. Elouafi et al. (2025). Uncovering Key Factors of Student Performance in Math.json,json,ml_methods,agree,1.0,"decision tree,neural network,random forest,shap,svm,xgboost","decision tree,neural network,random forest,shap,svm,xgboost"
6,6. Elouafi et al. (2025). Uncovering Key Factors of Student Performance in Math.json,json,software,disagree,0.0,Python,r
6,6. Elouafi et al. (2025). Uncovering Key Factors of Student Performance in Math.json,json,countries,agree,1.0,Morocco,mar
6,6. Elouafi et al. (2025). Uncovering Key Factors of Student Performance in Math.json,json,dependent_outcome,agree,0.508,Mathematics achievement (binary high vs low performance from TIMSS plausible values),Mathematics performance (binary from PV tiers)
6,6. Elouafi et al. (2025). Uncovering Key Factors of Student Performance in Math.json,json,journal_venue,agree,1.0,Information,Information
7,7. Alas & Tezer. (2024). Artificial Neural Network and Adaptive Neuro Fuzzy.json,json,year,agree,1.0,2024,2024
7,7. Alas & Tezer. (2024). Artificial Neural Network and Adaptive Neuro Fuzzy.json,json,title,agree,0.997,Artificial Neural Network and Adaptive Neuro Fuzzy Inference System Hybridized Models in the Sustainable Integration of Language and Mathematics Skills: The Cas,Artificial Neural Network and Adaptive Neuro Fuzzy Inference System Hybridized Models in the Sustainable Integration of Language and Mathematics Skills: The Cas
7,7. Alas & Tezer. (2024). Artificial Neural Network and Adaptive Neuro Fuzzy.json,json,authors,agree,1.0,"alas,tezer","alas,tezer"
7,7. Alas & Tezer. (2024). Artificial Neural Network and Adaptive Neuro Fuzzy.json,json,ilsa_assessment,agree,1.0,pisa,pisa
7,7. Alas & Tezer. (2024). Artificial Neural Network and Adaptive Neuro Fuzzy.json,json,ml_methods,agree,0.85,"anfis,neural network","anfis,neural network,random forest"
7,7. Alas & Tezer. (2024). Artificial Neural Network and Adaptive Neuro Fuzzy.json,json,software,disagree,0.333,MATLAB 2019a version ANFIS toolbox,"matlab,r"
7,7. Alas & Tezer. (2024). Artificial Neural Network and Adaptive Neuro Fuzzy.json,json,countries,agree,1.0,Singapore and Hong Kong,"hkg,sgp"
7,7. Alas & Tezer. (2024). Artificial Neural Network and Adaptive Neuro Fuzzy.json,json,dependent_outcome,partial,0.253,PISA mathematics scores (achievement level).,Language skills (PISA-based output used in ANN Model 1) Language skills (PISA-based output used in ANFIS Model 2)
7,7. Alas & Tezer. (2024). Artificial Neural Network and Adaptive Neuro Fuzzy.json,json,journal_venue,agree,1.0,Sustainability,Sustainability
8,8. Ac?sl?-Celik & Yesilkanat. (2023). Predicting science achievement scores with machine.json,json,year,agree,1.0,2023,2023
8,8. Ac?sl?-Celik & Yesilkanat. (2023). Predicting science achievement scores with machine.json,json,title,agree,1.0,Predicting science achievement scores with machine learning algorithms: a case study of OECD PISA 2015–2018 data,Predicting science achievement scores with machine learning algorithms: a case study of OECD PISA 2015–2018 data
8,8. Ac?sl?-Celik & Yesilkanat. (2023). Predicting science achievement scores with machine.json,json,authors,agree,1.0,"ac sl celik,yesilkanat","ac sl celik,yesilkanat"
8,8. Ac?sl?-Celik & Yesilkanat. (2023). Predicting science achievement scores with machine.json,json,ilsa_assessment,agree,1.0,pisa,pisa
8,8. Ac?sl?-Celik & Yesilkanat. (2023). Predicting science achievement scores with machine.json,json,ml_methods,agree,0.85,"gradient boosting,random forest,svm,xgboost","random forest,svm,xgboost"
8,8. Ac?sl?-Celik & Yesilkanat. (2023). Predicting science achievement scores with machine.json,json,software,disagree,0.091,"R (kernlab, randomForest, xgboost, caret, cross-validation, scatter plot generation, and data visualization)",r
8,8. Ac?sl?-Celik & Yesilkanat. (2023). Predicting science achievement scores with machine.json,json,countries,partial,0.357,"13 randomly selected countries (Brazil, Chinese Taipei, Dominican Republic, Estonia, Finland, Hungary, Italy, Japan,
Lit","bra,dom,est,fin,hun,ita,jpn,ltu,lux,per,sgp,tur,twn"
8,8. Ac?sl?-Celik & Yesilkanat. (2023). Predicting science achievement scores with machine.json,json,dependent_outcome,agree,0.486,PISA science achievement scores (PV2SCIE) for 2015,Science achievement (PISA 2018 PV2SCIE) Country average science achievement (PISA 2018 PV2SCIE mean)
8,8. Ac?sl?-Celik & Yesilkanat. (2023). Predicting science achievement scores with machine.json,json,journal_venue,agree,1.0,Neural Computing and Applications,Neural Computing and Applications
9,9. Alkan et al. (2025). Educational improvement through machine learning.json,json,year,agree,1.0,2025,2025
9,9. Alkan et al. (2025). Educational improvement through machine learning.json,json,title,agree,1.0,Educational improvement through machine learning: Strategic models for better PISA scores,Educational improvement through machine learning: Strategic models for better PISA scores
9,9. Alkan et al. (2025). Educational improvement through machine learning.json,json,authors,disagree,0.0,"alkan,karaku,kuzucuk,odabasi",
9,9. Alkan et al. (2025). Educational improvement through machine learning.json,json,ilsa_assessment,agree,1.0,pisa,pisa
9,9. Alkan et al. (2025). Educational improvement through machine learning.json,json,ml_methods,agree,1.0,random forest,random forest
9,9. Alkan et al. (2025). Educational improvement through machine learning.json,json,software,disagree,0.143,R (version 4.3) with Boruta package for Random Forest implementation,r
9,9. Alkan et al. (2025). Educational improvement through machine learning.json,json,countries,disagree,0.0,37 OECD countries,"aut,bel,can,che,chl,col,cri,cze,deu,dnk,esp,est,fin,fra,gbr"
9,9. Alkan et al. (2025). Educational improvement through machine learning.json,json,dependent_outcome,disagree,0.156,PISA Science Achievement Score (PV2SCIE) and domain scores in reading and maths,Reading success classification (high vs low vs OECD average) Mathematics success classification (high vs low vs OECD average) Science success classification (hi
9,9. Alkan et al. (2025). Educational improvement through machine learning.json,json,journal_venue,agree,1.0,PLoS One,PLOS One
10,10. Aydo?an & Tat. (2025). Investigating the Performance of Artificial Neural.json,json,year,agree,1.0,2025,2025
10,10. Aydo?an & Tat. (2025). Investigating the Performance of Artificial Neural.json,json,title,agree,1.0,Investigating the Performance of Artificial Neural Networks in Predicting Affective Responses,Investigating the Performance of Artificial Neural Networks in Predicting Affective Responses
10,10. Aydo?an & Tat. (2025). Investigating the Performance of Artificial Neural.json,json,authors,disagree,0.333,"aydo an,tat","aydogan,tat"
10,10. Aydo?an & Tat. (2025). Investigating the Performance of Artificial Neural.json,json,ilsa_assessment,agree,1.0,pisa,pisa
10,10. Aydo?an & Tat. (2025). Investigating the Performance of Artificial Neural.json,json,ml_methods,agree,0.85,"neural network,random forest",neural network
10,10. Aydo?an & Tat. (2025). Investigating the Performance of Artificial Neural.json,json,software,disagree,0.333,"R, Mplus, and SPSS",r
10,10. Aydo?an & Tat. (2025). Investigating the Performance of Artificial Neural.json,json,countries,disagree,0.0,Lebanon,lbn
10,10. Aydo?an & Tat. (2025). Investigating the Performance of Artificial Neural.json,json,dependent_outcome,partial,0.419,Predicted responses to affective items (Item3 and Item7 of the Intercultural Communicative Awareness scale),Item3 response (Awacom) Item7 response (Awacom)
10,10. Aydo?an & Tat. (2025). Investigating the Performance of Artificial Neural.json,json,journal_venue,agree,1.0,Journal of Measurement and Evaluation in Education and Psychology,Journal of Measurement and Evaluation in Education and Psychology
11,11. Demir & Karabo?a. (2021). Modeling mathematics achievement with deep learning.json,json,year,agree,1.0,2021,2021
11,11. Demir & Karabo?a. (2021). Modeling mathematics achievement with deep learning.json,json,title,agree,1.0,Modeling mathematics achievement with deep learning methods,Modeling mathematics achievement with deep learning methods
11,11. Demir & Karabo?a. (2021). Modeling mathematics achievement with deep learning.json,json,authors,disagree,0.333,"demir,karabo a","demir,karaboga"
11,11. Demir & Karabo?a. (2021). Modeling mathematics achievement with deep learning.json,json,ilsa_assessment,agree,1.0,pisa,pisa
11,11. Demir & Karabo?a. (2021). Modeling mathematics achievement with deep learning.json,json,ml_methods,agree,1.0,"logistic regression,neural network,random forest","logistic regression,neural network,random forest"
11,11. Demir & Karabo?a. (2021). Modeling mathematics achievement with deep learning.json,json,software,missing,,NA,r
11,11. Demir & Karabo?a. (2021). Modeling mathematics achievement with deep learning.json,json,countries,agree,1.0,Türkiye,tur
11,11. Demir & Karabo?a. (2021). Modeling mathematics achievement with deep learning.json,json,dependent_outcome,agree,0.914,Mathematical achievement (PV1MATH),Mathematical achievement class (PV1MATH)
11,11. Demir & Karabo?a. (2021). Modeling mathematics achievement with deep learning.json,json,journal_venue,agree,1.0,Sigma Journal of Engineering and Natural Sciences,Sigma Journal of Engineering and Natural Sciences
12,12. Gómez-Talal et al. (2025). Interpretable Machine Learning Models for PISA Results.json,json,year,agree,1.0,2025,2025
12,12. Gómez-Talal et al. (2025). Interpretable Machine Learning Models for PISA Results.json,json,title,agree,1.0,Interpretable Machine Learning Models for PISA Results in Mathematics,Interpretable Machine Learning Models for PISA Results in Mathematics
12,12. Gómez-Talal et al. (2025). Interpretable Machine Learning Models for PISA Results.json,json,authors,agree,1.0,"bote curiel,gomez talal,rojo alvarez","bote curiel,gomez talal,rojo alvarez"
12,12. Gómez-Talal et al. (2025). Interpretable Machine Learning Models for PISA Results.json,json,ilsa_assessment,agree,1.0,pisa,pisa
12,12. Gómez-Talal et al. (2025). Interpretable Machine Learning Models for PISA Results.json,json,ml_methods,agree,1.0,"decision tree,gradient boosting,lightgbm,logistic regression,neural network,random forest,shap,svm,xgboost","decision tree,gradient boosting,lightgbm,logistic regression,neural network,random forest,shap,svm,xgboost"
12,12. Gómez-Talal et al. (2025). Interpretable Machine Learning Models for PISA Results.json,json,software,disagree,0.0,"Dash, Plotly, Python, UMAP, SHAP",r
12,12. Gómez-Talal et al. (2025). Interpretable Machine Learning Models for PISA Results.json,json,countries,agree,1.0,Spain,esp
12,12. Gómez-Talal et al. (2025). Interpretable Machine Learning Models for PISA Results.json,json,dependent_outcome,agree,0.463,Mathematical achievement (score proficiency levels Low/Medium/High),Mathematics proficiency (Low vs High) Mathematics proficiency (Medium vs High) Mathematics proficiency (Low vs Medium)
12,12. Gómez-Talal et al. (2025). Interpretable Machine Learning Models for PISA Results.json,json,journal_venue,agree,1.0,IEEE Access,IEEE Access
13,13. Bu & Chen. (2023). What key contextual factors contribute to students’.json,json,year,agree,1.0,2023,2023
13,13. Bu & Chen. (2023). What key contextual factors contribute to students’.json,json,title,agree,1.0,What key contextual factors contribute to students’ reading literacy among top-performing countries and economies? Statistical and machine learning analyses,What key contextual factors contribute to students’ reading literacy among top-performing countries and economies? Statistical and machine learning analyses
13,13. Bu & Chen. (2023). What key contextual factors contribute to students’.json,json,authors,agree,1.0,"bu,chen","bu,chen"
13,13. Bu & Chen. (2023). What key contextual factors contribute to students’.json,json,ilsa_assessment,agree,1.0,pisa,pisa
13,13. Bu & Chen. (2023). What key contextual factors contribute to students’.json,json,ml_methods,agree,1.0,"decision tree,gradient boosting,random forest,shap","decision tree,gradient boosting,random forest,shap"
13,13. Bu & Chen. (2023). What key contextual factors contribute to students’.json,json,software,missing,,NA,r
13,13. Bu & Chen. (2023). What key contextual factors contribute to students’.json,json,countries,agree,0.8,"Asian Countries: Beijing-Shanghai-Jiangsu-Zhejiang (B-S-J-Z), Singapore, and Macau","chn,mac,sgp"
13,13. Bu & Chen. (2023). What key contextual factors contribute to students’.json,json,dependent_outcome,agree,0.675,Reading literacy scores (PV1READ),Reading literacy (PV1READ) Reading literacy (PV1READ)
13,13. Bu & Chen. (2023). What key contextual factors contribute to students’.json,json,journal_venue,agree,1.0,International Journal of Educational Research,International Journal of Educational Research
14,14. Choi & Sung. (2024). Do Key Predictors of Academic Resilience Differ Across.json,json,year,agree,1.0,2024,2024
14,14. Choi & Sung. (2024). Do Key Predictors of Academic Resilience Differ Across.json,json,title,agree,1.0,Do Key Predictors of Academic Resilience Differ Across Cultures? Evidence From Korea and the US,Do Key Predictors of Academic Resilience Differ Across Cultures? Evidence From Korea and the US
14,14. Choi & Sung. (2024). Do Key Predictors of Academic Resilience Differ Across.json,json,authors,agree,1.0,"choi,sung","choi,sung"
14,14. Choi & Sung. (2024). Do Key Predictors of Academic Resilience Differ Across.json,json,ilsa_assessment,agree,1.0,pisa,pisa
14,14. Choi & Sung. (2024). Do Key Predictors of Academic Resilience Differ Across.json,json,ml_methods,agree,1.0,random forest,random forest
14,14. Choi & Sung. (2024). Do Key Predictors of Academic Resilience Differ Across.json,json,software,disagree,0.167,R statistical programming (version 4.2.2) (randomForest package),r
14,14. Choi & Sung. (2024). Do Key Predictors of Academic Resilience Differ Across.json,json,countries,agree,1.0,"Korea
and US","kor,usa"
14,14. Choi & Sung. (2024). Do Key Predictors of Academic Resilience Differ Across.json,json,dependent_outcome,agree,0.542,Academic resilience defined as achieving Level 3 or higher in reading literacy despite economic disadvantage.,Academic resilience (binary: Level 3+ reading among bottom-ESCS students)
14,14. Choi & Sung. (2024). Do Key Predictors of Academic Resilience Differ Across.json,json,journal_venue,agree,1.0,Youth & Society,Youth & Society
15,15. Damiani et al. (2024). Young people’s civic engagement in Italy- evidence on.json,json,year,agree,1.0,2024,2024
15,15. Damiani et al. (2024). Young people’s civic engagement in Italy- evidence on.json,json,title,agree,1.0,Young people’s civic engagement in Italy/ evidence on grade 8 students from the international civic and citizenship education study (ICCS) 2016,Young people’s civic engagement in Italy: evidence on grade 8 students from the international civic and citizenship education study (ICCS) 2016
15,15. Damiani et al. (2024). Young people’s civic engagement in Italy- evidence on.json,json,authors,disagree,0.167,"agrusti,caponera,damiani,losito,palmerio","damiani,text"
15,15. Damiani et al. (2024). Young people’s civic engagement in Italy- evidence on.json,json,ilsa_assessment,agree,1.0,iccs,iccs
15,15. Damiani et al. (2024). Young people’s civic engagement in Italy- evidence on.json,json,ml_methods,agree,0.85,logistic regression,"logistic regression,neural network"
15,15. Damiani et al. (2024). Young people’s civic engagement in Italy- evidence on.json,json,software,partial,0.4,"IEA IDB Analyzer (v.5.0.), Mplus 8.2","mplus,r"
15,15. Damiani et al. (2024). Young people’s civic engagement in Italy- evidence on.json,json,countries,agree,1.0,Italy,ita
15,15. Damiani et al. (2024). Young people’s civic engagement in Italy- evidence on.json,json,dependent_outcome,agree,0.907,"latent engagement profile membership (disengaged, moderately engaged, or engaged)",Civic engagement profile membership (disengaged/moderately engaged/engaged)
15,15. Damiani et al. (2024). Young people’s civic engagement in Italy- evidence on.json,json,journal_venue,agree,1.0,Large-scale Assessments in Education,Large-scale Assessments in Education
16,16. Bernardo et al. (2021). Using Machine Learning Approaches to Explore.json,json,year,agree,1.0,2021,2021
16,16. Bernardo et al. (2021). Using Machine Learning Approaches to Explore.json,json,title,agree,1.0,Using Machine Learning Approaches to Explore Non-Cognitive Variables Influencing Reading Proficiency in English among Filipino Learners,Using Machine Learning Approaches to Explore Non-Cognitive Variables Influencing Reading Proficiency in English among Filipino Learners
16,16. Bernardo et al. (2021). Using Machine Learning Approaches to Explore.json,json,authors,disagree,0.0,"bernardo,chua,ii,lucas,teves,yap","a b i b,j m m t,m o c ii,r i g l,s a y,u c c"
16,16. Bernardo et al. (2021). Using Machine Learning Approaches to Explore.json,json,ilsa_assessment,agree,1.0,pisa,pisa
16,16. Bernardo et al. (2021). Using Machine Learning Approaches to Explore.json,json,ml_methods,agree,0.875,"gradient boosting,k nn,knn,logistic regression,neural network,random forest,svm","gradient boosting,k nn,knn,logistic regression,neural network,random forest,shap,svm"
16,16. Bernardo et al. (2021). Using Machine Learning Approaches to Explore.json,json,software,disagree,0.0,Python,r
16,16. Bernardo et al. (2021). Using Machine Learning Approaches to Explore.json,json,countries,disagree,0.0,Philippines,phl
16,16. Bernardo et al. (2021). Using Machine Learning Approaches to Explore.json,json,dependent_outcome,agree,0.511,Reading proficiency classification (low vs. high),Reading proficiency group (low Levels 1b and below vs high Levels 1a and above) using PV1READ
16,16. Bernardo et al. (2021). Using Machine Learning Approaches to Explore.json,json,journal_venue,agree,0.971,Education Science,Education Sciences
17,17. McJames et al. (2023). Factors a?ecting teacher job satisfaction a causal.json,json,year,agree,1.0,2023,2023
17,17. McJames et al. (2023). Factors a?ecting teacher job satisfaction a causal.json,json,title,agree,0.987,Factors a?ecting teacher job satisfaction: a causal inference machine learning approach using data from TALIS 2018,Factors affecting teacher job satisfaction: a causal inference machine learning approach using data from TALIS 2018
17,17. McJames et al. (2023). Factors a?ecting teacher job satisfaction a causal.json,json,authors,partial,0.5,"mcjames,o shea,parnell","mcjames,others,parnell"
17,17. McJames et al. (2023). Factors a?ecting teacher job satisfaction a causal.json,json,ilsa_assessment,agree,1.0,talis,talis
17,17. McJames et al. (2023). Factors a?ecting teacher job satisfaction a causal.json,json,ml_methods,agree,1.0,bart,bart
17,17. McJames et al. (2023). Factors a?ecting teacher job satisfaction a causal.json,json,software,disagree,0.333,"R (missRanger, bartCause)",r
17,17. McJames et al. (2023). Factors a?ecting teacher job satisfaction a causal.json,json,countries,disagree,0.0,England,gbr
17,17. McJames et al. (2023). Factors a?ecting teacher job satisfaction a causal.json,json,dependent_outcome,partial,0.411,Teacher job satisfaction (scale score constructed via confirmatory factor analysis from eight Likert items),Teacher job satisfaction (continuous scale)
17,17. McJames et al. (2023). Factors a?ecting teacher job satisfaction a causal.json,json,journal_venue,agree,1.0,Educational Review,Educational Review
18,18. Khine et al. (2025). From Meals to Marks Modeling the Impact of Family.json,json,year,agree,1.0,2025,2025
18,18. Khine et al. (2025). From Meals to Marks Modeling the Impact of Family.json,json,title,agree,1.0,From Meals to Marks: Modeling the Impact of Family Involvement on Reading Performance with Counterfactual Explainable AI,From Meals to Marks: Modeling the Impact of Family Involvement on Reading Performance with Counterfactual Explainable AI
18,18. Khine et al. (2025). From Meals to Marks Modeling the Impact of Family.json,json,authors,disagree,0.2,"ali,khine,khurma","khine,n a,o a k"
18,18. Khine et al. (2025). From Meals to Marks Modeling the Impact of Family.json,json,ilsa_assessment,agree,1.0,pisa,pisa
18,18. Khine et al. (2025). From Meals to Marks Modeling the Impact of Family.json,json,ml_methods,agree,1.0,"gradient boosting,neural network,random forest,shap","gradient boosting,neural network,random forest,shap"
18,18. Khine et al. (2025). From Meals to Marks Modeling the Impact of Family.json,json,software,disagree,0.182,"Python 3.13.0 using Scikit-learn, SHAP, GridSearchCV, Pandas, and Numpy; for visualization, Matplotlib 3.10.0 and Seabor","r,scikit"
18,18. Khine et al. (2025). From Meals to Marks Modeling the Impact of Family.json,json,countries,disagree,0.0,United Arab Emirates (UAE) ,are
18,18. Khine et al. (2025). From Meals to Marks Modeling the Impact of Family.json,json,dependent_outcome,agree,0.535,Reading Achievment: Measures reading proficiency as plausible values derived from standardized assessment protocols.,Reading achievement (READING plausible value)
18,18. Khine et al. (2025). From Meals to Marks Modeling the Impact of Family.json,json,journal_venue,agree,0.971,Education Science,Education Sciences
19,19. Khoudi et al. (2024). Finding the contextual impacts on Students’.json,json,year,agree,1.0,2024,2024
19,19. Khoudi et al. (2024). Finding the contextual impacts on Students’.json,json,title,agree,1.0,Finding the contextual impacts on Students’ Mathematical performance using a Machine Learning-based Approach,Finding the contextual impacts on Students’ Mathematical performance using a Machine Learning-based Approach
19,19. Khoudi et al. (2024). Finding the contextual impacts on Students’.json,json,authors,agree,1.0,"khoudi,lyaqini,nachaoui","khoudi,lyaqini,nachaoui"
19,19. Khoudi et al. (2024). Finding the contextual impacts on Students’.json,json,ilsa_assessment,agree,1.0,timss,timss
19,19. Khoudi et al. (2024). Finding the contextual impacts on Students’.json,json,ml_methods,agree,0.85,"random forest,svm,xgboost","neural network,random forest,svm,xgboost"
19,19. Khoudi et al. (2024). Finding the contextual impacts on Students’.json,json,software,disagree,0.167,IDB Analyzer (version 5.0) offered by IEA,r
19,19. Khoudi et al. (2024). Finding the contextual impacts on Students’.json,json,countries,agree,1.0,Morocco,mar
19,19. Khoudi et al. (2024). Finding the contextual impacts on Students’.json,json,dependent_outcome,agree,0.694,"Mathematical achievement (binary classification: Low=0, High=1)",Mathematics achievement (Low vs Others benchmark classification)
19,19. Khoudi et al. (2024). Finding the contextual impacts on Students’.json,json,journal_venue,agree,0.98,Infocommunication Journal,Infocommunications journal
20,20. Güre et al. (2020). Analysis of Factors Effecting PISA 2015 Mathematics.json,json,year,agree,1.0,2020,2020
20,20. Güre et al. (2020). Analysis of Factors Effecting PISA 2015 Mathematics.json,json,title,agree,1.0,Analysis of Factors Effecting PISA 2015 Mathematics Literacy via Educational Data Mining,Analysis of Factors Effecting PISA 2015 Mathematics Literacy via Educational Data Mining
20,20. Güre et al. (2020). Analysis of Factors Effecting PISA 2015 Mathematics.json,json,authors,partial,0.5,"erdo an,gure,kayri","erdogan,gure,kayri"
20,20. Güre et al. (2020). Analysis of Factors Effecting PISA 2015 Mathematics.json,json,ilsa_assessment,agree,1.0,pisa,pisa
20,20. Güre et al. (2020). Analysis of Factors Effecting PISA 2015 Mathematics.json,json,ml_methods,agree,1.0,"neural network,random forest","neural network,random forest"
20,20. Güre et al. (2020). Analysis of Factors Effecting PISA 2015 Mathematics.json,json,software,partial,0.667,"Weka, SPSS, SPSS Modeler, Matlab and MS Excel","matlab,r,spss,weka"
20,20. Güre et al. (2020). Analysis of Factors Effecting PISA 2015 Mathematics.json,json,countries,agree,1.0,Türkiye,tur
20,20. Güre et al. (2020). Analysis of Factors Effecting PISA 2015 Mathematics.json,json,dependent_outcome,agree,0.549,"Mathematics literacy achievement status (average of PV1MATH–PV10MATH, grouped into low–medium–high levels)",Math achievement status (low/medium/high)
20,20. Güre et al. (2020). Analysis of Factors Effecting PISA 2015 Mathematics.json,json,journal_venue,agree,1.0,Education and Science,Education and Science
21,21. Koo & Yoo. (2025). Teachers’ team innovativeness in TALIS 2018 An.json,json,year,agree,1.0,2025,2025
21,21. Koo & Yoo. (2025). Teachers’ team innovativeness in TALIS 2018 An.json,json,title,agree,1.0,Teachers’ team innovativeness in TALIS 2018: An empirical and simulation study using glmmLasso for multilevel data,Teachers’ team innovativeness in TALIS 2018: An empirical and simulation study using glmmLasso for multilevel data
21,21. Koo & Yoo. (2025). Teachers’ team innovativeness in TALIS 2018 An.json,json,authors,agree,1.0,"koo,yoo","koo,yoo"
21,21. Koo & Yoo. (2025). Teachers’ team innovativeness in TALIS 2018 An.json,json,ilsa_assessment,agree,1.0,talis,talis
21,21. Koo & Yoo. (2025). Teachers’ team innovativeness in TALIS 2018 An.json,json,ml_methods,agree,0.85,"elastic net,lasso,multilevel,neural network,random forest","elastic net,lasso,neural network"
21,21. Koo & Yoo. (2025). Teachers’ team innovativeness in TALIS 2018 An.json,json,software,disagree,0.25,"R (using fastDummies, glmmLasso, grpreg)",r
21,21. Koo & Yoo. (2025). Teachers’ team innovativeness in TALIS 2018 An.json,json,countries,agree,1.0,Korean,kor
21,21. Koo & Yoo. (2025). Teachers’ team innovativeness in TALIS 2018 An.json,json,dependent_outcome,agree,0.479,Teachers’ team innovativeness (T3TEAM),Teachers’ team innovativeness (T3TEAM) Predictive accuracy and variable selection for teachers’ team innovativeness
21,21. Koo & Yoo. (2025). Teachers’ team innovativeness in TALIS 2018 An.json,json,journal_venue,agree,1.0,Large-scale Assessments in Education,Large-scale Assessments in Education
22,22. Cheung et al. (2024). A machine-­learning model of academic resilience in.json,json,year,agree,1.0,2024,2024
22,22. Cheung et al. (2024). A machine-­learning model of academic resilience in.json,json,title,agree,1.0,A machine-­learning model of academic resilience in the times of the COVID-­ 19 pandemic: Evidence drawn from 79 countries/economies in the PISA 2022 mathematic,A machine‐learning model of academic resilience in the times of the COVID‐19 pandemic: Evidence drawn from 79 countries/economies in the PISA 2022 mathematics s
22,22. Cheung et al. (2024). A machine-­learning model of academic resilience in.json,json,authors,agree,1.0,"cheung,ieong,lam,mak,sit,zheng","cheung,ieong,lam,mak,sit,zheng"
22,22. Cheung et al. (2024). A machine-­learning model of academic resilience in.json,json,ilsa_assessment,agree,1.0,pisa,pisa
22,22. Cheung et al. (2024). A machine-­learning model of academic resilience in.json,json,ml_methods,agree,0.85,"random forest,shap","k nn,knn,neural network,random forest,shap"
22,22. Cheung et al. (2024). A machine-­learning model of academic resilience in.json,json,software,partial,0.6,"Python (v. 3.10.6) (scikit-­ learn, imbalanced-­ learn) ","python,r,scikit"
22,22. Cheung et al. (2024). A machine-­learning model of academic resilience in.json,json,countries,missing,,79 countries,
22,22. Cheung et al. (2024). A machine-­learning model of academic resilience in.json,json,dependent_outcome,agree,0.861,"Academic resilience (ARS=1, NRS=0)",Academic resilience status (ARS=1 vs NRS=0)
22,22. Cheung et al. (2024). A machine-­learning model of academic resilience in.json,json,journal_venue,partial,0.514,British Psychological Society,British Journal of Educational Psychology
23,23. Encarnação et al. (2025). Hierarchical clustering of the pre-exam anxiety levels.json,json,year,agree,1.0,2025,2025
23,23. Encarnação et al. (2025). Hierarchical clustering of the pre-exam anxiety levels.json,json,title,agree,1.0,Hierarchical clustering of the pre-exam anxiety levels in physically inactive and active adolescent students from 56 countries: an observational study using PIS,Hierarchical clustering of the pre-exam anxiety levels in physically inactive and active adolescent students from 56 countries: an observational study using PIS
23,23. Encarnação et al. (2025). Hierarchical clustering of the pre-exam anxiety levels.json,json,authors,disagree,0.0,"afonso,branquinho,encarnacao,ferraz,forte,leite,monteiro,sortwell,teixeira,vaz","am,as,jt,lb,ll,pa,pf,pv,rf,se"
23,23. Encarnação et al. (2025). Hierarchical clustering of the pre-exam anxiety levels.json,json,ilsa_assessment,agree,1.0,pisa,pisa
23,23. Encarnação et al. (2025). Hierarchical clustering of the pre-exam anxiety levels.json,json,ml_methods,partial,0.5,clustering,"clustering,random forest"
23,23. Encarnação et al. (2025). Hierarchical clustering of the pre-exam anxiety levels.json,json,software,missing,,NA,r
23,23. Encarnação et al. (2025). Hierarchical clustering of the pre-exam anxiety levels.json,json,countries,partial,0.5,56 countries,"are,aus,aut,bel,bgr,bra,can,che,chl,chn,col,cri,cyp,cze,deu"
23,23. Encarnação et al. (2025). Hierarchical clustering of the pre-exam anxiety levels.json,json,dependent_outcome,disagree,0.149,Pre-exam anxiety levels,Pre-exam anxiety percentage (low physical activity students) Pre-exam anxiety percentage (high physical activity students) Difference in pre-exam anxiety percen
23,23. Encarnação et al. (2025). Hierarchical clustering of the pre-exam anxiety levels.json,json,journal_venue,agree,1.0,Frontiers in Sports and Active Living,Frontiers in Sports and Active Living
24,24. Wang et al. (2022). Why do East Asian students do so well in mathematics?.json,json,year,agree,1.0,2022,2022
24,24. Wang et al. (2022). Why do East Asian students do so well in mathematics?.json,json,title,agree,1.0,Why do East Asian students do so well in mathematics? A machine learning study,Why do East Asian students do so well in mathematics? A machine learning study
24,24. Wang et al. (2022). Why do East Asian students do so well in mathematics?.json,json,authors,partial,0.667,"king,leung,wang","king,wang"
24,24. Wang et al. (2022). Why do East Asian students do so well in mathematics?.json,json,ilsa_assessment,agree,1.0,timss,"iea,timss"
24,24. Wang et al. (2022). Why do East Asian students do so well in mathematics?.json,json,ml_methods,agree,0.85,random forest,"neural network,random forest"
24,24. Wang et al. (2022). Why do East Asian students do so well in mathematics?.json,json,software,disagree,0.25,"R (randomForest), SPSS (v. 26.0) (Markov Chain Monte Carlo - MCMC)","r,spss"
24,24. Wang et al. (2022). Why do East Asian students do so well in mathematics?.json,json,countries,agree,0.8,"Five East Asian economies (Singapore, Chinese Taipei, Korea, Japan, Hong Kong)","hkg,jpn,kor,sgp,twn"
24,24. Wang et al. (2022). Why do East Asian students do so well in mathematics?.json,json,dependent_outcome,agree,0.5,Mathematics achievement  ,Mathematics achievement (TIMSS scale; modeled via five plausible values)
24,24. Wang et al. (2022). Why do East Asian students do so well in mathematics?.json,json,journal_venue,json_missing,,International Journal of Science and Mathematics Education,
25,25. Andersen et al. (2025). Algorithmic Fairness in Automatic Short Answer Scoring.json,json,year,agree,1.0,2025,2025
25,25. Andersen et al. (2025). Algorithmic Fairness in Automatic Short Answer Scoring.json,json,title,agree,1.0,Algorithmic Fairness in Automatic Short Answer Scoring,Algorithmic Fairness in Automatic Short Answer Scoring
25,25. Andersen et al. (2025). Algorithmic Fairness in Automatic Short Answer Scoring.json,json,authors,agree,1.0,"andersen,goldhammer,mang,zehner","andersen,goldhammer,mang,zehner"
25,25. Andersen et al. (2025). Algorithmic Fairness in Automatic Short Answer Scoring.json,json,ilsa_assessment,agree,1.0,pisa,pisa
25,25. Andersen et al. (2025). Algorithmic Fairness in Automatic Short Answer Scoring.json,json,ml_methods,agree,1.0,"decision tree,random forest,svm","decision tree,random forest,svm"
25,25. Andersen et al. (2025). Algorithmic Fairness in Automatic Short Answer Scoring.json,json,software,disagree,0.125,R (reticulate and e1071 packages) and Python (transformers and torch libraries),r
25,25. Andersen et al. (2025). Algorithmic Fairness in Automatic Short Answer Scoring.json,json,countries,agree,1.0,Germany,deu
25,25. Andersen et al. (2025). Algorithmic Fairness in Automatic Short Answer Scoring.json,json,dependent_outcome,agree,0.617,Manual vs. automatic scoring (correct/incorrect classification),Automatic scoring correctness (correct/incorrect) fairness vs human scoring
25,25. Andersen et al. (2025). Algorithmic Fairness in Automatic Short Answer Scoring.json,json,journal_venue,agree,1.0,International Journal of Artificial Intelligence in Education,International Journal of Artificial Intelligence in Education
26,26. Bencomo-Mesa et al. (2024). Inequality of Opportunity in Education in Spanish.json,json,year,partial,0.5,2024,2025
26,26. Bencomo-Mesa et al. (2024). Inequality of Opportunity in Education in Spanish.json,json,title,agree,1.0,Inequality of Opportunity in Education in Spanish Regions: A Machine Learning Approach,Inequality of Opportunity in Education in Spanish Regions: A Machine Learning Approach
26,26. Bencomo-Mesa et al. (2024). Inequality of Opportunity in Education in Spanish.json,json,authors,agree,1.0,"bencomo mesa,marrero,sicilia","bencomo mesa,marrero,sicilia"
26,26. Bencomo-Mesa et al. (2024). Inequality of Opportunity in Education in Spanish.json,json,ilsa_assessment,agree,1.0,pisa,pisa
26,26. Bencomo-Mesa et al. (2024). Inequality of Opportunity in Education in Spanish.json,json,ml_methods,missing,,,
26,26. Bencomo-Mesa et al. (2024). Inequality of Opportunity in Education in Spanish.json,json,software,missing,,NA,r
26,26. Bencomo-Mesa et al. (2024). Inequality of Opportunity in Education in Spanish.json,json,countries,agree,1.0,Spain,esp
26,26. Bencomo-Mesa et al. (2024). Inequality of Opportunity in Education in Spanish.json,json,dependent_outcome,partial,0.432,"Students’ educational achievement scores (science, reading, mathematics)",Inequality of opportunity in science achievement (IOpE; variance share explained by circumstances)
26,26. Bencomo-Mesa et al. (2024). Inequality of Opportunity in Education in Spanish.json,json,journal_venue,json_missing,,Review of Public Economics,
27,27. Cai et al. (2025). A study on factors influencing digital sports.json,json,year,agree,1.0,2025,2025
27,27. Cai et al. (2025). A study on factors influencing digital sports.json,json,title,agree,1.0,A study on factors influencing digital sports participation among Chinese secondary school students based on explainable machine learning,A study on factors influencing digital sports participation among Chinese secondary school students based on explainable machine learning
27,27. Cai et al. (2025). A study on factors influencing digital sports.json,json,authors,disagree,0.0,"cai,chen,cui,liu,xian,zhou",
27,27. Cai et al. (2025). A study on factors influencing digital sports.json,json,ilsa_assessment,agree,1.0,pisa,pisa
27,27. Cai et al. (2025). A study on factors influencing digital sports.json,json,ml_methods,agree,0.85,"decision tree,gradient boosting,k nn,knn,logistic regression,multilevel,neural network,random forest,shap","gradient boosting,k nn,knn,logistic regression,neural network,shap"
27,27. Cai et al. (2025). A study on factors influencing digital sports.json,json,software,partial,0.667,Stata and Python,"python,r,stata"
27,27. Cai et al. (2025). A study on factors influencing digital sports.json,json,countries,agree,0.8,"Hong Kong, China (Beijing, Shanghai, Jiangsu, and Zhejiang)","chn,hkg,mac,twn"
27,27. Cai et al. (2025). A study on factors influencing digital sports.json,json,dependent_outcome,disagree,0.219,Time spent using digital devices outside of classroom lessons in a typical school week: Sports” and “Time spent using digital devices during classroom lessons i,Digital Sports participation (binary)
27,27. Cai et al. (2025). A study on factors influencing digital sports.json,json,journal_venue,disagree,0.471,Nature Portfolio,Scientific Reports
28,28. Jung et al. (2024). Combining machine translation and automated scoring in.json,json,year,agree,1.0,2024,2024
28,28. Jung et al. (2024). Combining machine translation and automated scoring in.json,json,title,agree,1.0,Combining machine translation and automated scoring in international large-scale assessments,Combining machine translation and automated scoring in international large-scale assessments
28,28. Jung et al. (2024). Combining machine translation and automated scoring in.json,json,authors,disagree,0.0,"davier,jung,tyack",
28,28. Jung et al. (2024). Combining machine translation and automated scoring in.json,json,ilsa_assessment,agree,1.0,timss,timss
28,28. Jung et al. (2024). Combining machine translation and automated scoring in.json,json,ml_methods,agree,0.85,neural network,"neural network,random forest"
28,28. Jung et al. (2024). Combining machine translation and automated scoring in.json,json,software,disagree,0.167,"Python (v3.11.4) with NLTK, pyspellchecker, and sklearn","r,scikit"
28,28. Jung et al. (2024). Combining machine translation and automated scoring in.json,json,countries,agree,0.8,"Germany, France, Türkiye, England, China, Korea","aut,chn,deu,fra,kor,tur,usa"
28,28. Jung et al. (2024). Combining machine translation and automated scoring in.json,json,dependent_outcome,disagree,0.225,"Machine score (incorrect=0, correct=1)",Automated item scoring agreement (human vs machine) Psychometric similarity of machine scores (AITC and item difficulty)
28,28. Jung et al. (2024). Combining machine translation and automated scoring in.json,json,journal_venue,agree,1.0,Large-scale Assessments in Education,Large-scale Assessments in Education
29,29. Huang et al. (2024). Applying Machine Learning and SHAP Method to Identify.json,json,year,agree,1.0,2024,2024
29,29. Huang et al. (2024). Applying Machine Learning and SHAP Method to Identify.json,json,title,agree,1.0,Applying Machine Learning and SHAP Method to Identify Key Influences on Middle-School Students’ Mathematics Literacy Performance,Applying Machine Learning and SHAP Method to Identify Key Influences on Middle-School Students’ Mathematics Literacy Performance
29,29. Huang et al. (2024). Applying Machine Learning and SHAP Method to Identify.json,json,authors,disagree,0.143,"chen,huang,wu,zhou","cao,huang,wang,zhang"
29,29. Huang et al. (2024). Applying Machine Learning and SHAP Method to Identify.json,json,ilsa_assessment,agree,1.0,pisa,pisa
29,29. Huang et al. (2024). Applying Machine Learning and SHAP Method to Identify.json,json,ml_methods,agree,0.85,"decision tree,gradient boosting,random forest,shap,svm,xgboost","decision tree,k nn,knn,multilevel,neural network,random forest,shap,xgboost"
29,29. Huang et al. (2024). Applying Machine Learning and SHAP Method to Identify.json,json,software,disagree,0.143,Python (scikit-learn implied through GridSearchCV),r
29,29. Huang et al. (2024). Applying Machine Learning and SHAP Method to Identify.json,json,countries,agree,0.8,"Hong Kong, Macao, Taipei, Singapore, Japan, and Korea","hkg,jpn,kor,mac,sgp,twn"
29,29. Huang et al. (2024). Applying Machine Learning and SHAP Method to Identify.json,json,dependent_outcome,agree,0.646,Student’s math literacy score (PV1MATH),Mathematics literacy (PV1MATH)
29,29. Huang et al. (2024). Applying Machine Learning and SHAP Method to Identify.json,json,journal_venue,agree,1.0,Journal of Intelligence,Journal of Intelligence
30,30. Wang et al. (2023). Understanding Students’ Subjective and Eudaimonic.json,json,year,agree,1.0,2023,2023
30,30. Wang et al. (2023). Understanding Students’ Subjective and Eudaimonic.json,json,title,agree,1.0,Understanding Students’ Subjective and Eudaimonic Well?Being: Combining both Machine Learning and Classical Statistics,Understanding Students’ Subjective and Eudaimonic Well‑Being: Combining both Machine Learning and Classical Statistics
30,30. Wang et al. (2023). Understanding Students’ Subjective and Eudaimonic.json,json,authors,partial,0.5,"fu,king,leung,wang","king,wang"
30,30. Wang et al. (2023). Understanding Students’ Subjective and Eudaimonic.json,json,ilsa_assessment,agree,1.0,pisa,"iccs,pisa"
30,30. Wang et al. (2023). Understanding Students’ Subjective and Eudaimonic.json,json,ml_methods,agree,1.0,"hlm,neural network,random forest","hlm,neural network,random forest"
30,30. Wang et al. (2023). Understanding Students’ Subjective and Eudaimonic.json,json,software,disagree,0.333,R (randomForest),"hlm,r"
30,30. Wang et al. (2023). Understanding Students’ Subjective and Eudaimonic.json,json,countries,agree,1.0,Hong Kong,hkg
30,30. Wang et al. (2023). Understanding Students’ Subjective and Eudaimonic.json,json,dependent_outcome,agree,0.714,"Subjective well-being (positive affect, negative affect, life satisfaction) and Eudaimonic well-being (meaning in life)",Positive affect (subjective well-being) Negative affect (subjective well-being) Life satisfaction (subjective well-being) Eudaimonic well-being (meaning in life
30,30. Wang et al. (2023). Understanding Students’ Subjective and Eudaimonic.json,json,journal_venue,json_missing,,Applied Research in Quality of Life,
31,31. Zhang & Cutumisu. (2024). Predicting the Mathematics Literacy of Resilient.json,json,year,agree,1.0,2024,2024
31,31. Zhang & Cutumisu. (2024). Predicting the Mathematics Literacy of Resilient.json,json,title,agree,1.0,Predicting the Mathematics Literacy of Resilient Students from High-performing Economies: A Machine Learning Approach,Predicting the Mathematics Literacy of Resilient Students from High‐performing Economies: A Machine Learning Approach
31,31. Zhang & Cutumisu. (2024). Predicting the Mathematics Literacy of Resilient.json,json,authors,agree,1.0,"cutumisu,zhang","cutumisu,zhang"
31,31. Zhang & Cutumisu. (2024). Predicting the Mathematics Literacy of Resilient.json,json,ilsa_assessment,agree,1.0,pisa,pisa
31,31. Zhang & Cutumisu. (2024). Predicting the Mathematics Literacy of Resilient.json,json,ml_methods,agree,0.85,"lasso,random forest","lasso,neural network,random forest"
31,31. Zhang & Cutumisu. (2024). Predicting the Mathematics Literacy of Resilient.json,json,software,disagree,0.25,"IBM SPSS (V. 29), R (caret)",r
31,31. Zhang & Cutumisu. (2024). Predicting the Mathematics Literacy of Resilient.json,json,countries,partial,0.24,"Singapore, Macao, Chinese Taipei, China, Japan, Korea, Estonia, Switzerland, Canada, The Netherlands, Ireland, Belgium, ","aus,aut,bel,can,che,cze,dnk,est,fin,gbr,hkg,irl,jpn,kor,lva"
31,31. Zhang & Cutumisu. (2024). Predicting the Mathematics Literacy of Resilient.json,json,dependent_outcome,partial,0.372,Ten plausible values (PVs) for mathematics literacy,Mathematics literacy (Plausible Values 1–10) Mathematics literacy (Plausible Values 1–10) Key-feature importance for predicting mathematics literacy (Random For
31,31. Zhang & Cutumisu. (2024). Predicting the Mathematics Literacy of Resilient.json,json,journal_venue,agree,1.0,Studies in Educational Evaluation,Studies in Educational Evaluation
32,32. Resino et al. (2024). Student well-being and mathematical literacy.json,json,year,agree,1.0,2024,2024
32,32. Resino et al. (2024). Student well-being and mathematical literacy.json,json,title,agree,1.0,Student well-being and mathematical literacy performance in PISA 2018: a machine-learning approach,Student well-being and mathematical literacy performance in PISA 2018: a machine-learning approach
32,32. Resino et al. (2024). Student well-being and mathematical literacy.json,json,authors,agree,1.0,"constante amores,lopez,madrona,resino","constante amores,lopez,madrona,resino"
32,32. Resino et al. (2024). Student well-being and mathematical literacy.json,json,ilsa_assessment,agree,1.0,pisa,pisa
32,32. Resino et al. (2024). Student well-being and mathematical literacy.json,json,ml_methods,agree,0.85,"decision tree,random forest","decision tree,multilevel,neural network,random forest"
32,32. Resino et al. (2024). Student well-being and mathematical literacy.json,json,software,disagree,0.062,"R (V. 4.0.5) mice (multivariate imputation by chained equations), randomForest (Random Forest), caret (machine learning)",r
32,32. Resino et al. (2024). Student well-being and mathematical literacy.json,json,countries,agree,1.0,Spain,esp
32,32. Resino et al. (2024). Student well-being and mathematical literacy.json,json,dependent_outcome,partial,0.4,Mathematical literacy (10 plausible values),Mathematical literacy performance (Plausible Value 8 selected) Mathematical literacy performance (multilevel regression; Model 2 with 15 well-being predictors)
32,32. Resino et al. (2024). Student well-being and mathematical literacy.json,json,journal_venue,disagree,0.407,Educational Psychology: An International Journal of Experimental Educational Psychology,Educational Psychology
33,33. McJames et al. (2024). Little and often Causal inference machine learning.json,json,year,agree,1.0,2024,2024
33,33. McJames et al. (2024). Little and often Causal inference machine learning.json,json,title,agree,1.0,Little and often: Causal inference machine learning demonstrates the benefits of homework for improving achievement in mathematics and science,Little and often: Causal inference machine learning demonstrates the benefits of homework for improving achievement in mathematics and science
33,33. McJames et al. (2024). Little and often Causal inference machine learning.json,json,authors,agree,1.0,"mcjames,o shea,parnell","mcjames,o shea,parnell"
33,33. McJames et al. (2024). Little and often Causal inference machine learning.json,json,ilsa_assessment,agree,1.0,timss,timss
33,33. McJames et al. (2024). Little and often Causal inference machine learning.json,json,ml_methods,disagree,0.0,bart,neural network
33,33. McJames et al. (2024). Little and often Causal inference machine learning.json,json,software,partial,0.5,R (missRanger),r
33,33. McJames et al. (2024). Little and often Causal inference machine learning.json,json,countries,disagree,0.0,Ireland,irl
33,33. McJames et al. (2024). Little and often Causal inference machine learning.json,json,dependent_outcome,partial,0.261,Effects of homework on student achievement,Mathematics achievement (PVs) Science achievement (PVs) Socioeconomic moderation of homework effects
33,33. McJames et al. (2024). Little and often Causal inference machine learning.json,json,journal_venue,agree,1.0,Learning and Instruction,Learning and Instruction
34,34. ?engür & Dönü?. (2026). Explaining the Links Between School Administrator.json,json,year,agree,1.0,2026,2026
34,34. ?engür & Dönü?. (2026). Explaining the Links Between School Administrator.json,json,title,agree,1.0,"Explaining the Links Between School Administrator Leadership, Job Satisfaction, and Participatory School Climate: A Machine Learning-Enhanced Multilevel Analysi","Explaining the Links Between School Administrator Leadership, Job Satisfaction, and Participatory School Climate: A Machine Learning-Enhanced Multilevel Analysi"
34,34. ?engür & Dönü?. (2026). Explaining the Links Between School Administrator.json,json,authors,disagree,0.0,engur,sengur
34,34. ?engür & Dönü?. (2026). Explaining the Links Between School Administrator.json,json,ilsa_assessment,agree,1.0,talis,talis
34,34. ?engür & Dönü?. (2026). Explaining the Links Between School Administrator.json,json,ml_methods,agree,0.85,"elastic net,multilevel,random forest,shap,xgboost","elastic net,elasticnet,multilevel,random forest,shap,xgboost"
34,34. ?engür & Dönü?. (2026). Explaining the Links Between School Administrator.json,json,software,disagree,0.0,Python 3.11.15,r
34,34. ?engür & Dönü?. (2026). Explaining the Links Between School Administrator.json,json,countries,partial,0.5,Global (51 education systems participating in TALIS 2024),"alb,are,aut,aze,bel,bgr,bhr,bra,chl,col,cri,cyp,cze,dnk,esp"
34,34. ?engür & Dönü?. (2026). Explaining the Links Between School Administrator.json,json,dependent_outcome,agree,0.455,"Participatory school climate (T4POPPART): degree to which administrators, teachers, and staff share decision-making and responsibility",Participatory school climate (T4POPPART)
34,34. ?engür & Dönü?. (2026). Explaining the Links Between School Administrator.json,json,journal_venue,agree,0.884,"Behavioral Sciences (MDPI)
",Behavioral Sciences
35,35. Nguyen et al. (2023). An evaluation of tiered machine learning framework to.json,json,year,agree,1.0,2023,2023
35,35. Nguyen et al. (2023). An evaluation of tiered machine learning framework to.json,json,title,agree,1.0,An evaluation of tiered machine learning framework to predict science achievement among Singapore students,An evaluation of tiered machine learning framework to predict science achievement among Singapore students
35,35. Nguyen et al. (2023). An evaluation of tiered machine learning framework to.json,json,authors,agree,1.0,"khine,liu,mayberry,nguyen,pallipuram","khine,liu,mayberry,nguyen,pallipuram"
35,35. Nguyen et al. (2023). An evaluation of tiered machine learning framework to.json,json,ilsa_assessment,agree,1.0,timss,timss
35,35. Nguyen et al. (2023). An evaluation of tiered machine learning framework to.json,json,ml_methods,agree,0.85,"decision tree,logistic regression,svm,xgboost","decision tree,logistic regression,random forest,svm,xgboost"
35,35. Nguyen et al. (2023). An evaluation of tiered machine learning framework to.json,json,software,partial,0.5,Python (scikit-learn),"r,scikit"
35,35. Nguyen et al. (2023). An evaluation of tiered machine learning framework to.json,json,countries,agree,1.0,Singapore,sgp
35,35. Nguyen et al. (2023). An evaluation of tiered machine learning framework to.json,json,dependent_outcome,agree,0.667,science achievement,Science achievement class (5 categories)
35,35. Nguyen et al. (2023). An evaluation of tiered machine learning framework to.json,json,journal_venue,agree,1.0,2023 International Conference on Computational Science and Computational Intelligence (CSCI),2023 International Conference on Computational Science and Computational Intelligence (CSCI)
36,36. Alvarez-Garcia et al. (2024). Uncovering student profiles. An explainable cluster.json,json,year,agree,1.0,2024,2024
36,36. Alvarez-Garcia et al. (2024). Uncovering student profiles. An explainable cluster.json,json,title,agree,1.0,Uncovering student profiles. An explainable cluster analysis approach to PISA 2022,Uncovering student profiles. An explainable cluster analysis approach to PISA 2022
36,36. Alvarez-Garcia et al. (2024). Uncovering student profiles. An explainable cluster.json,json,authors,agree,1.0,"alvarez garcia,arenas parra,ibar alonso","alvarez garcia,arenas parra,ibar alonso"
36,36. Alvarez-Garcia et al. (2024). Uncovering student profiles. An explainable cluster.json,json,ilsa_assessment,agree,1.0,pisa,pisa
36,36. Alvarez-Garcia et al. (2024). Uncovering student profiles. An explainable cluster.json,json,ml_methods,partial,0.333,"clustering,gradient boosting,random forest,shap,svm,xgboost","clustering,shap"
36,36. Alvarez-Garcia et al. (2024). Uncovering student profiles. An explainable cluster.json,json,software,disagree,0.167,"Python (Scikit-learn, SHAP, Clust-Learn 0.2.5)",r
36,36. Alvarez-Garcia et al. (2024). Uncovering student profiles. An explainable cluster.json,json,countries,agree,1.0,Spain,esp
36,36. Alvarez-Garcia et al. (2024). Uncovering student profiles. An explainable cluster.json,json,dependent_outcome,partial,0.343,"Student clusters are compared against performance (mathematics, science, reading) and aspirations",Student cluster membership (profile labels)
36,36. Alvarez-Garcia et al. (2024). Uncovering student profiles. An explainable cluster.json,json,journal_venue,agree,1.0,Computers & Education,Computers & Education
37,37. Guo et al. (2024). Large-Scale Assessments for Learning A Human-Centred.json,json,year,agree,1.0,2024,2024
37,37. Guo et al. (2024). Large-Scale Assessments for Learning A Human-Centred.json,json,title,agree,1.0,Large-Scale Assessments for Learning: A Human-Centred AI Approach to Contextualizing Test Performance,Large-Scale Assessments for Learning: A Human-Centred AI Approach to Contextualizing Test Performance
37,37. Guo et al. (2024). Large-Scale Assessments for Learning A Human-Centred.json,json,authors,agree,1.0,"ercikan,guo,johnson,saldivia,worthington","ercikan,guo,johnson,saldivia,worthington"
37,37. Guo et al. (2024). Large-Scale Assessments for Learning A Human-Centred.json,json,ilsa_assessment,missing,,,
37,37. Guo et al. (2024). Large-Scale Assessments for Learning A Human-Centred.json,json,ml_methods,agree,1.0,"clustering,lstm,neural network,random forest,svm","clustering,lstm,neural network,random forest,svm"
37,37. Guo et al. (2024). Large-Scale Assessments for Learning A Human-Centred.json,json,software,partial,0.5,TensorFlow,r
37,37. Guo et al. (2024). Large-Scale Assessments for Learning A Human-Centred.json,json,countries,agree,1.0,US (ETS Research Institute),usa
37,37. Guo et al. (2024). Large-Scale Assessments for Learning A Human-Centred.json,json,dependent_outcome,partial,0.397,Student process profile (cluster label) represents test-taking behavioral type and performance level,Process profile label (11 profiles)
37,37. Guo et al. (2024). Large-Scale Assessments for Learning A Human-Centred.json,json,journal_venue,agree,0.935,Journal of Learning Analytics,The Journal of Learning Analytics
38,38. Hernández-Ramos & Araya. (2025). Do School Activities Foster Creative Thinking? An.json,json,year,agree,1.0,2025,2025
38,38. Hernández-Ramos & Araya. (2025). Do School Activities Foster Creative Thinking? An.json,json,title,agree,1.0,Do School Activities Foster Creative Thinking? An Analysis of PISA Results,Do School Activities Foster Creative Thinking? An Analysis of PISA Results
38,38. Hernández-Ramos & Araya. (2025). Do School Activities Foster Creative Thinking? An.json,json,authors,agree,1.0,"araya,hernandez ramos","araya,hernandez ramos"
38,38. Hernández-Ramos & Araya. (2025). Do School Activities Foster Creative Thinking? An.json,json,ilsa_assessment,agree,1.0,pisa,pisa
38,38. Hernández-Ramos & Araya. (2025). Do School Activities Foster Creative Thinking? An.json,json,ml_methods,agree,1.0,"pca,random forest","pca,random forest"
38,38. Hernández-Ramos & Araya. (2025). Do School Activities Foster Creative Thinking? An.json,json,software,partial,0.5,"SPSS (v.25), R",r
38,38. Hernández-Ramos & Araya. (2025). Do School Activities Foster Creative Thinking? An.json,json,countries,disagree,0.0,54 OECD countries and associated economies,"aus,can,dnk,gbr,hkg,irl,jam,lva,nld,nzl,pan"
38,38. Hernández-Ramos & Araya. (2025). Do School Activities Foster Creative Thinking? An.json,json,dependent_outcome,disagree,0.221,Creative Thinking Score from the PISA 2022 assessment,Creative thinking score (PISA 2022 mean score) Scientific problem-solving domain score (PISA 2022) Creative thinking score (PISA 2022 mean score) predicted from
38,38. Hernández-Ramos & Araya. (2025). Do School Activities Foster Creative Thinking? An.json,json,journal_venue,agree,1.0,Education Sciences,Education Sciences
39,39. Zheng et al. (2025). Unfolding key factors of resilience in ICT.json,json,year,agree,1.0,2025,2025
39,39. Zheng et al. (2025). Unfolding key factors of resilience in ICT.json,json,title,agree,1.0,Unfolding key factors of resilience in ICT cognitive-motivational engagement: Global evidence from machine learning techniques,Unfolding key factors of resilience in ICT cognitive-motivational engagement: Global evidence from machine learning techniques
39,39. Zheng et al. (2025). Unfolding key factors of resilience in ICT.json,json,authors,agree,1.0,"cheung,lam,sit,zheng","cheung,lam,sit,zheng"
39,39. Zheng et al. (2025). Unfolding key factors of resilience in ICT.json,json,ilsa_assessment,agree,1.0,pisa,pisa
39,39. Zheng et al. (2025). Unfolding key factors of resilience in ICT.json,json,ml_methods,agree,1.0,"decision tree,k nn,knn,logistic regression,neural network,random forest,svm","decision tree,k nn,knn,logistic regression,neural network,random forest,svm"
39,39. Zheng et al. (2025). Unfolding key factors of resilience in ICT.json,json,software,disagree,0.2,"Python (v. 3.9.13) (imbalanced-learn, scikit-learn)",r
39,39. Zheng et al. (2025). Unfolding key factors of resilience in ICT.json,json,countries,missing,,53 countries,
39,39. Zheng et al. (2025). Unfolding key factors of resilience in ICT.json,json,dependent_outcome,partial,0.294,Binary indicator identifying students from the bottom 25% ESCS who demonstrate high ICT engagement.,Resilience in ICT engagement (IRS vs NRS)
39,39. Zheng et al. (2025). Unfolding key factors of resilience in ICT.json,json,journal_venue,agree,1.0,International Journal of Educational Research,International Journal of Educational Research
40,40. Kim et al. (2024). Exploring Influencing Factors at Student and.json,json,year,agree,1.0,2024,2024
40,40. Kim et al. (2024). Exploring Influencing Factors at Student and.json,json,title,agree,1.0,Exploring Influencing Factors at Student and Teacher/School levels on Science Self-efficacy Using Machine Learning and Multilevel Latent Profile Analysis,Exploring Influencing Factors at Student and Teacher/School levels on Science Self-efficacy Using Machine Learning and Multilevel Latent Profile Analysis
40,40. Kim et al. (2024). Exploring Influencing Factors at Student and.json,json,authors,partial,0.667,"hong,kim,yoon","hong,kim"
40,40. Kim et al. (2024). Exploring Influencing Factors at Student and.json,json,ilsa_assessment,agree,1.0,pisa,pisa
40,40. Kim et al. (2024). Exploring Influencing Factors at Student and.json,json,ml_methods,agree,0.833,"gradient boosting,multilevel,neural network,random forest,ridge","gradient boosting,lightgbm,multilevel,neural network,random forest,ridge"
40,40. Kim et al. (2024). Exploring Influencing Factors at Student and.json,json,software,disagree,0.2,"Python (PyCaret 2.3.10, Python 3.10) and Latent Gold 6.0",r
40,40. Kim et al. (2024). Exploring Influencing Factors at Student and.json,json,countries,agree,0.8,"five countries (Singapore, Japan, Estonia, Finland, and South Korea)","est,fin,jpn,kor,sgp"
40,40. Kim et al. (2024). Exploring Influencing Factors at Student and.json,json,dependent_outcome,partial,0.278,"Science self-efficacy, defined as students’ belief in their ability to successfully perform science-related tasks aligned with the PISA scientific literacy fram",Science self-efficacy (WLE index)
40,40. Kim et al. (2024). Exploring Influencing Factors at Student and.json,json,journal_venue,agree,1.0,Sage Open,SAGE Open
41,41. Immekus et al. (2022). Machine learning procedures for predictor variable.json,json,year,agree,1.0,2022,2022
41,41. Immekus et al. (2022). Machine learning procedures for predictor variable.json,json,title,agree,1.0,"Machine learning procedures for predictor variable selection for schoolwork?related anxiety: evidence from PISA 2015 mathematics, reading, and science assessmen","Machine learning procedures for predictor variable selection for schoolwork‑related anxiety: evidence from PISA 2015 mathematics, reading, and science assessmen"
41,41. Immekus et al. (2022). Machine learning procedures for predictor variable.json,json,authors,partial,0.5,"immekus,jeong,yoo","immekus,rho,yoo"
41,41. Immekus et al. (2022). Machine learning procedures for predictor variable.json,json,ilsa_assessment,agree,1.0,pisa,pisa
41,41. Immekus et al. (2022). Machine learning procedures for predictor variable.json,json,ml_methods,agree,0.85,"elastic net,lasso,random forest","elastic net,k nn,knn,lasso,neural network,random forest"
41,41. Immekus et al. (2022). Machine learning procedures for predictor variable.json,json,software,partial,0.5,R (glmnet),r
41,41. Immekus et al. (2022). Machine learning procedures for predictor variable.json,json,countries,agree,1.0,US,usa
41,41. Immekus et al. (2022). Machine learning procedures for predictor variable.json,json,dependent_outcome,agree,0.548,"Schoolwork-related anxiety (PISA variable ANXTEST, derived from five items ST118Q01–ST118Q05)",Schoolwork-related anxiety (ANXTEST)
41,41. Immekus et al. (2022). Machine learning procedures for predictor variable.json,json,journal_venue,agree,1.0,Large-scale Assessments in Education,Large-scale Assessments in Education
42,42. Gil-Madrona et al. (2025). What Are the Best Predictors of STEM Competences in.json,json,year,agree,1.0,2025,2025
42,42. Gil-Madrona et al. (2025). What Are the Best Predictors of STEM Competences in.json,json,title,agree,1.0,What Are the Best Predictors of STEM Competences in PISA 2018? An Analysis of the Spanish Context Using Data Mining,What Are the Best Predictors of STEM Competences in PISA 2018? An Analysis of the Spanish Context Using Data Mining
42,42. Gil-Madrona et al. (2025). What Are the Best Predictors of STEM Competences in.json,json,authors,agree,1.0,"gil madrona,guerrero muguerza,infantes paniagua,martinez lopez","gil madrona,guerrero muguerza,infantes paniagua,martinez lopez"
42,42. Gil-Madrona et al. (2025). What Are the Best Predictors of STEM Competences in.json,json,ilsa_assessment,agree,1.0,pisa,pisa
42,42. Gil-Madrona et al. (2025). What Are the Best Predictors of STEM Competences in.json,json,ml_methods,agree,1.0,"random forest,ridge,svm","random forest,ridge,svm"
42,42. Gil-Madrona et al. (2025). What Are the Best Predictors of STEM Competences in.json,json,software,disagree,0.0,SPSS,r
42,42. Gil-Madrona et al. (2025). What Are the Best Predictors of STEM Competences in.json,json,countries,agree,1.0,Spain,esp
42,42. Gil-Madrona et al. (2025). What Are the Best Predictors of STEM Competences in.json,json,dependent_outcome,agree,0.462,Achievement in mathematical and scientific competences,Mathematical competence achievement (PISA-derived criterion) Scientific competence achievement (PISA-derived criterion)
42,42. Gil-Madrona et al. (2025). What Are the Best Predictors of STEM Competences in.json,json,journal_venue,agree,1.0,School Science and Mathematics,School Science and Mathematics
43,43. Hu et al. (2025). Predicting adolescents’ environmental action From.json,json,year,agree,1.0,2025,2025
43,43. Hu et al. (2025). Predicting adolescents’ environmental action From.json,json,title,agree,1.0,Predicting adolescents’ environmental action: From individual to national-level factors using an explainable machine learning approach,Predicting adolescents’ environmental action: From individual to national-level factors using an explainable machine learning approach
43,43. Hu et al. (2025). Predicting adolescents’ environmental action From.json,json,authors,agree,1.0,"feng,gao,geng,hu,wang,xia","feng,gao,geng,hu,wang,xia"
43,43. Hu et al. (2025). Predicting adolescents’ environmental action From.json,json,ilsa_assessment,agree,1.0,pisa,pisa
43,43. Hu et al. (2025). Predicting adolescents’ environmental action From.json,json,ml_methods,agree,1.0,"gradient boosting,lightgbm,neural network,random forest,shap,xgboost","gradient boosting,lightgbm,neural network,random forest,shap,xgboost"
43,43. Hu et al. (2025). Predicting adolescents’ environmental action From.json,json,software,disagree,0.143,Optuna (Bayesian optimization framework); MICE; SMOTE,r
43,43. Hu et al. (2025). Predicting adolescents’ environmental action From.json,json,countries,missing,,66 countries,
43,43. Hu et al. (2025). Predicting adolescents’ environmental action From.json,json,dependent_outcome,agree,0.679,Private-sphere and public-sphere environmental actions,Private-sphere environmental actions (classification) Public-sphere environmental actions (classification)
43,43. Hu et al. (2025). Predicting adolescents’ environmental action From.json,json,journal_venue,agree,1.0,Journal of Environmental Management,Journal of Environmental Management
44,44. Lezhnina & Kismihók. (2022). Combining statistical and machine learning methods to.json,json,year,partial,0.5,2022,2021
44,44. Lezhnina & Kismihók. (2022). Combining statistical and machine learning methods to.json,json,title,agree,0.961,Combining statistical and machine learning methods to explore German students’ attitudes towards ICT in PISA,Combining statistical and machine learning methods to explore German students’ attitudes towards ICT
44,44. Lezhnina & Kismihók. (2022). Combining statistical and machine learning methods to.json,json,authors,agree,1.0,"kismihok,lezhnina","kismihok,lezhnina"
44,44. Lezhnina & Kismihók. (2022). Combining statistical and machine learning methods to.json,json,ilsa_assessment,agree,1.0,pisa,pisa
44,44. Lezhnina & Kismihók. (2022). Combining statistical and machine learning methods to.json,json,ml_methods,agree,0.85,"hlm,random forest","hlm,multilevel,random forest"
44,44. Lezhnina & Kismihók. (2022). Combining statistical and machine learning methods to.json,json,software,disagree,0.091,"R (packages: missForest, randomForest, pROC, pdp, UBL, lme4, sjPlot, performance)","hlm,r"
44,44. Lezhnina & Kismihók. (2022). Combining statistical and machine learning methods to.json,json,countries,agree,1.0,Germany,deu
44,44. Lezhnina & Kismihók. (2022). Combining statistical and machine learning methods to.json,json,dependent_outcome,disagree,0.093,Mathematical literacy and scientific literacy (PISA plausible values),Mathematics proficiency level (categorical) Science proficiency level (categorical) Mathematical literacy (continuous; PV-based) Scientific literacy (continuous
44,44. Lezhnina & Kismihók. (2022). Combining statistical and machine learning methods to.json,json,journal_venue,agree,1.0,International Journal of Research & Method in Education,International Journal of Research & Method in Education
45,45. Öz et al. (2024). Stacking An ensemble learning approach to predict.json,json,year,agree,1.0,2024,2024
45,45. Öz et al. (2024). Stacking An ensemble learning approach to predict.json,json,title,agree,1.0,Stacking: An ensemble learning approach to predict student performance in PISA 2022,Stacking: An ensemble learning approach to predict student performance in PISA 2022
45,45. Öz et al. (2024). Stacking An ensemble learning approach to predict.json,json,authors,disagree,0.0,"bulut,cellat,oz,yurekli",
45,45. Öz et al. (2024). Stacking An ensemble learning approach to predict.json,json,ilsa_assessment,agree,1.0,pisa,pisa
45,45. Öz et al. (2024). Stacking An ensemble learning approach to predict.json,json,ml_methods,partial,0.667,"gradient boosting,lightgbm,random forest,ridge,xgboost","gradient boosting,lightgbm,neural network,random forest,xgboost"
45,45. Öz et al. (2024). Stacking An ensemble learning approach to predict.json,json,software,disagree,0.143,"Python (v 3.8.10), R (robustlmm package for mixed-effects tests)",r
45,45. Öz et al. (2024). Stacking An ensemble learning approach to predict.json,json,countries,missing,,80 countries,
45,45. Öz et al. (2024). Stacking An ensemble learning approach to predict.json,json,dependent_outcome,disagree,0.223,"Students’ performances in reading, mathematics, and science",Mathematics achievement (PVs) predicted via regression Reading achievement (PVs) predicted via regression Science achievement (PVs) predicted via regression
45,45. Öz et al. (2024). Stacking An ensemble learning approach to predict.json,json,journal_venue,agree,1.0,Education and Information Technologies,Education and Information Technologies
46,"46. Peng et al. (2023). Examining ICT attitudes, use and support in blended.json",json,year,agree,1.0,2023,2023
46,"46. Peng et al. (2023). Examining ICT attitudes, use and support in blended.json",json,title,agree,1.0,"Examining ICT attitudes, use and support in blended learning settings for students’ reading performance: Approaches of artificial intelligence and multilevel mo","Examining ICT attitudes, use and support in blended learning settings for students’ reading performance: Approaches of artificial intelligence and multilevel mo"
46,"46. Peng et al. (2023). Examining ICT attitudes, use and support in blended.json",json,authors,disagree,0.333,"hu,peng,wang",peng
46,"46. Peng et al. (2023). Examining ICT attitudes, use and support in blended.json",json,ilsa_assessment,agree,1.0,pisa,"iccs,pisa"
46,"46. Peng et al. (2023). Examining ICT attitudes, use and support in blended.json",json,ml_methods,agree,0.85,"clustering,hlm,random forest","hlm,multilevel,random forest"
46,"46. Peng et al. (2023). Examining ICT attitudes, use and support in blended.json",json,software,disagree,0.0,SPSS (v. 23),"hlm,r"
46,"46. Peng et al. (2023). Examining ICT attitudes, use and support in blended.json",json,countries,partial,0.5,32 countries,"aus,aut,bel,che,chl,cze,deu,dnk,esp,est,fin,fra,gbr,grc,hun"
46,"46. Peng et al. (2023). Examining ICT attitudes, use and support in blended.json",json,dependent_outcome,agree,0.514,Students’ reading performance,Reading performance (PISA 2018 plausible values)
46,"46. Peng et al. (2023). Examining ICT attitudes, use and support in blended.json",json,journal_venue,agree,1.0,Computers & Education,Computers & Education
47,47. Haw & King. (2023). Understanding Filipino students’ achievement in PISA.json,json,year,agree,1.0,2023,2023
47,47. Haw & King. (2023). Understanding Filipino students’ achievement in PISA.json,json,title,agree,1.0,"Understanding Filipino students’ achievement in PISA: The roles of personal characteristics, proximal processes, and social contexts","Understanding Filipino students’ achievement in PISA: The roles of personal characteristics, proximal processes, and social contexts"
47,47. Haw & King. (2023). Understanding Filipino students’ achievement in PISA.json,json,authors,agree,1.0,"haw,king","haw,king"
47,47. Haw & King. (2023). Understanding Filipino students’ achievement in PISA.json,json,ilsa_assessment,agree,1.0,pisa,pisa
47,47. Haw & King. (2023). Understanding Filipino students’ achievement in PISA.json,json,ml_methods,agree,1.0,"hlm,random forest","hlm,random forest"
47,47. Haw & King. (2023). Understanding Filipino students’ achievement in PISA.json,json,software,disagree,0.167,"R (mice, ranger, randomForest, bifiesurvey)","hlm,r"
47,47. Haw & King. (2023). Understanding Filipino students’ achievement in PISA.json,json,countries,disagree,0.0,Philippine,phl
47,47. Haw & King. (2023). Understanding Filipino students’ achievement in PISA.json,json,dependent_outcome,agree,0.469,Students' reading achievement,"Reading achievement (Plausible Values, PVREAD1–PVREAD10)"
47,47. Haw & King. (2023). Understanding Filipino students’ achievement in PISA.json,json,journal_venue,agree,1.0,Social Psychology of Education,Social Psychology of Education
48,48. Pan & Cutumisu. (2022). Using machine learning to predict UK and Japanese.json,json,year,disagree,0.0,2022,2024
48,48. Pan & Cutumisu. (2022). Using machine learning to predict UK and Japanese.json,json,title,agree,1.0,Using machine learning to predict UK and Japanese secondary students' life satisfaction in PISA 2018,Using machine learning to predict UK and Japanese secondary students' life satisfaction in PISA 2018
48,48. Pan & Cutumisu. (2022). Using machine learning to predict UK and Japanese.json,json,authors,agree,1.0,"cutumisu,pan","cutumisu,pan"
48,48. Pan & Cutumisu. (2022). Using machine learning to predict UK and Japanese.json,json,ilsa_assessment,agree,1.0,pisa,pisa
48,48. Pan & Cutumisu. (2022). Using machine learning to predict UK and Japanese.json,json,ml_methods,agree,1.0,"k nn,knn,neural network,random forest","k nn,knn,neural network,random forest"
48,48. Pan & Cutumisu. (2022). Using machine learning to predict UK and Japanese.json,json,software,partial,0.4,BM SPSS (v.27); Python (scikit-learn),"r,scikit"
48,48. Pan & Cutumisu. (2022). Using machine learning to predict UK and Japanese.json,json,countries,agree,1.0,United Kingdom and Japan,"gbr,jpn"
48,48. Pan & Cutumisu. (2022). Using machine learning to predict UK and Japanese.json,json,dependent_outcome,agree,0.488,Students' life satisfaction and individual level features,Life satisfaction (continuous 0–10) Life satisfaction (continuous 0–10)
48,48. Pan & Cutumisu. (2022). Using machine learning to predict UK and Japanese.json,json,journal_venue,agree,0.872,The journal British Journal of Educational Psychology,British Journal of Educational Psychology
49,49. Bernardo et al. (2022). Contrasting Profiles of Low-Performing Mathematics.json,json,year,agree,1.0,2022,2022
49,49. Bernardo et al. (2022). Contrasting Profiles of Low-Performing Mathematics.json,json,title,agree,1.0,Contrasting Profiles of Low-Performing Mathematics Students in Public and Private Schools in the Philippines: Insights from Machine Learning,Contrasting Profiles of Low-Performing Mathematics Students in Public and Private Schools in the Philippines: Insights from Machine Learning
49,49. Bernardo et al. (2022). Contrasting Profiles of Low-Performing Mathematics.json,json,authors,disagree,0.0,"bernardo,chua,ii,yap",
49,49. Bernardo et al. (2022). Contrasting Profiles of Low-Performing Mathematics.json,json,ilsa_assessment,agree,1.0,pisa,pisa
49,49. Bernardo et al. (2022). Contrasting Profiles of Low-Performing Mathematics.json,json,ml_methods,agree,0.85,"decision tree,k nn,knn,logistic regression,neural network,random forest,svm","decision tree,k nn,logistic regression,neural network,random forest,shap,svm"
49,49. Bernardo et al. (2022). Contrasting Profiles of Low-Performing Mathematics.json,json,software,disagree,0.25,Python (scikit-learn),r
49,49. Bernardo et al. (2022). Contrasting Profiles of Low-Performing Mathematics.json,json,countries,disagree,0.0,Philippine,phl
49,49. Bernardo et al. (2022). Contrasting Profiles of Low-Performing Mathematics.json,json,dependent_outcome,partial,0.332,"Students' mathematics achievement (recoded as binary (below Level1=1, Level1=0 and above)",Poor mathematics performance (PVMATH1 < 357.7 vs ≥ 357.7) Poor mathematics performance (PVMATH1 < 357.7 vs ≥ 357.7)
49,49. Bernardo et al. (2022). Contrasting Profiles of Low-Performing Mathematics.json,json,journal_venue,agree,1.0,Journal of Intelligence,Journal of Intelligence
50,"50. Rico-Juan et al. (2024). Holistic exploration of reading comprehension skills,.json",json,year,agree,1.0,2024,2024
50,"50. Rico-Juan et al. (2024). Holistic exploration of reading comprehension skills,.json",json,title,agree,1.0,"Holistic exploration of reading comprehension skills, technology and socioeconomic factors in Spanish teenagers","Holistic exploration of reading comprehension skills, technology and socioeconomic factors in Spanish teenagers"
50,"50. Rico-Juan et al. (2024). Holistic exploration of reading comprehension skills,.json",json,authors,partial,0.5,"navarro martinez,pena acuna,rico juan","na,navarro martinez,rico juan"
50,"50. Rico-Juan et al. (2024). Holistic exploration of reading comprehension skills,.json",json,ilsa_assessment,agree,1.0,pisa,pisa
50,"50. Rico-Juan et al. (2024). Holistic exploration of reading comprehension skills,.json",json,ml_methods,agree,0.818,"decision tree,gradient boosting,k nn,knn,lasso,lightgbm,neural network,random forest,ridge,shap,xgboost","decision tree,gradient boosting,lasso,lightgbm,neural network,random forest,ridge,shap,xgboost"
50,"50. Rico-Juan et al. (2024). Holistic exploration of reading comprehension skills,.json",json,software,disagree,0.143,"Python (v.3.10.12) using scikit-learn 1.2.2, XGBoost 1.7.6, LightGBM 4.0.0 and CatBoost 1.2.1",r
50,"50. Rico-Juan et al. (2024). Holistic exploration of reading comprehension skills,.json",json,countries,agree,1.0,Spain,esp
50,"50. Rico-Juan et al. (2024). Holistic exploration of reading comprehension skills,.json",json,dependent_outcome,agree,0.824,Reading comprehension skills,Reading comprehension skills (PVREAD mean)
50,"50. Rico-Juan et al. (2024). Holistic exploration of reading comprehension skills,.json",json,journal_venue,agree,1.0,Heliyon,Heliyon
51,51. Jewsbury1 et al. (2025). Irt?latent regression with many predictors limits and.json,json,year,agree,1.0,2025,2025
51,51. Jewsbury1 et al. (2025). Irt?latent regression with many predictors limits and.json,json,title,agree,1.0,Irt?latent regression with many predictors: limits and solutions,Irt‑latent regression with many predictors: limits and solutions
51,51. Jewsbury1 et al. (2025). Irt?latent regression with many predictors limits and.json,json,authors,partial,0.5,"jewsbury1,johnson,lockwood","jewsbury,johnson,lockwood"
51,51. Jewsbury1 et al. (2025). Irt?latent regression with many predictors limits and.json,json,ilsa_assessment,missing,,,
51,51. Jewsbury1 et al. (2025). Irt?latent regression with many predictors limits and.json,json,ml_methods,disagree,0.0,pca,random forest
51,51. Jewsbury1 et al. (2025). Irt?latent regression with many predictors limits and.json,json,software,disagree,0.143,"R (v.3.5.3) (simdata, mirt, sample, runif, rnorm, rbeta)",r
51,51. Jewsbury1 et al. (2025). Irt?latent regression with many predictors limits and.json,json,countries,missing,,,
51,51. Jewsbury1 et al. (2025). Irt?latent regression with many predictors limits and.json,json,dependent_outcome,disagree,0.213,Latent proficiency (?) / Group means and population variances,Population mean and distribution moments of latent proficiency (PV-based estimators) Group mean and group variance of latent proficiency (PV-based estimators) V
51,51. Jewsbury1 et al. (2025). Irt?latent regression with many predictors limits and.json,json,journal_venue,agree,1.0,Large-scale Assessments in Education,Large-scale Assessments in Education
52,52. Hu et al. (2023). Decoding Contextual Factors Differentiating.json,json,year,agree,1.0,2023,2023
52,52. Hu et al. (2023). Decoding Contextual Factors Differentiating.json,json,title,agree,1.0,"Decoding Contextual Factors Differentiating Adolescents’ High, Average, and Low Digital Reading Performance Through Machine-Learning Methods","Decoding Contextual Factors Differentiating Adolescents’ High, Average, and Low Digital Reading Performance Through Machine-Learning Methods"
52,52. Hu et al. (2023). Decoding Contextual Factors Differentiating.json,json,authors,agree,1.0,"chen,hu,peng","chen,hu,peng"
52,52. Hu et al. (2023). Decoding Contextual Factors Differentiating.json,json,ilsa_assessment,agree,1.0,pisa,pisa
52,52. Hu et al. (2023). Decoding Contextual Factors Differentiating.json,json,ml_methods,agree,0.85,"k nn,neural network,random forest,shap,svm","random forest,shap,svm"
52,52. Hu et al. (2023). Decoding Contextual Factors Differentiating.json,json,software,disagree,0.25,Python (v.3.7.0) (scikit-learn),r
52,52. Hu et al. (2023). Decoding Contextual Factors Differentiating.json,json,countries,missing,,38 OECD Countries,
52,52. Hu et al. (2023). Decoding Contextual Factors Differentiating.json,json,dependent_outcome,partial,0.25,Digital reading performance,High vs low digital reading performance (PV1READ; OECD cutoffs) High vs average digital reading performance (PV1READ; OECD cutoffs) Low vs average digital readi
52,52. Hu et al. (2023). Decoding Contextual Factors Differentiating.json,json,journal_venue,agree,1.0,IEEE Transactions on Learning Technologies,IEEE Transactions on Learning Technologies
53,53. Tin et al. (2024). Educational Big Data Mining Comparison of Multiple.json,json,year,agree,1.0,2024,2024
53,53. Tin et al. (2024). Educational Big Data Mining Comparison of Multiple.json,json,title,agree,1.0,Educational Big Data Mining: Comparison of Multiple Machine Learning Algorithms in Predictive Modelling of Student Academic Performance,Educational Big Data Mining: Comparison of Multiple Machine Learning Algorithms in Predictive Modelling of Student Academic Performance
53,53. Tin et al. (2024). Educational Big Data Mining Comparison of Multiple.json,json,authors,agree,1.0,"hock,ikumapayi,tin","hock,ikumapayi,tin"
53,53. Tin et al. (2024). Educational Big Data Mining Comparison of Multiple.json,json,ilsa_assessment,agree,1.0,pisa,pisa
53,53. Tin et al. (2024). Educational Big Data Mining Comparison of Multiple.json,json,ml_methods,agree,1.0,"decision tree,gradient boosting,logistic regression,neural network,random forest,svm","decision tree,gradient boosting,logistic regression,neural network,random forest,svm"
53,53. Tin et al. (2024). Educational Big Data Mining Comparison of Multiple.json,json,software,disagree,0.25,RapidMiner and IBM SPSS,r
53,53. Tin et al. (2024). Educational Big Data Mining Comparison of Multiple.json,json,countries,missing,,79 countries,
53,53. Tin et al. (2024). Educational Big Data Mining Comparison of Multiple.json,json,dependent_outcome,partial,0.346,"Academic Performance (discretized into A–D levels from PISA plausible values in math, reading, science, and global competence)",Academic performance (AP) classes A–D
53,53. Tin et al. (2024). Educational Big Data Mining Comparison of Multiple.json,json,journal_venue,disagree,0.297,Educational Big Data Mining,International Journal of Advanced Computer Science and Applications (IJACSA)
54,54. Soares. (2024). Combining Statistical and Machine Learning Methods to.json,json,year,agree,1.0,2024,2024
54,54. Soares. (2024). Combining Statistical and Machine Learning Methods to.json,json,title,agree,0.987,Combining Statistical and Machine Learning Methods to Identify Predictors of Brazilian Students’ Pro ciency in PISA 2018,Combining Statistical and Machine Learning Methods to Identify Predictors of Brazilian Students’ Proficiency in PISA 2018
54,54. Soares. (2024). Combining Statistical and Machine Learning Methods to.json,json,authors,agree,1.0,soares,soares
54,54. Soares. (2024). Combining Statistical and Machine Learning Methods to.json,json,ilsa_assessment,agree,1.0,pisa,pisa
54,54. Soares. (2024). Combining Statistical and Machine Learning Methods to.json,json,ml_methods,agree,1.0,"logistic regression,multilevel,neural network,random forest","logistic regression,multilevel,neural network,random forest"
54,54. Soares. (2024). Combining Statistical and Machine Learning Methods to.json,json,software,partial,0.5,"Python (v.3.10.12) (sklearn, stats)","python,r"
54,54. Soares. (2024). Combining Statistical and Machine Learning Methods to.json,json,countries,agree,1.0,Brazil,bra
54,54. Soares. (2024). Combining Statistical and Machine Learning Methods to.json,json,dependent_outcome,partial,0.361,"Proficiency in mathematics, science, and reading 
(0=Low Proficiency, 1=Proficient)",Mathematics proficiency (Low vs Proficient) Science proficiency (Low vs Proficient) Reading proficiency (Low vs Proficient)
54,54. Soares. (2024). Combining Statistical and Machine Learning Methods to.json,json,journal_venue,agree,1.0,Journal of Psychoeducational Assessment,Journal of Psychoeducational Assessment
55,55. Ramazan et al. (2023). Students’ 2018 PISA reading self-concept Identifying.json,json,year,agree,1.0,2023,2023
55,55. Ramazan et al. (2023). Students’ 2018 PISA reading self-concept Identifying.json,json,title,agree,1.0,Students’ 2018 PISA reading self-concept: Identifying predictors and examining model generalizability for emergent bilinguals,Students’ 2018 PISA reading self-concept: Identifying predictors and examining model generalizability for emergent bilinguals
55,55. Ramazan et al. (2023). Students’ 2018 PISA reading self-concept Identifying.json,json,authors,disagree,0.167,"ardasheva,austin,dai,danielson,hao,ramazan",ramazan
55,55. Ramazan et al. (2023). Students’ 2018 PISA reading self-concept Identifying.json,json,ilsa_assessment,agree,1.0,pisa,pisa
55,55. Ramazan et al. (2023). Students’ 2018 PISA reading self-concept Identifying.json,json,ml_methods,agree,0.85,"elastic net,multilevel,pca","elastic net,multilevel,neural network,random forest"
55,55. Ramazan et al. (2023). Students’ 2018 PISA reading self-concept Identifying.json,json,software,disagree,0.25,"R (caret, glmnet, mice)",r
55,55. Ramazan et al. (2023). Students’ 2018 PISA reading self-concept Identifying.json,json,countries,agree,1.0,USA,usa
55,55. Ramazan et al. (2023). Students’ 2018 PISA reading self-concept Identifying.json,json,dependent_outcome,partial,0.392,Students’ reading self-concept scores,Reading self-concept (questionnaire scale) Reading self-concept (questionnaire scale) Reading self-concept (questionnaire scale)
55,55. Ramazan et al. (2023). Students’ 2018 PISA reading self-concept Identifying.json,json,journal_venue,agree,1.0,Journal of School Psychology,Journal of School Psychology
56,56. Wang et al. (2022). What explains Macau students’ achievement? An.json,json,year,partial,0.5,2022,2023
56,56. Wang et al. (2022). What explains Macau students’ achievement? An.json,json,title,agree,1.0,What explains Macau students’ achievement? An integrative perspective using a machine learning approach,What explains Macau students’ achievement? An integrative perspective using a machine learning approach
56,56. Wang et al. (2022). What explains Macau students’ achievement? An.json,json,authors,agree,0.75,"hawc,king,leung,wang","king,leung,wang"
56,56. Wang et al. (2022). What explains Macau students’ achievement? An.json,json,ilsa_assessment,agree,1.0,pisa,pisa
56,56. Wang et al. (2022). What explains Macau students’ achievement? An.json,json,ml_methods,agree,0.85,"clustering,decision tree,gradient boosting,hlm,random forest,xgboost","gradient boosting,hlm,neural network,random forest,xgboost"
56,56. Wang et al. (2022). What explains Macau students’ achievement? An.json,json,software,disagree,0.333,R (mice),"hlm,r"
56,56. Wang et al. (2022). What explains Macau students’ achievement? An.json,json,countries,disagree,0.0,Macau,mac
56,56. Wang et al. (2022). What explains Macau students’ achievement? An.json,json,dependent_outcome,partial,0.333,Most influential predictors of students reading achievement,Reading achievement (aggregated reading plausible values)
56,56. Wang et al. (2022). What explains Macau students’ achievement? An.json,json,journal_venue,agree,0.787,Journal fot he Study of Education and Development,Journal for the Study of Education and Development / Infancia y Aprendizaje
57,57. Lee. (2022). What drives the performance of Chinese urban and rural.json,json,year,agree,1.0,2022,2022
57,57. Lee. (2022). What drives the performance of Chinese urban and rural.json,json,title,agree,1.0,What drives the performance of Chinese urban and rural secondary schools: A machine learning approach using PISA 2018,What drives the performance of Chinese urban and rural secondary schools: A machine learning approach using PISA 2018
57,57. Lee. (2022). What drives the performance of Chinese urban and rural.json,json,authors,agree,1.0,lee,lee
57,57. Lee. (2022). What drives the performance of Chinese urban and rural.json,json,ilsa_assessment,agree,1.0,pisa,pisa
57,57. Lee. (2022). What drives the performance of Chinese urban and rural.json,json,ml_methods,agree,1.0,"random forest,shap,xgboost","random forest,shap,xgboost"
57,57. Lee. (2022). What drives the performance of Chinese urban and rural.json,json,software,disagree,0.2,"R (XGBoost, Shapley flow implementation)",r
57,57. Lee. (2022). What drives the performance of Chinese urban and rural.json,json,countries,disagree,0.0,"Chinese (Beijing, Shanghai, Jiangsu, and
Zhejiang)",chn
57,57. Lee. (2022). What drives the performance of Chinese urban and rural.json,json,dependent_outcome,disagree,0.151,"School-level average PISA scores (mathematics, science, reading combined into a mean outcome score)",School academic performance (PISA average score) School academic performance (PISA average score) — worst vs benchmark (urban) School academic performance (PISA
57,57. Lee. (2022). What drives the performance of Chinese urban and rural.json,json,journal_venue,agree,1.0,Cities,Cities
58,58. Tahri et al. (2026). Machine-Learning Applications in Predicting Students’.json,json,year,agree,1.0,2026,2026
58,58. Tahri et al. (2026). Machine-Learning Applications in Predicting Students’.json,json,title,agree,1.0,Machine-Learning Applications in Predicting Students’ Non-Cognitive Skills: Evidence from PISA 2022,Machine-Learning Applications in Predicting Students’ Non-Cognitive Skills: Evidence from PISA 2022
58,58. Tahri et al. (2026). Machine-Learning Applications in Predicting Students’.json,json,authors,partial,0.667,"aziku,tahri","aziku,liu,tahri"
58,58. Tahri et al. (2026). Machine-Learning Applications in Predicting Students’.json,json,ilsa_assessment,agree,1.0,pisa,pisa
58,58. Tahri et al. (2026). Machine-Learning Applications in Predicting Students’.json,json,ml_methods,agree,1.0,"gradient boosting,lasso,neural network,random forest,shap","gradient boosting,lasso,neural network,random forest,shap"
58,58. Tahri et al. (2026). Machine-Learning Applications in Predicting Students’.json,json,software,disagree,0.333,"STATA (v18 + v19) for data extraction, processing, and OLS; Python 3.12 for pre-processing","python,r,stata"
58,58. Tahri et al. (2026). Machine-Learning Applications in Predicting Students’.json,json,countries,agree,0.8,"10 OECD countries/economies: Australia, Spain, Estonia, Hong Kong (China), Ireland, Korea, Macao (China), Singapore, Chi","aus,esp,est,hkg,irl,kor,mac,sgp,tur,twn"
58,58. Tahri et al. (2026). Machine-Learning Applications in Predicting Students’.json,json,dependent_outcome,partial,0.332,"Non-cognitive skills (NCS) an equally weighted composite index across five OECD domains: Task performance, Emotional regulation, Collaboration, Open-mindedness,",Non-cognitive skills (NCS) composite index
58,58. Tahri et al. (2026). Machine-Learning Applications in Predicting Students’.json,json,journal_venue,agree,1.0,Fudan Journal of the Humanities and Social Sciences,Fudan Journal of the Humanities and Social Sciences
59,"59. Schwerter et al. (2025). Metropolitan, Urban, and Rural Regions How Regional.json",json,year,agree,1.0,2025,2025
59,"59. Schwerter et al. (2025). Metropolitan, Urban, and Rural Regions How Regional.json",json,title,agree,1.0,"Metropolitan, Urban, and Rural Regions: How Regional Differences Affect Elementary School Students in Germany","Metropolitan, Urban, and Rural Regions: How Regional Differences Affect Elementary School Students in Germany"
59,"59. Schwerter et al. (2025). Metropolitan, Urban, and Rural Regions How Regional.json",json,authors,agree,0.75,"bleher,mcelvany,schwerter","bleher,doebler,mcelvany,schwerter"
59,"59. Schwerter et al. (2025). Metropolitan, Urban, and Rural Regions How Regional.json",json,ilsa_assessment,agree,1.0,pirls,pirls
59,"59. Schwerter et al. (2025). Metropolitan, Urban, and Rural Regions How Regional.json",json,ml_methods,agree,0.85,lasso,"lasso,neural network,pca"
59,"59. Schwerter et al. (2025). Metropolitan, Urban, and Rural Regions How Regional.json",json,software,disagree,0.2,"R (missRanger, psych, glmnet, survey)",r
59,"59. Schwerter et al. (2025). Metropolitan, Urban, and Rural Regions How Regional.json",json,countries,agree,1.0,Germany,deu
59,"59. Schwerter et al. (2025). Metropolitan, Urban, and Rural Regions How Regional.json",json,dependent_outcome,agree,0.716,"Academic track recommendation (Gymnasium vs. not), Enjoyment of school, Reading interest",Academic track recommendation (Gymnasium vs not) Enjoyment of school (latent well-being from Likert items) Reading interest (Likert-based motivation scale)
59,"59. Schwerter et al. (2025). Metropolitan, Urban, and Rural Regions How Regional.json",json,journal_venue,json_missing,,AERA Open,
60,60. Bozku?. (2024). Predictors of reading performance of fourth-grade.json,json,year,partial,0.5,2024,2025
60,60. Bozku?. (2024). Predictors of reading performance of fourth-grade.json,json,title,agree,1.0,Predictors of reading performance of fourth-grade Turkish students,Predictors of reading performance of fourth-grade Turkish students
60,60. Bozku?. (2024). Predictors of reading performance of fourth-grade.json,json,authors,disagree,0.0,bozku,bozkus
60,60. Bozku?. (2024). Predictors of reading performance of fourth-grade.json,json,ilsa_assessment,agree,1.0,pirls,pirls
60,60. Bozku?. (2024). Predictors of reading performance of fourth-grade.json,json,ml_methods,agree,0.85,"k nn,neural network,random forest,svm","k nn,random forest,svm"
60,60. Bozku?. (2024). Predictors of reading performance of fourth-grade.json,json,software,partial,0.5,R (caret),r
60,60. Bozku?. (2024). Predictors of reading performance of fourth-grade.json,json,countries,agree,1.0,Türkiye,tur
60,60. Bozku?. (2024). Predictors of reading performance of fourth-grade.json,json,dependent_outcome,agree,0.49,Student reading performance (binary classification: high / low),Reading performance (binary high vs low using ASRIBM01 first plausible value benchmark)
60,60. Bozku?. (2024). Predictors of reading performance of fourth-grade.json,json,journal_venue,agree,1.0,Turkish Journal of Education,Turkish Journal of Education
61,61. Wang et al. (2022). Beating the odds Identifying the top predictors of.json,json,year,agree,1.0,2022,2022
61,61. Wang et al. (2022). Beating the odds Identifying the top predictors of.json,json,title,agree,1.0,Beating the odds: Identifying the top predictors of resilience among Hong Kong students,Beating the odds: Identifying the top predictors of resilience among Hong Kong students
61,61. Wang et al. (2022). Beating the odds Identifying the top predictors of.json,json,authors,agree,1.0,"king,leung,wang","king,leung,wang"
61,61. Wang et al. (2022). Beating the odds Identifying the top predictors of.json,json,ilsa_assessment,agree,1.0,pisa,pisa
61,61. Wang et al. (2022). Beating the odds Identifying the top predictors of.json,json,ml_methods,agree,0.85,"logistic regression,neural network,random forest","logistic regression,random forest"
61,61. Wang et al. (2022). Beating the odds Identifying the top predictors of.json,json,software,partial,0.667,"SPSS (v.26.0), R (randomForest)","r,spss"
61,61. Wang et al. (2022). Beating the odds Identifying the top predictors of.json,json,countries,agree,0.8,"Hong Kong, China",hkg
61,61. Wang et al. (2022). Beating the odds Identifying the top predictors of.json,json,dependent_outcome,disagree,0.243,"Student Resilience Status (the heightened likelihood of success in school and other life accomplishments, despite environmental adversities brought about by ear",Academic resilience (binary: resilient vs non-resilient)
61,61. Wang et al. (2022). Beating the odds Identifying the top predictors of.json,json,journal_venue,agree,1.0,Child Indicators Research,Child Indicators Research
62,62. Wang et al. (2022). Understanding Chinese Students’ Well?Being A Machine.json,json,year,agree,1.0,2022,2022
62,62. Wang et al. (2022). Understanding Chinese Students’ Well?Being A Machine.json,json,title,agree,1.0,Understanding Chinese Students’ Well?Being: A Machine Learning Study,Understanding Chinese Students’ Well‑Being: A Machine Learning Study
62,62. Wang et al. (2022). Understanding Chinese Students’ Well?Being A Machine.json,json,authors,partial,0.667,"king,leun,wang","king,wang"
62,62. Wang et al. (2022). Understanding Chinese Students’ Well?Being A Machine.json,json,ilsa_assessment,agree,1.0,pisa,pisa
62,62. Wang et al. (2022). Understanding Chinese Students’ Well?Being A Machine.json,json,ml_methods,agree,1.0,"neural network,random forest","neural network,random forest"
62,62. Wang et al. (2022). Understanding Chinese Students’ Well?Being A Machine.json,json,software,missing,,None,r
62,62. Wang et al. (2022). Understanding Chinese Students’ Well?Being A Machine.json,json,countries,agree,1.0,China,chn
62,62. Wang et al. (2022). Understanding Chinese Students’ Well?Being A Machine.json,json,dependent_outcome,partial,0.377,"Chinese students’
subjective and eudaimonic well-being (positive affect, negative affect, and life satisfaction)",Positive affect (subjective well-being) Negative affect (subjective well-being) Life satisfaction (subjective well-being) Eudaimonic well-being (meaning in life
62,62. Wang et al. (2022). Understanding Chinese Students’ Well?Being A Machine.json,json,journal_venue,agree,1.0,Child Indicators Research,Child Indicators Research
63,63. Wan et al. (2025). What are the Most Important Factors Influencing.json,json,year,agree,1.0,2025,2025
63,63. Wan et al. (2025). What are the Most Important Factors Influencing.json,json,title,agree,1.0,What are the Most Important Factors Influencing Science Performance? A Machine Learning Study of Singaporean and Finish PISA Data,What are the Most Important Factors Influencing Science Performance? A Machine Learning Study of Singaporean and Finish PISA Data
63,63. Wan et al. (2025). What are the Most Important Factors Influencing.json,json,authors,partial,0.667,"wan,weng,zhang","wan,zhang"
63,63. Wan et al. (2025). What are the Most Important Factors Influencing.json,json,ilsa_assessment,agree,1.0,pisa,pisa
63,63. Wan et al. (2025). What are the Most Important Factors Influencing.json,json,ml_methods,agree,0.85,random forest,"neural network,random forest"
63,63. Wan et al. (2025). What are the Most Important Factors Influencing.json,json,software,partial,0.667,SPSS (v.25.0) and R (randomForest),"r,spss"
63,63. Wan et al. (2025). What are the Most Important Factors Influencing.json,json,countries,agree,0.8,Singapore and Finland,"fin,sgp"
63,63. Wan et al. (2025). What are the Most Important Factors Influencing.json,json,dependent_outcome,partial,0.312,Student’s science performance,Science performance (all 10 plausible values) Science performance (all 10 plausible values) Science performance (all 10 plausible values)
63,63. Wan et al. (2025). What are the Most Important Factors Influencing.json,json,journal_venue,json_missing,,International Journal of Science and Mathematics Education,
64,64. Constante-Amores et al. (2024). Contribution of machine learning to the analysis of.json,json,year,agree,1.0,2024,2024
64,64. Constante-Amores et al. (2024). Contribution of machine learning to the analysis of.json,json,title,agree,1.0,Contribution of machine learning to the analysis of grade repetition in Spain: A study based on PISA data,Contribution of machine learning to the analysis of grade repetition in Spain: A study based on PISA data
64,64. Constante-Amores et al. (2024). Contribution of machine learning to the analysis of.json,json,authors,agree,1.0,"arroyo resino,asensio munoz,constante amores,sanchez munilla","arroyo resino,asensio munoz,constante amores,sanchez munilla"
64,64. Constante-Amores et al. (2024). Contribution of machine learning to the analysis of.json,json,ilsa_assessment,agree,1.0,pisa,pisa
64,64. Constante-Amores et al. (2024). Contribution of machine learning to the analysis of.json,json,ml_methods,agree,0.85,"decision tree,gradient boosting,logistic regression,multilevel,random forest","decision tree,gradient boosting,logistic regression,multilevel,neural network,random forest"
64,64. Constante-Amores et al. (2024). Contribution of machine learning to the analysis of.json,json,software,disagree,0.143,"R (v.4.4.0) caret, stochastic gradient boosting (gbm), lme4",r
64,64. Constante-Amores et al. (2024). Contribution of machine learning to the analysis of.json,json,countries,agree,1.0,Spain,esp
64,64. Constante-Amores et al. (2024). Contribution of machine learning to the analysis of.json,json,dependent_outcome,agree,0.629,Grade repetition in primary school; grade repetition in secondary school (binary outcomes),Grade repetition in primary education (repeated at least once) Grade repetition in secondary education (repeated at least once)
64,64. Constante-Amores et al. (2024). Contribution of machine learning to the analysis of.json,json,journal_venue,agree,1.0,"Revista
Española de Pedagogía",Revista Española de Pedagogía
65,65. Khine et al. (2024). A Machine-Learning Approach to Predicting the.json,json,year,agree,1.0,2024,2024
65,65. Khine et al. (2024). A Machine-Learning Approach to Predicting the.json,json,title,agree,1.0,"A Machine-Learning Approach to Predicting the Achievement of Australian Students Using School Climate; Learner Characteristics; and Economic, Social, and Cultur","A Machine-Learning Approach to Predicting the Achievement of Australian Students Using School Climate; Learner Characteristics; and Economic, Social, and Cultur"
65,65. Khine et al. (2024). A Machine-Learning Approach to Predicting the.json,json,authors,disagree,0.0,"afari,khine,liu,pallipuram",
65,65. Khine et al. (2024). A Machine-Learning Approach to Predicting the.json,json,ilsa_assessment,agree,1.0,pisa,pisa
65,65. Khine et al. (2024). A Machine-Learning Approach to Predicting the.json,json,ml_methods,agree,0.9,"decision tree,elastic net,gradient boosting,k nn,knn,neural network,random forest,shap,svm,xgboost","decision tree,elastic net,k nn,knn,neural network,random forest,shap,svm,xgboost"
65,65. Khine et al. (2024). A Machine-Learning Approach to Predicting the.json,json,software,partial,0.5,"R (v.4.3.2), Python (v.3.8.19) (Scikit-Learn)","python,r"
65,65. Khine et al. (2024). A Machine-Learning Approach to Predicting the.json,json,countries,agree,0.8,Australia,aus
65,65. Khine et al. (2024). A Machine-Learning Approach to Predicting the.json,json,dependent_outcome,agree,0.486,Mathematics achievement score (PISA plausible values combined as predicted target),Mathematics achievement (ACHIEVE)
65,65. Khine et al. (2024). A Machine-Learning Approach to Predicting the.json,json,journal_venue,agree,1.0,Education Sciences,Education Sciences
66,66. Qiao. (2022). Diagnostic Classification Analysis Of Problem-Solving.json,json,year,agree,1.0,2022,2022
66,66. Qiao. (2022). Diagnostic Classification Analysis Of Problem-Solving.json,json,title,agree,1.0,Diagnostic Classification Analysis Of Problem-Solving Competence Using Process Data: An Item Expansion Method,DIAGNOSTIC CLASSIFICATION ANALYSIS OF PROBLEM-SOLVING COMPETENCE USING PROCESS DATA: AN ITEM EXPANSION METHOD
66,66. Qiao. (2022). Diagnostic Classification Analysis Of Problem-Solving.json,json,authors,partial,0.5,qiao,"qiao,zhan"
66,66. Qiao. (2022). Diagnostic Classification Analysis Of Problem-Solving.json,json,ilsa_assessment,agree,1.0,pisa,pisa
66,66. Qiao. (2022). Diagnostic Classification Analysis Of Problem-Solving.json,json,ml_methods,missing,,,
66,66. Qiao. (2022). Diagnostic Classification Analysis Of Problem-Solving.json,json,software,disagree,0.333,"R (GDINA, TAM)",r
66,66. Qiao. (2022). Diagnostic Classification Analysis Of Problem-Solving.json,json,countries,agree,0.8,"USA, Singapore, Austria, and Turkey","aut,sgp,tur,usa"
66,66. Qiao. (2022). Diagnostic Classification Analysis Of Problem-Solving.json,json,dependent_outcome,disagree,0.143,Problem-solving competence and mastery patterns of five problem-solving skills,Diagnostic classification of problem-solving skills (latent attribute patterns / latent classes) Problem-solving ability estimates (higher-order latent ability 
66,66. Qiao. (2022). Diagnostic Classification Analysis Of Problem-Solving.json,json,journal_venue,partial,0.667,Psychometric Society,Psychometrika
67,67. Anghel et al. (2024). The use of process data in large?scale assessments a.json,json,year,agree,1.0,2024,2024
67,67. Anghel et al. (2024). The use of process data in large?scale assessments a.json,json,title,agree,1.0,The use of process data in large?scale assessments: a literature review,The use of process data in large-scale assessments: a literature review
67,67. Anghel et al. (2024). The use of process data in large?scale assessments a.json,json,authors,disagree,0.2,"anghel,davier,khorramdel","anghel,linden,lynch"
67,67. Anghel et al. (2024). The use of process data in large?scale assessments a.json,json,ilsa_assessment,disagree,0.0,,"piaac,pisa,timss"
67,67. Anghel et al. (2024). The use of process data in large?scale assessments a.json,json,ml_methods,disagree,0.0,,random forest
67,67. Anghel et al. (2024). The use of process data in large?scale assessments a.json,json,software,partial,0.5,R (stm),r
67,67. Anghel et al. (2024). The use of process data in large?scale assessments a.json,json,countries,missing,,None,
67,67. Anghel et al. (2024). The use of process data in large?scale assessments a.json,json,dependent_outcome,partial,0.333,Not applicable (review paper),problem-solving
67,67. Anghel et al. (2024). The use of process data in large?scale assessments a.json,json,journal_venue,agree,1.0,Large-scale Assessments in Education ,Large-scale Assessments in Education
68,68. Peters et al. (2025). Review of Text-Based Approaches to Item Difficulty.json,json,year,agree,1.0,2025,2025
68,68. Peters et al. (2025). Review of Text-Based Approaches to Item Difficulty.json,json,title,agree,1.0,Review of Text-Based Approaches to Item Difficulty Modeling in Large-Scale Assessments,Review of Text-Based Approaches to Item Difficulty Modeling in Large-Scale Assessments
68,68. Peters et al. (2025). Review of Text-Based Approaches to Item Difficulty.json,json,authors,agree,1.0,"jiao,li,peters,zhang,zhou","jiao,li,peters,zhang,zhou"
68,68. Peters et al. (2025). Review of Text-Based Approaches to Item Difficulty.json,json,ilsa_assessment,missing,,,
68,68. Peters et al. (2025). Review of Text-Based Approaches to Item Difficulty.json,json,ml_methods,partial,0.2,"bert,cnn,decision tree,gradient boosting,lightgbm,lstm,neural network,random forest,svm,xgboost","neural network,random forest"
68,68. Peters et al. (2025). Review of Text-Based Approaches to Item Difficulty.json,json,software,missing,,None,r
68,68. Peters et al. (2025). Review of Text-Based Approaches to Item Difficulty.json,json,countries,missing,,None,
68,68. Peters et al. (2025). Review of Text-Based Approaches to Item Difficulty.json,json,dependent_outcome,disagree,0.071,"Item difficulty indicators: IRT b-parameter, transformed p-value, p-value, categorical difficulty levels, error rate, Delta","This paper is a systematic review of text-based approaches to automated item difficulty prediction in large-scale assessments, synthesizing 37 articles (46 stud"
68,68. Peters et al. (2025). Review of Text-Based Approaches to Item Difficulty.json,json,journal_venue,agree,0.785,Proceedings of the Artificial Intelligence in Measurement and Education Conference,Proceedings of the Artificial Intelligence in Measurement and Education Conference (AIME-Con) – Volume 3: Coordinated Se
69,69. Hernández?Torrano & Courtney. (2021). Modern international large?scale assessment in.json,json,year,agree,1.0,2021,2021
69,69. Hernández?Torrano & Courtney. (2021). Modern international large?scale assessment in.json,json,title,agree,1.0,Modern international large?scale assessment in education: an integrative review and mapping of the literature,Modern international large-scale assessment in education: an integrative review and mapping of the literature
69,69. Hernández?Torrano & Courtney. (2021). Modern international large?scale assessment in.json,json,authors,agree,1.0,"courtney,hernandez torrano","courtney,hernandez torrano"
69,69. Hernández?Torrano & Courtney. (2021). Modern international large?scale assessment in.json,json,ilsa_assessment,agree,1.0,"iccs,icils,pirls,pisa,timss","iccs,icils,pirls,pisa,timss"
69,69. Hernández?Torrano & Courtney. (2021). Modern international large?scale assessment in.json,json,ml_methods,missing,,,
69,69. Hernández?Torrano & Courtney. (2021). Modern international large?scale assessment in.json,json,software,disagree,0.333,Bibliometrix (v.3.0) and VOSviewer,r
69,69. Hernández?Torrano & Courtney. (2021). Modern international large?scale assessment in.json,json,countries,disagree,0.0,None,"aus,bel,can,chn,deu,esp,fin,gbr,ita,nld,nor,swe,tur,usa,zaf"
69,69. Hernández?Torrano & Courtney. (2021). Modern international large?scale assessment in.json,json,dependent_outcome,partial,0.298,Not applicable (bibliometric synthesis),Literature synthesis outcome (not student-level prediction)
69,69. Hernández?Torrano & Courtney. (2021). Modern international large?scale assessment in.json,json,journal_venue,agree,1.0,Large-scale Assessments in Education ,Large-scale Assessments in Education
70,70. Maia et al. (2023). Applications of Artificial Intelligence Models in.json,json,year,agree,1.0,2023,2023
70,70. Maia et al. (2023). Applications of Artificial Intelligence Models in.json,json,title,agree,1.0,Applications of Artificial Intelligence Models in Educational Analytics and Decision Making: A Systematic Review,Applications of Artificial Intelligence Models in Educational Analytics and Decision Making: A Systematic Review
70,70. Maia et al. (2023). Applications of Artificial Intelligence Models in.json,json,authors,disagree,0.0,"bueno,maia,sato","a p a b,j d s z m,j r s"
70,70. Maia et al. (2023). Applications of Artificial Intelligence Models in.json,json,ilsa_assessment,disagree,0.0,,"pisa,timss"
70,70. Maia et al. (2023). Applications of Artificial Intelligence Models in.json,json,ml_methods,partial,0.6,"clustering,decision tree,neural network,random forest,svm","decision tree,neural network,random forest"
70,70. Maia et al. (2023). Applications of Artificial Intelligence Models in.json,json,software,disagree,0.083,"R (most common), Weka, Python, SPSS, Matlab, SAS, Statistica; ~20% did not specify software",r
70,70. Maia et al. (2023). Applications of Artificial Intelligence Models in.json,json,countries,disagree,0.0,None,"bra,prt,tur"
70,70. Maia et al. (2023). Applications of Artificial Intelligence Models in.json,json,dependent_outcome,partial,0.252,Not applicable (systematic review),predicting or classifying basic-education performance (primary/secondary/high sc
70,70. Maia et al. (2023). Applications of Artificial Intelligence Models in.json,json,journal_venue,agree,1.0,World,World
71,71. Huang et al. (2025). The Application of Machine Learning to Educational.json,json,year,agree,1.0,2025,2025
71,71. Huang et al. (2025). The Application of Machine Learning to Educational.json,json,title,agree,1.0,The Application of Machine Learning to Educational Process Data Analysis: A Systematic Review,The Application of Machine Learning to Educational Process Data Analysis: A Systematic Review
71,71. Huang et al. (2025). The Application of Machine Learning to Educational.json,json,authors,disagree,0.2,"chang,huang,xin","c,huang,x"
71,71. Huang et al. (2025). The Application of Machine Learning to Educational.json,json,ilsa_assessment,missing,,,
71,71. Huang et al. (2025). The Application of Machine Learning to Educational.json,json,ml_methods,partial,0.143,"cnn,decision tree,lstm,neural network,random forest,svm,xgboost",random forest
71,71. Huang et al. (2025). The Application of Machine Learning to Educational.json,json,software,disagree,0.25,Not applicable (systematic review),r
71,71. Huang et al. (2025). The Application of Machine Learning to Educational.json,json,countries,missing,,None,
71,71. Huang et al. (2025). The Application of Machine Learning to Educational.json,json,dependent_outcome,disagree,0.043,Not applicable (systematic review),This paper is a systematic review rather than an empirical ML study on a single dataset. It synthesizes 38 peer-reviewed publications (2013–2024) and reports de
71,71. Huang et al. (2025). The Application of Machine Learning to Educational.json,json,journal_venue,agree,1.0,Education Sciences,Education Sciences
72,72. Teig. (2023). Uncovering Student Strategies for Solving Scientific.json,json,year,partial,0.5,2023,2024
72,72. Teig. (2023). Uncovering Student Strategies for Solving Scientific.json,json,title,agree,1.0,Uncovering Student Strategies for Solving Scientific Inquiry Tasks: Insights from Student Process Data in PISA,Uncovering Student Strategies for Solving Scientific Inquiry Tasks: Insights from Student Process Data in PISA
72,72. Teig. (2023). Uncovering Student Strategies for Solving Scientific.json,json,authors,agree,1.0,teig,teig
72,72. Teig. (2023). Uncovering Student Strategies for Solving Scientific.json,json,ilsa_assessment,agree,1.0,pisa,pisa
72,72. Teig. (2023). Uncovering Student Strategies for Solving Scientific.json,json,ml_methods,disagree,0.0,,random forest
72,72. Teig. (2023). Uncovering Student Strategies for Solving Scientific.json,json,software,disagree,0.0,Disco,r
72,72. Teig. (2023). Uncovering Student Strategies for Solving Scientific.json,json,countries,disagree,0.0,None,nor
72,72. Teig. (2023). Uncovering Student Strategies for Solving Scientific.json,json,dependent_outcome,partial,0.354,"Response accuracy (MC questions, data-response/text-response), Profile membership (strategic, emergent, disengaged)",Inquiry task performance profile indicators (correct/partial/incorrect) via process-mining sequences Inquiry performance latent profiles (strategic vs emergent 
72,72. Teig. (2023). Uncovering Student Strategies for Solving Scientific.json,json,journal_venue,agree,1.0,Research in Science Education,Research in Science Education
73,73. Yun et al. (2025). Discovering action insights from large-scale.json,json,year,agree,1.0,2025,2025
73,73. Yun et al. (2025). Discovering action insights from large-scale.json,json,title,agree,1.0,Discovering action insights from large-scale assessment log data using machine learning,Discovering action insights from large-scale assessment log data using machine learning
73,73. Yun et al. (2025). Discovering action insights from large-scale.json,json,authors,disagree,0.0,"jeon,yang,yun",
73,73. Yun et al. (2025). Discovering action insights from large-scale.json,json,ilsa_assessment,agree,1.0,piaac,piaac
73,73. Yun et al. (2025). Discovering action insights from large-scale.json,json,ml_methods,agree,1.0,"clustering,neural network,random forest","clustering,neural network,random forest"
73,73. Yun et al. (2025). Discovering action insights from large-scale.json,json,software,missing,,None,r
73,73. Yun et al. (2025). Discovering action insights from large-scale.json,json,countries,missing,,Belgium,
73,73. Yun et al. (2025). Discovering action insights from large-scale.json,json,dependent_outcome,agree,0.591,Performance outcome (score 0 vs 3; correct vs incorrect),Party Invitation performance group (score0 vs score3) Club Membership performance group (correct vs incorrect)
73,73. Yun et al. (2025). Discovering action insights from large-scale.json,json,journal_venue,agree,1.0,Scientific Reports,Scientific Reports
74,74. Ding et al. (2025). Evaluating test-taking motivation based on process.json,json,year,agree,1.0,2025,2025
74,74. Ding et al. (2025). Evaluating test-taking motivation based on process.json,json,title,agree,1.0,Evaluating test-taking motivation based on process data and its influence on academic performance,Evaluating test-taking motivation based on process data and its influence on academic performance
74,74. Ding et al. (2025). Evaluating test-taking motivation based on process.json,json,authors,agree,1.0,"ding,li,liu,sang","ding,li,liu,sang"
74,74. Ding et al. (2025). Evaluating test-taking motivation based on process.json,json,ilsa_assessment,agree,1.0,pisa,pisa
74,74. Ding et al. (2025). Evaluating test-taking motivation based on process.json,json,ml_methods,agree,1.0,"clustering,multilevel,random forest","clustering,multilevel,random forest"
74,74. Ding et al. (2025). Evaluating test-taking motivation based on process.json,json,software,disagree,0.333,"R (v.4.1.0), SPSS (v.20.0), Mplus (v.8.11) ",r
74,74. Ding et al. (2025). Evaluating test-taking motivation based on process.json,json,countries,agree,1.0,"China (Beijing, Shanghai, Jiangsu,
and Zhejiang), Singapore, South Korea, Japan, United Kingdom, United States, Canada, ","aus,can,chn,gbr,jpn,kor,sgp,usa"
74,74. Ding et al. (2025). Evaluating test-taking motivation based on process.json,json,dependent_outcome,partial,0.337,Science academic performance,Science academic performance (PISA science PV; first plausible score) Science academic performance moderation by culture (Western vs Confucian)
74,74. Ding et al. (2025). Evaluating test-taking motivation based on process.json,json,journal_venue,agree,1.0,Acta Psychologica,Acta Psychologica
75,75. Aydin et al. (2025). Investigating the Predictive Performance of Process.json,json,year,agree,1.0,2025,2025
75,75. Aydin et al. (2025). Investigating the Predictive Performance of Process.json,json,title,agree,1.0,Investigating the Predictive Performance of Process Data and Result Data in Complex Problem Solving Using the Conditional Gradient Boosting Algorithm,Investigating the Predictive Performance of Process Data and Result Data in Complex Problem Solving Using the Conditional Gradient Boosting Algorithm
75,75. Aydin et al. (2025). Investigating the Predictive Performance of Process.json,json,authors,disagree,0.2,"aydin,dilek,kabasakal","aydin,demir,korkmaz"
75,75. Aydin et al. (2025). Investigating the Predictive Performance of Process.json,json,ilsa_assessment,agree,1.0,pisa,pisa
75,75. Aydin et al. (2025). Investigating the Predictive Performance of Process.json,json,ml_methods,agree,0.85,"gradient boosting,neural network","gradient boosting,neural network,random forest"
75,75. Aydin et al. (2025). Investigating the Predictive Performance of Process.json,json,software,disagree,0.167,"R (v.4.4.2) (TAM, ltm, mboost, Metrics, caret)",r
75,75. Aydin et al. (2025). Investigating the Predictive Performance of Process.json,json,countries,agree,1.0,Türkiye,tur
75,75. Aydin et al. (2025). Investigating the Predictive Performance of Process.json,json,dependent_outcome,partial,0.352,"CPS ability score (scaled mean 500, SD 100); estimated via IRT (EAP estimates under GPCM)","CPS score (scaled ability; EAP, IRT-based) CPS score (scaled ability; EAP, IRT-based) CPS score (scaled ability; EAP, IRT-based)"
75,75. Aydin et al. (2025). Investigating the Predictive Performance of Process.json,json,journal_venue,agree,1.0,"Journal
of Intelligence",Journal of Intelligence
76,76. Guo et al. (2024). Human-Centered AI for Discovering Student Engagement.json,json,year,agree,1.0,2024,2024
76,76. Guo et al. (2024). Human-Centered AI for Discovering Student Engagement.json,json,title,agree,1.0,Human-Centered AI for Discovering Student Engagement Profiles on Large-Scale Educational Assessments,Human-Centered AI for Discovering Student Engagement Profiles on Large-Scale Educational Assessments
76,76. Guo et al. (2024). Human-Centered AI for Discovering Student Engagement.json,json,authors,disagree,0.0,"ercikan,guo,johnson,saldivia,worthington","h,k,l,m"
76,76. Guo et al. (2024). Human-Centered AI for Discovering Student Engagement.json,json,ilsa_assessment,missing,,,
76,76. Guo et al. (2024). Human-Centered AI for Discovering Student Engagement.json,json,ml_methods,partial,0.4,"clustering,lstm,neural network","lstm,neural network,random forest,svm"
76,76. Guo et al. (2024). Human-Centered AI for Discovering Student Engagement.json,json,software,disagree,0.333,"Python, TensorFlow",r
76,76. Guo et al. (2024). Human-Centered AI for Discovering Student Engagement.json,json,countries,agree,1.0,USA,usa
76,76. Guo et al. (2024). Human-Centered AI for Discovering Student Engagement.json,json,dependent_outcome,agree,0.528,Engagement profiles,Engagement profile membership (10 preliminary profiles)
76,76. Guo et al. (2024). Human-Centered AI for Discovering Student Engagement.json,json,journal_venue,agree,1.0,Journal of Measurement and Evaluation in Education and Psychology,Journal of Measurement and Evaluation in Education and Psychology
77,77. Shin et al. (2024). An engagement?aware predictive model to evaluate.json,json,year,agree,1.0,2024,2024
77,77. Shin et al. (2024). An engagement?aware predictive model to evaluate.json,json,title,agree,1.0,An engagement?aware predictive model to evaluate problem?solving performance from the study of adult skills’ (PIAAC 2012) process data,An engagement‑aware predictive model to evaluate problem‑solving performance from the study of adult skills’ (PIAAC 2012) process data
77,77. Shin et al. (2024). An engagement?aware predictive model to evaluate.json,json,authors,disagree,0.143,"gierl,junior,shin,wang","g,p,shin,w"
77,77. Shin et al. (2024). An engagement?aware predictive model to evaluate.json,json,ilsa_assessment,agree,1.0,piaac,piaac
77,77. Shin et al. (2024). An engagement?aware predictive model to evaluate.json,json,ml_methods,agree,0.85,"lstm,neural network,pca,random forest","lstm,neural network,random forest"
77,77. Shin et al. (2024). An engagement?aware predictive model to evaluate.json,json,software,missing,,None,r
77,77. Shin et al. (2024). An engagement?aware predictive model to evaluate.json,json,countries,agree,1.0,"USA, South Korea, and UK","gbr,kor,usa"
77,77. Shin et al. (2024). An engagement?aware predictive model to evaluate.json,json,dependent_outcome,agree,0.621,Task-specific problem-solving performance (categorical) and Engagement level (binary),Problem-solving performance (task/category scores) Task engagement status (engaged vs disengaged)
77,77. Shin et al. (2024). An engagement?aware predictive model to evaluate.json,json,journal_venue,agree,1.0,Large-scale Assessments in Education,Large-scale Assessments in Education
78,78. Salles et al. (2020). When didactics meet data science process data analysis.json,json,year,agree,1.0,2020,2020
78,78. Salles et al. (2020). When didactics meet data science process data analysis.json,json,title,agree,1.0,When didactics meet data science: process data analysis in large?scale mathematics assessment in France,When didactics meet data science: process data analysis in large‑scale mathematics assessment in France
78,78. Salles et al. (2020). When didactics meet data science process data analysis.json,json,authors,disagree,0.333,"keskpaik,salles,santos",salles
78,78. Salles et al. (2020). When didactics meet data science process data analysis.json,json,ilsa_assessment,missing,,,
78,78. Salles et al. (2020). When didactics meet data science process data analysis.json,json,ml_methods,agree,0.85,"clustering,pca,random forest","clustering,random forest"
78,78. Salles et al. (2020). When didactics meet data science process data analysis.json,json,software,disagree,0.25,Python (v.3.0) (scikit-learn),r
78,78. Salles et al. (2020). When didactics meet data science process data analysis.json,json,countries,agree,1.0,France,fra
78,78. Salles et al. (2020). When didactics meet data science process data analysis.json,json,dependent_outcome,agree,0.472,Success on the item (binary: correct / incorrect),Item success (correct boolean)
78,78. Salles et al. (2020). When didactics meet data science process data analysis.json,json,journal_venue,agree,1.0,Large-scale Assessments in Education,Large-scale Assessments in Education
79,79. Peji? & Molcer. (2021). Predictive Machine Learning Approach for Complex.json,json,year,agree,1.0,2021,2021
79,79. Peji? & Molcer. (2021). Predictive Machine Learning Approach for Complex.json,json,title,agree,1.0,Predictive Machine Learning Approach for Complex Problem Solving Process Data Mining,Predictive Machine Learning Approach for Complex Problem Solving Process Data Mining
79,79. Peji? & Molcer. (2021). Predictive Machine Learning Approach for Complex.json,json,authors,disagree,0.0,"molcer,peji",pejic
79,79. Peji? & Molcer. (2021). Predictive Machine Learning Approach for Complex.json,json,ilsa_assessment,agree,1.0,pisa,pisa
79,79. Peji? & Molcer. (2021). Predictive Machine Learning Approach for Complex.json,json,ml_methods,agree,1.0,"decision tree,gradient boosting,logistic regression,neural network,random forest","decision tree,gradient boosting,logistic regression,neural network,random forest"
79,79. Peji? & Molcer. (2021). Predictive Machine Learning Approach for Complex.json,json,software,missing,,None,r
79,79. Peji? & Molcer. (2021). Predictive Machine Learning Approach for Complex.json,json,countries,missing,,44 countries,
79,79. Peji? & Molcer. (2021). Predictive Machine Learning Approach for Complex.json,json,dependent_outcome,partial,0.444,Students' achievment (bianry: success / failure),Climate Control task success (TRUE/FALSE)
79,79. Peji? & Molcer. (2021). Predictive Machine Learning Approach for Complex.json,json,journal_venue,agree,1.0,Acta Polytechnica Hungarica ,Acta Polytechnica Hungarica
80,80. Peters et al. (2025). Text-Based Approaches to Item Difficulty Modeling in.json,json,year,agree,1.0,2025,2025
80,80. Peters et al. (2025). Text-Based Approaches to Item Difficulty Modeling in.json,json,title,agree,1.0,Text-Based Approaches to Item Difficulty Modeling in Large-Scale Assessments: A Systematic Review,Text-Based Approaches to Item Difficulty Modeling in Large-Scale Assessments: A Systematic Review
80,80. Peters et al. (2025). Text-Based Approaches to Item Difficulty Modeling in.json,json,authors,disagree,0.167,"jiao,li,lissitz,peters,zhang,zhou",peters
80,80. Peters et al. (2025). Text-Based Approaches to Item Difficulty Modeling in.json,json,ilsa_assessment,missing,,,
80,80. Peters et al. (2025). Text-Based Approaches to Item Difficulty Modeling in.json,json,ml_methods,partial,0.071,"cnn,decision tree,elastic net,gradient boosting,k nn,knn,lasso,lightgbm,logistic regression,neural network,random forest,ridge",random forest
80,80. Peters et al. (2025). Text-Based Approaches to Item Difficulty Modeling in.json,json,software,disagree,0.25,Not applicable (systematic review),r
80,80. Peters et al. (2025). Text-Based Approaches to Item Difficulty Modeling in.json,json,countries,missing,,None,
80,80. Peters et al. (2025). Text-Based Approaches to Item Difficulty Modeling in.json,json,dependent_outcome,disagree,0.163,"Item difficulty (IRT b parameters, CTT p-values, transformed p-values, error rates, delta (?), and categorical difficulty levels)","This systematic review synthesizes 37 articles (46 difficulty-prediction studies) on text-based item difficulty modeling in large-scale assessment contexts, foc"
80,80. Peters et al. (2025). Text-Based Approaches to Item Difficulty Modeling in.json,json,journal_venue,json_missing,,ArXiv,
81,81. Schipper et al. (2025). Identifying students’ solution strategies in digital.json,json,year,agree,1.0,2025,2025
81,81. Schipper et al. (2025). Identifying students’ solution strategies in digital.json,json,title,agree,1.0,Identifying students’ solution strategies in digital mathematics assessment using log data,Identifying students’ solution strategies in digital mathematics assessment using log data
81,81. Schipper et al. (2025). Identifying students’ solution strategies in digital.json,json,authors,disagree,0.143,"drijvers,feskens,keskpaik,salles,santos,schipper,veldkamp",schipper
81,81. Schipper et al. (2025). Identifying students’ solution strategies in digital.json,json,ilsa_assessment,missing,,,
81,81. Schipper et al. (2025). Identifying students’ solution strategies in digital.json,json,ml_methods,disagree,0.0,,"clustering,random forest"
81,81. Schipper et al. (2025). Identifying students’ solution strategies in digital.json,json,software,disagree,0.333,"R (v.4.4.1), depmixS4 package (v.1.5-0",r
81,81. Schipper et al. (2025). Identifying students’ solution strategies in digital.json,json,countries,agree,1.0,France,fra
81,81. Schipper et al. (2025). Identifying students’ solution strategies in digital.json,json,dependent_outcome,agree,0.462,Students' mathematical ability,"Solution strategy groups (finite mixture classes) Mathematical ability (estimated theta, WLE)"
81,81. Schipper et al. (2025). Identifying students’ solution strategies in digital.json,json,journal_venue,agree,1.0,"Large-scale Assessments
in Education",Large-scale Assessments in Education
82,82. Costa & Chen. (2023). Exploring the relationship between process data and.json,json,year,agree,1.0,2023,2023
82,82. Costa & Chen. (2023). Exploring the relationship between process data and.json,json,title,agree,1.0,Exploring the relationship between process data and contextual variables among Scandinavian students on PISA 2012 mathematics tasks,Exploring the relationship between process data and contextual variables among Scandinavian students on PISA 2012 mathematics tasks
82,82. Costa & Chen. (2023). Exploring the relationship between process data and.json,json,authors,agree,1.0,"chen,costa","chen,costa"
82,82. Costa & Chen. (2023). Exploring the relationship between process data and.json,json,ilsa_assessment,agree,1.0,pisa,pisa
82,82. Costa & Chen. (2023). Exploring the relationship between process data and.json,json,ml_methods,disagree,0.0,random forest,
82,82. Costa & Chen. (2023). Exploring the relationship between process data and.json,json,software,disagree,0.25,"R (lavaan, lavaan.survey, LOGAN)(v.4.0.4)",r
82,82. Costa & Chen. (2023). Exploring the relationship between process data and.json,json,countries,disagree,0.0,"Denmark, Sweden, and Norway","dnk,nor,swe"
82,82. Costa & Chen. (2023). Exploring the relationship between process data and.json,json,dependent_outcome,partial,0.289,"Mathematics performance (accuracy), Speed (log response time), Exploration behaviour (log frequency of actions)",Measurement invariance level for the three-factor process model
82,82. Costa & Chen. (2023). Exploring the relationship between process data and.json,json,journal_venue,agree,1.0,"Large-scale Assessments
in Education",Large-scale Assessments in Education
83,83. Murchan & Siddiq. (2021). A call to action a systematic review of ethical and.json,json,year,agree,1.0,2021,2021
83,83. Murchan & Siddiq. (2021). A call to action a systematic review of ethical and.json,json,title,agree,1.0,A call to action: a systematic review of ethical and regulatory issues in using process data in educational assessment,A call to action: a systematic review of ethical and regulatory issues in using process data in educational assessment
83,83. Murchan & Siddiq. (2021). A call to action a systematic review of ethical and.json,json,authors,agree,1.0,"murchan,siddiq","murchan,siddiq"
83,83. Murchan & Siddiq. (2021). A call to action a systematic review of ethical and.json,json,ilsa_assessment,missing,,,
83,83. Murchan & Siddiq. (2021). A call to action a systematic review of ethical and.json,json,ml_methods,missing,,,
83,83. Murchan & Siddiq. (2021). A call to action a systematic review of ethical and.json,json,software,disagree,0.091,EndNote X9 (duplicate removal); not explicitly stated for analysis (manual coding + descriptive statistics),r
83,83. Murchan & Siddiq. (2021). A call to action a systematic review of ethical and.json,json,countries,missing,,None,
83,83. Murchan & Siddiq. (2021). A call to action a systematic review of ethical and.json,json,dependent_outcome,partial,0.301,"Ethical, privacy, and regulatory considerations are reflected in studies using process data",Literature synthesis outcome (not student-level prediction)
83,83. Murchan & Siddiq. (2021). A call to action a systematic review of ethical and.json,json,journal_venue,agree,1.0,Large-scale Assessments in Education ,Large-scale Assessments in Education
84,84. Gong et al. (2023). Using process features to investigate scientific.json,json,year,agree,1.0,2023,2023
84,84. Gong et al. (2023). Using process features to investigate scientific.json,json,title,agree,1.0,Using process features to investigate scientific problem-solving in large-scale assessments,Using process features to investigate scientific problem-solving in large-scale assessments
84,84. Gong et al. (2023). Using process features to investigate scientific.json,json,authors,agree,1.0,"arslan,gong,jiang,shuai","arslan,gong,jiang,shuai"
84,84. Gong et al. (2023). Using process features to investigate scientific.json,json,ilsa_assessment,missing,,,
84,84. Gong et al. (2023). Using process features to investigate scientific.json,json,ml_methods,missing,,,
84,84. Gong et al. (2023). Using process features to investigate scientific.json,json,software,partial,0.5,R (v.3.6.1) (stats),r
84,84. Gong et al. (2023). Using process features to investigate scientific.json,json,countries,agree,1.0,USA,usa
84,84. Gong et al. (2023). Using process features to investigate scientific.json,json,dependent_outcome,disagree,0.189,Problem-solving performance score (CVS performance; full/partial/low score categories),Item score (fair test 1; rubric score 1-3) Item score (fair test 2; rubric score 1-3) Item score (exhaustive test 1; rubric score 1-4) Item score (exhaustive te
84,84. Gong et al. (2023). Using process features to investigate scientific.json,json,journal_venue,agree,1.0,Frontiers in Psychology,Frontiers in Psychology
85,85. Ludwig et al. (2024). Predicting problem-solving success in an office.json,json,year,agree,1.0,2024,2024
85,85. Ludwig et al. (2024). Predicting problem-solving success in an office.json,json,title,agree,1.0,Predicting problem-solving success in an office simulation applying N-grams and a random forest to behavioral process data,Predicting problem-solving success in an office simulation applying N-grams and a random forest to behavioral process data
85,85. Ludwig et al. (2024). Predicting problem-solving success in an office.json,json,authors,agree,1.0,"deutscher,ludwig,rausch,seifried","deutscher,ludwig,rausch,seifried"
85,85. Ludwig et al. (2024). Predicting problem-solving success in an office.json,json,ilsa_assessment,missing,,,
85,85. Ludwig et al. (2024). Predicting problem-solving success in an office.json,json,ml_methods,agree,1.0,random forest,random forest
85,85. Ludwig et al. (2024). Predicting problem-solving success in an office.json,json,software,disagree,0.062,"R (lucar, tidyr, dplyr, tidytext) (for preprocessing and n-gram generation), Python [scikit-learn (Random Forest classif",r
85,85. Ludwig et al. (2024). Predicting problem-solving success in an office.json,json,countries,disagree,0.0,Germany,
85,85. Ludwig et al. (2024). Predicting problem-solving success in an office.json,json,dependent_outcome,agree,0.495,"Problem-solving success (binary: more successful=1, less successful=0)
Based on a 4-dimension scoring rubric (planning, applying, deciding, communicating)",Problem-solving success (binary class; more vs less successful) Problem-solving success (binary class; more vs less successful) Problem-solving success (binary 
85,85. Ludwig et al. (2024). Predicting problem-solving success in an office.json,json,journal_venue,agree,1.0,Computers & Education,Computers & Education
86,86. Peji? et al. (2022). Improving math proficiency prediction in.json,json,year,agree,1.0,2022,2022
86,86. Peji? et al. (2022). Improving math proficiency prediction in.json,json,title,agree,1.0,Improving math proficiency prediction in computer-based international large-scale assessments with data augmentation,Improving math proficiency prediction in computer-based international large-scale assessments with data augmentation
86,86. Peji? et al. (2022). Improving math proficiency prediction in.json,json,authors,partial,0.5,"fa,molcer,peji","fa,molcer,pejic"
86,86. Peji? et al. (2022). Improving math proficiency prediction in.json,json,ilsa_assessment,agree,1.0,pisa,pisa
86,86. Peji? et al. (2022). Improving math proficiency prediction in.json,json,ml_methods,agree,1.0,"neural network,random forest","neural network,random forest"
86,86. Peji? et al. (2022). Improving math proficiency prediction in.json,json,software,disagree,0.1,"Python (scikit-learn) (Neural network implementation, GAN/VAE implementations)",r
86,86. Peji? et al. (2022). Improving math proficiency prediction in.json,json,countries,missing,,None,
86,86. Peji? et al. (2022). Improving math proficiency prediction in.json,json,dependent_outcome,agree,0.768,"Students’ math proficiency level (three classes: low, medium, high)",Math proficiency class (low/medium/high)
86,86. Peji? et al. (2022). Improving math proficiency prediction in.json,json,journal_venue,agree,0.941,IEEE 20th Jubilee International Symposium on Intelligent Systems and Informatics,2022 IEEE 20th Jubilee International Symposium on Intelligent Systems and Informatics (SISY)
87,87. Erdem-Kara. (2025). Exploring Test-Taking Disengagement in the Context of.json,json,year,agree,1.0,2025,2025
87,87. Erdem-Kara. (2025). Exploring Test-Taking Disengagement in the Context of.json,json,title,agree,1.0,Exploring Test-Taking Disengagement in the Context of PISA 2022: Evidence from Process Data,Exploring Test-Taking Disengagement in the Context of PISA 2022: Evidence from Process Data
87,87. Erdem-Kara. (2025). Exploring Test-Taking Disengagement in the Context of.json,json,authors,disagree,0.0,erdem kara,kara
87,87. Erdem-Kara. (2025). Exploring Test-Taking Disengagement in the Context of.json,json,ilsa_assessment,agree,1.0,pisa,pisa
87,87. Erdem-Kara. (2025). Exploring Test-Taking Disengagement in the Context of.json,json,ml_methods,disagree,0.0,random forest,
87,87. Erdem-Kara. (2025). Exploring Test-Taking Disengagement in the Context of.json,json,software,disagree,0.2,"R (v.2024.09) (psych, MplusAutomation, Mplus)",r
87,87. Erdem-Kara. (2025). Exploring Test-Taking Disengagement in the Context of.json,json,countries,agree,1.0,Türkiye,tur
87,87. Erdem-Kara. (2025). Exploring Test-Taking Disengagement in the Context of.json,json,dependent_outcome,partial,0.321,Students' Mathematics Achievement Scores,Engagement profile membership (LPA profiles)
87,87. Erdem-Kara. (2025). Exploring Test-Taking Disengagement in the Context of.json,json,journal_venue,agree,1.0,International Electronic Journal of Elementary Education,International Electronic Journal of Elementary Education
88,88. Park et al. (2023). Understanding students’ problem-solving patterns.json,json,year,agree,1.0,2023,2023
88,88. Park et al. (2023). Understanding students’ problem-solving patterns.json,json,title,agree,1.0,Understanding students’ problem-solving patterns: Evidence from an allotted response time in a PISA 2012 item,Understanding students’ problem-solving patterns: Evidence from an allotted response time in a PISA 2012 item
88,88. Park et al. (2023). Understanding students’ problem-solving patterns.json,json,authors,agree,1.0,"lee,park","lee,park"
88,88. Park et al. (2023). Understanding students’ problem-solving patterns.json,json,ilsa_assessment,agree,1.0,pisa,pisa
88,88. Park et al. (2023). Understanding students’ problem-solving patterns.json,json,ml_methods,agree,1.0,"clustering,elastic net","clustering,elastic net"
88,88. Park et al. (2023). Understanding students’ problem-solving patterns.json,json,software,disagree,0.2,"R (v.4.0.3) (glmnet, processmapR), Python (v.3.10.2) (clustering)",r
88,88. Park et al. (2023). Understanding students’ problem-solving patterns.json,json,countries,missing,,42 countries,
88,88. Park et al. (2023). Understanding students’ problem-solving patterns.json,json,dependent_outcome,agree,0.487,Overall CPS problem-solving ability (PISA 2012 scale score ratio adjusted for booklet differences),Overall problem-solving ability (PISA scale-score ratio) for students with correct answers Overall problem-solving ability (PISA scale-score ratio) for students
88,88. Park et al. (2023). Understanding students’ problem-solving patterns.json,json,journal_venue,agree,1.0,Frontiers in Psychology,Frontiers in Psychology
89,89. Lee et al. (2025). Uncovering Behavioral Patterns in Creative Thinking.json,json,year,agree,1.0,2025,2025
89,89. Lee et al. (2025). Uncovering Behavioral Patterns in Creative Thinking.json,json,title,agree,1.0,Uncovering Behavioral Patterns in Creative Thinking: Utilizing and Interpreting PISA 2022 Process Data,Uncovering Behavioral Patterns in Creative Thinking: Utilizing and Interpreting PISA 2022 Process Data
89,89. Lee et al. (2025). Uncovering Behavioral Patterns in Creative Thinking.json,json,authors,agree,1.0,"jang,lee,paek","jang,lee,paek"
89,89. Lee et al. (2025). Uncovering Behavioral Patterns in Creative Thinking.json,json,ilsa_assessment,agree,1.0,pisa,pisa
89,89. Lee et al. (2025). Uncovering Behavioral Patterns in Creative Thinking.json,json,ml_methods,partial,0.333,"clustering,elastic net,random forest",random forest
89,89. Lee et al. (2025). Uncovering Behavioral Patterns in Creative Thinking.json,json,software,missing,,None,r
89,89. Lee et al. (2025). Uncovering Behavioral Patterns in Creative Thinking.json,json,countries,missing,,None,
89,89. Lee et al. (2025). Uncovering Behavioral Patterns in Creative Thinking.json,json,dependent_outcome,disagree,0.023,Studnets' creative performence,This article is not an empirical predictive study; it is a review/synthesis explaining what PISA 2022 Creative Thinking (CT) process data are and how they can b
89,89. Lee et al. (2025). Uncovering Behavioral Patterns in Creative Thinking.json,json,journal_venue,agree,1.0,The Journal of Creative Behavior,The Journal of Creative Behavior
90,90. Han et al. (2023). Behavioral patterns in collaborative problem solving a.json,json,year,agree,1.0,2023,2023
90,90. Han et al. (2023). Behavioral patterns in collaborative problem solving a.json,json,title,agree,1.0,Behavioral patterns in collaborative problem solving: a latent profile analysis based on response times and actions in PISA 2015,Behavioral patterns in collaborative problem solving: a latent profile analysis based on response times and actions in PISA 2015
90,90. Han et al. (2023). Behavioral patterns in collaborative problem solving a.json,json,authors,agree,1.0,"borgonovi,greiff,han,krieger","borgonovi,greiff,han,krieger"
90,90. Han et al. (2023). Behavioral patterns in collaborative problem solving a.json,json,ilsa_assessment,agree,1.0,pisa,pisa
90,90. Han et al. (2023). Behavioral patterns in collaborative problem solving a.json,json,ml_methods,partial,0.5,"clustering,random forest",random forest
90,90. Han et al. (2023). Behavioral patterns in collaborative problem solving a.json,json,software,agree,1.0,"R (v.4.2.1), Mplus (v.8.8)","mplus,r"
90,90. Han et al. (2023). Behavioral patterns in collaborative problem solving a.json,json,countries,agree,0.8,"Australia, Canada, Hong Kong, Luxembourg, Macao, New Zealand, Singapore, Sweden, United Arab Emirates, United Kingdom, a","are,aus,can,gbr,hkg,lux,mac,nzl,sgp,swe,usa"
90,90. Han et al. (2023). Behavioral patterns in collaborative problem solving a.json,json,dependent_outcome,partial,0.324,Students' ColPS performance,Latent profile membership (Profile 1 vs Profile 2)
90,90. Han et al. (2023). Behavioral patterns in collaborative problem solving a.json,json,journal_venue,agree,1.0,Large-scale Assessments in Education,Large-scale Assessments in Education
91,91. Peji? et al. (2021). Math proficiency prediction in computer-based.json,json,year,agree,1.0,2021,2021
91,91. Peji? et al. (2021). Math proficiency prediction in computer-based.json,json,title,agree,1.0,Math proficiency prediction in computer-based international large-scale assessments using a multi-class machine learning model,Math proficiency prediction in computer-based international large-scale assessments using a multi-class machine learning model
91,91. Peji? et al. (2021). Math proficiency prediction in computer-based.json,json,authors,disagree,0.2,"gula i,molcer,peji","gulaci,molcer,pejic"
91,91. Peji? et al. (2021). Math proficiency prediction in computer-based.json,json,ilsa_assessment,agree,1.0,pisa,pisa
91,91. Peji? et al. (2021). Math proficiency prediction in computer-based.json,json,ml_methods,agree,1.0,"neural network,random forest","neural network,random forest"
91,91. Peji? et al. (2021). Math proficiency prediction in computer-based.json,json,software,missing,,None,r
91,91. Peji? et al. (2021). Math proficiency prediction in computer-based.json,json,countries,missing,,None,
91,91. Peji? et al. (2021). Math proficiency prediction in computer-based.json,json,dependent_outcome,agree,0.701,"Students' proficiency in mathematics (low, mediocre and high)",Math proficiency class (low/mediocre/high)
91,91. Peji? et al. (2021). Math proficiency prediction in computer-based.json,json,journal_venue,agree,0.966,IEEE 19th International Symposium on Intelligent Systems and Informatics,IEEE 19th International Symposium on Intelligent Systems and Informatics (SISY)
92,92. Park et al. (2025). Measurement Invariance for Multilingual Learners Using.json,json,year,agree,1.0,2025,2025
92,92. Park et al. (2025). Measurement Invariance for Multilingual Learners Using.json,json,title,agree,1.0,Measurement Invariance for Multilingual Learners Using Item Response and Response Time in PISA 2018,Measurement Invariance for Multilingual Learners Using Item Response and Response Time in PISA 2018
92,92. Park et al. (2025). Measurement Invariance for Multilingual Learners Using.json,json,authors,disagree,0.333,"joo,kansas,li,park,university,yoon","joo,li"
92,92. Park et al. (2025). Measurement Invariance for Multilingual Learners Using.json,json,ilsa_assessment,agree,1.0,pisa,pisa
92,92. Park et al. (2025). Measurement Invariance for Multilingual Learners Using.json,json,ml_methods,disagree,0.0,,neural network
92,92. Park et al. (2025). Measurement Invariance for Multilingual Learners Using.json,json,software,partial,0.5,"R, mdltm",r
92,92. Park et al. (2025). Measurement Invariance for Multilingual Learners Using.json,json,countries,agree,1.0,USA,usa
92,92. Park et al. (2025). Measurement Invariance for Multilingual Learners Using.json,json,dependent_outcome,disagree,0.068,Scored item responses (dichotomous and partial-credit) and item-level response times,Differential item functioning (DIF) for scored responses (RMSD/MD) Latent ability differences after releasing DIF constraints (WLE-based θ) Differential respons
92,92. Park et al. (2025). Measurement Invariance for Multilingual Learners Using.json,json,journal_venue,partial,0.697,Educational Measurement,Educational Measurement: Issues and Practice
93,93. Liang et al. (2023). Using Process Data to Improve Classification Accuracy.json,json,year,agree,1.0,2023,2023
93,93. Liang et al. (2023). Using Process Data to Improve Classification Accuracy.json,json,title,agree,1.0,Using Process Data to Improve Classification Accuracy of Cognitive Diagnosis Model,Using Process Data to Improve Classification Accuracy of Cognitive Diagnosis Model
93,93. Liang et al. (2023). Using Process Data to Improve Classification Accuracy.json,json,authors,disagree,0.0,"cai,liang,tu",
93,93. Liang et al. (2023). Using Process Data to Improve Classification Accuracy.json,json,ilsa_assessment,agree,1.0,pisa,pisa
93,93. Liang et al. (2023). Using Process Data to Improve Classification Accuracy.json,json,ml_methods,disagree,0.0,random forest,
93,93. Liang et al. (2023). Using Process Data to Improve Classification Accuracy.json,json,software,disagree,0.333,"JAGS, R (R2jags)",r
93,93. Liang et al. (2023). Using Process Data to Improve Classification Accuracy.json,json,countries,missing,,None,
93,93. Liang et al. (2023). Using Process Data to Improve Classification Accuracy.json,json,dependent_outcome,disagree,0.189,latent reading attributes (mastery profiles),"Attribute classification reliability (tetrachoric reliability) Person classification accuracy (pattern correct classification rate, PCCR) Item parameter recover"
93,93. Liang et al. (2023). Using Process Data to Improve Classification Accuracy.json,json,journal_venue,agree,1.0,Multivariate Behavioral Research,Multivariate Behavioral Research
94,94. Robitzsch & Lüdtke. (2022). Some thoughts on analytical choices in the scaling.json,json,year,agree,1.0,2022,2022
94,94. Robitzsch & Lüdtke. (2022). Some thoughts on analytical choices in the scaling.json,json,title,agree,1.0,Some thoughts on analytical choices in the scaling model for test scores in international large?scale assessment studies,Some thoughts on analytical choices in the scaling model for test scores in international large-scale assessment studies
94,94. Robitzsch & Lüdtke. (2022). Some thoughts on analytical choices in the scaling.json,json,authors,agree,1.0,"ludtke,robitzsch","ludtke,robitzsch"
94,94. Robitzsch & Lüdtke. (2022). Some thoughts on analytical choices in the scaling.json,json,ilsa_assessment,agree,1.0,pisa,pisa
94,94. Robitzsch & Lüdtke. (2022). Some thoughts on analytical choices in the scaling.json,json,ml_methods,disagree,0.0,shap,
94,94. Robitzsch & Lüdtke. (2022). Some thoughts on analytical choices in the scaling.json,json,software,missing,,None,r
94,94. Robitzsch & Lüdtke. (2022). Some thoughts on analytical choices in the scaling.json,json,countries,missing,,None,
94,94. Robitzsch & Lüdtke. (2022). Some thoughts on analytical choices in the scaling.json,json,dependent_outcome,partial,0.304,Students' ability score,Literature synthesis outcome (not student-level prediction)
94,94. Robitzsch & Lüdtke. (2022). Some thoughts on analytical choices in the scaling.json,json,journal_venue,agree,1.0,Measurement Instruments for the Social Sciences ,Measurement Instruments for the Social Sciences
95,95. Chung et al. (2022). An International Comparison Study Exploring the.json,json,year,agree,1.0,2022,2022
95,95. Chung et al. (2022). An International Comparison Study Exploring the.json,json,title,agree,1.0,An International Comparison Study Exploring the Influential Variables Affecting Students’ Reading Literacy and Life Satisfaction,An International Comparison Study Exploring the Influential Variables Affecting Students’ Reading Literacy and Life Satisfaction
95,95. Chung et al. (2022). An International Comparison Study Exploring the.json,json,authors,agree,1.0,"chung,jung,kim,park","chung,jung,kim,park"
95,95. Chung et al. (2022). An International Comparison Study Exploring the.json,json,ilsa_assessment,agree,1.0,pisa,pisa
95,95. Chung et al. (2022). An International Comparison Study Exploring the.json,json,ml_methods,agree,0.85,"hlm,multilevel,random forest","multilevel,random forest"
95,95. Chung et al. (2022). An International Comparison Study Exploring the.json,json,software,disagree,0.25,"R (randomForest and mice), Mplus 8.4",r
95,95. Chung et al. (2022). An International Comparison Study Exploring the.json,json,countries,agree,1.0,U.S. and Korea,"kor,usa"
95,95. Chung et al. (2022). An International Comparison Study Exploring the.json,json,dependent_outcome,agree,0.661,Students’ reading literacy and life satisfaction,Reading literacy (Plausible Values) Life satisfaction (0–10 scale)
95,95. Chung et al. (2022). An International Comparison Study Exploring the.json,json,journal_venue,agree,0.917,International Journal Educational Psychology,IJEP – International Journal of Educational Psychology
96,96. Li et al. (2025). Exploring the Evidence to Interpret Differential Item.json,json,year,agree,1.0,2025,2025
96,96. Li et al. (2025). Exploring the Evidence to Interpret Differential Item.json,json,title,agree,1.0,Exploring the Evidence to Interpret Differential Item Functioning via Response Process Data,Exploring the Evidence to Interpret Differential Item Functioning via Response Process Data
96,96. Li et al. (2025). Exploring the Evidence to Interpret Differential Item.json,json,authors,disagree,0.0,"corinne,huggins manley,kuang,li,shin",
96,96. Li et al. (2025). Exploring the Evidence to Interpret Differential Item.json,json,ilsa_assessment,agree,1.0,piaac,piaac
96,96. Li et al. (2025). Exploring the Evidence to Interpret Differential Item.json,json,ml_methods,agree,1.0,"logistic regression,random forest,ridge","logistic regression,random forest,ridge"
96,96. Li et al. (2025). Exploring the Evidence to Interpret Differential Item.json,json,software,disagree,0.125,"R (v4.2.2: difR, mice); Python (v3.9: scikit-learn, SMOTE, NetworkX)",r
96,96. Li et al. (2025). Exploring the Evidence to Interpret Differential Item.json,json,countries,agree,1.0,USA,usa
96,96. Li et al. (2025). Exploring the Evidence to Interpret Differential Item.json,json,dependent_outcome,partial,0.444,"Binary indicator of item DIF status (1 = DIF item, 0 = DIF-free item)",Gender DIF item label (DIF vs DIF-free)
96,96. Li et al. (2025). Exploring the Evidence to Interpret Differential Item.json,json,journal_venue,agree,1.0,Educational and Psychological Measurement,Educational and Psychological Measurement
97,97. Chen et al. (2023). Using learners’ problem?solving processes in.json,json,year,partial,0.5,2023,2024
97,97. Chen et al. (2023). Using learners’ problem?solving processes in.json,json,title,agree,1.0,Using learners’ problem?solving processes in computer?based assessments for enhanced learner modeling: A deep learning approach,Using learners’ problem‑solving processes in computer‑based assessments for enhanced learner modeling: A deep learning approach
97,97. Chen et al. (2023). Using learners’ problem?solving processes in.json,json,authors,disagree,0.333,"chen,cui,lu",chen
97,97. Chen et al. (2023). Using learners’ problem?solving processes in.json,json,ilsa_assessment,disagree,0.0,,pisa
97,97. Chen et al. (2023). Using learners’ problem?solving processes in.json,json,ml_methods,agree,1.0,"lstm,neural network,random forest","lstm,neural network,random forest"
97,97. Chen et al. (2023). Using learners’ problem?solving processes in.json,json,software,missing,,None,r
97,97. Chen et al. (2023). Using learners’ problem?solving processes in.json,json,countries,missing,,None,
97,97. Chen et al. (2023). Using learners’ problem?solving processes in.json,json,dependent_outcome,agree,0.467,Item response correctness (binary: correct / incorrect); Predicted probability of future item success,Next-step item response correctness (binary)
97,97. Chen et al. (2023). Using learners’ problem?solving processes in.json,json,journal_venue,agree,1.0,Education and Information Technologies,Education and Information Technologies
98,98. Zhou & Jiao. (2023). Exploration of the Stacking Ensemble Machine Learning.json,json,year,partial,0.5,2023,2022
98,98. Zhou & Jiao. (2023). Exploration of the Stacking Ensemble Machine Learning.json,json,title,agree,1.0,Exploration of the Stacking Ensemble Machine Learning Algorithm for Cheating Detection in Large Scale Assessment,Exploration of the Stacking Ensemble Machine Learning Algorithm for Cheating Detection in Large-Scale Assessment
98,98. Zhou & Jiao. (2023). Exploration of the Stacking Ensemble Machine Learning.json,json,authors,agree,1.0,"jiao,zhou","jiao,zhou"
98,98. Zhou & Jiao. (2023). Exploration of the Stacking Ensemble Machine Learning.json,json,ilsa_assessment,missing,,,
98,98. Zhou & Jiao. (2023). Exploration of the Stacking Ensemble Machine Learning.json,json,ml_methods,agree,1.0,"decision tree,gradient boosting,logistic regression,neural network,random forest,svm","decision tree,gradient boosting,logistic regression,neural network,random forest,svm"
98,98. Zhou & Jiao. (2023). Exploration of the Stacking Ensemble Machine Learning.json,json,software,disagree,0.333,"Python (scikit-learn, MLxtend, TPOT)","r,scikit"
98,98. Zhou & Jiao. (2023). Exploration of the Stacking Ensemble Machine Learning.json,json,countries,disagree,0.0,USA,
98,98. Zhou & Jiao. (2023). Exploration of the Stacking Ensemble Machine Learning.json,json,dependent_outcome,agree,0.723,Cheating status (cheater vs. non-cheater),Cheating detection (cheater vs non-cheater classification)
98,98. Zhou & Jiao. (2023). Exploration of the Stacking Ensemble Machine Learning.json,json,journal_venue,agree,1.0,Educational and Psychological Measurement,Educational and Psychological Measurement
99,99. Jiao et al. (2018). Editorial Process Data in Educational and.json,json,year,disagree,0.0,2018,2021
99,99. Jiao et al. (2018). Editorial Process Data in Educational and.json,json,title,agree,1.0,Editorial: Process Data in Educational and Psychological Measurement,Editorial: Process Data in Educational and Psychological Measurement
99,99. Jiao et al. (2018). Editorial Process Data in Educational and.json,json,authors,agree,1.0,"he,jiao,veldkamp","he,jiao,veldkamp"
99,99. Jiao et al. (2018). Editorial Process Data in Educational and.json,json,ilsa_assessment,disagree,0.0,,"piaac,pisa"
99,99. Jiao et al. (2018). Editorial Process Data in Educational and.json,json,ml_methods,disagree,0.0,,random forest
99,99. Jiao et al. (2018). Editorial Process Data in Educational and.json,json,software,missing,,None,r
99,99. Jiao et al. (2018). Editorial Process Data in Educational and.json,json,countries,missing,,None,
99,99. Jiao et al. (2018). Editorial Process Data in Educational and.json,json,dependent_outcome,disagree,0.081,"Response accuracy, item scores, proficiency estimates, latent ability parameters, cognitive diagnostic classifications, cheating or aberrant behavior indicators","This editorial does not present original empirical results, model estimates, or performance metrics. Instead, it provides an overview of research directions and"
99,99. Jiao et al. (2018). Editorial Process Data in Educational and.json,json,journal_venue,agree,1.0,Frontiers in Psychology,Frontiers in Psychology
100,100. Ulitzsch et al. (2021). Combining Clickstream Analyses And Graph-Modeled Data.json,json,year,agree,1.0,2021,2021
100,100. Ulitzsch et al. (2021). Combining Clickstream Analyses And Graph-Modeled Data.json,json,title,agree,1.0,Combining Clickstream Analyses And Graph-Modeled Data Clustering For Identifying Common Response Processes,Combining Clickstream Analyses and Graph-Modeled Data Clustering for Identifying Common Response Processes
100,100. Ulitzsch et al. (2021). Combining Clickstream Analyses And Graph-Modeled Data.json,json,authors,disagree,0.167,"he,molter,nichterlein,niedermeier,pohl,ulitzsch",ulitzsch
100,100. Ulitzsch et al. (2021). Combining Clickstream Analyses And Graph-Modeled Data.json,json,ilsa_assessment,agree,1.0,piaac,piaac
100,100. Ulitzsch et al. (2021). Combining Clickstream Analyses And Graph-Modeled Data.json,json,ml_methods,partial,0.5,clustering,"clustering,random forest"
100,100. Ulitzsch et al. (2021). Combining Clickstream Analyses And Graph-Modeled Data.json,json,software,disagree,0.1,"Python (v.3.8.1), Gurobi Optimizer (with CPLEX and lp_solve referenced as alternative ILP solvers)",r
100,100. Ulitzsch et al. (2021). Combining Clickstream Analyses And Graph-Modeled Data.json,json,countries,disagree,0.0,None,usa
100,100. Ulitzsch et al. (2021). Combining Clickstream Analyses And Graph-Modeled Data.json,json,dependent_outcome,disagree,0.233,"Response process group (clique membership), PSTRE proficiency (plausible values)",Dominant response processes (clique structure from action patterns) PSTRE performance differentiation across response-process cliques
100,100. Ulitzsch et al. (2021). Combining Clickstream Analyses And Graph-Modeled Data.json,json,journal_venue,partial,0.667,Psychometric Society,Psychometrika
101,101. Tang et al. (2021). An exploratory analysis of the latent structure of.json,json,year,agree,1.0,2021,2021
101,101. Tang et al. (2021). An exploratory analysis of the latent structure of.json,json,title,agree,1.0,An exploratory analysis of the latent structure of process data via action sequence autoencoders,An exploratory analysis of the latent structure of process data via action sequence autoencoders
101,101. Tang et al. (2021). An exploratory analysis of the latent structure of.json,json,authors,agree,1.0,"liu,tang,wang,ying","liu,tang,wang,ying"
101,101. Tang et al. (2021). An exploratory analysis of the latent structure of.json,json,ilsa_assessment,agree,1.0,piaac,piaac
101,101. Tang et al. (2021). An exploratory analysis of the latent structure of.json,json,ml_methods,partial,0.6,"logistic regression,lstm,neural network,pca","logistic regression,lstm,neural network,random forest"
101,101. Tang et al. (2021). An exploratory analysis of the latent structure of.json,json,software,missing,,None,r
101,101. Tang et al. (2021). An exploratory analysis of the latent structure of.json,json,countries,missing,,None,
101,101. Tang et al. (2021). An exploratory analysis of the latent structure of.json,json,dependent_outcome,partial,0.394,"Item-level response outcomes (correct/incorrect), literacy achievement scores, numeracy achievement scores",Binary item outcome (fully corrected vs not) Literacy score prediction (continuous) Numeracy score prediction (continuous) Gender prediction (binary classificat
101,101. Tang et al. (2021). An exploratory analysis of the latent structure of.json,json,journal_venue,agree,1.0,British Journal of Mathematical and Statistical Psychology,British Journal of Mathematical and Statistical Psychology
102,102. Costa et al. (2021). Improving the Precision of Ability Estimates Using.json,json,year,agree,1.0,2021,2021
102,102. Costa et al. (2021). Improving the Precision of Ability Estimates Using.json,json,title,agree,1.0,Improving the Precision of Ability Estimates Using Time-On-Task Variables: Insights From the PISA 2012 Computer-Based Assessment of Mathematics,Improving the Precision of Ability Estimates Using Time-On-Task Variables: Insights From the PISA 2012 Computer-Based Assessment of Mathematics
102,102. Costa et al. (2021). Improving the Precision of Ability Estimates Using.json,json,authors,disagree,0.2,"andersson,bolsinova,costa,tijmstra","costa,text"
102,102. Costa et al. (2021). Improving the Precision of Ability Estimates Using.json,json,ilsa_assessment,agree,1.0,pisa,pisa
102,102. Costa et al. (2021). Improving the Precision of Ability Estimates Using.json,json,ml_methods,disagree,0.0,random forest,
102,102. Costa et al. (2021). Improving the Precision of Ability Estimates Using.json,json,software,partial,0.5,"Mplus (v.7.3), R (v.1.0) (LOGAN, mirt)","mplus,r"
102,102. Costa et al. (2021). Improving the Precision of Ability Estimates Using.json,json,countries,partial,0.5,31 countries,"are,aus,aut,bel,bra,can,col,deu,dnk,esp,est,fra,hkg,hun,irl"
102,102. Costa et al. (2021). Improving the Precision of Ability Estimates Using.json,json,dependent_outcome,disagree,0.144,"Student mathematics proficiency (latent ability estimates, ?)",Student ability estimates precision (EAP reliability; average SE) Time-on-task parameter invariance across countries (measurement invariance level) Country-leve
102,102. Costa et al. (2021). Improving the Precision of Ability Estimates Using.json,json,journal_venue,agree,1.0,Frontiers in Psychology,Frontiers in Psychology
103,103. Scherer et al. (2024). The potential of international large?scale assessments.json,json,year,agree,1.0,2024,2024
103,103. Scherer et al. (2024). The potential of international large?scale assessments.json,json,title,agree,1.0,The potential of international large?scale assessments for meta?analyses in education,The potential of international large-scale assessments for meta-analyses in education
103,103. Scherer et al. (2024). The potential of international large?scale assessments.json,json,authors,partial,0.667,"nilsen,scherer,siddiq","nilsen,scherer"
103,103. Scherer et al. (2024). The potential of international large?scale assessments.json,json,ilsa_assessment,agree,1.0,"icils,pirls,pisa,timss","icils,pirls,pisa,timss"
103,103. Scherer et al. (2024). The potential of international large?scale assessments.json,json,ml_methods,partial,0.333,multilevel,"clustering,multilevel,random forest"
103,103. Scherer et al. (2024). The potential of international large?scale assessments.json,json,software,missing,,None,r
103,103. Scherer et al. (2024). The potential of international large?scale assessments.json,json,countries,missing,,None,
103,103. Scherer et al. (2024). The potential of international large?scale assessments.json,json,dependent_outcome,disagree,0.057,"Student achievement across various domains (such as reading, mathematics, science, and digital literacy).","This methodological review synthesizes principles and practices for integrating international large-scale assessment (ILSA) data into education meta-analyses, f"
103,103. Scherer et al. (2024). The potential of international large?scale assessments.json,json,journal_venue,agree,1.0,Large-scale Assessments in Education ,Large-scale Assessments in Education
104,104. Jung et al. (2022). Automated Scoring of Constructed-Response Items Using.json,json,year,agree,1.0,2022,2022
104,104. Jung et al. (2022). Automated Scoring of Constructed-Response Items Using.json,json,title,agree,1.0,Automated Scoring of Constructed-Response Items Using Artificial Neural Networks in International Large-scale Assessment,Automated Scoring of Constructed-Response Items Using Artificial Neural Networks in International Large-scale Assessment
104,104. Jung et al. (2022). Automated Scoring of Constructed-Response Items Using.json,json,authors,agree,1.0,"davier,jung,tyack","davier,jung,tyack"
104,104. Jung et al. (2022). Automated Scoring of Constructed-Response Items Using.json,json,ilsa_assessment,agree,1.0,timss,timss
104,104. Jung et al. (2022). Automated Scoring of Constructed-Response Items Using.json,json,ml_methods,agree,1.0,neural network,neural network
104,104. Jung et al. (2022). Automated Scoring of Constructed-Response Items Using.json,json,software,partial,0.5,R (caret),r
104,104. Jung et al. (2022). Automated Scoring of Constructed-Response Items Using.json,json,countries,agree,1.0,USA,usa
104,104. Jung et al. (2022). Automated Scoring of Constructed-Response Items Using.json,json,dependent_outcome,partial,0.272,"The binary Score Class (0 for Incorrect, 1 for Correct) that the Neural Network aimed to predict",SE71054 correctness (human vs ANN)
104,104. Jung et al. (2022). Automated Scoring of Constructed-Response Items Using.json,json,journal_venue,disagree,0.188,Psychological Test and Assessment Modeling,Frontiers in Education
105,105. Stiff et al. (2023). Research engagement in the Progress in International.json,json,year,agree,1.0,2023,2023
105,105. Stiff et al. (2023). Research engagement in the Progress in International.json,json,title,agree,1.0,Research engagement in the Progress in International Reading Literacy Study: A systematic review,Research engagement in the Progress in International Reading Literacy Study: A systematic review
105,105. Stiff et al. (2023). Research engagement in the Progress in International.json,json,authors,partial,0.667,"hopfenbeck,kaytona,lenkeit,mcgrane,stiff","hopfenbeck,kayton,lenkeit,mcgrane,stiff"
105,105. Stiff et al. (2023). Research engagement in the Progress in International.json,json,ilsa_assessment,agree,1.0,pirls,"pirls,timss"
105,105. Stiff et al. (2023). Research engagement in the Progress in International.json,json,ml_methods,disagree,0.0,,random forest
105,105. Stiff et al. (2023). Research engagement in the Progress in International.json,json,software,disagree,0.0,EndNote X8,r
105,105. Stiff et al. (2023). Research engagement in the Progress in International.json,json,countries,missing,,32 different countries,
105,105. Stiff et al. (2023). Research engagement in the Progress in International.json,json,dependent_outcome,disagree,0.155,"Research engagement outcomes,"" such as the number of publications per year, the nature of the articles (secondary analysis vs. critique), and the specific topic",reading performance
105,105. Stiff et al. (2023). Research engagement in the Progress in International.json,json,journal_venue,agree,1.0,Educational Research Review,Educational Research Review
106,106. Zhai et al. (2024). Machine learning investigation of optimal.json,json,year,agree,1.0,2024,2024
106,106. Zhai et al. (2024). Machine learning investigation of optimal.json,json,title,agree,1.0,Machine learning investigation of optimal psychoemotional well-being factors for students’ reading literacy,Machine learning investigation of optimal psychoemotional well-being factors for students’ reading literacy
106,106. Zhai et al. (2024). Machine learning investigation of optimal.json,json,authors,disagree,0.0,"liu,wang,yuan,zhai",
106,106. Zhai et al. (2024). Machine learning investigation of optimal.json,json,ilsa_assessment,agree,1.0,pisa,pisa
106,106. Zhai et al. (2024). Machine learning investigation of optimal.json,json,ml_methods,agree,0.85,"gradient boosting,logistic regression,random forest,shap,svm","decision tree,gradient boosting,logistic regression,random forest,shap,svm"
106,106. Zhai et al. (2024). Machine learning investigation of optimal.json,json,software,disagree,0.0,"Python (v.3.10)
Stata (v.17.0)","r,scikit"
106,106. Zhai et al. (2024). Machine learning investigation of optimal.json,json,countries,agree,1.0,B-S-J-Z (China),chn
106,106. Zhai et al. (2024). Machine learning investigation of optimal.json,json,dependent_outcome,agree,0.762,Student reading literacy level (high and low),Reading literacy level (high vs low; binary)
106,106. Zhai et al. (2024). Machine learning investigation of optimal.json,json,journal_venue,agree,1.0,Education and Information Technologies,Education and Information Technologies
107,107. Tan et al. (2025). Using machine learning algorithms to predict students’.json,json,year,agree,1.0,2025,2025
107,107. Tan et al. (2025). Using machine learning algorithms to predict students’.json,json,title,agree,1.0,Using machine learning algorithms to predict students’ general self-efficacy in PISA 2018,Using machine learning algorithms to predict students’ general self-efficacy in PISA 2018
107,107. Tan et al. (2025). Using machine learning algorithms to predict students’.json,json,authors,agree,1.0,"cutumisu,jin,tan","cutumisu,jin,tan"
107,107. Tan et al. (2025). Using machine learning algorithms to predict students’.json,json,ilsa_assessment,agree,1.0,pisa,pisa
107,107. Tan et al. (2025). Using machine learning algorithms to predict students’.json,json,ml_methods,agree,1.0,"lasso,neural network,random forest,xgboost","lasso,neural network,random forest,xgboost"
107,107. Tan et al. (2025). Using machine learning algorithms to predict students’.json,json,software,disagree,0.333,Python (v.3.7),"python,r,scikit"
107,107. Tan et al. (2025). Using machine learning algorithms to predict students’.json,json,countries,partial,0.5,79 countries,"chn,idn,jpn,kaz,mys"
107,107. Tan et al. (2025). Using machine learning algorithms to predict students’.json,json,dependent_outcome,partial,0.31,Students’ general self-efficacy,General self-efficacy (IRT-based continuous score) General self-efficacy (IRT-based continuous score) — top predictors by socio-ecological level
107,107. Tan et al. (2025). Using machine learning algorithms to predict students’.json,json,journal_venue,agree,1.0,Journal of Applied Developmental Psychology,Journal of Applied Developmental Psychology
108,108. Goldman et al. (2025). Artificial Intelligence to Support Writing Outcomes.json,json,year,agree,1.0,2025,2025
108,108. Goldman et al. (2025). Artificial Intelligence to Support Writing Outcomes.json,json,title,agree,1.0,Artificial Intelligence to Support Writing Outcomes for Students With Disabilities,Artificial Intelligence to Support Writing Outcomes for Students With Disabilities
108,108. Goldman et al. (2025). Artificial Intelligence to Support Writing Outcomes.json,json,authors,agree,1.0,"carreon,goldman,smith","carreon,goldman,smith"
108,108. Goldman et al. (2025). Artificial Intelligence to Support Writing Outcomes.json,json,ilsa_assessment,missing,,,
108,108. Goldman et al. (2025). Artificial Intelligence to Support Writing Outcomes.json,json,ml_methods,disagree,0.0,,"neural network,random forest"
108,108. Goldman et al. (2025). Artificial Intelligence to Support Writing Outcomes.json,json,software,disagree,0.045,"ChatGPT, CoPilot, Gemini, ALEKS, Freckle, Book Creator, Text Buddy, Ahrefs, Quillbot, Co:Writer, Ember.ly, Napkin, FindS",r
108,108. Goldman et al. (2025). Artificial Intelligence to Support Writing Outcomes.json,json,countries,disagree,0.0,USA,
108,108. Goldman et al. (2025). Artificial Intelligence to Support Writing Outcomes.json,json,dependent_outcome,partial,0.346,"Students' writing outcomes. Specifically the ability to organize ideas, develop ideas, and demonstrate language facility/conventions",Literature synthesis outcome (not student-level prediction)
108,108. Goldman et al. (2025). Artificial Intelligence to Support Writing Outcomes.json,json,journal_venue,agree,1.0,Journal of Special Education Technology,Journal of Special Education Technology
109,109. Fink et al. (2024). Methodological aspects of the highly adaptive testing.json,json,year,agree,1.0,2024,2024
109,109. Fink et al. (2024). Methodological aspects of the highly adaptive testing.json,json,title,agree,1.0,Methodological aspects of the highly adaptive testing design for PISA,Methodological aspects of the highly adaptive testing design for PISA
109,109. Fink et al. (2024). Methodological aspects of the highly adaptive testing.json,json,authors,disagree,0.0,"fink,frey,konig","a,c"
109,109. Fink et al. (2024). Methodological aspects of the highly adaptive testing.json,json,ilsa_assessment,agree,1.0,pisa,pisa
109,109. Fink et al. (2024). Methodological aspects of the highly adaptive testing.json,json,ml_methods,missing,,,
109,109. Fink et al. (2024). Methodological aspects of the highly adaptive testing.json,json,software,agree,1.0,R,r
109,109. Fink et al. (2024). Methodological aspects of the highly adaptive testing.json,json,countries,missing,,None,
109,109. Fink et al. (2024). Methodological aspects of the highly adaptive testing.json,json,dependent_outcome,disagree,0.179,Test information and the number of constraint violation,Literature synthesis outcome (not student-level prediction)
109,109. Fink et al. (2024). Methodological aspects of the highly adaptive testing.json,json,journal_venue,agree,1.0,Frontiers in Psychology,Frontiers in Psychology
110,"110. Ang et al. (2020). Big Educational Data & Analytics Survey, Architecture.json",json,year,agree,1.0,2020,2020
110,"110. Ang et al. (2020). Big Educational Data & Analytics Survey, Architecture.json",json,title,agree,1.0,"Big Educational Data & Analytics: Survey, Architecture and Challenges","Big Educational Data & Analytics: Survey, Architecture and Challenges"
110,"110. Ang et al. (2020). Big Educational Data & Analytics Survey, Architecture.json",json,authors,partial,0.5,"ang,ge,seng","ang,lu,seng"
110,"110. Ang et al. (2020). Big Educational Data & Analytics Survey, Architecture.json",json,ilsa_assessment,missing,,,
110,"110. Ang et al. (2020). Big Educational Data & Analytics Survey, Architecture.json",json,ml_methods,disagree,0.0,,random forest
110,"110. Ang et al. (2020). Big Educational Data & Analytics Survey, Architecture.json",json,software,disagree,0.125,"Python, Matlab, Big Data platforms (Hadoop, Spark, and Samza)",r
110,"110. Ang et al. (2020). Big Educational Data & Analytics Survey, Architecture.json",json,countries,disagree,0.0,None,aus
110,"110. Ang et al. (2020). Big Educational Data & Analytics Survey, Architecture.json",json,dependent_outcome,disagree,0.131,None,Literature synthesis outcome (not student-level prediction)
110,"110. Ang et al. (2020). Big Educational Data & Analytics Survey, Architecture.json",json,journal_venue,agree,0.952,IEEEAccess,IEEE Access
111,111. Bernardo et al. (2023). Profiling low-proficiency science students in the.json,json,year,agree,1.0,2023,2023
111,111. Bernardo et al. (2023). Profiling low-proficiency science students in the.json,json,title,agree,1.0,Profiling low-proficiency science students in the Philippines using machine learning,Profiling low-proficiency science students in the Philippines using machine learning
111,111. Bernardo et al. (2023). Profiling low-proficiency science students in the.json,json,authors,disagree,0.0,"bernardo,calleja,chua,cordel,teves,yap",
111,111. Bernardo et al. (2023). Profiling low-proficiency science students in the.json,json,ilsa_assessment,agree,1.0,pisa,pisa
111,111. Bernardo et al. (2023). Profiling low-proficiency science students in the.json,json,ml_methods,agree,0.85,"decision tree,logistic regression,neural network,random forest,shap,svm","decision tree,k nn,knn,logistic regression,neural network,random forest,shap,svm"
111,111. Bernardo et al. (2023). Profiling low-proficiency science students in the.json,json,software,missing,,None,r
111,111. Bernardo et al. (2023). Profiling low-proficiency science students in the.json,json,countries,disagree,0.0,Filipino,phl
111,111. Bernardo et al. (2023). Profiling low-proficiency science students in the.json,json,dependent_outcome,partial,0.397,Classification of science proficiency: Poor performance  and Better performance,Poor vs better science proficiency (Level ≤1b vs ≥1a)
111,111. Bernardo et al. (2023). Profiling low-proficiency science students in the.json,json,journal_venue,agree,0.953,Humanities & Social Sciences Communications,Humanities and Social Sciences Communications
112,112. Zhang et al. (2023). Accurate Assessment via Process Data.json,json,year,agree,1.0,2023,2023
112,112. Zhang et al. (2023). Accurate Assessment via Process Data.json,json,title,agree,1.0,Accurate Assessment via Process Data,Accurate Assessment via Process Data
112,112. Zhang et al. (2023). Accurate Assessment via Process Data.json,json,authors,agree,1.0,"liu,qi,wang,ying,zhang","liu,qi,wang,ying,zhang"
112,112. Zhang et al. (2023). Accurate Assessment via Process Data.json,json,ilsa_assessment,agree,1.0,piaac,piaac
112,112. Zhang et al. (2023). Accurate Assessment via Process Data.json,json,ml_methods,disagree,0.0,,"random forest,ridge"
112,112. Zhang et al. (2023). Accurate Assessment via Process Data.json,json,software,partial,0.5,R (ProcData),r
112,112. Zhang et al. (2023). Accurate Assessment via Process Data.json,json,countries,agree,0.8,"five countries and regions, including the UK (England and Northern Ireland), Ireland, Japan, the Netherlands, and the US","gbr,irl,jpn,nld,usa"
112,112. Zhang et al. (2023). Accurate Assessment via Process Data.json,json,dependent_outcome,disagree,0.049,Estimated latent trait or ability of the student (?),PSTRE latent proficiency estimate reliability (MSE vs reference set) PSTRE latent proficiency estimate reliability (Kendall’s τ vs reference set) Robustness to 
112,112. Zhang et al. (2023). Accurate Assessment via Process Data.json,json,journal_venue,partial,0.667,Psychometric Society,Psychometrika
113,113. Tyack et al. (2024). Using convolutional neural networks to automatically.json,json,year,agree,1.0,2024,2024
113,113. Tyack et al. (2024). Using convolutional neural networks to automatically.json,json,title,agree,1.0,Using convolutional neural networks to automatically score eight TIMSS 2019 graphical response items,Using convolutional neural networks to automatically score eight TIMSS 2019 graphical response items
113,113. Tyack et al. (2024). Using convolutional neural networks to automatically.json,json,authors,agree,1.0,"davier,khorramdel,tyack","davier,khorramdel,tyack"
113,113. Tyack et al. (2024). Using convolutional neural networks to automatically.json,json,ilsa_assessment,agree,1.0,timss,timss
113,113. Tyack et al. (2024). Using convolutional neural networks to automatically.json,json,ml_methods,agree,1.0,"cnn,neural network,random forest","cnn,neural network,random forest"
113,113. Tyack et al. (2024). Using convolutional neural networks to automatically.json,json,software,partial,0.4,"R (keras, magick, EBImage, yardstick)","keras,r"
113,113. Tyack et al. (2024). Using convolutional neural networks to automatically.json,json,countries,missing,,Grade 4 responses 30 countries and Grade 8 responses 22 countries.,
113,113. Tyack et al. (2024). Using convolutional neural networks to automatically.json,json,dependent_outcome,disagree,0.113,Scoring Category (Correct / Incorrect for dichotomous items; Full/Partial / No Credit for trichotomous items),CNN-scored item category agreement with human raters (incorrect vs correct/partial) CNN-scored item category agreement with human raters (incorrect vs partial v
113,113. Tyack et al. (2024). Using convolutional neural networks to automatically.json,json,journal_venue,agree,1.0,Computers and Education: Artificial Intelligence,Computers and Education: Artificial Intelligence
114,114. Khoudi et al. (2024). Identifying the contextual factors related to the.json,json,year,agree,1.0,2024,2024
114,114. Khoudi et al. (2024). Identifying the contextual factors related to the.json,json,title,agree,1.0,Identifying the contextual factors related to the reading performance of Moroccan fourth-grade students from a Machine Learning-based Approach,Identifying the contextual factors related to the reading performance of Moroccan fourth-grade students from a Machine Learning-based Approach.
114,114. Khoudi et al. (2024). Identifying the contextual factors related to the.json,json,authors,agree,1.0,"khoudi,lyaqini,nachaoui","khoudi,lyaqini,nachaoui"
114,114. Khoudi et al. (2024). Identifying the contextual factors related to the.json,json,ilsa_assessment,agree,1.0,pirls,"iea,pirls"
114,114. Khoudi et al. (2024). Identifying the contextual factors related to the.json,json,ml_methods,agree,1.0,"decision tree,gradient boosting,k nn,knn,logistic regression,neural network,random forest,svm","decision tree,gradient boosting,k nn,knn,logistic regression,neural network,random forest,svm"
114,114. Khoudi et al. (2024). Identifying the contextual factors related to the.json,json,software,disagree,0.2,"IDB Analyzer (v.5.0), Python (sklearn)",r
114,114. Khoudi et al. (2024). Identifying the contextual factors related to the.json,json,countries,disagree,0.0,Moroccan,mar
114,114. Khoudi et al. (2024). Identifying the contextual factors related to the.json,json,dependent_outcome,agree,0.676,Student's reading proficiency class,Reading proficiency class (Low vs Others)
114,114. Khoudi et al. (2024). Identifying the contextual factors related to the.json,json,journal_venue,agree,1.0,Education and Information Technologies,Education and Information Technologies
115,115. Rausch et al. (2024). Designing an International Large?Scale Assessment of.json,json,year,agree,1.0,2024,2024
115,115. Rausch et al. (2024). Designing an International Large?Scale Assessment of.json,json,title,agree,1.0,Designing an International Large?Scale Assessment of Professional Competencies and Employability Skills: Emerging Avenues and Challenges of OECD’s PISA?VET,Designing an International Large‑Scale Assessment of Professional Competencies and Employability Skills: Emerging Avenues and Challenges of OECD’s PISA‑VET
115,115. Rausch et al. (2024). Designing an International Large?Scale Assessment of.json,json,authors,disagree,0.1,"abele,deutscher,greiff,kis,messenger,rausch,shackleton,tramonte,ward,winther",rausch
115,115. Rausch et al. (2024). Designing an International Large?Scale Assessment of.json,json,ilsa_assessment,agree,1.0,pisa,"iea,pisa"
115,115. Rausch et al. (2024). Designing an International Large?Scale Assessment of.json,json,ml_methods,partial,0.5,random forest,"neural network,random forest"
115,115. Rausch et al. (2024). Designing an International Large?Scale Assessment of.json,json,software,disagree,0.0,LUCA Office Simulation,r
115,115. Rausch et al. (2024). Designing an International Large?Scale Assessment of.json,json,countries,missing,,None,
115,115. Rausch et al. (2024). Designing an International Large?Scale Assessment of.json,json,dependent_outcome,disagree,0.239,"Levels of professional competencies in five selected occupational areas (diagnostic skills for mechanics, patient care for health workers)","Literacy, Problem Solving, Task Performance"
115,115. Rausch et al. (2024). Designing an International Large?Scale Assessment of.json,json,journal_venue,json_missing,,Vocations and Learning,
116,116. Ye & Yuan. (2022). Using a Machine Learning Approach to Explore.json,json,year,agree,1.0,2022,2022
116,116. Ye & Yuan. (2022). Using a Machine Learning Approach to Explore.json,json,title,agree,1.0,"Using a Machine Learning Approach to Explore Non-Cognitive Factors Affecting Reading, Mathematics, and Science Literacy in China and the United States","USING A MACHINE LEARNING APPROACH TO EXPLORE NON-COGNITIVE FACTORS AFFECTING READING, MATHEMATICS, AND SCIENCE LITERACY IN CHINA AND THE UNITED STATES"
116,116. Ye & Yuan. (2022). Using a Machine Learning Approach to Explore.json,json,authors,agree,1.0,"ye,yuan","ye,yuan"
116,116. Ye & Yuan. (2022). Using a Machine Learning Approach to Explore.json,json,ilsa_assessment,agree,1.0,pisa,pisa
116,116. Ye & Yuan. (2022). Using a Machine Learning Approach to Explore.json,json,ml_methods,agree,0.85,decision tree,"decision tree,k nn,neural network,random forest"
116,116. Ye & Yuan. (2022). Using a Machine Learning Approach to Explore.json,json,software,missing,,None,r
116,116. Ye & Yuan. (2022). Using a Machine Learning Approach to Explore.json,json,countries,agree,1.0,China and the United States,"chn,usa"
116,116. Ye & Yuan. (2022). Using a Machine Learning Approach to Explore.json,json,dependent_outcome,partial,0.358,"Students' reading, mathematics, and science literacy which were utilized to classify participants into low-ability and high-ability groups based on specific pro",Reading achievement (low vs high using PV1READ thresholds) Mathematics achievement (low vs high using PV1MATH thresholds) Science achievement (low vs high using
116,116. Ye & Yuan. (2022). Using a Machine Learning Approach to Explore.json,json,journal_venue,agree,1.0,Journal of Baltic Science Education,Journal of Baltic Science Education
117,117. Lim et al. (2024). Exploration of Variables Predicting Sense of School.json,json,year,agree,1.0,2024,2024
117,117. Lim et al. (2024). Exploration of Variables Predicting Sense of School.json,json,title,agree,1.0,Exploration of Variables Predicting Sense of School Belonging Using the Machine Learning Method—Group Mnet,Exploration of Variables Predicting Sense of School Belonging Using the Machine Learning Method—Group Mnet
117,117. Lim et al. (2024). Exploration of Variables Predicting Sense of School.json,json,authors,partial,0.5,"lim,rho,ryu,yoo","rho,yoo"
117,117. Lim et al. (2024). Exploration of Variables Predicting Sense of School.json,json,ilsa_assessment,agree,1.0,pisa,pisa
117,117. Lim et al. (2024). Exploration of Variables Predicting Sense of School.json,json,ml_methods,partial,0.333,"random forest,ridge","neural network,random forest"
117,117. Lim et al. (2024). Exploration of Variables Predicting Sense of School.json,json,software,partial,0.5,R (grpreg),r
117,117. Lim et al. (2024). Exploration of Variables Predicting Sense of School.json,json,countries,agree,1.0,Korea,kor
117,117. Lim et al. (2024). Exploration of Variables Predicting Sense of School.json,json,dependent_outcome,agree,0.595,Dense of belonging to school,Sense of school belonging (ST034; 4-point Likert)
117,117. Lim et al. (2024). Exploration of Variables Predicting Sense of School.json,json,journal_venue,disagree,0.462,"Methodology, Scales, and Measures",Psychological Reports
118,118. Rutkowski et al. (2024). The limits of inference reassessing causality in.json,json,year,agree,1.0,2024,2024
118,118. Rutkowski et al. (2024). The limits of inference reassessing causality in.json,json,title,agree,1.0,The limits of inference: reassessing causality in international assessments,The limits of inference: reassessing causality in international assessments
118,118. Rutkowski et al. (2024). The limits of inference reassessing causality in.json,json,authors,agree,1.0,"canbolat,rutkowski,thompson","canbolat,rutkowski,thompson"
118,118. Rutkowski et al. (2024). The limits of inference reassessing causality in.json,json,ilsa_assessment,agree,1.0,"pirls,pisa,timss","pirls,pisa,timss"
118,118. Rutkowski et al. (2024). The limits of inference reassessing causality in.json,json,ml_methods,missing,,,
118,118. Rutkowski et al. (2024). The limits of inference reassessing causality in.json,json,software,missing,,None,"r,sas"
118,118. Rutkowski et al. (2024). The limits of inference reassessing causality in.json,json,countries,missing,,Roughly 30 to 33 countries,
118,118. Rutkowski et al. (2024). The limits of inference reassessing causality in.json,json,dependent_outcome,disagree,0.032,"The primary outcomes  student achievement scores in reading, mathematics, and science. Secondary dependent variables mentioned in the non-ILSA case studies incl","This article does not estimate predictive or causal effects using ILSA microdata; instead, it reassesses the validity of causal claims made with ILSA data. It c"
118,118. Rutkowski et al. (2024). The limits of inference reassessing causality in.json,json,journal_venue,agree,1.0,Large-scale Assessments in Education,Large-scale Assessments in Education
119,119. Cortes et al. (2025). Evaluating uncertainty the impact of the sampling and.json,json,year,agree,1.0,2025,2025
119,119. Cortes et al. (2025). Evaluating uncertainty the impact of the sampling and.json,json,title,agree,1.0,Evaluating uncertainty: the impact of the sampling and assessment design on statistical inference in the context of ILSA,Evaluating uncertainty: the impact of the sampling and assessment design on statistical inference in the context of ILSA
119,119. Cortes et al. (2025). Evaluating uncertainty the impact of the sampling and.json,json,authors,partial,0.5,"cortes,hastedt,meinck","cortes,hastedt,martin"
119,119. Cortes et al. (2025). Evaluating uncertainty the impact of the sampling and.json,json,ilsa_assessment,agree,1.0,pirls,pirls
119,119. Cortes et al. (2025). Evaluating uncertainty the impact of the sampling and.json,json,ml_methods,disagree,0.0,,clustering
119,119. Cortes et al. (2025). Evaluating uncertainty the impact of the sampling and.json,json,software,missing,,None,r
119,119. Cortes et al. (2025). Evaluating uncertainty the impact of the sampling and.json,json,countries,disagree,0.0,None,"are,arg,bel,bgr,can,esp,fra,hkg,irl,kaz,mac,mlt,nld,twn,usa"
119,119. Cortes et al. (2025). Evaluating uncertainty the impact of the sampling and.json,json,dependent_outcome,partial,0.284,"Mean reading achievement (?), the Proportion of students below the intermediate benchmark (p), and a Regression coefficient (?).",reading achievement
119,119. Cortes et al. (2025). Evaluating uncertainty the impact of the sampling and.json,json,journal_venue,agree,1.0,Large-scale Assessments in Education,Large-scale Assessments in Education
120,120. Rebaia et al. (2020). A graphically based machine learning approach to.json,json,year,agree,1.0,2020,2020
120,120. Rebaia et al. (2020). A graphically based machine learning approach to.json,json,title,agree,1.0,A graphically based machine learning approach to predict secondary schools performance in Tunisia,A graphically based machine learning approach to predict secondary schools performance in Tunisia
120,120. Rebaia et al. (2020). A graphically based machine learning approach to.json,json,authors,disagree,0.2,"essid,rebaia,yahiab","essid,rebai,yahia"
120,120. Rebaia et al. (2020). A graphically based machine learning approach to.json,json,ilsa_assessment,agree,1.0,pisa,pisa
120,120. Rebaia et al. (2020). A graphically based machine learning approach to.json,json,ml_methods,agree,0.85,random forest,"decision tree,random forest"
120,120. Rebaia et al. (2020). A graphically based machine learning approach to.json,json,software,disagree,0.333,SAS software,r
120,120. Rebaia et al. (2020). A graphically based machine learning approach to.json,json,countries,disagree,0.0,Tunisia,tun
120,120. Rebaia et al. (2020). A graphically based machine learning approach to.json,json,dependent_outcome,partial,0.35,"Dependent variables: School performance, Efficiency scores, Inefficiency scores, PISA test scores (mathematics, reading, science), School dropout rate",School inefficiency score (DDF output)
120,120. Rebaia et al. (2020). A graphically based machine learning approach to.json,json,journal_venue,agree,1.0,Socio-Economic Planning Sciences,Socio-Economic Planning Sciences
121,121. Braun et al. (2025). Rethinking TIMSS quality assurance utilizing neural.json,json,year,agree,1.0,2025,2025
121,121. Braun et al. (2025). Rethinking TIMSS quality assurance utilizing neural.json,json,title,agree,1.0,Rethinking TIMSS quality assurance: utilizing neural network models with regression based bias mitigation strategies for validating country?level math and scien,Rethinking TIMSS quality assurance: utilizing neural network models with regression‑based bias mitigation strategies for validating country‑level math and scien
121,121. Braun et al. (2025). Rethinking TIMSS quality assurance utilizing neural.json,json,authors,agree,1.0,"braun,chen,davier","braun,chen,davier"
121,121. Braun et al. (2025). Rethinking TIMSS quality assurance utilizing neural.json,json,ilsa_assessment,agree,1.0,timss,timss
121,121. Braun et al. (2025). Rethinking TIMSS quality assurance utilizing neural.json,json,ml_methods,agree,1.0,neural network,neural network
121,121. Braun et al. (2025). Rethinking TIMSS quality assurance utilizing neural.json,json,software,missing,,None,r
121,121. Braun et al. (2025). Rethinking TIMSS quality assurance utilizing neural.json,json,countries,partial,0.5,between 22 and 34 countries,"are,aus,bhr,can,chl,egy,esp,gbr,geo,hkg,irl,irn,ita,jor,kaz"
121,121. Braun et al. (2025). Rethinking TIMSS quality assurance utilizing neural.json,json,dependent_outcome,disagree,0.228,Country-level Mean Achievement Scores in Mathematics and Science (Grade 8),Math achievement (country-level mean; residual screening) Science achievement (country-level mean; residual screening) Composite QC indicator correspondence (sc
121,121. Braun et al. (2025). Rethinking TIMSS quality assurance utilizing neural.json,json,journal_venue,agree,1.0,Large-scale Assessments in Education,Large-scale Assessments in Education
122,122. Schmitz & Sonnleitner. (2025). Evaluating AI?generated vs. human?written reading.json,json,year,agree,1.0,2025,2025
122,122. Schmitz & Sonnleitner. (2025). Evaluating AI?generated vs. human?written reading.json,json,title,agree,1.0,Evaluating AI?generated vs. human?written reading comprehension passages: an expert SWOT analysis and comparative study for an educational large?scale assessmen,Evaluating AI-generated vs. human-written reading comprehension passages: an expert SWOT analysis and comparative study for an educational large-scale assessmen
122,122. Schmitz & Sonnleitner. (2025). Evaluating AI?generated vs. human?written reading.json,json,authors,agree,1.0,"schmitz,sonnleitner","schmitz,sonnleitner"
122,122. Schmitz & Sonnleitner. (2025). Evaluating AI?generated vs. human?written reading.json,json,ilsa_assessment,missing,,,
122,122. Schmitz & Sonnleitner. (2025). Evaluating AI?generated vs. human?written reading.json,json,ml_methods,disagree,0.0,,"neural network,random forest"
122,122. Schmitz & Sonnleitner. (2025). Evaluating AI?generated vs. human?written reading.json,json,software,disagree,0.333,Generative AI: GPT-4,r
122,122. Schmitz & Sonnleitner. (2025). Evaluating AI?generated vs. human?written reading.json,json,countries,disagree,0.0,None,"deu,lux"
122,122. Schmitz & Sonnleitner. (2025). Evaluating AI?generated vs. human?written reading.json,json,dependent_outcome,agree,0.664,"Quality Dimensions: Readability, Correctness, Coherence, Engagement, Adequacy.
Discernibility: Whether the text was perceived as human-written or AI-generated.","Text quality ratings (readability, correctness, coherence, engagement, adequacy) Authorship discernibility (human vs AI; correct identification rates)"
122,122. Schmitz & Sonnleitner. (2025). Evaluating AI?generated vs. human?written reading.json,json,journal_venue,agree,1.0,Large-scale Assessments in Education,Large-scale Assessments in Education
123,123. Jewsbury & Johnso. (2025). Principal component analysis on the covariance matrix.json,json,year,agree,1.0,2025,2025
123,123. Jewsbury & Johnso. (2025). Principal component analysis on the covariance matrix.json,json,title,agree,1.0,Principal component analysis on the covariance matrix for data reduction in large?scale assessments,Principal component analysis on the covariance matrix for data reduction in large‑scale assessments
123,123. Jewsbury & Johnso. (2025). Principal component analysis on the covariance matrix.json,json,authors,disagree,0.333,"jewsbury,johnso","jewsbury,johnson"
123,123. Jewsbury & Johnso. (2025). Principal component analysis on the covariance matrix.json,json,ilsa_assessment,missing,,,
123,123. Jewsbury & Johnso. (2025). Principal component analysis on the covariance matrix.json,json,ml_methods,partial,0.333,"neural network,pca","pca,random forest"
123,123. Jewsbury & Johnso. (2025). Principal component analysis on the covariance matrix.json,json,software,partial,0.5,R (v.1.30 and v.1.42) (mirt),r
123,123. Jewsbury & Johnso. (2025). Principal component analysis on the covariance matrix.json,json,countries,disagree,0.0,None,usa
123,123. Jewsbury & Johnso. (2025). Principal component analysis on the covariance matrix.json,json,dependent_outcome,disagree,0.243,"Latent proficiency (?) on a composite scale (M=0,SD=1). Specific metrics: Group proficiency means and group proficiency variances.",Group mean estimates (PV-based) Group mean estimates (PV-based) Mean estimation bias and MSE (PV-based group means)
123,123. Jewsbury & Johnso. (2025). Principal component analysis on the covariance matrix.json,json,journal_venue,agree,1.0,Large-scale Assessments in Education,Large-scale Assessments in Education
124,124. Mirazchiyski & Gershteyn. (2024). Technology factors related to the differences in paper.json,json,year,agree,1.0,2024,2024
124,124. Mirazchiyski & Gershteyn. (2024). Technology factors related to the differences in paper.json,json,title,agree,1.0,Technology factors related to the differences in paper and online reading scores in PIRLS 2016,Technology factors related to the differences in paper and online reading scores in PIRLS 2016
124,124. Mirazchiyski & Gershteyn. (2024). Technology factors related to the differences in paper.json,json,authors,agree,1.0,"gershteyn,mirazchiyski","gershteyn,mirazchiyski"
124,124. Mirazchiyski & Gershteyn. (2024). Technology factors related to the differences in paper.json,json,ilsa_assessment,agree,1.0,pirls,pirls
124,124. Mirazchiyski & Gershteyn. (2024). Technology factors related to the differences in paper.json,json,ml_methods,partial,0.333,random forest,"multilevel,neural network,random forest"
124,124. Mirazchiyski & Gershteyn. (2024). Technology factors related to the differences in paper.json,json,software,partial,0.5,R (RALSA),r
124,124. Mirazchiyski & Gershteyn. (2024). Technology factors related to the differences in paper.json,json,countries,agree,0.8,"European Countries: Denmark, Italy, Norway, Portugal, Slovenia, Sweden (Ireland was excluded)","dnk,ita,nor,prt,svn,swe"
124,124. Mirazchiyski & Gershteyn. (2024). Technology factors related to the differences in paper.json,json,dependent_outcome,disagree,0.166,difference between e-reading and paper reading scores (computed as 5 sets of Plausible Value differences),Mode difference in reading achievement (e-reading PV minus paper PV)
124,124. Mirazchiyski & Gershteyn. (2024). Technology factors related to the differences in paper.json,json,journal_venue,agree,1.0,Large-scale Assessments in Education,Large-scale Assessments in Education
125,125. Huang & Keller. (2025). Working with missing data in large?scale assessments.json,json,year,agree,1.0,2025,2025
125,125. Huang & Keller. (2025). Working with missing data in large?scale assessments.json,json,title,agree,1.0,Working with missing data in large?scale assessments,Working with missing data in large-scale assessments
125,125. Huang & Keller. (2025). Working with missing data in large?scale assessments.json,json,authors,agree,1.0,"huang,keller","huang,keller"
125,125. Huang & Keller. (2025). Working with missing data in large?scale assessments.json,json,ilsa_assessment,agree,1.0,pisa,pisa
125,125. Huang & Keller. (2025). Working with missing data in large?scale assessments.json,json,ml_methods,agree,1.0,multilevel,multilevel
125,125. Huang & Keller. (2025). Working with missing data in large?scale assessments.json,json,software,disagree,0.222,"R (packages: rblimp, dplyr, tidyr, WeMix, MLMusingR, parallel) and Blimp","blimp,r"
125,125. Huang & Keller. (2025). Working with missing data in large?scale assessments.json,json,countries,disagree,0.0,Belgium,bel
125,125. Huang & Keller. (2025). Working with missing data in large?scale assessments.json,json,dependent_outcome,partial,0.331,Student Mathematics Ability (represented by 10 Plausible Values),Math achievement (Plausible Values; pv1math–pv10math) School-level variance (random effects) and ICC
125,125. Huang & Keller. (2025). Working with missing data in large?scale assessments.json,json,journal_venue,agree,1.0,Large-scale Assessments in Education,Large-scale Assessments in Education
126,126. He et al. (2024). The relationship between personal?collaborative.json,json,year,agree,1.0,2024,2024
126,126. He et al. (2024). The relationship between personal?collaborative.json,json,title,agree,1.0,The relationship between personal?collaborative motivation profiles and students’ performance in collaborative problem solving,The relationship between personal‑collaborative motivation profiles and students’ performance in collaborative problem solving
126,126. He et al. (2024). The relationship between personal?collaborative.json,json,authors,disagree,0.0,"he,ren,zhang",
126,126. He et al. (2024). The relationship between personal?collaborative.json,json,ilsa_assessment,agree,1.0,pisa,pisa
126,126. He et al. (2024). The relationship between personal?collaborative.json,json,ml_methods,agree,1.0,"hlm,multilevel,neural network,random forest","hlm,multilevel,neural network,random forest"
126,126. He et al. (2024). The relationship between personal?collaborative.json,json,software,disagree,0.0,Mplus (v.8.3) and SPSS (v.24.0),"hlm,r"
126,126. He et al. (2024). The relationship between personal?collaborative.json,json,countries,agree,1.0,"China (Beijing, Shanghai, Jiangsu, and Guangdong)",chn
126,126. He et al. (2024). The relationship between personal?collaborative.json,json,dependent_outcome,agree,0.479,CPS Performance (10 Plausible Values); CPS Behaviours (Timings and Activities from log-files),"CPS achievement (10 plausible values; scaled mean 500, SD 100)"
126,126. He et al. (2024). The relationship between personal?collaborative.json,json,journal_venue,agree,1.0,Large-scale Assessments in Education,Large-scale Assessments in Education
127,127. Sun et al. (2023). A Theoretical Framework for a Mathematical Cognitive.json,json,year,agree,1.0,2023,2023
127,127. Sun et al. (2023). A Theoretical Framework for a Mathematical Cognitive.json,json,title,agree,1.0,A Theoretical Framework for a Mathematical Cognitive Model for Adaptive Learning Systems,A Theoretical Framework for a Mathematical Cognitive Model for Adaptive Learning Systems
127,127. Sun et al. (2023). A Theoretical Framework for a Mathematical Cognitive.json,json,authors,partial,0.5,"sun,wu,xu","sun,wang,xu"
127,127. Sun et al. (2023). A Theoretical Framework for a Mathematical Cognitive.json,json,ilsa_assessment,agree,1.0,timss,"pisa,timss"
127,127. Sun et al. (2023). A Theoretical Framework for a Mathematical Cognitive.json,json,ml_methods,partial,0.5,neural network,"neural network,random forest"
127,127. Sun et al. (2023). A Theoretical Framework for a Mathematical Cognitive.json,json,software,partial,0.5,MATLAB,"matlab,r"
127,127. Sun et al. (2023). A Theoretical Framework for a Mathematical Cognitive.json,json,countries,missing,,None,
127,127. Sun et al. (2023). A Theoretical Framework for a Mathematical Cognitive.json,json,dependent_outcome,partial,0.331,Mathematical Cognitive Model (the resulting 5-level arrangement of attributes).,Literature synthesis outcome (not student-level prediction)
127,127. Sun et al. (2023). A Theoretical Framework for a Mathematical Cognitive.json,json,journal_venue,agree,1.0,Behavioral Sciences,Behavioral Sciences
128,128. Chen et al. (2021). Synergistic effects of instruction and affect factors.json,json,year,partial,0.5,2021,2020
128,128. Chen et al. (2021). Synergistic effects of instruction and affect factors.json,json,title,agree,1.0,Synergistic effects of instruction and affect factors on high? and low?ability disparities in elementary students’ reading literacy,Synergistic effects of instruction and affect factors on high- and low-ability disparities in elementary students’ reading literacy
128,128. Chen et al. (2021). Synergistic effects of instruction and affect factors.json,json,authors,partial,0.667,"chen,hu,zhang","chen,hu"
128,128. Chen et al. (2021). Synergistic effects of instruction and affect factors.json,json,ilsa_assessment,partial,0.5,"pirls,pisa",pirls
128,128. Chen et al. (2021). Synergistic effects of instruction and affect factors.json,json,ml_methods,agree,0.85,"decision tree,gradient boosting,logistic regression,random forest,svm,xgboost","decision tree,k nn,logistic regression,random forest,svm,xgboost"
128,128. Chen et al. (2021). Synergistic effects of instruction and affect factors.json,json,software,partial,0.5,Python (v.3.6) (scikit-learn),"r,scikit"
128,128. Chen et al. (2021). Synergistic effects of instruction and affect factors.json,json,countries,agree,0.8,"English-speaking education systems: the United States, England, Northern Ireland, and Australia
Chinese-speaking educati","aus,gbr,hkg,mac,twn,usa"
128,128. Chen et al. (2021). Synergistic effects of instruction and affect factors.json,json,dependent_outcome,partial,0.344,Reading literacy achievement level (high or low),High vs low reading proficiency (benchmark-based)
128,128. Chen et al. (2021). Synergistic effects of instruction and affect factors.json,json,journal_venue,json_missing,,Reading and Writing,
129,"129. Campos & Scherer. (2024). Digital gender gaps in Students’ knowledge, attitudes.json",json,year,agree,1.0,2024,2024
129,"129. Campos & Scherer. (2024). Digital gender gaps in Students’ knowledge, attitudes.json",json,title,agree,1.0,"Digital gender gaps in Students’ knowledge, attitudes and skills: an integrative data analysis across 32 Countries","Digital gender gaps in Students’ knowledge, attitudes and skills: an integrative data analysis across 32 Countries"
129,"129. Campos & Scherer. (2024). Digital gender gaps in Students’ knowledge, attitudes.json",json,authors,agree,1.0,"campos,scherer","campos,scherer"
129,"129. Campos & Scherer. (2024). Digital gender gaps in Students’ knowledge, attitudes.json",json,ilsa_assessment,agree,1.0,icils,icils
129,"129. Campos & Scherer. (2024). Digital gender gaps in Students’ knowledge, attitudes.json",json,ml_methods,agree,1.0,multilevel,multilevel
129,"129. Campos & Scherer. (2024). Digital gender gaps in Students’ knowledge, attitudes.json",json,software,disagree,0.2,"R (Mplus 8.8, mice, MplusAutomation, metafor)",r
129,"129. Campos & Scherer. (2024). Digital gender gaps in Students’ knowledge, attitudes.json",json,countries,partial,0.5,32 countries,"aus,baa,che,chl,cot,cze,deu,dnk,fin,fra,hkg,hrv,ita,kaz,kor"
129,"129. Campos & Scherer. (2024). Digital gender gaps in Students’ knowledge, attitudes.json",json,dependent_outcome,partial,0.376,"Digital knowledge and skills, computer and information literacy, computational thinking",Digital skills (CIL/CT) gender gap
129,"129. Campos & Scherer. (2024). Digital gender gaps in Students’ knowledge, attitudes.json",json,journal_venue,agree,1.0,Education and Information Technologies,Education and Information Technologies
130,130. Goecke et al. (2026). Being female and being well-situated implies higher.json,json,year,agree,1.0,2026,2026
130,130. Goecke et al. (2026). Being female and being well-situated implies higher.json,json,title,agree,1.0,Being female and being well-situated implies higher performance on creative thinking tests: Evidence across 62 countries from PISA 2022,Being female and being well-situated implies higher performance on creative thinking tests: Evidence across 62 countries from PISA 2022
130,130. Goecke et al. (2026). Being female and being well-situated implies higher.json,json,authors,agree,1.0,"benedek,diedrich,forthmann,goecke,patzl,weiss","benedek,diedrich,forthmann,goecke,patzl,weiss"
130,130. Goecke et al. (2026). Being female and being well-situated implies higher.json,json,ilsa_assessment,agree,1.0,pisa,pisa
130,130. Goecke et al. (2026). Being female and being well-situated implies higher.json,json,ml_methods,disagree,0.0,,"neural network,random forest"
130,130. Goecke et al. (2026). Being female and being well-situated implies higher.json,json,software,disagree,0.2,"R (metafor, clubSandwich, mdmb packages)",r
130,130. Goecke et al. (2026). Being female and being well-situated implies higher.json,json,countries,partial,0.5,62 countries and economies participating in the PISA 2022 innovative domain,"bgr,chl,cri,hun,isl,jam,jor,kor,mex,per,pse,rou,sau,uzb"
130,130. Goecke et al. (2026). Being female and being well-situated implies higher.json,json,dependent_outcome,partial,0.342,Standardized creative thinking score (0 to 60 points); standardized mathematics score; standardized reading score (all expressed as z-scores within each country,Creative thinking performance (PVs; standardized regression effects) Mathematics performance (PVs; standardized regression effects) Reading performance (PVs; st
130,130. Goecke et al. (2026). Being female and being well-situated implies higher.json,json,journal_venue,agree,1.0,Thinking Skills and Creativity,Thinking Skills and Creativity
131,131. Wu et al. (2026). Predicting Key Factors Influencing Students' Creative.json,json,year,agree,1.0,2026,2026
131,131. Wu et al. (2026). Predicting Key Factors Influencing Students' Creative.json,json,title,agree,1.0,Predicting Key Factors Influencing Students' Creative Thinking: A Machine Learning Analysis Based on PISA 2022 Data From East Asia,Predicting Key Factors Influencing Students’ Creative Thinking: A Machine Learning Analysis Based on PISA 2022 Data from East Asia
131,131. Wu et al. (2026). Predicting Key Factors Influencing Students' Creative.json,json,authors,agree,1.0,"fang,wu,yu,zhang","fang,wu,yu,zhang"
131,131. Wu et al. (2026). Predicting Key Factors Influencing Students' Creative.json,json,ilsa_assessment,agree,1.0,pisa,pisa
131,131. Wu et al. (2026). Predicting Key Factors Influencing Students' Creative.json,json,ml_methods,agree,1.0,"lasso,random forest","lasso,random forest"
131,131. Wu et al. (2026). Predicting Key Factors Influencing Students' Creative.json,json,software,disagree,0.111,"R 4.2.1 (packages: glmnet, ranger/ randomForest, ggplot2); SPSS 27.0 (preliminary analyses)",r
131,131. Wu et al. (2026). Predicting Key Factors Influencing Students' Creative.json,json,countries,agree,0.8,"5 East Asian economies: Singapore, South Korea, Chinese Taipei, Hong Kong (China), Macao (China)","hkg,kor,mac,sgp,twn"
131,131. Wu et al. (2026). Predicting Key Factors Influencing Students' Creative.json,json,dependent_outcome,disagree,0.122,Students' creative thinking score (PISA 2022 innovative domain),Creative thinking score (average of 10 plausible values) Creative thinking score (average of 10 plausible values) Creative thinking score (average of 10 plausib
131,131. Wu et al. (2026). Predicting Key Factors Influencing Students' Creative.json,json,journal_venue,agree,1.0,Thinking Skills and Creativity,Thinking Skills and Creativity
132,132. Yildirim et al. (2026). Understanding Students' Mathematical Achievement.json,json,year,agree,1.0,2026,2026
132,132. Yildirim et al. (2026). Understanding Students' Mathematical Achievement.json,json,title,agree,1.0,Understanding Students' Mathematical Achievement Through Feature Selection and Machine Learning: Evidence From PISA 2018,Understanding students’ mathematical achievement through feature selection and machine learning: Evidence from PISA 2018
132,132. Yildirim et al. (2026). Understanding Students' Mathematical Achievement.json,json,authors,agree,1.0,"atilgan,turfan,yildirim","atilgan,turfan,yildirim"
132,132. Yildirim et al. (2026). Understanding Students' Mathematical Achievement.json,json,ilsa_assessment,agree,1.0,pisa,pisa
132,132. Yildirim et al. (2026). Understanding Students' Mathematical Achievement.json,json,ml_methods,agree,0.85,"random forest,shap,svm","decision tree,random forest,shap,svm"
132,132. Yildirim et al. (2026). Understanding Students' Mathematical Achievement.json,json,software,missing,,None,r
132,132. Yildirim et al. (2026). Understanding Students' Mathematical Achievement.json,json,countries,agree,1.0,Türkiye,tur
132,132. Yildirim et al. (2026). Understanding Students' Mathematical Achievement.json,json,dependent_outcome,agree,0.453,"Binary mathematics achievement (low-performing vs. high-performing, based on PISA Level 2 proficiency benchmark, derived from PV1MATH–PV10MATH; 37% low-performi","Mathematics achievement class (low vs high, Level 2 benchmark)"
132,132. Yildirim et al. (2026). Understanding Students' Mathematical Achievement.json,json,journal_venue,agree,1.0,Revista de Psicodidáctica,Revista de Psicodidáctica
133,133. Kraus et al. (2026). The essence of creative thinking in PISA 2022: An item.json,json_extractions,year,agree,1.0,2026,2026
133,133. Kraus et al. (2026). The essence of creative thinking in PISA 2022: An item.json,json_extractions,title,agree,1.0,The Essence of Creative Thinking in PISA 2022: An Item-Level Machine Learning Approach to Construct Validity at the Facet Level,The essence of creative thinking in PISA 2022: An item-level machine learning approach to construct validity at the facet level
133,133. Kraus et al. (2026). The essence of creative thinking in PISA 2022: An item.json,json_extractions,authors,agree,1.0,"goecke,jaggy,kraus","goecke,jaggy,kraus"
133,133. Kraus et al. (2026). The essence of creative thinking in PISA 2022: An item.json,json_extractions,ilsa_assessment,agree,1.0,pisa,pisa
133,133. Kraus et al. (2026). The essence of creative thinking in PISA 2022: An item.json,json_extractions,ml_methods,agree,1.0,random forest,random forest
133,133. Kraus et al. (2026). The essence of creative thinking in PISA 2022: An item.json,json_extractions,software,disagree,0.167,R; tidymodels package (random forest fitting),r
133,133. Kraus et al. (2026). The essence of creative thinking in PISA 2022: An item.json,json_extractions,countries,missing,,63 countries,
133,133. Kraus et al. (2026). The essence of creative thinking in PISA 2022: An item.json,json_extractions,dependent_outcome,partial,0.26,"Item-level scores (categorical: 1=no credit, 2=partial credit, 3=full credit): Generate Diverse Ideas (GDI, 11 items), Generate Creative Ideas (GCI, 12 items), ",Creative thinking item score categories (GDI; no/partial/full credit) Creative thinking item score categories (GCI; no/partial/full credit) Creative thinking it
133,133. Kraus et al. (2026). The essence of creative thinking in PISA 2022: An item.json,json_extractions,journal_venue,agree,1.0,Thinking Skills and Creativity,Thinking Skills and Creativity
134,134. Chen et al. (2026). Interpretable machine learning reveals key determinants.json,json_extractions,year,agree,1.0,2026,2026
134,134. Chen et al. (2026). Interpretable machine learning reveals key determinants.json,json_extractions,title,agree,1.0,Interpretable Machine Learning Reveals Key Determinants of Creative Thinking Among East Asian Students: Evidence From PISA 2022,Interpretable machine learning reveals key determinants of creative thinking among East Asian students: Evidence from PISA 2022
134,134. Chen et al. (2026). Interpretable machine learning reveals key determinants.json,json_extractions,authors,agree,1.0,"chen,deng,dong,wang,yu","chen,deng,dong,wang,yu"
134,134. Chen et al. (2026). Interpretable machine learning reveals key determinants.json,json_extractions,ilsa_assessment,agree,1.0,pisa,pisa
134,134. Chen et al. (2026). Interpretable machine learning reveals key determinants.json,json_extractions,ml_methods,agree,0.9,"elastic net,gradient boosting,k nn,knn,lightgbm,neural network,random forest,shap,xgboost","elastic net,gradient boosting,k nn,knn,lightgbm,neural network,random forest,shap,svm,xgboost"
134,134. Chen et al. (2026). Interpretable machine learning reveals key determinants.json,json_extractions,software,disagree,0.125,"Python 3.10 (scikit-learn, xgboost, lightgbm, shap libraries)",r
134,134. Chen et al. (2026). Interpretable machine learning reveals key determinants.json,json_extractions,countries,agree,0.8,"5 East Asian economies: Hong Kong (China), Macau (China), Chinese Taipei, South Korea, Singapore","hkg,kor,mac,sgp,twn"
134,134. Chen et al. (2026). Interpretable machine learning reveals key determinants.json,json_extractions,dependent_outcome,agree,0.479,Creative thinking,Creative thinking score (PVs combined via Rubin’s rules)
134,134. Chen et al. (2026). Interpretable machine learning reveals key determinants.json,json_extractions,journal_venue,agree,1.0,Thinking Skills and Creativity,Thinking Skills and Creativity
135,135. Martínez-Abad et al. (2020). Educational Data Mining Identification of Factors.json,json,year,agree,1.0,2020,2020
135,135. Martínez-Abad et al. (2020). Educational Data Mining Identification of Factors.json,json,title,agree,1.0,Educational Data Mining: Identification of Factors Associated With School Effectiveness in PISA Assessment,Educational Data Mining: Identification of Factors Associated With School Effectiveness in PISA Assessment
135,135. Martínez-Abad et al. (2020). Educational Data Mining Identification of Factors.json,json,authors,agree,1.0,"gamazo,martinez abad,rodriguez conde","gamazo,martinez abad,rodriguez conde"
135,135. Martínez-Abad et al. (2020). Educational Data Mining Identification of Factors.json,json,ilsa_assessment,agree,1.0,pisa,pisa
135,135. Martínez-Abad et al. (2020). Educational Data Mining Identification of Factors.json,json,ml_methods,agree,0.85,"decision tree,multilevel","decision tree,hlm,multilevel"
135,135. Martínez-Abad et al. (2020). Educational Data Mining Identification of Factors.json,json,software,disagree,0.3,"HLM 7 (multilevel modeling); Weka 3.8.1, algorithm J48/C4.5 (decision tree construction)","hlm,r,weka"
135,135. Martínez-Abad et al. (2020). Educational Data Mining Identification of Factors.json,json,countries,agree,1.0,Spain,esp
135,135. Martínez-Abad et al. (2020). Educational Data Mining Identification of Factors.json,json,dependent_outcome,partial,0.326,"Phase 1: student performance in mathematics, reading, and science (used to compute school-level residuals). Phase 2: school effectiveness classification (dichot",School effectiveness (high vs low; dichotomous residual-based target)
135,135. Martínez-Abad et al. (2020). Educational Data Mining Identification of Factors.json,json,journal_venue,agree,1.0,Studies in Educational Evaluation,Studies in Educational Evaluation
136,2. Zhu et al. (2025). Predictive insights into U.S. students’ mathematics.json,json,year,agree,1.0,2025,2025
136,2. Zhu et al. (2025). Predictive insights into U.S. students’ mathematics.json,json,title,agree,1.0,Predictive Insights Into U.S. Students' Mathematics Performance on PISA 2022 Using Ensemble Tree-Based Machine Learning Models,Predictive insights into U.S. students’ mathematics performance on PISA 2022 using ensemble tree-based machine learning models
136,2. Zhu et al. (2025). Predictive insights into U.S. students’ mathematics.json,json,authors,agree,1.0,"fang,hong,you,zhu","fang,hong,you,zhu"
136,2. Zhu et al. (2025). Predictive insights into U.S. students’ mathematics.json,json,ilsa_assessment,agree,1.0,pisa,pisa
136,2. Zhu et al. (2025). Predictive insights into U.S. students’ mathematics.json,json,ml_methods,agree,1.0,"gradient boosting,lightgbm,random forest,xgboost","gradient boosting,lightgbm,random forest,xgboost"
136,2. Zhu et al. (2025). Predictive insights into U.S. students’ mathematics.json,json,software,missing,,None,r
136,2. Zhu et al. (2025). Predictive insights into U.S. students’ mathematics.json,json,countries,agree,1.0,United States,usa
136,2. Zhu et al. (2025). Predictive insights into U.S. students’ mathematics.json,json,dependent_outcome,partial,0.419,Students' mathematics performance (PISA 2022 plausible values),Mathematics achievement (PVs)
136,2. Zhu et al. (2025). Predictive insights into U.S. students’ mathematics.json,json,journal_venue,agree,1.0,International Journal of Educational Research,International Journal of Educational Research
137,137. Jha & Tsai. (2026). Using Machine Learning Approaches to Predict Taiwanese.json,json,year,agree,1.0,2026,2026
137,137. Jha & Tsai. (2026). Using Machine Learning Approaches to Predict Taiwanese.json,json,title,agree,1.0,Using Machine Learning Approaches to Predict Taiwanese Eighth Graders' Computational Thinking Performance in ICILS 2023 Study,Using machine learning approaches to predict Taiwanese eighth graders’ computational thinking performance in ICILS 2023 study
137,137. Jha & Tsai. (2026). Using Machine Learning Approaches to Predict Taiwanese.json,json,authors,agree,1.0,"jha,tsai","jha,tsai"
137,137. Jha & Tsai. (2026). Using Machine Learning Approaches to Predict Taiwanese.json,json,ilsa_assessment,partial,0.5,"icils,iea",icils
137,137. Jha & Tsai. (2026). Using Machine Learning Approaches to Predict Taiwanese.json,json,ml_methods,agree,1.0,"gradient boosting,lightgbm,logistic regression,random forest,shap,xgboost","gradient boosting,lightgbm,logistic regression,random forest,shap,xgboost"
137,137. Jha & Tsai. (2026). Using Machine Learning Approaches to Predict Taiwanese.json,json,software,disagree,0.222,"Python (scikit-learn, XGBoost, LightGBM, hyperopt, optuna, SHAP)","r,scikit"
137,137. Jha & Tsai. (2026). Using Machine Learning Approaches to Predict Taiwanese.json,json,countries,agree,1.0,Taiwan,twn
137,137. Jha & Tsai. (2026). Using Machine Learning Approaches to Predict Taiwanese.json,json,dependent_outcome,agree,0.574,"CT performance score (binary: below average vs. above average, threshold=541)",Computational thinking performance (below vs above average)
137,137. Jha & Tsai. (2026). Using Machine Learning Approaches to Predict Taiwanese.json,json,journal_venue,agree,1.0,Computers in Human Behavior Reports,Computers in Human Behavior Reports
138,138. Kasap & Köro?lu. (2025). The Effect of the Weight Variable on Predicting.json,json,year,agree,1.0,2025,2025
138,138. Kasap & Köro?lu. (2025). The Effect of the Weight Variable on Predicting.json,json,title,agree,1.0,The Effect of the Weight Variable on Predicting Reading Comprehension Achievement in PISA 2018: A Data Mining Approach,The Effect of the Weight Variable on Predicting Reading Comprehension Achievement in PISA 2018: A Data Mining Approach
138,138. Kasap & Köro?lu. (2025). The Effect of the Weight Variable on Predicting.json,json,authors,disagree,0.333,"kasap,koro lu","kasap,koroglu"
138,138. Kasap & Köro?lu. (2025). The Effect of the Weight Variable on Predicting.json,json,ilsa_assessment,agree,1.0,pisa,pisa
138,138. Kasap & Köro?lu. (2025). The Effect of the Weight Variable on Predicting.json,json,ml_methods,agree,0.85,"decision tree,random forest","decision tree,neural network,random forest"
138,138. Kasap & Köro?lu. (2025). The Effect of the Weight Variable on Predicting.json,json,software,disagree,0.133,"SPSS Modeler (CART, RF classification/prediction); SPSS (outlier and missing-data analysis, multiple imputation); Weka (","r,spss"
138,138. Kasap & Köro?lu. (2025). The Effect of the Weight Variable on Predicting.json,json,countries,agree,1.0,Türkiye,tur
138,138. Kasap & Köro?lu. (2025). The Effect of the Weight Variable on Predicting.json,json,dependent_outcome,partial,0.367,"Binary reading comprehension achievement (unsuccessful: PV1 score 0–552.999; successful: PV1 score 553–1000), based on the PISA 2018 Turkey national report's pr",Reading comprehension achievement category (PV1; successful vs unsuccessful)
138,138. Kasap & Köro?lu. (2025). The Effect of the Weight Variable on Predicting.json,json,journal_venue,agree,1.0,OPUS Journal of Society Research,OPUS Journal of Society Research
139,139. Wu et al. (2026). Which Teachers Adopt AI in Teaching? An Interpretable.json,json,year,agree,1.0,2026,2026
139,139. Wu et al. (2026). Which Teachers Adopt AI in Teaching? An Interpretable.json,json,title,agree,1.0,Which Teachers Adopt AI in Teaching? An Interpretable Machine Learning Analysis of East Asian Data from TALIS 2024,Which Teachers Adopt AI in Teaching? An Interpretable Machine Learning Analysis of East Asian Data from TALIS 2024
139,139. Wu et al. (2026). Which Teachers Adopt AI in Teaching? An Interpretable.json,json,authors,agree,1.0,"liu,wu,zhao","liu,wu,zhao"
139,139. Wu et al. (2026). Which Teachers Adopt AI in Teaching? An Interpretable.json,json,ilsa_assessment,agree,1.0,talis,talis
139,139. Wu et al. (2026). Which Teachers Adopt AI in Teaching? An Interpretable.json,json,ml_methods,partial,0.5,"hlm,lasso,logistic regression,shap","gradient boosting,lasso,logistic regression,random forest,shap"
139,139. Wu et al. (2026). Which Teachers Adopt AI in Teaching? An Interpretable.json,json,software,disagree,0.067,R (packages: survey for weighted Logit models; glmnet for LASSO binomial regression; missForest for imputation); Python ,r
139,139. Wu et al. (2026). Which Teachers Adopt AI in Teaching? An Interpretable.json,json,countries,agree,1.0,"Four East Asian economies (Singapore, Shanghai (China), Korea, and Japan).","chn,jpn,kor,sgp"
139,139. Wu et al. (2026). Which Teachers Adopt AI in Teaching? An Interpretable.json,json,dependent_outcome,partial,0.45,"Teachers' AI adoption in teaching (binary: 1=used AI in teaching/to facilitate student learning in the past 12 months, 0=did not)",Teachers' AI adoption (TT4G36; binary) Teachers' AI adoption (TT4G36; binary) Teachers' AI adoption (TT4G36; binary) Teachers' AI adoption (TT4G36; binary) Teac
139,139. Wu et al. (2026). Which Teachers Adopt AI in Teaching? An Interpretable.json,json,journal_venue,agree,1.0,International Journal of Educational Research,International Journal of Educational Research
140,140. Shen & Zhou. (2026). Tools as Well-Being? AI Teaching Applications and.json,json,year,agree,1.0,2026,2026
140,140. Shen & Zhou. (2026). Tools as Well-Being? AI Teaching Applications and.json,json,title,agree,1.0,Tools as Well-Being? AI Teaching Applications and Teacher Work Stress: Evidence From TALIS 2024,Tools as well-being? AI teaching applications and teacher work stress: Evidence from TALIS 2024
140,140. Shen & Zhou. (2026). Tools as Well-Being? AI Teaching Applications and.json,json,authors,agree,1.0,"shen,zhou","shen,zhou"
140,140. Shen & Zhou. (2026). Tools as Well-Being? AI Teaching Applications and.json,json,ilsa_assessment,agree,1.0,talis,talis
140,140. Shen & Zhou. (2026). Tools as Well-Being? AI Teaching Applications and.json,json,ml_methods,partial,0.5,"hlm,neural network",hlm
140,140. Shen & Zhou. (2026). Tools as Well-Being? AI Teaching Applications and.json,json,software,missing,,None,"hlm,r"
140,140. Shen & Zhou. (2026). Tools as Well-Being? AI Teaching Applications and.json,json,countries,partial,0.5,18 countries,"chn,est,hun,isr,pol,svk,swe"
140,140. Shen & Zhou. (2026). Tools as Well-Being? AI Teaching Applications and.json,json,dependent_outcome,disagree,0.137,"Composite teacher work stress (factor score) and 3 sub-dimensions: workplace stress, workload stress, student behavior stress (original 4-point Likert scale sco",Work stress (composite factor score) Workplace stress (sub-dimension) Workload stress (sub-dimension) Student behavioral stress (sub-dimension) Work stress hete
140,140. Shen & Zhou. (2026). Tools as Well-Being? AI Teaching Applications and.json,json,journal_venue,agree,1.0,Teaching and Teacher Education,Teaching and Teacher Education
141,141. Enchikova et al. (2024). Change in socioeconomic educational equity after 20.json,json,year,agree,1.0,2024,2024
141,141. Enchikova et al. (2024). Change in socioeconomic educational equity after 20.json,json,title,agree,1.0,Change in socioeconomic educational equity after 20 years of PISA: A systematic literature review,Change in socioeconomic educational equity after 20 years of PISA: A systematic literature review
141,141. Enchikova et al. (2024). Change in socioeconomic educational equity after 20.json,json,authors,agree,1.0,"enchikova,nata,neves,toledo","enchikova,nata,neves,toledo"
141,141. Enchikova et al. (2024). Change in socioeconomic educational equity after 20.json,json,ilsa_assessment,agree,1.0,pisa,pisa
141,141. Enchikova et al. (2024). Change in socioeconomic educational equity after 20.json,json,ml_methods,missing,,,
141,141. Enchikova et al. (2024). Change in socioeconomic educational equity after 20.json,json,software,disagree,0.067,"Endnote (duplicate identification), NVivo (full-text coding/review), Microsoft Excel and Tableau 2023.3 (data consolidat",r
141,141. Enchikova et al. (2024). Change in socioeconomic educational equity after 20.json,json,countries,agree,0.8,"Global (PISA-participating countries, with more coverage of OECD/European and some Latin American countries)","are,arg,aus,aut,bel,bgr,bra,can,chl,col,cri,cze,deu,dnk,esp"
141,141. Enchikova et al. (2024). Change in socioeconomic educational equity after 20.json,json,dependent_outcome,disagree,0.124,"Reported direction/trend of change in socioeconomic educational equity over time (coded as Positive, Negative, No change, Mixed, Unclear, Omit)",Literature synthesis outcome (not student-level prediction)
141,141. Enchikova et al. (2024). Change in socioeconomic educational equity after 20.json,json,journal_venue,agree,1.0,International Journal of Educational Research Open,International Journal of Educational Research Open
142,142. Y?lmaz & Kabasakal. (2025). Comparison of Statistical and Machine Learning.json,json,year,agree,1.0,2025,2025
142,142. Y?lmaz & Kabasakal. (2025). Comparison of Statistical and Machine Learning.json,json,title,agree,1.0,Comparison of Statistical and Machine Learning Approaches for Predicting Mathematical Literacy: Evidence from PISA 2022 Türkiye,Comparison of Statistical and Machine Learning Approaches for Predicting Mathematical Literacy: Evidence from PISA 2022 Türkiye
142,142. Y?lmaz & Kabasakal. (2025). Comparison of Statistical and Machine Learning.json,json,authors,agree,1.0,"kabasakal,y lmaz","kabasakal,y lmaz"
142,142. Y?lmaz & Kabasakal. (2025). Comparison of Statistical and Machine Learning.json,json,ilsa_assessment,agree,1.0,pisa,pisa
142,142. Y?lmaz & Kabasakal. (2025). Comparison of Statistical and Machine Learning.json,json,ml_methods,agree,1.0,"lasso,neural network,random forest,xgboost","lasso,neural network,random forest,xgboost"
142,142. Y?lmaz & Kabasakal. (2025). Comparison of Statistical and Machine Learning.json,json,software,disagree,0.1,"R (v4.5.0), caret package (model training/tuning), nnet (ANN), missForest (imputation)",r
142,142. Y?lmaz & Kabasakal. (2025). Comparison of Statistical and Machine Learning.json,json,countries,agree,1.0,Türkiye,tur
142,142. Y?lmaz & Kabasakal. (2025). Comparison of Statistical and Machine Learning.json,json,dependent_outcome,agree,0.676,"Mathematical literacy (PVORT mean of 10 plausible values from PISA 2022 math assessment)
",Mathematical literacy (PVORT; averaged plausible values)
142,142. Y?lmaz & Kabasakal. (2025). Comparison of Statistical and Machine Learning.json,json,journal_venue,agree,1.0,Journal of Measurement and Evaluation in Education and Psychology,Journal of Measurement and Evaluation in Education and Psychology
143,143. Bezek Güre et al. (2023). Reviewing the Factors Affecting PISA Reading Ski.json,json_extractions,year,agree,1.0,2023,2023
143,143. Bezek Güre et al. (2023). Reviewing the Factors Affecting PISA Reading Ski.json,json_extractions,title,agree,1.0,Reviewing the Factors Affecting PISA Reading Skills by Using Random Forest and MARS Methods,Reviewing the Factors Affecting PISA Reading Skills by Using Random Forest and MARS Methods
143,143. Bezek Güre et al. (2023). Reviewing the Factors Affecting PISA Reading Ski.json,json_extractions,authors,partial,0.5,"evgin,gure,kayri","gure,kayri,sevgin"
143,143. Bezek Güre et al. (2023). Reviewing the Factors Affecting PISA Reading Ski.json,json_extractions,ilsa_assessment,agree,1.0,pisa,pisa
143,143. Bezek Güre et al. (2023). Reviewing the Factors Affecting PISA Reading Ski.json,json_extractions,ml_methods,agree,0.85,"decision tree,mars,random forest","mars,random forest"
143,143. Bezek Güre et al. (2023). Reviewing the Factors Affecting PISA Reading Ski.json,json_extractions,software,disagree,0.286,"SPM (Salford Predictive Modeler), SPSS, MS Excel","r,spss"
143,143. Bezek Güre et al. (2023). Reviewing the Factors Affecting PISA Reading Ski.json,json_extractions,countries,agree,1.0,Türkiye,tur
143,143. Bezek Güre et al. (2023). Reviewing the Factors Affecting PISA Reading Ski.json,json_extractions,dependent_outcome,agree,0.489,"Reading skill level, categorized as ""successful"" or ""unsuccessful"" based on average of 10 plausible values and PISA competence-level thresholds",Reading skills category (successful vs unsuccessful)
143,143. Bezek Güre et al. (2023). Reviewing the Factors Affecting PISA Reading Ski.json,json_extractions,journal_venue,agree,0.951,International Journal of Contemporary Educational Research,IJCER (International Journal of Contemporary Educational Research)
144,144. Buyukatak & Anil. (2022). An Investigation of Data Mining Classification Methods.json,json,year,agree,1.0,2022,2022
144,144. Buyukatak & Anil. (2022). An Investigation of Data Mining Classification Methods.json,json,title,agree,1.0,An Investigation of Data Mining Classification Methods in Classifying Students According to 2018 PISA Reading Scores,An investigation of data mining classification methods in classifying students according to 2018 PISA reading scores
144,144. Buyukatak & Anil. (2022). An Investigation of Data Mining Classification Methods.json,json,authors,disagree,0.333,"anil,buyukatak","an l,buyukatak"
144,144. Buyukatak & Anil. (2022). An Investigation of Data Mining Classification Methods.json,json,ilsa_assessment,agree,1.0,pisa,pisa
144,144. Buyukatak & Anil. (2022). An Investigation of Data Mining Classification Methods.json,json,ml_methods,agree,0.85,"decision tree,k nn,knn,neural network","decision tree,neural network,random forest"
144,144. Buyukatak & Anil. (2022). An Investigation of Data Mining Classification Methods.json,json,software,disagree,0.222,SPSS Modeler 18.0 (classification analyses); SPSS (Two-Step Cluster Analysis),"r,spss"
144,144. Buyukatak & Anil. (2022). An Investigation of Data Mining Classification Methods.json,json,countries,agree,1.0,Türkiye,tur
144,144. Buyukatak & Anil. (2022). An Investigation of Data Mining Classification Methods.json,json,dependent_outcome,agree,0.568,"Binary reading skills success (Successful vs. Unsuccessful, based on PISA 2018 reading achievement scores)",Reading success status (successful=1 vs unsuccessful=0)
144,144. Buyukatak & Anil. (2022). An Investigation of Data Mining Classification Methods.json,json,journal_venue,partial,0.597,International Journal of Assessment Tools in Education,Int. J. Assess. Tools Educ.
145,"145. Lei et al. (2026). Drivers, Pedagogical Uses, and Barriers of Teachers'.json",json,year,agree,1.0,2026,2026
145,"145. Lei et al. (2026). Drivers, Pedagogical Uses, and Barriers of Teachers'.json",json,title,agree,1.0,"Drivers, Pedagogical Uses, and Barriers of Teachers' AI Adoption: Cross-National Evidence From TALIS 2024","Drivers, pedagogical uses, and barriers of teachers’ AI adoption: Cross-national evidence from TALIS 2024"
145,"145. Lei et al. (2026). Drivers, Pedagogical Uses, and Barriers of Teachers'.json",json,authors,agree,1.0,"deng,lei,lu","deng,lei,lu"
145,"145. Lei et al. (2026). Drivers, Pedagogical Uses, and Barriers of Teachers'.json",json,ilsa_assessment,agree,1.0,talis,talis
145,"145. Lei et al. (2026). Drivers, Pedagogical Uses, and Barriers of Teachers'.json",json,ml_methods,partial,0.333,logistic regression,"clustering,logistic regression,neural network"
145,"145. Lei et al. (2026). Drivers, Pedagogical Uses, and Barriers of Teachers'.json",json,software,missing,,None,r
145,"145. Lei et al. (2026). Drivers, Pedagogical Uses, and Barriers of Teachers'.json",json,countries,agree,0.8,"Singapore, United Arab Emirates (high-AI-adoption countries), France, Japan (low-AI-adoption countries)","are,fra,jpn,sgp"
145,"145. Lei et al. (2026). Drivers, Pedagogical Uses, and Barriers of Teachers'.json",json,dependent_outcome,disagree,0.175,Teachers' instructional use of AI in the past 12 months (binary); 8 specific AI application types; 5 categories of reasons for AI non-use,Instructional use of AI (past 12 months; yes/no) Instructional use of AI (past 12 months; yes/no) — moderation by country group Specific AI instructional applic
145,"145. Lei et al. (2026). Drivers, Pedagogical Uses, and Barriers of Teachers'.json",json,journal_venue,agree,1.0,Teaching and Teacher Education,Teaching and Teacher Education
146,146. Teig et al. (2022). A systematic review of studies investigating science.json,json,year,agree,1.0,2022,2022
146,146. Teig et al. (2022). A systematic review of studies investigating science.json,json,title,agree,1.0,A systematic review of studies investigating science teaching and learning: over two decades of TIMSS and PISA,A systematic review of studies investigating science teaching and learning: over two decades of TIMSS and PISA
146,146. Teig et al. (2022). A systematic review of studies investigating science.json,json,authors,agree,1.0,"olsen,scherer,teig","olsen,scherer,teig"
146,146. Teig et al. (2022). A systematic review of studies investigating science.json,json,ilsa_assessment,agree,1.0,"pisa,timss","pisa,timss"
146,146. Teig et al. (2022). A systematic review of studies investigating science.json,json,ml_methods,disagree,0.0,multilevel,
146,146. Teig et al. (2022). A systematic review of studies investigating science.json,json,software,missing,,None,r
146,146. Teig et al. (2022). A systematic review of studies investigating science.json,json,countries,missing,,Global (studies primarily from Western and East Asian high-achieving countries),
146,146. Teig et al. (2022). A systematic review of studies investigating science.json,json,dependent_outcome,disagree,0.193,"Not applicable at review: student cognitive outcomes (science achievement) and non-cognitive outcomes (enjoyment, attitudes, self-concept, STEM career intention",science achievement
146,146. Teig et al. (2022). A systematic review of studies investigating science.json,json,journal_venue,agree,1.0,International Journal of Science Education,International Journal of Science Education
147,147. Santos et al. (2024). Education Data Mining on PISA 2015 Best Ranked.json,json,year,disagree,0.0,2024,2021
147,147. Santos et al. (2024). Education Data Mining on PISA 2015 Best Ranked.json,json,title,agree,1.0,Education Data Mining on PISA 2015 Best Ranked Countries: What Makes the Students Go Well,Education Data Mining on PISA 2015 Best Ranked Countries: What Makes the Students go Well
147,147. Santos et al. (2024). Education Data Mining on PISA 2015 Best Ranked.json,json,authors,disagree,0.333,"hora,paulista,santos",santos
147,147. Santos et al. (2024). Education Data Mining on PISA 2015 Best Ranked.json,json,ilsa_assessment,agree,1.0,pisa,pisa
147,147. Santos et al. (2024). Education Data Mining on PISA 2015 Best Ranked.json,json,ml_methods,agree,1.0,decision tree,decision tree
147,147. Santos et al. (2024). Education Data Mining on PISA 2015 Best Ranked.json,json,software,partial,0.5,WEKA 3.8.1,"r,weka"
147,147. Santos et al. (2024). Education Data Mining on PISA 2015 Best Ranked.json,json,countries,partial,0.4,"Singapore, Hong Kong (China), Japan, Macao (China), Canada, Estonia, Chinese Taipei, Finland, Ireland","can,est,fin,hkg,irl,jpn,mac,sgp,twn"
147,147. Santos et al. (2024). Education Data Mining on PISA 2015 Best Ranked.json,json,dependent_outcome,agree,0.512,"Subject-specific achievement (mean of 10 plausible values for math, reading, or science), discretized into 4 quartiles (Q1=lowest, Q4=highest)",Mathematics achievement quartile (Q1–Q4) Reading achievement quartile (Q1–Q4) Science achievement quartile (Q1–Q4)
147,147. Santos et al. (2024). Education Data Mining on PISA 2015 Best Ranked.json,json,journal_venue,json_missing,,"Technology, Knowledge and Learning",
148,148. Wu. (2025). Analyzing Scientific Literacy in Asia's Top Five PISA.json,json,year,agree,1.0,2025,2025
148,148. Wu. (2025). Analyzing Scientific Literacy in Asia's Top Five PISA.json,json,title,agree,1.0,Analyzing Scientific Literacy in Asia's Top Five PISA 2022 Performers Using Hierarchical Linear Modeling and Bourdieu's Theory of Practice,Analyzing Scientific Literacy in Asia’s Top Five PISA 2022 Performers Using Hierarchical Linear Modeling and Bourdieu’s Theory of Practice
148,148. Wu. (2025). Analyzing Scientific Literacy in Asia's Top Five PISA.json,json,authors,agree,1.0,wu,wu
148,148. Wu. (2025). Analyzing Scientific Literacy in Asia's Top Five PISA.json,json,ilsa_assessment,agree,1.0,pisa,pisa
148,148. Wu. (2025). Analyzing Scientific Literacy in Asia's Top Five PISA.json,json,ml_methods,partial,0.25,hlm,"hlm,multilevel,neural network,random forest"
148,148. Wu. (2025). Analyzing Scientific Literacy in Asia's Top Five PISA.json,json,software,disagree,0.333,SPSS 17.0 (data processing); SAS 9.1 (sample weighting); HLM 9.0 (hierarchical modeling),"hlm,r,sas"
148,148. Wu. (2025). Analyzing Scientific Literacy in Asia's Top Five PISA.json,json,countries,agree,0.8,"Singapore, Japan, Macau, Taiwan (Chinese Taipei), South Korea","jpn,kor,mac,sgp,twn"
148,148. Wu. (2025). Analyzing Scientific Literacy in Asia's Top Five PISA.json,json,dependent_outcome,agree,0.515,"Scientific literacy (PISA science plausible values, PVSCIE; scale M=500, SD=100)",Scientific literacy (PVSCIE)
148,148. Wu. (2025). Analyzing Scientific Literacy in Asia's Top Five PISA.json,json,journal_venue,agree,1.0,Asia-Pacific Science Education,ASIA-PACIFIC SCIENCE EDUCATION
149,149. Wijaya et al. (2024). Exploring Contributing Factors to PISA 2022.json,json,year,agree,1.0,2024,2024
149,149. Wijaya et al. (2024). Exploring Contributing Factors to PISA 2022.json,json,title,agree,1.0,Exploring Contributing Factors to PISA 2022 Mathematics Achievement: Insights from Indonesian Teachers,Exploring contributing factors to PISA 2022 mathematics achievement: Insights from Indonesian teachers
149,149. Wijaya et al. (2024). Exploring Contributing Factors to PISA 2022.json,json,authors,disagree,0.0,"alim,hermita,hidayat,talib,wijaya","a,n,t,w"
149,149. Wijaya et al. (2024). Exploring Contributing Factors to PISA 2022.json,json,ilsa_assessment,agree,1.0,pisa,pisa
149,149. Wijaya et al. (2024). Exploring Contributing Factors to PISA 2022.json,json,ml_methods,disagree,0.0,,"neural network,random forest"
149,149. Wijaya et al. (2024). Exploring Contributing Factors to PISA 2022.json,json,software,missing,,None,r
149,149. Wijaya et al. (2024). Exploring Contributing Factors to PISA 2022.json,json,countries,disagree,0.0,Indonesia,idn
149,149. Wijaya et al. (2024). Exploring Contributing Factors to PISA 2022.json,json,dependent_outcome,disagree,0.146,"Teachers' perceived factors contributing to the decline in PISA 2022 math scores (qualitative themes, not a statistical outcome variable)",mathematics scores
149,149. Wijaya et al. (2024). Exploring Contributing Factors to PISA 2022.json,json,journal_venue,disagree,0.327,Infinity Journal of Mathematics Education,Infinity
150,150. Liu et al. (2023). How Learning Time Allocation Make Sense on Secondary.json,json,year,agree,1.0,2023,2023
150,150. Liu et al. (2023). How Learning Time Allocation Make Sense on Secondary.json,json,title,agree,1.0,How Learning Time Allocation Make Sense on Secondary School Students' Academic Performance: A Chinese Evidence Based on PISA 2018,How Learning Time Allocation Make Sense on Secondary School Students' Academic Performance: A Chinese Evidence Based on PISA 2018
150,150. Liu et al. (2023). How Learning Time Allocation Make Sense on Secondary.json,json,authors,disagree,0.0,"liu,wei,xiu,yao","a l,h y,j l,q x,y w"
150,150. Liu et al. (2023). How Learning Time Allocation Make Sense on Secondary.json,json,ilsa_assessment,agree,1.0,pisa,pisa
150,150. Liu et al. (2023). How Learning Time Allocation Make Sense on Secondary.json,json,ml_methods,partial,0.5,random forest,"random forest,shap"
150,150. Liu et al. (2023). How Learning Time Allocation Make Sense on Secondary.json,json,software,partial,0.5,STATA 16,"r,stata"
150,150. Liu et al. (2023). How Learning Time Allocation Make Sense on Secondary.json,json,countries,agree,1.0,"China (Beijing, Shanghai, Jiangsu, Zhejiang)",chn
150,150. Liu et al. (2023). How Learning Time Allocation Make Sense on Secondary.json,json,dependent_outcome,partial,0.369,"Math, science, and reading scores (plausible values via Item Response Theory, IRT)",Mathematics achievement Science achievement Reading achievement Academic achievement heterogeneity by learning time (quantiles) Academic achievement via mediato
150,150. Liu et al. (2023). How Learning Time Allocation Make Sense on Secondary.json,json,journal_venue,agree,0.791,Behavioral Sciences (MDPI),Behaviours Sciences
151,151. Deta et al. (2024). PISA Science Framework 2018 vs 2025 and Its Impact in.json,json,year,agree,1.0,2024,2024
151,151. Deta et al. (2024). PISA Science Framework 2018 vs 2025 and Its Impact in.json,json,title,agree,1.0,PISA Science Framework 2018 vs 2025 and Its Impact in Physics Education: Literature Review,PISA science framework 2018 vs 2025 and its impact in physics education: Literature review
151,151. Deta et al. (2024). PISA Science Framework 2018 vs 2025 and Its Impact in.json,json,authors,disagree,0.0,"a yun,deta,laila,prahani,suprapto",
151,151. Deta et al. (2024). PISA Science Framework 2018 vs 2025 and Its Impact in.json,json,ilsa_assessment,agree,1.0,pisa,pisa
151,151. Deta et al. (2024). PISA Science Framework 2018 vs 2025 and Its Impact in.json,json,ml_methods,missing,,,
151,151. Deta et al. (2024). PISA Science Framework 2018 vs 2025 and Its Impact in.json,json,software,disagree,0.25,VOSviewer (bibliometric visualization),r
151,151. Deta et al. (2024). PISA Science Framework 2018 vs 2025 and Its Impact in.json,json,countries,missing,,Global (framework/policy-level comparison; primary authors based in Indonesia),
151,151. Deta et al. (2024). PISA Science Framework 2018 vs 2025 and Its Impact in.json,json,dependent_outcome,disagree,0.122,"N/A (qualitative and bibliometric review, not a quantitative empirical study with dependent and independent variables)",science literacy
151,151. Deta et al. (2024). PISA Science Framework 2018 vs 2025 and Its Impact in.json,json,journal_venue,agree,1.0,Momentum: Physics Education Journal,Momentum: Physics Education Journal
152,"152. Grey & Morris. (2024). Capturing the Spark PISA, Twenty-First Century Skills.json",json,year,agree,1.0,2024,2024
152,"152. Grey & Morris. (2024). Capturing the Spark PISA, Twenty-First Century Skills.json",json,title,agree,1.0,"Capturing the Spark: PISA, Twenty-First Century Skills and the Reconstruction of Creativity","Capturing the spark: PISA, twenty-first century skills and the reconstruction of creativity"
152,"152. Grey & Morris. (2024). Capturing the Spark PISA, Twenty-First Century Skills.json",json,authors,agree,1.0,"grey,morris","grey,morris"
152,"152. Grey & Morris. (2024). Capturing the Spark PISA, Twenty-First Century Skills.json",json,ilsa_assessment,agree,1.0,pisa,pisa
152,"152. Grey & Morris. (2024). Capturing the Spark PISA, Twenty-First Century Skills.json",json,ml_methods,disagree,0.0,,random forest
152,"152. Grey & Morris. (2024). Capturing the Spark PISA, Twenty-First Century Skills.json",json,software,missing,,None,r
152,"152. Grey & Morris. (2024). Capturing the Spark PISA, Twenty-First Century Skills.json",json,countries,disagree,0.0,"East Asia (China, Singapore, South Korea), Western nations (US, UK, Sweden, Germany, Finland)",
152,"152. Grey & Morris. (2024). Capturing the Spark PISA, Twenty-First Century Skills.json",json,dependent_outcome,disagree,0.015,N/A (not a quantitative study),This paper is not an empirical ML study of PISA student performance; it is a critical thematic analysis of how the OECD has responded to the challenge of measur
152,"152. Grey & Morris. (2024). Capturing the Spark PISA, Twenty-First Century Skills.json",json,journal_venue,agree,1.0,"Globalisation, Societies and Education","Globalisation, Societies and Education"
153,153. Wu et al. (2020). A New Perspective on Memorization Practices Among East.json,json,year,agree,1.0,2020,2020
153,153. Wu et al. (2020). A New Perspective on Memorization Practices Among East.json,json,title,agree,1.0,A New Perspective on Memorization Practices Among East Asian Students Based on PISA 2012,A new perspective on memorization practices among East Asian students based on PISA 2012
153,153. Wu et al. (2020). A New Perspective on Memorization Practices Among East.json,json,authors,disagree,0.333,"carstensen,lee,wu",wu
153,153. Wu et al. (2020). A New Perspective on Memorization Practices Among East.json,json,ilsa_assessment,agree,1.0,pisa,pisa
153,153. Wu et al. (2020). A New Perspective on Memorization Practices Among East.json,json,ml_methods,disagree,0.0,,"neural network,random forest"
153,153. Wu et al. (2020). A New Perspective on Memorization Practices Among East.json,json,software,disagree,0.0,Mplus 7.4,r
153,153. Wu et al. (2020). A New Perspective on Memorization Practices Among East.json,json,countries,agree,0.8,"Hong Kong, Japan, South Korea, Macau, Shanghai (China), Singapore, Taiwan","chn,hkg,jpn,kor,mac,sgp,twn"
153,153. Wu et al. (2020). A New Perspective on Memorization Practices Among East.json,json,dependent_outcome,agree,0.55,"Mathematics achievement (5 plausible values, PISA 2012); latent class membership (learning strategy type)",Learning strategy class membership (LCA-derived classes) Mathematics achievement (Plausible Values; regression on LCA class membership)
153,153. Wu et al. (2020). A New Perspective on Memorization Practices Among East.json,json,journal_venue,agree,1.0,Educational Psychology,Educational Psychology
154,154. Robitzsch. (2022). On the Choice of the Item Response Model for Scaling.json,json,year,agree,1.0,2022,2022
154,154. Robitzsch. (2022). On the Choice of the Item Response Model for Scaling.json,json,title,agree,1.0,On the Choice of the Item Response Model for Scaling PISA Data: Model Selection Based on Information Criteria and Quantifying Model Uncertainty,On the Choice of the Item Response Model for Scaling PISA Data: Model Selection Based on Information Criteria and Quantifying Model Uncertainty
154,154. Robitzsch. (2022). On the Choice of the Item Response Model for Scaling.json,json,authors,agree,1.0,robitzsch,robitzsch
154,154. Robitzsch. (2022). On the Choice of the Item Response Model for Scaling.json,json,ilsa_assessment,agree,1.0,pisa,pisa
154,154. Robitzsch. (2022). On the Choice of the Item Response Model for Scaling.json,json,ml_methods,missing,,,
154,154. Robitzsch. (2022). On the Choice of the Item Response Model for Scaling.json,json,software,disagree,0.333,R (sirt package),r
154,154. Robitzsch. (2022). On the Choice of the Item Response Model for Scaling.json,json,countries,partial,0.074,"26 countries (OECD, mostly European plus Japan, South Korea)","aus,aut,bel,can,che,cze,deu,dnk,esp,est,fin,fra,gbr,grc,hun"
154,154. Robitzsch. (2022). On the Choice of the Item Response Model for Scaling.json,json,dependent_outcome,partial,0.325,"Latent ability ? (math, reading, science), summarized as country means, standard deviations, and 10th/90th percentiles","Country means and standard deviations under alternative IRT scaling models Country means, standard deviations, and percentiles under alternative IRT scaling mod"
154,154. Robitzsch. (2022). On the Choice of the Item Response Model for Scaling.json,json,journal_venue,partial,0.737,Entropy (MDPI),Entropy
155,155. Kusmaryono & Kusumaningsih. (2023). Evaluating the Results of PISA Assessment Are There.json,json,year,agree,1.0,2023,2023
155,155. Kusmaryono & Kusumaningsih. (2023). Evaluating the Results of PISA Assessment Are There.json,json,title,agree,1.0,Evaluating the Results of PISA Assessment: Are There Gaps Between the Teaching of Mathematical Literacy at Schools and in PISA Assessment,Evaluating the Results of PISA Assessment: Are There Gaps Between the Teaching of Mathematical Literacy at Schools and in PISA Assessment?
155,155. Kusmaryono & Kusumaningsih. (2023). Evaluating the Results of PISA Assessment Are There.json,json,authors,agree,1.0,"kusmaryono,kusumaningsih","kusmaryono,kusumaningsih"
155,155. Kusmaryono & Kusumaningsih. (2023). Evaluating the Results of PISA Assessment Are There.json,json,ilsa_assessment,agree,1.0,pisa,pisa
155,155. Kusmaryono & Kusumaningsih. (2023). Evaluating the Results of PISA Assessment Are There.json,json,ml_methods,disagree,0.0,,"neural network,random forest"
155,155. Kusmaryono & Kusumaningsih. (2023). Evaluating the Results of PISA Assessment Are There.json,json,software,missing,,None,r
155,155. Kusmaryono & Kusumaningsih. (2023). Evaluating the Results of PISA Assessment Are There.json,json,countries,disagree,0.0,Indonesia (Semarang City),idn
155,155. Kusmaryono & Kusumaningsih. (2023). Evaluating the Results of PISA Assessment Are There.json,json,dependent_outcome,agree,0.776,"Mathematical literacy skill (PISA-style test score, levels 1–6)",Mathematical literacy skill (test score)
155,155. Kusmaryono & Kusumaningsih. (2023). Evaluating the Results of PISA Assessment Are There.json,json,journal_venue,agree,1.0,European Journal of Educational Research,European Journal of Educational Research
156,156. Veleti? & Olsen. (2024). Exploring School Leadership Profiles Across the World.json,json,year,agree,1.0,2024,2024
156,156. Veleti? & Olsen. (2024). Exploring School Leadership Profiles Across the World.json,json,title,agree,1.0,Exploring School Leadership Profiles Across the World: A Cluster Analysis Approach to TALIS 2018,Exploring school leadership profiles across the world: a cluster analysis approach to TALIS 2018
156,156. Veleti? & Olsen. (2024). Exploring School Leadership Profiles Across the World.json,json,authors,disagree,0.333,"olsen,veleti","olsen,veletic"
156,156. Veleti? & Olsen. (2024). Exploring School Leadership Profiles Across the World.json,json,ilsa_assessment,agree,1.0,talis,talis
156,156. Veleti? & Olsen. (2024). Exploring School Leadership Profiles Across the World.json,json,ml_methods,partial,0.25,"clustering,multilevel","clustering,decision tree,neural network"
156,156. Veleti? & Olsen. (2024). Exploring School Leadership Profiles Across the World.json,json,software,disagree,0.111,"IDB Analyzer 4.0 (data preparation); R (cluster analysis via cluster package, visualization via factoextra); Mplus 8.4 (","mplus,r"
156,156. Veleti? & Olsen. (2024). Exploring School Leadership Profiles Across the World.json,json,countries,disagree,0.0,43 educational systems worldwide (originally 48 in TALIS 2018; 6 excluded due to missing data),"are,arg,aus,aut,bel,bgr,bra,cab,chl,col,csh,cyp,cze,dnk,eng"
156,156. Veleti? & Olsen. (2024). Exploring School Leadership Profiles Across the World.json,json,dependent_outcome,disagree,0.238,"School cluster membership (5 leadership-for-learning profiles, derived from 12 standardized TALIS scales)",Primary analytic outcome (inferred from extraction)
156,156. Veleti? & Olsen. (2024). Exploring School Leadership Profiles Across the World.json,json,journal_venue,agree,1.0,International Journal of Leadership in Education,International Journal of Leadership in Education
157,157. Tang et al. (2021). Factors Predicting Collaborative Problem Solving Based.json,json,year,agree,1.0,2021,2021
157,157. Tang et al. (2021). Factors Predicting Collaborative Problem Solving Based.json,json,title,agree,1.0,Factors Predicting Collaborative Problem Solving: Based on the Data From PISA 2015,Factors Predicting Collaborative Problem Solving: Based on the Data From PISA 2015
157,157. Tang et al. (2021). Factors Predicting Collaborative Problem Solving Based.json,json,authors,disagree,0.0,"liu,tang,wen",
157,157. Tang et al. (2021). Factors Predicting Collaborative Problem Solving Based.json,json,ilsa_assessment,agree,1.0,pisa,pisa
157,157. Tang et al. (2021). Factors Predicting Collaborative Problem Solving Based.json,json,ml_methods,partial,0.333,"hlm,multilevel","hlm,random forest"
157,157. Tang et al. (2021). Factors Predicting Collaborative Problem Solving Based.json,json,software,partial,0.4,SPSS and IDB Analyzer; HLM 6.08,"hlm,r"
157,157. Tang et al. (2021). Factors Predicting Collaborative Problem Solving Based.json,json,countries,agree,1.0,"China (Beijing, Shanghai, Jiangsu, Guangdong)",chn
157,157. Tang et al. (2021). Factors Predicting Collaborative Problem Solving Based.json,json,dependent_outcome,agree,0.603,"Student CPS achievement (PISA 2015 CPS score, based on 10 plausible values)","CPS achievement (10 plausible values, averaged)"
157,157. Tang et al. (2021). Factors Predicting Collaborative Problem Solving Based.json,json,journal_venue,agree,1.0,Frontiers in Education,Frontiers in Education
158,158. Lee & Lee. (2026). Explaining gender differences in mathematics.json,json,year,agree,1.0,2026,2026
158,158. Lee & Lee. (2026). Explaining gender differences in mathematics.json,json,title,agree,1.0,Explaining gender differences in mathematics achievement: Cross-country evidence from PISA,Explaining gender differences in mathematics achievement: Cross-country evidence from PISA
158,158. Lee & Lee. (2026). Explaining gender differences in mathematics.json,json,authors,agree,1.0,lee,lee
158,158. Lee & Lee. (2026). Explaining gender differences in mathematics.json,json,ilsa_assessment,agree,1.0,pisa,pisa
158,158. Lee & Lee. (2026). Explaining gender differences in mathematics.json,json,ml_methods,disagree,0.0,"gradient boosting,logistic regression,shap",random forest
158,158. Lee & Lee. (2026). Explaining gender differences in mathematics.json,json,software,missing,,None,r
158,158. Lee & Lee. (2026). Explaining gender differences in mathematics.json,json,countries,partial,0.5,"77 countries across Europe and Central Asia, East Asia and the Pacific, Latin America and the Caribbean, Middle East and",
158,158. Lee & Lee. (2026). Explaining gender differences in mathematics.json,json,dependent_outcome,agree,0.468,"Continuous PISA mathematics score (average of 10 plausible values); binary indicator of high performance (Level 5 or 6, score above 607)",Mathematics achievement (continuous; PV-based) High mathematics performance (Level 5 or 6; binary)
158,158. Lee & Lee. (2026). Explaining gender differences in mathematics.json,json,journal_venue,agree,1.0,International Journal of Educational Development,International Journal of Educational Development
159,159. Alnahdi & Schwab. (2023). The Impact of Gender Differences in Teachers' Teaching.json,json,year,agree,1.0,2023,2023
159,159. Alnahdi & Schwab. (2023). The Impact of Gender Differences in Teachers' Teaching.json,json,title,agree,1.0,The Impact of Gender Differences in Teachers' Teaching Practices and Attitudes on Students' Math and Science Achievement in Saudi Arabia: Evidence From TIMSS 20,The impact of gender differences in teachers’ teaching practices and attitudes on students’ math and science achievement in Saudi Arabia: Evidence from TIMSS 20
159,159. Alnahdi & Schwab. (2023). The Impact of Gender Differences in Teachers' Teaching.json,json,authors,agree,1.0,"alnahdi,schwab","alnahdi,schwab"
159,159. Alnahdi & Schwab. (2023). The Impact of Gender Differences in Teachers' Teaching.json,json,ilsa_assessment,agree,1.0,timss,timss
159,159. Alnahdi & Schwab. (2023). The Impact of Gender Differences in Teachers' Teaching.json,json,ml_methods,disagree,0.0,,random forest
159,159. Alnahdi & Schwab. (2023). The Impact of Gender Differences in Teachers' Teaching.json,json,software,missing,,None,r
159,159. Alnahdi & Schwab. (2023). The Impact of Gender Differences in Teachers' Teaching.json,json,countries,disagree,0.0,Saudi Arabia,sau
159,159. Alnahdi & Schwab. (2023). The Impact of Gender Differences in Teachers' Teaching.json,json,dependent_outcome,agree,0.762,Students' math achievement score; students' science achievement score,Math achievement (TIMSS score) Science achievement (TIMSS score)
159,159. Alnahdi & Schwab. (2023). The Impact of Gender Differences in Teachers' Teaching.json,json,journal_venue,agree,1.0,Frontiers in Psychology,Frontiers in Psychology
160,160. Aksu et al. (2022). Prediction of the Factors Affecting PISA Mathematics.json,json,year,agree,1.0,2022,2022
160,160. Aksu et al. (2022). Prediction of the Factors Affecting PISA Mathematics.json,json,title,agree,1.0,Prediction of the Factors Affecting PISA Mathematics Literacy of Students from Different Countries by Using Data Mining Methods,Prediction of the Factors Affecting PISA Mathematics Literacy of Students from Different Countries by Using Data Mining Methods
160,160. Aksu et al. (2022). Prediction of the Factors Affecting PISA Mathematics.json,json,authors,disagree,0.333,"aksu,saracalo lu","aksu,saracaloglu"
160,160. Aksu et al. (2022). Prediction of the Factors Affecting PISA Mathematics.json,json,ilsa_assessment,agree,1.0,pisa,pisa
160,160. Aksu et al. (2022). Prediction of the Factors Affecting PISA Mathematics.json,json,ml_methods,agree,0.85,"decision tree,neural network","decision tree,neural network,random forest"
160,160. Aksu et al. (2022). Prediction of the Factors Affecting PISA Mathematics.json,json,software,disagree,0.333,WEKA (M5P decision trees); MATLAB (artificial neural networks),"matlab,r,weka"
160,160. Aksu et al. (2022). Prediction of the Factors Affecting PISA Mathematics.json,json,countries,agree,0.8,"6 countries: Singapore, Japan, Norway, USA, Turkey, and the Dominican Republic","dom,jpn,nor,sgp,tur,usa"
160,160. Aksu et al. (2022). Prediction of the Factors Affecting PISA Mathematics.json,json,dependent_outcome,partial,0.391,"Mathematics literacy score (PV2MATH, selected as the plausible value most correlated with the other 9 PVs)",Mathematics literacy (PV2MATH) Mathematics literacy (PV2MATH) Mathematics literacy (PV2MATH) Mathematics literacy (PV2MATH) Mathematics literacy (PV2MATH) Mathe
160,160. Aksu et al. (2022). Prediction of the Factors Affecting PISA Mathematics.json,json,journal_venue,agree,1.0,International Electronic Journal of Elementary Education,International Electronic Journal of Elementary Education
161,161. Yi & Na. (2020). How Are Maths-Anxious Students Identified and What Are.json,json,year,agree,1.0,2020,2020
161,161. Yi & Na. (2020). How Are Maths-Anxious Students Identified and What Are.json,json,title,agree,1.0,How Are Maths-Anxious Students Identified and What Are the Key Predictors of Maths Anxiety? Insights Gained From PISA Results for Korean Adolescents,How are maths-anxious students identified and what are the key predictors of maths anxiety? Insights gained from PISA results for Korean adolescents
161,161. Yi & Na. (2020). How Are Maths-Anxious Students Identified and What Are.json,json,authors,agree,1.0,"na,yi","na,yi"
161,161. Yi & Na. (2020). How Are Maths-Anxious Students Identified and What Are.json,json,ilsa_assessment,agree,1.0,pisa,pisa
161,161. Yi & Na. (2020). How Are Maths-Anxious Students Identified and What Are.json,json,ml_methods,agree,0.85,"clustering,logistic regression,random forest","logistic regression,neural network,random forest"
161,161. Yi & Na. (2020). How Are Maths-Anxious Students Identified and What Are.json,json,software,disagree,0.2,"R (randomForest, mice, lme4, glm)",r
161,161. Yi & Na. (2020). How Are Maths-Anxious Students Identified and What Are.json,json,countries,agree,1.0,South Korea,kor
161,161. Yi & Na. (2020). How Are Maths-Anxious Students Identified and What Are.json,json,dependent_outcome,partial,0.348,"Binary maths anxiety status (anxious vs. not anxious, based on a threshold of 1 SD below mean anxiety score)",Maths anxiety (binary: potential maths anxiety vs not)
161,161. Yi & Na. (2020). How Are Maths-Anxious Students Identified and What Are.json,json,journal_venue,agree,1.0,Asia Pacific Journal of Education,Asia Pacific Journal of Education
162,162. Teig et al. (2020). Identifying Patterns of Students' Performance on.json,json,year,agree,1.0,2020,2020
162,162. Teig et al. (2020). Identifying Patterns of Students' Performance on.json,json,title,agree,1.0,Identifying Patterns of Students' Performance on Simulated Inquiry Tasks Using PISA 2015 Log-File Data,Identifying patterns of students' performance on simulated inquiry tasks using PISA 2015 log-file data
162,162. Teig et al. (2020). Identifying Patterns of Students' Performance on.json,json,authors,partial,0.5,"kj rnsli,scherer,teig","nilsen,scherer,teig"
162,162. Teig et al. (2020). Identifying Patterns of Students' Performance on.json,json,ilsa_assessment,agree,1.0,pisa,pisa
162,162. Teig et al. (2020). Identifying Patterns of Students' Performance on.json,json,ml_methods,disagree,0.0,,"neural network,random forest"
162,162. Teig et al. (2020). Identifying Patterns of Students' Performance on.json,json,software,missing,,None,r
162,162. Teig et al. (2020). Identifying Patterns of Students' Performance on.json,json,countries,disagree,0.0,Norway,nor
162,162. Teig et al. (2020). Identifying Patterns of Students' Performance on.json,json,dependent_outcome,partial,0.381,"Latent profile membership (strategic, emergent, disengaged) derived from inquiry exploration behavior (number of actions), inquiry strategy use (VOTAT/ Interact",Latent profile membership on Item 1 (strategic vs emergent vs disengaged)
162,162. Teig et al. (2020). Identifying Patterns of Students' Performance on.json,json,journal_venue,agree,1.0,Journal of Research in Science Teaching,Journal of Research in Science Teaching
163,163. Jerrim. (2024). Has Peak PISA Passed? An Investigation of Interest in.json,json,year,agree,1.0,2024,2024
163,163. Jerrim. (2024). Has Peak PISA Passed? An Investigation of Interest in.json,json,title,agree,1.0,Has Peak PISA Passed? An Investigation of Interest in International Large-Scale Assessments Across Countries and Over Time,Has Peak PISA passed? An investigation of interest in International Large-Scale Assessments across countries and over time
163,163. Jerrim. (2024). Has Peak PISA Passed? An Investigation of Interest in.json,json,authors,agree,1.0,jerrim,jerrim
163,163. Jerrim. (2024). Has Peak PISA Passed? An Investigation of Interest in.json,json,ilsa_assessment,agree,1.0,"pirls,pisa,timss","pirls,pisa,timss"
163,163. Jerrim. (2024). Has Peak PISA Passed? An Investigation of Interest in.json,json,ml_methods,missing,,,
163,163. Jerrim. (2024). Has Peak PISA Passed? An Investigation of Interest in.json,json,software,partial,0.5,Python (Pytrends),"python,r,sas"
163,163. Jerrim. (2024). Has Peak PISA Passed? An Investigation of Interest in.json,json,countries,partial,0.5,"Global, with detailed cross-country comparisons","are,arg,arm,aus,aut,aze,bel,bgd,bgr,bhr,bol,bra,can,che,chl"
163,163. Jerrim. (2024). Has Peak PISA Passed? An Investigation of Interest in.json,json,dependent_outcome,partial,0.261,"Google search ""popularity score"" (0–100 normalized measure of relative search interest) for each ILSA",Primary study outcome (heuristic migration)
163,163. Jerrim. (2024). Has Peak PISA Passed? An Investigation of Interest in.json,json,journal_venue,agree,1.0,European Educational Research Journal,European Educational Research Journal
164,164. Ali et al. (2024). Are Schools Becoming More Unequal? Insights From.json,json,year,agree,1.0,2024,2024
164,164. Ali et al. (2024). Are Schools Becoming More Unequal? Insights From.json,json,title,agree,1.0,"Are Schools Becoming More Unequal? Insights From Exploratory Data Mining of International Large-Scale Assessment, TIMSS 2003–2019","Are schools becoming more unequal? Insights from exploratory data mining of international large-scale assessment, TIMSS 2003-2019"
164,164. Ali et al. (2024). Are Schools Becoming More Unequal? Insights From.json,json,authors,agree,1.0,"ali,ow yeong,tilley","ali,ow yeong,tilley"
164,164. Ali et al. (2024). Are Schools Becoming More Unequal? Insights From.json,json,ilsa_assessment,agree,1.0,timss,timss
164,164. Ali et al. (2024). Are Schools Becoming More Unequal? Insights From.json,json,ml_methods,missing,,,
164,164. Ali et al. (2024). Are Schools Becoming More Unequal? Insights From.json,json,software,disagree,0.067,"R programming language; intsvy package (v2.5, large-scale assessment data processing); mclust package (v5.4.7, Gaussian ",r
164,164. Ali et al. (2024). Are Schools Becoming More Unequal? Insights From.json,json,countries,agree,0.8,"10 countries across 3 regions: Asia (Singapore, Hong Kong SAR, Chinese Taipei, Japan), Europe (Russian Federation, Engla","gbr,hkg,hun,ita,jpn,nor,rus,sgp,twn,usa"
164,164. Ali et al. (2024). Are Schools Becoming More Unequal? Insights From.json,json,dependent_outcome,disagree,0.172,"General science achievement, decomposed into between-school and within-school variance/standard deviation; number of Gaussian components in within-school score ",Between-school vs within-school achievement inequality (SD; Between:Within ratio) Between-school vs within-school achievement inequality (SD; Between:Within rat
164,164. Ali et al. (2024). Are Schools Becoming More Unequal? Insights From.json,json,journal_venue,agree,1.0,Studies in Educational Evaluation,Studies in Educational Evaluation
165,165. Muench et al. (2023). Equity Lost Sweden and Finland in the Struggle for.json,json,year,agree,1.0,2023,2023
165,165. Muench et al. (2023). Equity Lost Sweden and Finland in the Struggle for.json,json,title,agree,1.0,Equity Lost: Sweden and Finland in the Struggle for PISA Scores,Equity lost: Sweden and Finland in the struggle for PISA scores
165,165. Muench et al. (2023). Equity Lost Sweden and Finland in the Struggle for.json,json,authors,partial,0.667,"dressler,muench,wieczorek","muench,wieczorek"
165,165. Muench et al. (2023). Equity Lost Sweden and Finland in the Struggle for.json,json,ilsa_assessment,agree,1.0,pisa,pisa
165,165. Muench et al. (2023). Equity Lost Sweden and Finland in the Struggle for.json,json,ml_methods,partial,0.333,"multilevel,shap","multilevel,random forest"
165,165. Muench et al. (2023). Equity Lost Sweden and Finland in the Struggle for.json,json,software,disagree,0.333,Stata (version 14),r
165,165. Muench et al. (2023). Equity Lost Sweden and Finland in the Struggle for.json,json,countries,disagree,0.0,Sweden and Finland,"fin,swe"
165,165. Muench et al. (2023). Equity Lost Sweden and Finland in the Struggle for.json,json,dependent_outcome,partial,0.327,PISA science score,PISA science achievement score PISA science achievement score PISA science achievement score
165,165. Muench et al. (2023). Equity Lost Sweden and Finland in the Struggle for.json,json,journal_venue,agree,1.0,European Educational Research Journal,European Educational Research Journal
166,"166. Boman & Wiberg. (2024). The Influence of SES, Migration Background, and.json",json,year,agree,1.0,2024,2024
166,"166. Boman & Wiberg. (2024). The Influence of SES, Migration Background, and.json",json,title,agree,1.0,"The Influence of SES, Migration Background, and Non-Cognitive Abilities on PISA Reading and Mathematics Achievement: Evidence From Sweden","The influence of SES, migration background, and non‑cognitive abilities on PISA reading and mathematics achievement: evidence from Sweden"
166,"166. Boman & Wiberg. (2024). The Influence of SES, Migration Background, and.json",json,authors,agree,1.0,"boman,wiberg","boman,wiberg"
166,"166. Boman & Wiberg. (2024). The Influence of SES, Migration Background, and.json",json,ilsa_assessment,agree,1.0,pisa,pisa
166,"166. Boman & Wiberg. (2024). The Influence of SES, Migration Background, and.json",json,ml_methods,partial,0.5,multilevel,"multilevel,neural network"
166,"166. Boman & Wiberg. (2024). The Influence of SES, Migration Background, and.json",json,software,partial,0.4,SPSS 28/29; IDB Analyzer; Mplus,"mplus,r"
166,"166. Boman & Wiberg. (2024). The Influence of SES, Migration Background, and.json",json,countries,disagree,0.0,Sweden,swe
166,"166. Boman & Wiberg. (2024). The Influence of SES, Migration Background, and.json",json,dependent_outcome,agree,0.671,"PISA reading achievement (PVREAD); PISA mathematics achievement (PVMATH), each based on 10 plausible values",Reading achievement (PVs) Mathematics achievement (PVs)
166,"166. Boman & Wiberg. (2024). The Influence of SES, Migration Background, and.json",json,journal_venue,json_missing,,European Journal of Psychology of Education,
167,167. Xu et al. (2025). Exploring the Effect of Digitization on Education An.json,json,year,agree,1.0,2025,2025
167,167. Xu et al. (2025). Exploring the Effect of Digitization on Education An.json,json,title,agree,1.0,Exploring the Effect of Digitization on Education: An Empirical Analysis Based on PISA 2022,Exploring the effect of digitization on education: An empirical analysis based on PISA 2022
167,167. Xu et al. (2025). Exploring the Effect of Digitization on Education An.json,json,authors,disagree,0.333,"pei,wenhui,xu",xu
167,167. Xu et al. (2025). Exploring the Effect of Digitization on Education An.json,json,ilsa_assessment,agree,1.0,pisa,pisa
167,167. Xu et al. (2025). Exploring the Effect of Digitization on Education An.json,json,ml_methods,disagree,0.0,"bart,sem",neural network
167,167. Xu et al. (2025). Exploring the Effect of Digitization on Education An.json,json,software,disagree,0.333,SmartPLS (version 4.0),r
167,167. Xu et al. (2025). Exploring the Effect of Digitization on Education An.json,json,countries,missing,,81 countries,
167,167. Xu et al. (2025). Exploring the Effect of Digitization on Education An.json,json,dependent_outcome,disagree,0.11,"Student-perceived educational effectiveness (single item: perceived quality of mathematics teaching, 1–10 scale)","Educational effectiveness (perceived math instruction quality, ST272) Educational effectiveness (ST272) via teaching behavior Educational effectiveness (ST272) "
167,167. Xu et al. (2025). Exploring the Effect of Digitization on Education An.json,json,journal_venue,agree,1.0,Education and Information Technologies,Education and Information Technologies
168,168. Chen et al. (2021). Discrimination of the Contextual Features of Top.json,json,year,agree,1.0,2021,2021
168,168. Chen et al. (2021). Discrimination of the Contextual Features of Top.json,json,title,agree,1.0,Discrimination of the Contextual Features of Top Performers in Scientific Literacy Using a Machine Learning Approach,Discrimination of the Contextual Features of Top Performers in Scientific Literacy Using a Machine Learning Approach
168,168. Chen et al. (2021). Discrimination of the Contextual Features of Top.json,json,authors,disagree,0.25,"chen,hu,wei,zhang",hu
168,168. Chen et al. (2021). Discrimination of the Contextual Features of Top.json,json,ilsa_assessment,agree,1.0,pisa,pisa
168,168. Chen et al. (2021). Discrimination of the Contextual Features of Top.json,json,ml_methods,agree,0.85,"random forest,svm","neural network,random forest,svm"
168,168. Chen et al. (2021). Discrimination of the Contextual Features of Top.json,json,software,missing,,None,"python,r,scikit"
168,168. Chen et al. (2021). Discrimination of the Contextual Features of Top.json,json,countries,missing,,58 countries (computer-based PISA administration only),
168,168. Chen et al. (2021). Discrimination of the Contextual Features of Top.json,json,dependent_outcome,agree,0.494,"Binary classification: top performer (science proficiency Level 5/6, PV1SCIE>633.33) vs. non-top performer",Top performer in science literacy (PV1SCIE levels 5–6 vs below level 5)
168,168. Chen et al. (2021). Discrimination of the Contextual Features of Top.json,json,journal_venue,agree,1.0,Research in Science Education,Research in Science Education
169,169. Odell et al. (2020). A Scoping Review of the Relationship Between Students'.json,json,year,agree,1.0,2020,2020
169,169. Odell et al. (2020). A Scoping Review of the Relationship Between Students'.json,json,title,agree,1.0,A Scoping Review of the Relationship Between Students' ICT and Performance in Mathematics and Science in the PISA Data,A scoping review of the relationship between students’ ICT and performance in mathematics and science in the PISA data
169,169. Odell et al. (2020). A Scoping Review of the Relationship Between Students'.json,json,authors,agree,1.0,"cutumisu,gierl,odell","cutumisu,gierl,odell"
169,169. Odell et al. (2020). A Scoping Review of the Relationship Between Students'.json,json,ilsa_assessment,agree,1.0,pisa,pisa
169,169. Odell et al. (2020). A Scoping Review of the Relationship Between Students'.json,json,ml_methods,partial,0.5,"hlm,logistic regression,multilevel,sem","hlm,logistic regression,neural network,random forest,sem"
169,169. Odell et al. (2020). A Scoping Review of the Relationship Between Students'.json,json,software,disagree,0.143,N/A (review-level; not specified for included studies),"hlm,r"
169,169. Odell et al. (2020). A Scoping Review of the Relationship Between Students'.json,json,countries,partial,0.5,Global,"aus,can,che,chn,cze,deu,esp,fin,hkg,ita,jpn,kor,mac,sgp,tha"
169,169. Odell et al. (2020). A Scoping Review of the Relationship Between Students'.json,json,dependent_outcome,partial,0.254,"PISA mathematics and/or science plausible values (achievement scores), as used across included primary studies",science performance
169,169. Odell et al. (2020). A Scoping Review of the Relationship Between Students'.json,json,journal_venue,partial,0.515,Social Psychology of Education,Large-scale Assessments in Education
170,170. Liu et al. (2024). A Decade of PISA Student Perceived Instructional.json,json,year,agree,1.0,2024,2024
170,170. Liu et al. (2024). A Decade of PISA Student Perceived Instructional.json,json,title,agree,1.0,A Decade of PISA: Student Perceived Instructional Quality and Mathematics Achievement Across European Countries,A decade of PISA: student perceived instructional quality and mathematics achievement across European countries
170,170. Liu et al. (2024). A Decade of PISA Student Perceived Instructional.json,json,authors,agree,1.0,"hansen,liu,neve,valcke","hansen,liu,neve,valcke"
170,170. Liu et al. (2024). A Decade of PISA Student Perceived Instructional.json,json,ilsa_assessment,agree,1.0,pisa,pisa
170,170. Liu et al. (2024). A Decade of PISA Student Perceived Instructional.json,json,ml_methods,partial,0.333,"multilevel,sem","clustering,sem"
170,170. Liu et al. (2024). A Decade of PISA Student Perceived Instructional.json,json,software,disagree,0.167,"Mplus 8.5 (SEM, CFA, plausible value estimation); IBM SPSS Statistics 28.0 (descriptive statistics, ANOVA)","mplus,r"
170,170. Liu et al. (2024). A Decade of PISA Student Perceived Instructional.json,json,countries,agree,0.8,"10 European countries: Belgium (Flanders), Denmark, Finland, France, Germany, Netherlands, Norway, Portugal, Spain, Swed","bel,deu,dnk,esp,fin,fra,nld,nor,prt,swe"
170,170. Liu et al. (2024). A Decade of PISA Student Perceived Instructional.json,json,dependent_outcome,agree,0.455,"Mathematics achievement (plausible values: PV1-5MATH in 2012, PV1-10MATH in 2022)","Mathematics achievement (PVs, PV1MATH–PV5MATH) Mathematics achievement (PVs, PV1MATH–PV10MATH) Instructional quality trends and SES indirect effects on mathemat"
170,170. Liu et al. (2024). A Decade of PISA Student Perceived Instructional.json,json,journal_venue,json_missing,,ZDM – Mathematics Education,
171,171. Depren & Depren. (2022). Cross-Cultural Comparisons of the Factors Influencing.json,json,year,agree,1.0,2022,2022
171,171. Depren & Depren. (2022). Cross-Cultural Comparisons of the Factors Influencing.json,json,title,agree,1.0,Cross-Cultural Comparisons of the Factors Influencing the High Reading Achievement in Turkey and China: Evidence From PISA 2018,Cross-Cultural Comparisons of the Factors Influencing the High Reading Achievement in Turkey and China: Evidence from PISA 2018
171,171. Depren & Depren. (2022). Cross-Cultural Comparisons of the Factors Influencing.json,json,authors,agree,1.0,depren,depren
171,171. Depren & Depren. (2022). Cross-Cultural Comparisons of the Factors Influencing.json,json,ilsa_assessment,agree,1.0,pisa,pisa
171,171. Depren & Depren. (2022). Cross-Cultural Comparisons of the Factors Influencing.json,json,ml_methods,agree,0.85,random forest,"decision tree,random forest"
171,171. Depren & Depren. (2022). Cross-Cultural Comparisons of the Factors Influencing.json,json,software,disagree,0.125,"R Studio (packages: arf for ARF algorithm, caret for RF with cross-validation)",r
171,171. Depren & Depren. (2022). Cross-Cultural Comparisons of the Factors Influencing.json,json,countries,agree,1.0,Turkey and China (B-S-J-Z),"chn,tur"
171,171. Depren & Depren. (2022). Cross-Cultural Comparisons of the Factors Influencing.json,json,dependent_outcome,agree,0.579,"Binary reading achievement (PVREAD1 plausible value dichotomized: 1=at/above country average, 0=below)",Successful reading achievement (PVREAD1 ≥ country average; binary)
171,171. Depren & Depren. (2022). Cross-Cultural Comparisons of the Factors Influencing.json,json,journal_venue,agree,0.969,Asia-Pacific Education Researcher,Asia-Pacific Education Research
172,172. Ho & Gan. (2023). Instructional Practices and Students' Reading.json,json,year,agree,1.0,2023,2023
172,172. Ho & Gan. (2023). Instructional Practices and Students' Reading.json,json,title,agree,1.0,Instructional Practices and Students' Reading Performance: A Comparative Study of 10 Top Performing Regions in PISA 2018,Instructional practices and students’ reading performance: a comparative study of 10 top performing regions in PISA 2018
172,172. Ho & Gan. (2023). Instructional Practices and Students' Reading.json,json,authors,agree,1.0,"gan,ho","gan,ho"
172,172. Ho & Gan. (2023). Instructional Practices and Students' Reading.json,json,ilsa_assessment,agree,1.0,pisa,pisa
172,172. Ho & Gan. (2023). Instructional Practices and Students' Reading.json,json,ml_methods,partial,0.5,random forest,"neural network,random forest"
172,172. Ho & Gan. (2023). Instructional Practices and Students' Reading.json,json,software,missing,,N/A,r
172,172. Ho & Gan. (2023). Instructional Practices and Students' Reading.json,json,countries,agree,0.8,"10 top-performing PISA 2018 regions: 5 Asian (B-S-J-Z [China], Singapore, Macao, Hong Kong, Korea) and 5 Western (Estoni","can,chn,est,fin,hkg,irl,kor,mac,pol,sgp"
172,172. Ho & Gan. (2023). Instructional Practices and Students' Reading.json,json,dependent_outcome,agree,0.525,Overall PISA 2018 reading performance (plausible values),Reading performance (PVREAD; mean across 10 PVs)
172,172. Ho & Gan. (2023). Instructional Practices and Students' Reading.json,json,journal_venue,agree,1.0,Language Testing in Asia,Language Testing in Asia
173,173. Mang et al. (2021). The influence of ICT use and related attitudes on stude.json,json_extractions,year,agree,1.0,2021,2021
173,173. Mang et al. (2021). The influence of ICT use and related attitudes on stude.json,json_extractions,title,disagree,0.325,Sampling Weights in Multilevel Modelling: An Investigation Using PISA Sampling Structures,The influence of ICT use and related attitudes on students’ math and science performance: multilevel analyses of the last decade’s PISA survey
173,173. Mang et al. (2021). The influence of ICT use and related attitudes on stude.json,json_extractions,authors,disagree,0.0,"kuchenhoff,mang,meinck,prenzel",
173,173. Mang et al. (2021). The influence of ICT use and related attitudes on stude.json,json_extractions,ilsa_assessment,agree,1.0,pisa,pisa
173,173. Mang et al. (2021). The influence of ICT use and related attitudes on stude.json,json_extractions,ml_methods,disagree,0.0,multilevel,random forest
173,173. Mang et al. (2021). The influence of ICT use and related attitudes on stude.json,json_extractions,software,disagree,0.3,R/RStudio (simulation); Mplus (two-level HLM); SAS (PROC GLIMMIX),"mplus,r,sas"
173,173. Mang et al. (2021). The influence of ICT use and related attitudes on stude.json,json_extractions,countries,agree,1.0,Germany (simulated population),deu
173,173. Mang et al. (2021). The influence of ICT use and related attitudes on stude.json,json_extractions,dependent_outcome,partial,0.303,Simulated student achievement (mirroring PISA science performance); actual outcome of interest was estimated model-parameter bias/precision vs. known true popul,Intercept (grand mean) in two-level MLM Within-school variance (σ²ε) in two-level MLM Between-school variance (σ²τ) in two-level MLM
173,173. Mang et al. (2021). The influence of ICT use and related attitudes on stude.json,json_extractions,journal_venue,agree,0.78,Large-scale Assessments in Education,Large-scale Assess Educ
174,174. Courtney et al. (2022). The Influence of ICT Use and Related Attitudes on.json,json,year,agree,1.0,2022,2022
174,174. Courtney et al. (2022). The Influence of ICT Use and Related Attitudes on.json,json,title,agree,1.0,The Influence of ICT Use and Related Attitudes on Students' Math and Science Performance: Multilevel Analyses of the Last Decade's PISA Surveys,The influence of ICT use and related attitudes on students’ math and science performance: multilevel analyses of the last decade’s PISA surveys
174,174. Courtney et al. (2022). The Influence of ICT Use and Related Attitudes on.json,json,authors,agree,1.0,"courtney,ersozlu,karakus,nurumov","courtney,ersozlu,karakus,nurumov"
174,174. Courtney et al. (2022). The Influence of ICT Use and Related Attitudes on.json,json,ilsa_assessment,agree,1.0,pisa,pisa
174,174. Courtney et al. (2022). The Influence of ICT Use and Related Attitudes on.json,json,ml_methods,disagree,0.0,hlm,"neural network,random forest"
174,174. Courtney et al. (2022). The Influence of ICT Use and Related Attitudes on.json,json,software,disagree,0.143,R (lme4 package for linear mixed-effects modeling),r
174,174. Courtney et al. (2022). The Influence of ICT Use and Related Attitudes on.json,json,countries,missing,,"Global (44–49 countries per cycle, varying by PISA wave)",
174,174. Courtney et al. (2022). The Influence of ICT Use and Related Attitudes on.json,json,dependent_outcome,agree,0.689,"Mathematics and science achievement (plausible values), modeled separately",Mathematics achievement (Plausible Values) Science achievement (Plausible Values)
174,174. Courtney et al. (2022). The Influence of ICT Use and Related Attitudes on.json,json,journal_venue,agree,1.0,Large-scale Assessments in Education,Large-scale Assessments in Education
175,175. Wang et al. (2023). Factors Predicting Mathematics Achievement in PISA A.json,json,year,agree,1.0,2023,2023
175,175. Wang et al. (2023). Factors Predicting Mathematics Achievement in PISA A.json,json,title,agree,1.0,Factors Predicting Mathematics Achievement in PISA: A Systematic Review,Factors predicting mathematics achievement in PISA: a systematic review
175,175. Wang et al. (2023). Factors Predicting Mathematics Achievement in PISA A.json,json,authors,disagree,0.143,"ide,malpique,perry,wang","i,m,p,wang"
175,175. Wang et al. (2023). Factors Predicting Mathematics Achievement in PISA A.json,json,ilsa_assessment,agree,1.0,pisa,pisa
175,175. Wang et al. (2023). Factors Predicting Mathematics Achievement in PISA A.json,json,ml_methods,disagree,0.0,neural network,
175,175. Wang et al. (2023). Factors Predicting Mathematics Achievement in PISA A.json,json,software,disagree,0.125,Rayyan (semi-automated title/abstract screening tool),r
175,175. Wang et al. (2023). Factors Predicting Mathematics Achievement in PISA A.json,json,countries,partial,0.5,"Global (most commonly the US, Spain, Italy, Australia, Turkey and multi-country analyses of 30+ nations)",
175,175. Wang et al. (2023). Factors Predicting Mathematics Achievement in PISA A.json,json,dependent_outcome,agree,0.457,"N/A; across included studies, the outcome was PISA mathematics achievement score",predicting mathematics achievement in PISA: a systematic review
175,175. Wang et al. (2023). Factors Predicting Mathematics Achievement in PISA A.json,json,journal_venue,agree,1.0,Large-scale Assessments in Education,Large-scale Assessments in Education
176,176. Michael & Kyriakides. (2023). Mediating Effects of Motivation and Socioeconomic.json,json,year,agree,1.0,2023,2023
176,176. Michael & Kyriakides. (2023). Mediating Effects of Motivation and Socioeconomic.json,json,title,agree,1.0,Mediating Effects of Motivation and Socioeconomic Status on Reading Achievement: A Secondary Analysis of PISA 2018,Mediating effects of motivation and socioeconomic status on reading achievement: a secondary analysis of PISA 2018
176,176. Michael & Kyriakides. (2023). Mediating Effects of Motivation and Socioeconomic.json,json,authors,agree,1.0,"kyriakides,michael","kyriakides,michael"
176,176. Michael & Kyriakides. (2023). Mediating Effects of Motivation and Socioeconomic.json,json,ilsa_assessment,agree,1.0,pisa,pisa
176,176. Michael & Kyriakides. (2023). Mediating Effects of Motivation and Socioeconomic.json,json,ml_methods,agree,1.0,sem,sem
176,176. Michael & Kyriakides. (2023). Mediating Effects of Motivation and Socioeconomic.json,json,software,missing,,N/A,r
176,176. Michael & Kyriakides. (2023). Mediating Effects of Motivation and Socioeconomic.json,json,countries,disagree,0.0,"38 European countries (of 41 European PISA 2018 participants, 3 excluded for insufficient data)","aut,bel,bgr,bih,blr,che,cyp,cze,deu,dnk,est,fin,fra,gbr,grc"
176,176. Michael & Kyriakides. (2023). Mediating Effects of Motivation and Socioeconomic.json,json,dependent_outcome,agree,0.632,"Reading literacy achievement (10 plausible values, averaged across 10 model runs)",Reading achievement (Plausible Values)
176,176. Michael & Kyriakides. (2023). Mediating Effects of Motivation and Socioeconomic.json,json,journal_venue,agree,1.0,Large-scale Assessments in Education,Large-scale Assessments in Education
177,177. Suárez-Mesa & Gómez. (2024). Does Teachers' Motivation Have an Impact on Students'.json,json,year,agree,1.0,2024,2024
177,177. Suárez-Mesa & Gómez. (2024). Does Teachers' Motivation Have an Impact on Students'.json,json,title,agree,1.0,Does Teachers' Motivation Have an Impact on Students' Scientific Literacy and Motivation? An Empirical Study in Colombia With Data From PISA 2015,Does teachers’ motivation have an impact on students’ scientific literacy and motivation? An empirical study in Colombia with data from PISA 2015
177,177. Suárez-Mesa & Gómez. (2024). Does Teachers' Motivation Have an Impact on Students'.json,json,authors,agree,1.0,"gomez,suarez mesa","gomez,suarez mesa"
177,177. Suárez-Mesa & Gómez. (2024). Does Teachers' Motivation Have an Impact on Students'.json,json,ilsa_assessment,agree,1.0,pisa,pisa
177,177. Suárez-Mesa & Gómez. (2024). Does Teachers' Motivation Have an Impact on Students'.json,json,ml_methods,agree,1.0,hlm,hlm
177,177. Suárez-Mesa & Gómez. (2024). Does Teachers' Motivation Have an Impact on Students'.json,json,software,missing,,N/A,"hlm,r"
177,177. Suárez-Mesa & Gómez. (2024). Does Teachers' Motivation Have an Impact on Students'.json,json,countries,disagree,0.0,Colombia,col
177,177. Suárez-Mesa & Gómez. (2024). Does Teachers' Motivation Have an Impact on Students'.json,json,dependent_outcome,agree,0.69,"Students' scientific literacy (PISA science plausible values, M=500, SD=100); students' intrinsic motivation (composite index, M=0, SD=1)
",Students’ scientific literacy (PVSCIE) Students’ intrinsic motivation (STU_MOTI)
177,177. Suárez-Mesa & Gómez. (2024). Does Teachers' Motivation Have an Impact on Students'.json,json,journal_venue,agree,1.0,Large-scale Assessments in Education,Large-scale Assessments in Education
178,178. Bernardo & Mante-Estacio. (2023). Metacognitive Reading Strategies and Its Relationship.json,json,year,agree,1.0,2023,2023
178,178. Bernardo & Mante-Estacio. (2023). Metacognitive Reading Strategies and Its Relationship.json,json,title,agree,1.0,Metacognitive Reading Strategies and Its Relationship With Filipino High School Students' Reading Proficiency: Insights From the PISA 2018 Data,Metacognitive reading strategies and its relationship with Filipino high school students’ reading proficiency: insights from the PISA 2018 data
178,178. Bernardo & Mante-Estacio. (2023). Metacognitive Reading Strategies and Its Relationship.json,json,authors,disagree,0.0,"bernardo,mante estacio",
178,178. Bernardo & Mante-Estacio. (2023). Metacognitive Reading Strategies and Its Relationship.json,json,ilsa_assessment,agree,1.0,pisa,pisa
178,178. Bernardo & Mante-Estacio. (2023). Metacognitive Reading Strategies and Its Relationship.json,json,ml_methods,missing,,,
178,178. Bernardo & Mante-Estacio. (2023). Metacognitive Reading Strategies and Its Relationship.json,json,software,missing,,N/A,r
178,178. Bernardo & Mante-Estacio. (2023). Metacognitive Reading Strategies and Its Relationship.json,json,countries,disagree,0.0,Philippines,phl
178,178. Bernardo & Mante-Estacio. (2023). Metacognitive Reading Strategies and Its Relationship.json,json,dependent_outcome,partial,0.312,"Overall PISA 2018 reading proficiency and three cognitive subscales: locate information, understand, evaluate and reflect (all first plausible value)",Overall reading proficiency (Plausible Value 1) Locate information subscale (Plausible Value 1) Understanding and summarizing subscale (Plausible Value 1) Refle
178,178. Bernardo & Mante-Estacio. (2023). Metacognitive Reading Strategies and Its Relationship.json,json,journal_venue,agree,1.0,Humanities and Social Sciences Communications,Humanities and Social Sciences Communications
179,179. Tze et al. (2022). Similarities and Differences in Social and Emotional.json,json,year,agree,1.0,2022,2022
179,179. Tze et al. (2022). Similarities and Differences in Social and Emotional.json,json,title,agree,0.957,"Similarities and Differences in Social and Emotional Profiles Among Students in Canada, USA, China, and Singapore: PISA 2015","Similarities and differences in social and emotional profiles among students in Canada, USA, China, and Singapore"
179,179. Tze et al. (2022). Similarities and Differences in Social and Emotional.json,json,authors,agree,1.0,"daniels,li,tze","daniels,li,tze"
179,179. Tze et al. (2022). Similarities and Differences in Social and Emotional.json,json,ilsa_assessment,agree,1.0,pisa,pisa
179,179. Tze et al. (2022). Similarities and Differences in Social and Emotional.json,json,ml_methods,disagree,0.0,,random forest
179,179. Tze et al. (2022). Similarities and Differences in Social and Emotional.json,json,software,disagree,0.333,Mplus (Muthén & Muthén),"mplus,r"
179,179. Tze et al. (2022). Similarities and Differences in Social and Emotional.json,json,countries,agree,1.0,"Canada, United States, China, and Singapore","can,chn,sgp,usa"
179,179. Tze et al. (2022). Similarities and Differences in Social and Emotional.json,json,dependent_outcome,agree,0.508,"PISA 2015 reading, mathematics, and Collaborative Problem Solving (CPS) achievement scores (mean of 10 plausible values per domain)",Reading achievement (profile-specific means via BCH) Mathematics achievement (profile-specific means via BCH) Collaborative problem-solving achievement (profile
179,179. Tze et al. (2022). Similarities and Differences in Social and Emotional.json,json,journal_venue,agree,1.0,Research Papers in Education,Research Papers in Education
180,180. Ustun et al. (2022). Student and School-Level Factors to Predict Science.json,json,year,agree,1.0,2022,2022
180,180. Ustun et al. (2022). Student and School-Level Factors to Predict Science.json,json,title,agree,1.0,Student and School-Level Factors to Predict Science Literacy for Two Top-Performing Countries in PISA 2015: Finland and Singapore,Student and school-level factors to predict science literacy for two top-performing countries in PISA 2015 Finland and Singapore
180,180. Ustun et al. (2022). Student and School-Level Factors to Predict Science.json,json,authors,agree,1.0,"cansiz,ozdemir,ustun","cansiz,ozdemir,ustun"
180,180. Ustun et al. (2022). Student and School-Level Factors to Predict Science.json,json,ilsa_assessment,agree,1.0,pisa,pisa
180,180. Ustun et al. (2022). Student and School-Level Factors to Predict Science.json,json,ml_methods,partial,0.333,hlm,"hlm,multilevel,random forest"
180,180. Ustun et al. (2022). Student and School-Level Factors to Predict Science.json,json,software,missing,,N/A,"hlm,r"
180,180. Ustun et al. (2022). Student and School-Level Factors to Predict Science.json,json,countries,agree,0.8,Finland and Singapore,"fin,sgp"
180,180. Ustun et al. (2022). Student and School-Level Factors to Predict Science.json,json,dependent_outcome,agree,0.661,Science literacy (10 plausible values),Science literacy (10 plausible values) Science literacy (10 plausible values)
180,180. Ustun et al. (2022). Student and School-Level Factors to Predict Science.json,json,journal_venue,agree,1.0,International Journal of Science Education,International Journal of Science Education
181,181. Martínez-Abad et al. (2020). Educational Data Mining Identification of Factors.json,json,year,agree,1.0,2020,2020
181,181. Martínez-Abad et al. (2020). Educational Data Mining Identification of Factors.json,json,title,agree,0.971,Educational Data Mining: Identification of Factors Associated With School Effectiveness in PISA Assessment,Educational Data Mining: Identi cation of factors associated with school e ectiveness in PISA assessment
181,181. Martínez-Abad et al. (2020). Educational Data Mining Identification of Factors.json,json,authors,agree,1.0,"gamazo,martinez abad,rodriguez conde","gamazo,martinez abad,rodriguez conde"
181,181. Martínez-Abad et al. (2020). Educational Data Mining Identification of Factors.json,json,ilsa_assessment,agree,1.0,pisa,"iccs,pisa"
181,181. Martínez-Abad et al. (2020). Educational Data Mining Identification of Factors.json,json,ml_methods,agree,0.85,"decision tree,multilevel","decision tree,hlm,multilevel,neural network,random forest"
181,181. Martínez-Abad et al. (2020). Educational Data Mining Identification of Factors.json,json,software,partial,0.5,HLM 7; Weka 3.8.1 (J48/C4.5),"hlm,r,weka"
181,181. Martínez-Abad et al. (2020). Educational Data Mining Identification of Factors.json,json,countries,agree,1.0,Spain,esp
181,181. Martínez-Abad et al. (2020). Educational Data Mining Identification of Factors.json,json,dependent_outcome,partial,0.333,"Phase 1: student performance in mathematics, reading, and science. Phase 2: school effectiveness classification",School effectiveness (high vs low)
181,181. Martínez-Abad et al. (2020). Educational Data Mining Identification of Factors.json,json,journal_venue,agree,1.0,"Studies in Educational Evaluation
",Studies in Educational Evaluation
182,182. Liu & Wang. (2022). The Mediating–Moderating Model of Inquiry-Based.json,json,year,agree,1.0,2022,2022
182,182. Liu & Wang. (2022). The Mediating–Moderating Model of Inquiry-Based.json,json,title,agree,1.0,The Mediating–Moderating Model of Inquiry-Based Learning and Science Self-Efficacy: Evidence From PISA 2015,The mediating–moderating model of inquiry-based learning and science self-efficacy: evidence from PISA 2015
182,182. Liu & Wang. (2022). The Mediating–Moderating Model of Inquiry-Based.json,json,authors,agree,1.0,"liu,wang","liu,wang"
182,182. Liu & Wang. (2022). The Mediating–Moderating Model of Inquiry-Based.json,json,ilsa_assessment,agree,1.0,pisa,pisa
182,182. Liu & Wang. (2022). The Mediating–Moderating Model of Inquiry-Based.json,json,ml_methods,disagree,0.0,,neural network
182,182. Liu & Wang. (2022). The Mediating–Moderating Model of Inquiry-Based.json,json,software,disagree,0.167,"SPSS 23.0 with the PROCESS macro (Hayes, 2017)",r
182,182. Liu & Wang. (2022). The Mediating–Moderating Model of Inquiry-Based.json,json,countries,missing,,57 PISA countries (35 OECD countries and 22 partner countries),
182,182. Liu & Wang. (2022). The Mediating–Moderating Model of Inquiry-Based.json,json,dependent_outcome,agree,0.917,"Science self-efficacy (SCIEEFF, WLE score)",Science self-efficacy (SCIEEFF; WLE)
182,182. Liu & Wang. (2022). The Mediating–Moderating Model of Inquiry-Based.json,json,journal_venue,agree,1.0,International Journal of Science Education,International Journal of Science Education
183,183. Büyükk?d?k. (2023). Influential Factors on Mathematical Literacy of.json,json,year,agree,1.0,2023,2023
183,183. Büyükk?d?k. (2023). Influential Factors on Mathematical Literacy of.json,json,title,agree,1.0,Influential Factors on Mathematical Literacy of Turkish Students: An Educational Data Mining Study Using PISA 2015 Data,Influential factors on mathematical literacy of Turkish students: An educational data mining study using PISA 2015 data.
183,183. Büyükk?d?k. (2023). Influential Factors on Mathematical Literacy of.json,json,authors,agree,1.0,buyukk d k,buyukk d k
183,183. Büyükk?d?k. (2023). Influential Factors on Mathematical Literacy of.json,json,ilsa_assessment,agree,1.0,pisa,pisa
183,183. Büyükk?d?k. (2023). Influential Factors on Mathematical Literacy of.json,json,ml_methods,agree,0.75,"decision tree,neural network,svm","decision tree,neural network,random forest,svm"
183,183. Büyükk?d?k. (2023). Influential Factors on Mathematical Literacy of.json,json,software,disagree,0.143,WEKA 3.8.6 (data mining/ classification); SPSS (descriptive statistics),r
183,183. Büyükk?d?k. (2023). Influential Factors on Mathematical Literacy of.json,json,countries,agree,1.0,Türkiye,tur
183,183. Büyükk?d?k. (2023). Influential Factors on Mathematical Literacy of.json,json,dependent_outcome,partial,0.4,"Mathematical literacy, dichotomized as successful/unsuccessful based on the PISA 2015 Turkey average score (cut-off = 420, derived from PVMATH)",Mathematical literacy success status (binary)
183,183. Büyükk?d?k. (2023). Influential Factors on Mathematical Literacy of.json,json,journal_venue,agree,1.0,Psycho-Educational Research Reviews,Psycho-Educational Research Reviews
184,184. S?rganc?. (2023). A Machine Learning Approach to Assess Differential.json,json,year,agree,1.0,2023,2023
184,184. S?rganc?. (2023). A Machine Learning Approach to Assess Differential.json,json,title,agree,1.0,A Machine Learning Approach to Assess Differential Item Functioning of PISA 2018 ICT Engagement Questionnaire,A Machine Learning Approach to Assess Differential Item Functioning of PISA 2018 ICT Engagement Questionnaire
184,184. S?rganc?. (2023). A Machine Learning Approach to Assess Differential.json,json,authors,agree,1.0,s rganc,s rganc
184,184. S?rganc?. (2023). A Machine Learning Approach to Assess Differential.json,json,ilsa_assessment,agree,1.0,pisa,pisa
184,184. S?rganc?. (2023). A Machine Learning Approach to Assess Differential.json,json,ml_methods,agree,0.85,lasso,"lasso,neural network"
184,184. S?rganc?. (2023). A Machine Learning Approach to Assess Differential.json,json,software,partial,0.5,R (GPCMlasso),r
184,184. S?rganc?. (2023). A Machine Learning Approach to Assess Differential.json,json,countries,agree,0.8,"5 Eastern Europe and Central Asia (EECA) countries: Bulgaria, Georgia, Croatia, Kazakhstan, Turkey","aze,bgr,blr,geo,hrv,kaz,mda,rou,tur,ukr"
184,184. S?rganc?. (2023). A Machine Learning Approach to Assess Differential.json,json,dependent_outcome,partial,0.328,Item response probabilities on the 21 ICT engagement questionnaire items (used to estimate DIF parameters via the GPCMlasso model),DIF presence across ICT items (uniform DIF via GPCMlasso) DIF direction by gender (favoring males vs females) DIF prevalence by ESCS (favoring higher vs lower E
184,184. S?rganc?. (2023). A Machine Learning Approach to Assess Differential.json,json,journal_venue,agree,0.953,International Journal of Curriculum and Instruction,International Journal of Curriculum and Instruction (IJCI)
185,185. Resino et al. (2024). School Effectiveness and High Reading Achievement of.json,json,year,agree,1.0,2024,2024
185,185. Resino et al. (2024). School Effectiveness and High Reading Achievement of.json,json,title,agree,1.0,School Effectiveness and High Reading Achievement of Spanish Students in PISA 2018: A Machine Learning Approach,School effectiveness and high reading achievement of Spanish students in PISA 2018: a machine learning approach
185,185. Resino et al. (2024). School Effectiveness and High Reading Achievement of.json,json,authors,disagree,0.0,"castro,constante amores,navarro,resino",
185,185. Resino et al. (2024). School Effectiveness and High Reading Achievement of.json,json,ilsa_assessment,agree,1.0,pisa,pisa
185,185. Resino et al. (2024). School Effectiveness and High Reading Achievement of.json,json,ml_methods,agree,0.85,"logistic regression,multilevel,random forest","logistic regression,multilevel,neural network,random forest"
185,185. Resino et al. (2024). School Effectiveness and High Reading Achievement of.json,json,software,missing,,N/A,r
185,185. Resino et al. (2024). School Effectiveness and High Reading Achievement of.json,json,countries,agree,1.0,Spain,esp
185,185. Resino et al. (2024). School Effectiveness and High Reading Achievement of.json,json,dependent_outcome,agree,0.468,"High reading comprehension performance (dichotomized: 0=average/low performance, 1=high performance)",High reading performance (Level 5–6 vs below 5)
185,185. Resino et al. (2024). School Effectiveness and High Reading Achievement of.json,json,journal_venue,agree,1.0,Educación XX1,Educación XX1
186,186. Wei et al. (2026). Identifying Key Predictors of Resilience in.json,json,year,agree,1.0,2026,2026
186,186. Wei et al. (2026). Identifying Key Predictors of Resilience in.json,json,title,agree,1.0,Identifying Key Predictors of Resilience in Mathematics Engagement: Global Evidence From PISA 2022 Using Machine Learning,Identifying Key Predictors of Resilience in Mathematics Engagement: Global Evidence From PISA 2022 Using Machine Learning
186,186. Wei et al. (2026). Identifying Key Predictors of Resilience in.json,json,authors,agree,1.0,"guo,liu,wei","guo,liu,wei"
186,186. Wei et al. (2026). Identifying Key Predictors of Resilience in.json,json,ilsa_assessment,agree,1.0,pisa,pisa
186,186. Wei et al. (2026). Identifying Key Predictors of Resilience in.json,json,ml_methods,agree,0.85,"gradient boosting,lightgbm,random forest,xgboost","gradient boosting,lightgbm,logistic regression,random forest,xgboost"
186,186. Wei et al. (2026). Identifying Key Predictors of Resilience in.json,json,software,missing,,N/A,r
186,186. Wei et al. (2026). Identifying Key Predictors of Resilience in.json,json,countries,missing,,80 countries,
186,186. Wei et al. (2026). Identifying Key Predictors of Resilience in.json,json,dependent_outcome,agree,0.478,"Binary ""mathematics engagement resilience""",Mathematics engagement resilience (binary; ESCS bottom quartile & MATHPERS top quartile within economy)
186,186. Wei et al. (2026). Identifying Key Predictors of Resilience in.json,json,journal_venue,partial,0.741,British Educational Research Association (BERA),British Educational Research Journal
187,187. Delpatro (2026). Cognitive and non-cognitive efficiency gaps between privat.json,json_extractions,year,agree,1.0,2026,2026
187,187. Delpatro (2026). Cognitive and non-cognitive efficiency gaps between privat.json,json_extractions,title,partial,0.796,Cognitive and Non-Cognitive Efficiency Gaps Between Private and Public Schools and Their Determinants in the Latin America Region — A Hybrid Data Envelopment An,Cognitive and non-cognitive efficiency gaps between private and public schools and their determinants in the Latin America region a hybrid data envelo
187,187. Delpatro (2026). Cognitive and non-cognitive efficiency gaps between privat.json,json_extractions,authors,agree,1.0,delprato,delprato
187,187. Delpatro (2026). Cognitive and non-cognitive efficiency gaps between privat.json,json_extractions,ilsa_assessment,agree,1.0,pisa,pisa
187,187. Delpatro (2026). Cognitive and non-cognitive efficiency gaps between privat.json,json_extractions,ml_methods,agree,1.0,"gradient boosting,logistic regression,neural network,shap,xgboost","gradient boosting,logistic regression,neural network,shap,xgboost"
187,187. Delpatro (2026). Cognitive and non-cognitive efficiency gaps between privat.json,json_extractions,software,disagree,0.067,"Stata/R commands teradial/teradialbc (Badunenko & Mozharovskyi) for DEA; Python (XGBoost, TreeExplainer, PySDTest) for I",r
187,187. Delpatro (2026). Cognitive and non-cognitive efficiency gaps between privat.json,json_extractions,countries,partial,0.2,"9 Latin American and Caribbean (LAC) countries: Argentina, Brazil, Chile, Colombia, Dominican Republic, Mexico, Panama, ","arg,bra,chl,col,dom,mex,pan,per,ury"
187,187. Delpatro (2026). Cognitive and non-cognitive efficiency gaps between privat.json,json_extractions,dependent_outcome,partial,0.444,Two DEA-estimated technical efficiency scores per school: cognitive efficiency (based on math/ reading/science learning outcomes) and non-cognitive efficiency (,Cognitive efficiency (binary: top half vs bottom half) Non-cognitive efficiency (binary: top half vs bottom half)
187,187. Delpatro (2026). Cognitive and non-cognitive efficiency gaps between privat.json,json_extractions,journal_venue,agree,1.0,Cogent Education,Cogent Education
188,188. König et al. (2026). Effects of the “highly adaptive testing design for PIS.json,json_extractions,year,agree,1.0,2026,2026
188,188. König et al. (2026). Effects of the “highly adaptive testing design for PIS.json,json_extractions,title,agree,1.0,Effects of the 'highly adaptive testing design for PISA' on plausible value-based population estimates,Effects of the “highly adaptive testing design for PISA” on plausible value-based population estimates
188,188. König et al. (2026). Effects of the “highly adaptive testing design for PIS.json,json_extractions,authors,agree,0.75,"fink,frey,konig","fink,frey,konig,seitz"
188,188. König et al. (2026). Effects of the “highly adaptive testing design for PIS.json,json_extractions,ilsa_assessment,agree,1.0,pisa,pisa
188,188. König et al. (2026). Effects of the “highly adaptive testing design for PIS.json,json_extractions,ml_methods,disagree,0.0,pca,
188,188. König et al. (2026). Effects of the “highly adaptive testing design for PIS.json,json_extractions,software,disagree,0.05,"R: TAM (IRT scaling, PV drawing), BIFIEsurvey (variance components), intsvy (proficiency proportions), TestDesign (modif",r
188,188. König et al. (2026). Effects of the “highly adaptive testing design for PIS.json,json_extractions,countries,partial,0.263,"18 OECD countries: Austria, Belgium, Czech Republic, Denmark, France, Germany, Hungary, Iceland, Ireland, Japan, Luxembo","aut,bel,che,cze,deu,dnk,fra,hun,irl,isl,jpn,lux,mex,nor,nzl"
188,188. König et al. (2026). Effects of the “highly adaptive testing design for PIS.json,json_extractions,dependent_outcome,disagree,0.113,"PV-based country-specific means and standard deviations of Reading proficiency; proportions of students on proficiency levels (<I, I, II, III, IV, V, VI); assoc",Country mean Reading proficiency (Plausible Values-based estimate) Country standard deviation of Reading proficiency (Plausible Values-based estimate) Proportio
188,188. König et al. (2026). Effects of the “highly adaptive testing design for PIS.json,json_extractions,journal_venue,agree,1.0,Large-scale Assessments in Education,Large-scale Assessments in Education
189,189. Bernardo et al. (2026). Predictors of Cognitive Skills Underlying Global.json,json,year,agree,1.0,2026,2026
189,189. Bernardo et al. (2026). Predictors of Cognitive Skills Underlying Global.json,json,title,agree,1.0,Predictors of Cognitive Skills Underlying Global Competences of Filipino Students in PISA 2018: A Machine-Learning Approach,Predictors of Cognitive Skills Underlying Global Competences of Filipino Students in PISA 2018: A Machine-Learning Approach
189,189. Bernardo et al. (2026). Predictors of Cognitive Skills Underlying Global.json,json,authors,disagree,0.143,"bernardo,ii,ricardo","a b i b,bernardo,j g e r,m o c ii,presbitero"
189,189. Bernardo et al. (2026). Predictors of Cognitive Skills Underlying Global.json,json,ilsa_assessment,agree,1.0,pisa,pisa
189,189. Bernardo et al. (2026). Predictors of Cognitive Skills Underlying Global.json,json,ml_methods,agree,0.85,"neural network,random forest,shap,svm,xgboost","k nn,knn,neural network,random forest,shap,svm,xgboost"
189,189. Bernardo et al. (2026). Predictors of Cognitive Skills Underlying Global.json,json,software,missing,,N/A,r
189,189. Bernardo et al. (2026). Predictors of Cognitive Skills Underlying Global.json,json,countries,disagree,0.0,Philippines,phl
189,189. Bernardo et al. (2026). Predictors of Cognitive Skills Underlying Global.json,json,dependent_outcome,agree,0.495,"Three self-reported cognitive skill indices from PISA 2018: perspective taking, cognitive flexibility/adaptability, and intercultural communication ability",Cognitive flexibility/adaptability (COGFLEX) index (WLE) Intercultural communication ability (AWACOM) index (WLE) Perspective taking (PERSPECT) index (WLE)
189,189. Bernardo et al. (2026). Predictors of Cognitive Skills Underlying Global.json,json,journal_venue,partial,0.516,Education Sciences (MDPI),Educ. Sci.
190,190. Filiz & Öz. (2020). Educational Data Mining Methods for TIMSS 2015.json,json,year,agree,1.0,2020,2020
190,190. Filiz & Öz. (2020). Educational Data Mining Methods for TIMSS 2015.json,json,title,agree,1.0,Educational Data Mining Methods for TIMSS 2015 Mathematics Success: Turkey Case,Educational Data Mining Methods for TIMSS 2015 Mathematics Success: Turkey Case
190,190. Filiz & Öz. (2020). Educational Data Mining Methods for TIMSS 2015.json,json,authors,agree,1.0,"filiz,oz","filiz,oz"
190,190. Filiz & Öz. (2020). Educational Data Mining Methods for TIMSS 2015.json,json,ilsa_assessment,agree,1.0,timss,timss
190,190. Filiz & Öz. (2020). Educational Data Mining Methods for TIMSS 2015.json,json,ml_methods,agree,0.85,"logistic regression,neural network,random forest,svm","decision tree,logistic regression,neural network,random forest,svm"
190,190. Filiz & Öz. (2020). Educational Data Mining Methods for TIMSS 2015.json,json,software,partial,0.5,Weka,"r,weka"
190,190. Filiz & Öz. (2020). Educational Data Mining Methods for TIMSS 2015.json,json,countries,agree,1.0,Türkiye,tur
190,190. Filiz & Öz. (2020). Educational Data Mining Methods for TIMSS 2015.json,json,dependent_outcome,agree,0.644,Binary mathematics success,Mathematics success (binary: PV > 500)
190,190. Filiz & Öz. (2020). Educational Data Mining Methods for TIMSS 2015.json,json,journal_venue,agree,1.0,Sigma Journal of Engineering and Natural Sciences,Sigma Journal of Engineering and Natural Sciences
191,191. Mao. (2026). AI-Related Measures and Self-Reported Lesson-Aim.json,json,year,agree,1.0,2026,2026
191,191. Mao. (2026). AI-Related Measures and Self-Reported Lesson-Aim.json,json,title,agree,1.0,AI-Related Measures and Self-Reported Lesson-Aim Attainment: An Explainable Machine-Learning Analysis of TALIS 2024,AI-related measures and self-reported lesson-aim attainment: an explainable machine-learning analysis of TALIS 2024
191,191. Mao. (2026). AI-Related Measures and Self-Reported Lesson-Aim.json,json,authors,disagree,0.0,mao,
191,191. Mao. (2026). AI-Related Measures and Self-Reported Lesson-Aim.json,json,ilsa_assessment,agree,1.0,talis,talis
191,191. Mao. (2026). AI-Related Measures and Self-Reported Lesson-Aim.json,json,ml_methods,agree,0.85,"gradient boosting,lightgbm,random forest,shap","gradient boosting,lightgbm,logistic regression,random forest,shap,xgboost"
191,191. Mao. (2026). AI-Related Measures and Self-Reported Lesson-Aim.json,json,software,missing,,None,r
191,191. Mao. (2026). AI-Related Measures and Self-Reported Lesson-Aim.json,json,countries,missing,,55 countries,
191,191. Mao. (2026). AI-Related Measures and Self-Reported Lesson-Aim.json,json,dependent_outcome,disagree,0.182,Self-reported lesson-aim attainment (SLAA)  7-item teacher-reported measure of how far lessons taught in the previous week achieved specified instructional/clas,Relatively high SLAA (top quartile within CNTRY×IDPOP)
191,191. Mao. (2026). AI-Related Measures and Self-Reported Lesson-Aim.json,json,journal_venue,agree,1.0,Frontiers in Public Health,Frontiers in Public Health
192,192. Murillo & Herrero. (2026). Can Teacher AI Literacy Reach Those Who Need It Most?.json,json,year,agree,1.0,2026,2026
192,192. Murillo & Herrero. (2026). Can Teacher AI Literacy Reach Those Who Need It Most?.json,json,title,agree,1.0,"Can Teacher AI Literacy Reach Those Who Need It Most? Professional Learning, Realised Access, and Cumulative Advantage in TALIS 2024","Can Teacher AI Literacy Reach Those Who Need It Most? Professional Learning, Realised Access, and Cumulative Advantage in TALIS 2024"
192,192. Murillo & Herrero. (2026). Can Teacher AI Literacy Reach Those Who Need It Most?.json,json,authors,agree,1.0,"herrero,murillo","herrero,murillo"
192,192. Murillo & Herrero. (2026). Can Teacher AI Literacy Reach Those Who Need It Most?.json,json,ilsa_assessment,agree,1.0,talis,talis
192,192. Murillo & Herrero. (2026). Can Teacher AI Literacy Reach Those Who Need It Most?.json,json,ml_methods,partial,0.333,"clustering,multilevel","multilevel,neural network"
192,192. Murillo & Herrero. (2026). Can Teacher AI Literacy Reach Those Who Need It Most?.json,json,software,missing,,None,"mplus,r"
192,192. Murillo & Herrero. (2026). Can Teacher AI Literacy Reach Those Who Need It Most?.json,json,countries,partial,0.5,55 countries,"are,bel,dnk,fra,kaz,kor,mar,sgp"
192,192. Murillo & Herrero. (2026). Can Teacher AI Literacy Reach Those Who Need It Most?.json,json,dependent_outcome,agree,0.829,Binary: teachers' reported participation in AI-related professional learning,Reported participation in AI-related professional learning (TT4G21G)
192,192. Murillo & Herrero. (2026). Can Teacher AI Literacy Reach Those Who Need It Most?.json,json,journal_venue,agree,0.808,Informatics in Education,Informatics Education (infedu)
193,193. Bayirli et al. (2023). An Analysis of PISA 2018 Mathematics Assessment for.json,json,year,agree,1.0,2023,2023
193,193. Bayirli et al. (2023). An Analysis of PISA 2018 Mathematics Assessment for.json,json,title,agree,1.0,An Analysis of PISA 2018 Mathematics Assessment for Asia-Pacific Countries Using Educational Data Mining,An Analysis of PISA 2018 Mathematics Assessment for Asia-Pacific Countries Using Educational Data Mining
193,193. Bayirli et al. (2023). An Analysis of PISA 2018 Mathematics Assessment for.json,json,authors,disagree,0.0,"bayirli,kaygun,oz","gulenc bay rl,k,o"
193,193. Bayirli et al. (2023). An Analysis of PISA 2018 Mathematics Assessment for.json,json,ilsa_assessment,agree,1.0,pisa,pisa
193,193. Bayirli et al. (2023). An Analysis of PISA 2018 Mathematics Assessment for.json,json,ml_methods,agree,0.85,"clustering,logistic regression,random forest,svm","logistic regression,random forest,svm"
193,193. Bayirli et al. (2023). An Analysis of PISA 2018 Mathematics Assessment for.json,json,software,missing,,None,"r,scikit"
193,193. Bayirli et al. (2023). An Analysis of PISA 2018 Mathematics Assessment for.json,json,countries,partial,0.385,"12 Asia-Pacific countries: Brunei Darussalam, Hong Kong, Indonesia, Japan, Korea, Macao, Malaysia, Philippines, B-S-J-Z ","brn,chn,hkg,idn,jpn,kor,mac,mys,phl,sgp,tha,twn"
193,193. Bayirli et al. (2023). An Analysis of PISA 2018 Mathematics Assessment for.json,json,dependent_outcome,agree,0.575,Binary mathematics achievement,Mathematics achievement success (binary from PV ≥ 489)
193,193. Bayirli et al. (2023). An Analysis of PISA 2018 Mathematics Assessment for.json,json,journal_venue,agree,0.815,Mathematics (MDPI),Mathematics
194,194. Jung et al. (2026). Optimizing automated scoring in ILSAs with prompt.json,json,year,agree,1.0,2026,2026
194,194. Jung et al. (2026). Optimizing automated scoring in ILSAs with prompt.json,json,title,agree,1.0,Optimizing automated scoring in ILSAs with prompt compression,Optimizing automated scoring in ILSAs with prompt compression
194,194. Jung et al. (2026). Optimizing automated scoring in ILSAs with prompt.json,json,authors,agree,1.0,"bezirhan,davier,jung","bezirhan,davier,jung"
194,194. Jung et al. (2026). Optimizing automated scoring in ILSAs with prompt.json,json,ilsa_assessment,agree,1.0,pirls,pirls
194,194. Jung et al. (2026). Optimizing automated scoring in ILSAs with prompt.json,json,ml_methods,disagree,0.0,neural network,
194,194. Jung et al. (2026). Optimizing automated scoring in ILSAs with prompt.json,json,software,disagree,0.083,OpenAI GPT-4o API (enterprise); custom Python scripts for post-processing and JSON parsing,r
194,194. Jung et al. (2026). Optimizing automated scoring in ILSAs with prompt.json,json,countries,partial,0.5,"27 countries, 29 languages","are,bel,can,cze,deu,dnk,esp,fin,hrv,hun,ita,kaz,ltu,mlt,nor"
194,194. Jung et al. (2026). Optimizing automated scoring in ILSAs with prompt.json,json,dependent_outcome,agree,0.615,Automated scoring accuracy (human- machine agreement); Cohen's kappa (?); hallucination rate; compression ratio (R); running time and cost per item.,Automated scoring agreement (accuracy) vs human scoring Automated scoring agreement (Cohen’s kappa) vs human scoring Hallucination rate in automated scoring
194,194. Jung et al. (2026). Optimizing automated scoring in ILSAs with prompt.json,json,journal_venue,agree,1.0,Computers and Education: Artificial Intelligence,Computers and Education: Artificial Intelligence
195,195. Çelik et al. (2026). Comparative Analysis of Global Education Performances.json,json,year,agree,1.0,2026,2026
195,195. Çelik et al. (2026). Comparative Analysis of Global Education Performances.json,json,title,agree,1.0,Comparative Analysis of Global Education Performances Based on PISA 2022 Results: An Assessment With Statistical and Machine Learning Methods,Comparative analysis of global education performances based on PISA 2022 results: an assessment with statistical and machine learning methods
195,195. Çelik et al. (2026). Comparative Analysis of Global Education Performances.json,json,authors,disagree,0.2,"a maz,celik,do anl","celik,doganl,sasmaz"
195,195. Çelik et al. (2026). Comparative Analysis of Global Education Performances.json,json,ilsa_assessment,agree,1.0,pisa,pisa
195,195. Çelik et al. (2026). Comparative Analysis of Global Education Performances.json,json,ml_methods,agree,1.0,"clustering,neural network,pca,random forest,ridge,svm","clustering,neural network,pca,random forest,ridge,svm"
195,195. Çelik et al. (2026). Comparative Analysis of Global Education Performances.json,json,software,missing,,None,r
195,195. Çelik et al. (2026). Comparative Analysis of Global Education Performances.json,json,countries,partial,0.5,81 countries,"can,che,dom,est,fin,hkg,irl,jor,jpn,khm,kor,mac,phl,pry,sgp"
195,195. Çelik et al. (2026). Comparative Analysis of Global Education Performances.json,json,dependent_outcome,partial,0.416,Overall PISA 2022 score (composite/aggregate); country cluster membership (for the clustering/classification stage),Overall PISA achievement score (country-level)
195,195. Çelik et al. (2026). Comparative Analysis of Global Education Performances.json,json,journal_venue,json_missing,,Quality & Quantity,
196,196. Miao et al. (2023). Machine Learning Evidence From PISA 2018 Data to.json,json,year,agree,1.0,2023,2023
196,196. Miao et al. (2023). Machine Learning Evidence From PISA 2018 Data to.json,json,title,agree,1.0,Machine Learning Evidence From PISA 2018 Data to Integrate Global Competence Intervention in UAE K–12 Public Schools,Machine learning evidence from PISA 2018 data to integrate global competence intervention in UAE K–12 public schools
196,196. Miao et al. (2023). Machine Learning Evidence From PISA 2018 Data to.json,json,authors,agree,1.0,"miao,nadaf,zhou","miao,nadaf,zhou"
196,196. Miao et al. (2023). Machine Learning Evidence From PISA 2018 Data to.json,json,ilsa_assessment,agree,1.0,pisa,pisa
196,196. Miao et al. (2023). Machine Learning Evidence From PISA 2018 Data to.json,json,ml_methods,partial,0.667,"random forest,shap","neural network,random forest,shap"
196,196. Miao et al. (2023). Machine Learning Evidence From PISA 2018 Data to.json,json,software,disagree,0.111,Python (CatBoost package for model training; SHAP package for TreeExplainer-based interpretation),r
196,196. Miao et al. (2023). Machine Learning Evidence From PISA 2018 Data to.json,json,countries,disagree,0.0,"United Arab Emirates (UAE), with comparison other PISA 2018-participating countries",are
196,196. Miao et al. (2023). Machine Learning Evidence From PISA 2018 Data to.json,json,dependent_outcome,agree,0.6,"Per-student academic performance score (weighted mean of plausible values across reading, mathematics, and science, computed per OECD PISA methodology)","Academic performance score (mean across PVs for reading, mathematics, science)"
196,196. Miao et al. (2023). Machine Learning Evidence From PISA 2018 Data to.json,json,journal_venue,json_missing,,International Review of Education,
197,197. Kan et al. (2026). Economic Freedom Index and Educational Performance An.json,json,year,agree,1.0,2026,2026
197,197. Kan et al. (2026). Economic Freedom Index and Educational Performance An.json,json,title,agree,1.0,Economic Freedom Index and Educational Performance: An Explainable AI Analysis of Cross-Country PISA Profiles,Economic Freedom Index and Educational Performance: An Explainable AI Analysis of Cross-Country PISA Profiles
197,197. Kan et al. (2026). Economic Freedom Index and Educational Performance An.json,json,authors,disagree,0.222,"alatas,aydemir,ayden,kan,kisman,uzun,yildirim","a,kan,uzun,y ld r m"
197,197. Kan et al. (2026). Economic Freedom Index and Educational Performance An.json,json,ilsa_assessment,agree,1.0,pisa,pisa
197,197. Kan et al. (2026). Economic Freedom Index and Educational Performance An.json,json,ml_methods,agree,0.85,"random forest,shap,xgboost","decision tree,logistic regression,neural network,random forest,shap,xgboost"
197,197. Kan et al. (2026). Economic Freedom Index and Educational Performance An.json,json,software,missing,,None,r
197,197. Kan et al. (2026). Economic Freedom Index and Educational Performance An.json,json,countries,partial,0.5,"76 countries (global, cross-national panel)",usa
197,197. Kan et al. (2026). Economic Freedom Index and Educational Performance An.json,json,dependent_outcome,partial,0.404,"Country-average PISA performance profile per subject (PISAM/ Mathematics, PISAR/Reading, PISAS/Science), each discretized into 3 ordered classes: low, medium, h",Mathematics performance profile (low–medium–high class) Reading performance profile (low–medium–high class) Science performance profile (low–medium–high class)
197,197. Kan et al. (2026). Economic Freedom Index and Educational Performance An.json,json,journal_venue,partial,0.737,Systems (MDPI),Systems
198,198. Wei & Guo. (2026). Understanding Mathematics Anxiety Among High-Achieving.json,json,year,agree,1.0,2026,2026
198,198. Wei & Guo. (2026). Understanding Mathematics Anxiety Among High-Achieving.json,json,title,agree,1.0,Understanding Mathematics Anxiety Among High-Achieving East Asian Students: A Machine Learning Analysis of PISA 2022 Data,Understanding mathematics anxiety among high-achieving East Asian students: A machine learning analysis of PISA 2022 data
198,198. Wei & Guo. (2026). Understanding Mathematics Anxiety Among High-Achieving.json,json,authors,agree,1.0,"guo,wei","guo,wei"
198,198. Wei & Guo. (2026). Understanding Mathematics Anxiety Among High-Achieving.json,json,ilsa_assessment,agree,1.0,pisa,pisa
198,198. Wei & Guo. (2026). Understanding Mathematics Anxiety Among High-Achieving.json,json,ml_methods,agree,0.85,"gradient boosting,random forest,shap,xgboost","random forest,shap,xgboost"
198,198. Wei & Guo. (2026). Understanding Mathematics Anxiety Among High-Achieving.json,json,software,disagree,0.167,Python 3.12.4; scikit-learn v1.6.1; XGBoost v2.1.4; SHAP v0.47.1,r
198,198. Wei & Guo. (2026). Understanding Mathematics Anxiety Among High-Achieving.json,json,countries,agree,0.8,"Six East Asian regions: Singapore, Macau, Chinese Taipei, Hong Kong, Japan, and Korea","hkg,jpn,kor,mac,sgp,twn"
198,198. Wei & Guo. (2026). Understanding Mathematics Anxiety Among High-Achieving.json,json,dependent_outcome,agree,0.704,Mathematics anxiety,Mathematics anxiety (IRT-based score)
198,198. Wei & Guo. (2026). Understanding Mathematics Anxiety Among High-Achieving.json,json,journal_venue,agree,1.0,Personality and Individual Differences,Personality and Individual Differences
199,199. López-Meneses et al. (2025). Artificial Intelligence in Educational Data Mining and.json,json,year,agree,1.0,2025,2025
199,199. López-Meneses et al. (2025). Artificial Intelligence in Educational Data Mining and.json,json,title,agree,1.0,Artificial Intelligence in Educational Data Mining and Human-in-the-Loop Machine Learning and Machine Teaching: Analysis of Scientific Knowledge,Artificial Intelligence in Educational Data Mining and Human-in-the-Loop Machine Learning and Machine Teaching: Analysis of Scientific Knowledge
199,199. López-Meneses et al. (2025). Artificial Intelligence in Educational Data Mining and.json,json,authors,disagree,0.143,"lopez catalan,lopez meneses,mellado moreno,pelicano piris","l l c,lopez meneses,n p p,p c m m"
199,199. López-Meneses et al. (2025). Artificial Intelligence in Educational Data Mining and.json,json,ilsa_assessment,disagree,0.0,,"pisa,timss"
199,199. López-Meneses et al. (2025). Artificial Intelligence in Educational Data Mining and.json,json,ml_methods,disagree,0.0,clustering,
199,199. López-Meneses et al. (2025). Artificial Intelligence in Educational Data Mining and.json,json,software,disagree,0.125,Science Mapping Analysis Tool (SciMAT v1.1.06); VOSviewer (version 1.6.20),r
199,199. López-Meneses et al. (2025). Artificial Intelligence in Educational Data Mining and.json,json,countries,missing,,Global (bibliometric analysis of worldwide scientific literature),
199,199. López-Meneses et al. (2025). Artificial Intelligence in Educational Data Mining and.json,json,dependent_outcome,partial,0.262,"N/A (bibliometric study; ""relevance score"" of keywords is the closest analogue, computed from keyword frequency in titles/abstracts)",Literature synthesis outcome (not student-level prediction)
199,199. López-Meneses et al. (2025). Artificial Intelligence in Educational Data Mining and.json,json,journal_venue,agree,0.865,Applied Sciences (MDPI),Applied Sciences
200,137. Jha & Tsai. (2026). Using Machine Learning Approaches to Predict Taiwanese.json,json,year,agree,1.0,2026,2026
200,137. Jha & Tsai. (2026). Using Machine Learning Approaches to Predict Taiwanese.json,json,title,agree,1.0,Using machine learning approaches to predict Taiwanese eighth graders’ computational thinking performance in ICILS 2023 study,Using machine learning approaches to predict Taiwanese eighth graders’ computational thinking performance in ICILS 2023 study
200,137. Jha & Tsai. (2026). Using Machine Learning Approaches to Predict Taiwanese.json,json,authors,agree,1.0,"jha,tsai","jha,tsai"
200,137. Jha & Tsai. (2026). Using Machine Learning Approaches to Predict Taiwanese.json,json,ilsa_assessment,partial,0.5,"icils,pisa",icils
200,137. Jha & Tsai. (2026). Using Machine Learning Approaches to Predict Taiwanese.json,json,ml_methods,partial,0.429,"gradient boosting,lasso,random forest,shap","gradient boosting,lightgbm,logistic regression,random forest,shap,xgboost"
200,137. Jha & Tsai. (2026). Using Machine Learning Approaches to Predict Taiwanese.json,json,software,disagree,0.167,"Stata 18/19, Python 3.12, H2O platform","r,scikit"
200,137. Jha & Tsai. (2026). Using Machine Learning Approaches to Predict Taiwanese.json,json,countries,disagree,0.0,"10 OECD countries: Australia, Spain, Estonia, Hong Kong, Ireland, Korea, Macao, Singapore, Chinese Taipei, Turkey",twn
200,137. Jha & Tsai. (2026). Using Machine Learning Approaches to Predict Taiwanese.json,json,dependent_outcome,partial,0.41,"Composite non-cognitive skills index (perseverance, stress resistance, empathy, curiosity, assertiveness)",Computational thinking performance (below vs above average)
200,137. Jha & Tsai. (2026). Using Machine Learning Approaches to Predict Taiwanese.json,json,journal_venue,disagree,0.256,Fudan Journal of the Humanities and Social Sciences,Computers in Human Behavior Reports
201,201. Ou et al. (2026). Predicting Teachers' AI Usage in Education Based on.json,json,year,agree,1.0,2026,2026
201,201. Ou et al. (2026). Predicting Teachers' AI Usage in Education Based on.json,json,title,agree,1.0,Predicting Teachers' AI Usage in Education Based on Machine Learning: Evidence from TALIS 2024,Predicting Teachers’ AI Usage in Education Based on Machine Learning: Evidence from TALIS 2024
201,201. Ou et al. (2026). Predicting Teachers' AI Usage in Education Based on.json,json,authors,agree,1.0,"cao,he,liu,ou,xue","cao,he,liu,ou,xue"
201,201. Ou et al. (2026). Predicting Teachers' AI Usage in Education Based on.json,json,ilsa_assessment,agree,1.0,talis,talis
201,201. Ou et al. (2026). Predicting Teachers' AI Usage in Education Based on.json,json,ml_methods,agree,0.85,"logistic regression,random forest,shap,xgboost","logistic regression,neural network,random forest,shap,xgboost"
201,201. Ou et al. (2026). Predicting Teachers' AI Usage in Education Based on.json,json,software,missing,,None,r
201,201. Ou et al. (2026). Predicting Teachers' AI Usage in Education Based on.json,json,countries,missing,,"Global (ISCED 1–3 pooled dataset, multiple countries)",
201,201. Ou et al. (2026). Predicting Teachers' AI Usage in Education Based on.json,json,dependent_outcome,agree,0.678,"Task 1: AI Adoption (binary — whether teacher used AI in past 12 months)
Task 2: AI Integration Intensity (continuous composite index reflecting depth of AI use",AI adoption (used AI in past 12 months; binary) AI integration intensity (continuous index)
201,201. Ou et al. (2026). Predicting Teachers' AI Usage in Education Based on.json,json,journal_venue,agree,0.951,"2026 8th International Conference on Computer Science and Technologies in Education (CSTE), IEEE",2026 the 8th International Conference on Computer Science and Technologies in Education (CSTE)
202,202. Elouafi et al. (2025). Explaining student absenteeism in Morocco using TIMS.json,json_extractions,year,agree,1.0,2025,2025
202,202. Elouafi et al. (2025). Explaining student absenteeism in Morocco using TIMS.json,json_extractions,title,agree,1.0,Explaining Student Absenteeism in Morocco Using TIMSS 2023 Data: A Deep Learning and Explainable AI Approach,Explaining student absenteeism in Morocco using TIMSS 2023 data: a deep learning and explainable AI approach
202,202. Elouafi et al. (2025). Explaining student absenteeism in Morocco using TIMS.json,json_extractions,authors,agree,1.0,"elouafi,nouna,tammouch","elouafi,nouna,tammouch"
202,202. Elouafi et al. (2025). Explaining student absenteeism in Morocco using TIMS.json,json_extractions,ilsa_assessment,agree,1.0,timss,timss
202,202. Elouafi et al. (2025). Explaining student absenteeism in Morocco using TIMS.json,json_extractions,ml_methods,agree,1.0,"decision tree,neural network,random forest,shap,svm,xgboost","decision tree,neural network,random forest,shap,svm,xgboost"
202,202. Elouafi et al. (2025). Explaining student absenteeism in Morocco using TIMS.json,json_extractions,software,missing,,None,r
202,202. Elouafi et al. (2025). Explaining student absenteeism in Morocco using TIMS.json,json_extractions,countries,agree,1.0,Morocco,mar
202,202. Elouafi et al. (2025). Explaining student absenteeism in Morocco using TIMS.json,json_extractions,dependent_outcome,partial,0.427,"Perceived severity of student absenteeism (binary: low-to-moderate vs. serious problem), derived from school principal variable BCBG15B","Serious absenteeism severity (binary, from BCBG15B)"
202,202. Elouafi et al. (2025). Explaining student absenteeism in Morocco using TIMS.json,json_extractions,journal_venue,agree,0.966,"2025 11th International Conference on Optimization and Applications (ICOA), IEEE",2025 11th International Conference on Optimization and Applications (ICOA)
203,203. Aytaç et al. (2026). Analysis of the Effects of World Bank Macroeconomic.json,json,year,agree,1.0,2026,2026
203,203. Aytaç et al. (2026). Analysis of the Effects of World Bank Macroeconomic.json,json,title,agree,1.0,Analysis of the Effects of World Bank Macroeconomic and Management Indicators on Sustainable Education Quality on PISA Scores Using the SHAP Explainable Artific,Analysis of the Effects of World Bank Macroeconomic and Management Indicators on Sustainable Education Quality on PISA Scores Using the SHAP Explainable Artific
203,203. Aytaç et al. (2026). Analysis of the Effects of World Bank Macroeconomic.json,json,authors,disagree,0.0,"aytac,kan,uzun,y ld r m",
203,203. Aytaç et al. (2026). Analysis of the Effects of World Bank Macroeconomic.json,json,ilsa_assessment,agree,1.0,pisa,pisa
203,203. Aytaç et al. (2026). Analysis of the Effects of World Bank Macroeconomic.json,json,ml_methods,agree,1.0,"random forest,shap,xgboost","random forest,shap,xgboost"
203,203. Aytaç et al. (2026). Analysis of the Effects of World Bank Macroeconomic.json,json,software,missing,,None,"r,sas"
203,203. Aytaç et al. (2026). Analysis of the Effects of World Bank Macroeconomic.json,json,countries,disagree,0.0,Multi-country / cross-national; all PISA-participating countries pooled at country/region level; regional categories: Eu,
203,203. Aytaç et al. (2026). Analysis of the Effects of World Bank Macroeconomic.json,json,dependent_outcome,partial,0.436,"Multi-class achievement label per country per PISA cycle: Low / Medium / High, defined by domain-specific score thresholds: PISAM (Low < 420, Medium 420–490, Hi",PISAM achievement class (Low/Medium/High) PISAR achievement class (Low/Medium/High) PISAS achievement class (Low/Medium/High)
203,203. Aytaç et al. (2026). Analysis of the Effects of World Bank Macroeconomic.json,json,journal_venue,agree,0.848,Sustainability (MDPI),Sustainability
204,204. Lazarides et al. (2026). Disentangling Teacher and Lesson Variance and Their.json,json,year,agree,1.0,2026,2026
204,204. Lazarides et al. (2026). Disentangling Teacher and Lesson Variance and Their.json,json,title,agree,1.0,Disentangling Teacher and Lesson Variance and Their Relations to Supportive Learning Environments: A Machine Learning Assessment of Teacher Nonverbal Behavior,Disentangling Teacher and Lesson Variance and Their Relations to Supportive Learning Environments: A Machine Learning Assessment of Teacher Nonverbal Behavior
204,204. Lazarides et al. (2026). Disentangling Teacher and Lesson Variance and Their.json,json,authors,disagree,0.143,"daumiller,dresel,frenkel,gollner,hellwich,lazarides,petkovi",lazarides
204,204. Lazarides et al. (2026). Disentangling Teacher and Lesson Variance and Their.json,json,ilsa_assessment,agree,1.0,talis,talis
204,204. Lazarides et al. (2026). Disentangling Teacher and Lesson Variance and Their.json,json,ml_methods,missing,,,
204,204. Lazarides et al. (2026). Disentangling Teacher and Lesson Variance and Their.json,json,software,disagree,0.286,Mplus 8.3; custom Python-based computer vision pipeline,"mplus,r"
204,204. Lazarides et al. (2026). Disentangling Teacher and Lesson Variance and Their.json,json,countries,agree,1.0,Germany,deu
204,204. Lazarides et al. (2026). Disentangling Teacher and Lesson Variance and Their.json,json,dependent_outcome,partial,0.287,Observer-rated socioemotional support (encouragement and warmth); Teacher-reported autonomy support; Student-reported autonomy support; Teacher- and student-rep,"Teacher nonverbal immediacy (NVI) — variance decomposition across teacher, lesson, and situation Socioemotional support (encouragement and warmth; observer-rate"
204,204. Lazarides et al. (2026). Disentangling Teacher and Lesson Variance and Their.json,json,journal_venue,json_missing,,Journal of Educational Psychology,
205,205. Pongsophon. (2026). Contrastive Modelling of Self-Regulated Inquiry.json,json,year,agree,1.0,2026,2026
205,205. Pongsophon. (2026). Contrastive Modelling of Self-Regulated Inquiry.json,json,title,agree,1.0,Contrastive Modelling of Self-Regulated Inquiry Behaviours Across Nations: Evidence from TIMSS 2023 Earth Science,Contrastive modelling of self‐regulated inquiry behaviours across nations: Evidence from TIMSS 2023 Earth Science
205,205. Pongsophon. (2026). Contrastive Modelling of Self-Regulated Inquiry.json,json,authors,agree,1.0,pongsophon,pongsophon
205,205. Pongsophon. (2026). Contrastive Modelling of Self-Regulated Inquiry.json,json,ilsa_assessment,agree,1.0,timss,timss
205,205. Pongsophon. (2026). Contrastive Modelling of Self-Regulated Inquiry.json,json,ml_methods,partial,0.5,clustering,"clustering,neural network"
205,205. Pongsophon. (2026). Contrastive Modelling of Self-Regulated Inquiry.json,json,software,disagree,0.143,"Python (implied; SimCLR, K-Means, UMAP implementations)",r
205,205. Pongsophon. (2026). Contrastive Modelling of Self-Regulated Inquiry.json,json,countries,agree,0.8,"Chile, United Arab Emirates, England, Korea, Turkey","are,chl,gbr,kor,tur"
205,205. Pongsophon. (2026). Contrastive Modelling of Self-Regulated Inquiry.json,json,dependent_outcome,partial,0.447,Earth Science achievement (five plausible values: BSSEAR01–BSSEAR05); cluster membership (strategic vs. non-strategic inquiry profile),Strategic vs non-strategic inquiry profile (cluster membership)
205,205. Pongsophon. (2026). Contrastive Modelling of Self-Regulated Inquiry.json,json,journal_venue,agree,1.0,British Educational Research Journal,British Educational Research Journal
206,210. Kuang. (2026). Evaluating Neural Network Architectures for Competency.json,json,year,agree,1.0,2026,2026
206,210. Kuang. (2026). Evaluating Neural Network Architectures for Competency.json,json,title,agree,1.0,Evaluating Neural Networks Architectures for Competency Prediction from Process Data Using PISA Computer-Based Mathematics Assessment,Evaluating Neural Networks Architectures for Competency Prediction from Process Data Using PISA Computer-Based Mathematics Assessment
206,210. Kuang. (2026). Evaluating Neural Network Architectures for Competency.json,json,authors,disagree,0.0,kuang,
206,210. Kuang. (2026). Evaluating Neural Network Architectures for Competency.json,json,ilsa_assessment,agree,1.0,pisa,pisa
206,210. Kuang. (2026). Evaluating Neural Network Architectures for Competency.json,json,ml_methods,agree,0.85,"lstm,neural network,shap","lstm,neural network,random forest,shap"
206,210. Kuang. (2026). Evaluating Neural Network Architectures for Competency.json,json,software,disagree,0.2,Python 3.10.9; TensorFlow 2.6.0; Adam optimizer,r
206,210. Kuang. (2026). Evaluating Neural Network Architectures for Competency.json,json,countries,agree,1.0,United States,usa
206,210. Kuang. (2026). Evaluating Neural Network Architectures for Competency.json,json,dependent_outcome,partial,0.321,"Item-level: scored item correctness (binary or categorical); Assessment-level: PISA plausible value 1 (PV1, continuous, normalized)",Assessment-level latent proficiency prediction (PV1) Item-level correctness prediction Relationship between action/score variability and item-level predictive a
206,210. Kuang. (2026). Evaluating Neural Network Architectures for Competency.json,json,journal_venue,disagree,0.444,Journal of Intelligence (MDPI),J. Intell.
207,"207. Trejo-Macotela et al. (2026). Artificial Intelligence, Academic Resilience, and.json",json,year,agree,1.0,2026,2026
207,"207. Trejo-Macotela et al. (2026). Artificial Intelligence, Academic Resilience, and.json",json,title,agree,1.0,"Artificial Intelligence, Academic Resilience, and Gender Equity in Education Systems: Ethical Challenges, Predictive Bias, and Governance Implications","Artificial Intelligence, Academic Resilience, and Gender Equity in Education Systems: Ethical Challenges, Predictive Bias, and Governance Implications"
207,"207. Trejo-Macotela et al. (2026). Artificial Intelligence, Academic Resilience, and.json",json,authors,disagree,0.1,"c,fabiola,godinez flores,gonzalez peralta,olivares escorza,r,trejo macotela","gonzalez flores,gonzalez perez,text,trejo macotela"
207,"207. Trejo-Macotela et al. (2026). Artificial Intelligence, Academic Resilience, and.json",json,ilsa_assessment,agree,1.0,pisa,pisa
207,"207. Trejo-Macotela et al. (2026). Artificial Intelligence, Academic Resilience, and.json",json,ml_methods,agree,1.0,"gradient boosting,lightgbm,logistic regression,random forest,shap,xgboost","gradient boosting,lightgbm,logistic regression,random forest,shap,xgboost"
207,"207. Trejo-Macotela et al. (2026). Artificial Intelligence, Academic Resilience, and.json",json,software,disagree,0.111,"Python (scikit-learn, XGBoost, LightGBM, CatBoost, SHAP, imbalanced-learn)",r
207,"207. Trejo-Macotela et al. (2026). Artificial Intelligence, Academic Resilience, and.json",json,countries,missing,,"International (80 education systems, PISA 2022)",
207,"207. Trejo-Macotela et al. (2026). Artificial Intelligence, Academic Resilience, and.json",json,dependent_outcome,agree,0.505,Academic resilience (binary): student in lowest ESCS quartile within country AND mathematics performance (PV1MATH) in top quartile within country,Academic resilience (binary: ESCS bottom quartile & PV1MATH top quartile) Academic resilience positive prediction rate disparity by gender
207,"207. Trejo-Macotela et al. (2026). Artificial Intelligence, Academic Resilience, and.json",json,journal_venue,agree,0.878,Education Sciences (MDPI),Education Sciences
208,208. Djekourmane et al. (2026). Using Machine Learning to Predict Student Mathematics.json,json,year,agree,1.0,2026,2026
208,208. Djekourmane et al. (2026). Using Machine Learning to Predict Student Mathematics.json,json,title,agree,1.0,Using Machine Learning to Predict Student Mathematics Performance in Six East Asian Countries: Evidence from PISA 2022,Using machine learning to predict student mathematics performance in six East Asian countries: evidence from PISA 2022
208,208. Djekourmane et al. (2026). Using Machine Learning to Predict Student Mathematics.json,json,authors,disagree,0.125,"aziku,djekourmane,wu,zhang","djekourmane,dw,ma,wz,yz"
208,208. Djekourmane et al. (2026). Using Machine Learning to Predict Student Mathematics.json,json,ilsa_assessment,agree,1.0,pisa,pisa
208,208. Djekourmane et al. (2026). Using Machine Learning to Predict Student Mathematics.json,json,ml_methods,agree,1.0,"elastic net,gradient boosting,lightgbm,random forest,shap,xgboost","elastic net,gradient boosting,lightgbm,random forest,shap,xgboost"
208,208. Djekourmane et al. (2026). Using Machine Learning to Predict Student Mathematics.json,json,software,disagree,0.222,"Python 3.12 (scikit-learn v1.4, XGBoost, SHAP v0.45); Stata 18.0 (initial preprocessing)","r,scikit"
208,208. Djekourmane et al. (2026). Using Machine Learning to Predict Student Mathematics.json,json,countries,agree,0.8,"East Asia: Korea, Singapore, Japan, Chinese Taipei, Hong Kong, Macao","hkg,jpn,kor,mac,sgp,twn"
208,208. Djekourmane et al. (2026). Using Machine Learning to Predict Student Mathematics.json,json,dependent_outcome,agree,0.658,Mathematics performance (mean of 10 plausible values: PV1MATH–PV10MATH) continuous regression outcome,Mathematics performance (mean of PV1MATH–PV10MATH)
208,208. Djekourmane et al. (2026). Using Machine Learning to Predict Student Mathematics.json,json,journal_venue,agree,1.0,Frontiers in Psychology,Frontiers in Psychology
209,209. Qabliyane et al. (2026). Supervised Machine Learning-Based Multiclass Class.json,json_extractions,year,agree,1.0,2026,2026
209,209. Qabliyane et al. (2026). Supervised Machine Learning-Based Multiclass Class.json,json_extractions,title,agree,1.0,Supervised Machine Learning-Based Multiclass Classification and Interpretable Feature Importance Analysis of Teacher Job Satisfaction,Supervised Machine Learning-Based Multiclass Classification and Interpretable Feature Importance Analysis of Teacher Job Satisfaction
209,209. Qabliyane et al. (2026). Supervised Machine Learning-Based Multiclass Class.json,json_extractions,authors,disagree,0.0,"baslam,elouafi,khoudi,qabliyane,salhi",
209,209. Qabliyane et al. (2026). Supervised Machine Learning-Based Multiclass Class.json,json_extractions,ilsa_assessment,agree,1.0,pisa,pisa
209,209. Qabliyane et al. (2026). Supervised Machine Learning-Based Multiclass Class.json,json_extractions,ml_methods,agree,0.85,"decision tree,k nn,knn,logistic regression,neural network,random forest,shap,svm,xgboost","decision tree,logistic regression,neural network,random forest,shap,svm,xgboost"
209,209. Qabliyane et al. (2026). Supervised Machine Learning-Based Multiclass Class.json,json_extractions,software,partial,0.375,"Python (scikit-learn, xgboost, Keras/TensorFlow, shap v0.50.0)","keras,r,scikit"
209,209. Qabliyane et al. (2026). Supervised Machine Learning-Based Multiclass Class.json,json_extractions,countries,agree,1.0,Morocco,mar
209,209. Qabliyane et al. (2026). Supervised Machine Learning-Based Multiclass Class.json,json_extractions,dependent_outcome,agree,0.616,"SATJOB_class (overall job satisfaction, 3 classes: low/medium/ high) and SATTEACH_class (satisfaction with teaching profession, 3 classes) both derived from IRT",SATJOB_class (low/medium/high job satisfaction) SATTEACH_class (low/medium/high satisfaction with teaching profession)
209,209. Qabliyane et al. (2026). Supervised Machine Learning-Based Multiclass Class.json,json_extractions,journal_venue,agree,0.815,Information (MDPI),Information
210,210. Kuang. (2026). Evaluating Neural Network Architectures for Competency.json,json,year,agree,1.0,2026,2026
210,210. Kuang. (2026). Evaluating Neural Network Architectures for Competency.json,json,title,agree,0.996,Evaluating Neural Network Architectures for Competency Prediction from Process Data Using PISA Computer-Based Mathematics Assessment,Evaluating Neural Networks Architectures for Competency Prediction from Process Data Using PISA Computer-Based Mathematics Assessment
210,210. Kuang. (2026). Evaluating Neural Network Architectures for Competency.json,json,authors,disagree,0.0,kuang,
210,210. Kuang. (2026). Evaluating Neural Network Architectures for Competency.json,json,ilsa_assessment,agree,1.0,pisa,pisa
210,210. Kuang. (2026). Evaluating Neural Network Architectures for Competency.json,json,ml_methods,agree,0.85,"lstm,neural network,shap","lstm,neural network,random forest,shap"
210,210. Kuang. (2026). Evaluating Neural Network Architectures for Competency.json,json,software,disagree,0.2,Python 3.10.9; TensorFlow 2.6.0; SHAP library,r
210,210. Kuang. (2026). Evaluating Neural Network Architectures for Competency.json,json,countries,agree,1.0,United States,usa
210,210. Kuang. (2026). Evaluating Neural Network Architectures for Competency.json,json,dependent_outcome,partial,0.395,"Item-level: correctness (binary or polytomous); Assessment-level: latent proficiency (PV1MATH, normalized)",Assessment-level latent proficiency prediction (PV1) Item-level correctness prediction Relationship between action/score variability and item-level predictive a
210,210. Kuang. (2026). Evaluating Neural Network Architectures for Competency.json,json,journal_venue,disagree,0.444,Journal of Intelligence (MDPI),J. Intell.
211,211. He et al. (2026). Understanding Adults' Spatial Cognitive Processes A.json,json,year,agree,1.0,2026,2026
211,211. He et al. (2026). Understanding Adults' Spatial Cognitive Processes A.json,json,title,agree,1.0,Understanding Adults' Spatial Cognitive Processes: A Time-Embedded N-Grams Model with Machine Learning,Understanding Adults’ Spatial Cognitive Processes: A Time-Embedded N-Grams Model with Machine Learning
211,211. He et al. (2026). Understanding Adults' Spatial Cognitive Processes A.json,json,authors,disagree,0.0,"chen,he,kaldes,tighe",
211,211. He et al. (2026). Understanding Adults' Spatial Cognitive Processes A.json,json,ilsa_assessment,agree,1.0,piaac,piaac
211,211. He et al. (2026). Understanding Adults' Spatial Cognitive Processes A.json,json,ml_methods,agree,1.0,"random forest,xgboost","random forest,xgboost"
211,211. He et al. (2026). Understanding Adults' Spatial Cognitive Processes A.json,json,software,disagree,0.2,R 4.5.1 (randomForest package; xgboost package; caret),r
211,211. He et al. (2026). Understanding Adults' Spatial Cognitive Processes A.json,json,countries,agree,1.0,United States,usa
211,211. He et al. (2026). Understanding Adults' Spatial Cognitive Processes A.json,json,dependent_outcome,disagree,0.227,"Four-category classification: Correct-High Numeracy (CH, N=235), Correct-Low Numeracy (CL, N=100), Incorrect-High Numeracy (IH, N=65), Incorrect-Low Numeracy (I",Numeracy performance category (IL/IH/CL/CH)
211,211. He et al. (2026). Understanding Adults' Spatial Cognitive Processes A.json,json,journal_venue,agree,0.902,Journal of Intelligence (MDPI),Journal of Intelligence
212,212. Cai et al. (2026). Exploring the Impact of ICT Interaction on Students'.json,json,year,agree,1.0,2026,2026
212,212. Cai et al. (2026). Exploring the Impact of ICT Interaction on Students'.json,json,title,agree,1.0,Exploring the Impact of ICT Interaction on Students' Creative Thinking Across Performance Levels: An Explainable AI Perspective,Exploring the impact of ICT interaction on students’ creative thinking across performance levels: an explainable AI perspective
212,212. Cai et al. (2026). Exploring the Impact of ICT Interaction on Students'.json,json,authors,disagree,0.0,"bi,cai,feng","x,y"
212,212. Cai et al. (2026). Exploring the Impact of ICT Interaction on Students'.json,json,ilsa_assessment,agree,1.0,pisa,pisa
212,212. Cai et al. (2026). Exploring the Impact of ICT Interaction on Students'.json,json,ml_methods,agree,0.85,"gradient boosting,lightgbm,random forest,shap,xgboost","gradient boosting,lightgbm,neural network,random forest,shap,xgboost"
212,212. Cai et al. (2026). Exploring the Impact of ICT Interaction on Students'.json,json,software,disagree,0.125,"Python (XGBoost, LightGBM, scikit-learn, SHAP, ADASYN)",r
212,212. Cai et al. (2026). Exploring the Impact of ICT Interaction on Students'.json,json,countries,agree,0.8,"East Asia: Singapore, Hong Kong-China, Macao-China, Chinese Taipei, Korea","hkg,kor,mac,sgp,twn"
212,212. Cai et al. (2026). Exploring the Impact of ICT Interaction on Students'.json,json,dependent_outcome,agree,0.508,"Creative thinking level (3 classes): Class 0 = low (bottom 21.7%), Class 1 = medium (middle 51.3%), Class 2 = high (top 27%) — derived from PISA 2022 creative t",Creative thinking level (3-class: low/medium/high; from CRT_AVG_10 PV average)
212,212. Cai et al. (2026). Exploring the Impact of ICT Interaction on Students'.json,json,journal_venue,agree,1.0,Frontiers in Psychology,Frontiers in Psychology
